year,period,reported,region,country,iso3,promedio_total,C.Legfin,C2,C.Vigilance,C.LabResponse,included_total,C.1.1.1,C.1,C.2.1.1,C.2.1.2,C.2,C.3.1.1,C.3.2.1,C.3,C.4.1.1,C.4.2.1,C.4,C.5.1.1,C.5.2.1,C.5,C.6.1.1,C.6,C.7.1.1,C.7,C.8.1.1,C.8.2.1,C.8,C.9.1.1,C.9.2.1,C.9.3.1,C.9,C.10.1.1,C.10,C.11.1.1,C.11,C.12.1.1,C.12,C.13.1.1,C.13,C.1.1,C.1.2,C.1.3,C.2.1,C.2.2,C.3.1,C.4.1,C.5.1,C.5.2,C.5.3,C.6.1,C.6.2,C.7.1,C.8.1,C.8.2,C.8.3,C.9.1,C.9.2,C.9.3,C.10.1,C.11.1,C.11.2,C.12.1,C.13.1,C.2.3,C.3.2,C.4.2,C.4.3,C.4.4,C.4.5,C.7.2,C.7.3,C.10.2,C.10.3,C.11.3,C.14.1,C.14,C.15.1,C.15
2010,Pre-COVID (2010-2019),Sí,AFRO,Algeria,DZA,51.0,50.0,56.0,64.0,35.0,True,50.0,50.0,33.0,80.0,56.0,83.0,46.0,64.0,33.0,60.0,46.0,50.0,42.0,46.0,30.0,30.0,50.0,50.0,71.0,0.0,35.0,45.0,57.0,50.0,50.0,76.0,76.0,60.0,60.0,14.0,14.0,86.0,86.0,,,,,,,,,,,,,,,,,,,,,,,,,,,,,,,,,,,,,,,
2010,Pre-COVID (2010-2019),No,AFRO,Angola,AGO,,,,,,False,,,,,,,,,,,,,,,,,,,,,,,,,,,,,,,,,,,,,,,,,,,,,,,,,,,,,,,,,,,,,,,,,,,,,,,,
2010,Pre-COVID (2010-2019),Sí,AFRO,Benin,BEN,57.0,,100.0,80.0,57.0,True,0.0,,100.0,100.0,100.0,100.0,61.0,80.0,100.0,70.0,85.0,100.0,57.0,78.0,60.0,60.0,33.0,33.0,71.0,44.0,57.0,63.0,100.0,83.0,82.0,92.0,92.0,40.0,40.0,14.0,14.0,20.0,20.0,,,,,,,,,,,,,,,,,,,,,,,,,,,,,,,,,,,,,,,
2010,Pre-COVID (2010-2019),Sí,AFRO,Botswana,BWA,47.0,100.0,46.0,76.0,63.0,True,100.0,100.0,33.0,60.0,46.0,100.0,53.0,76.0,77.0,10.0,43.0,0.0,0.0,,40.0,40.0,33.0,33.0,71.0,55.0,63.0,54.0,14.0,0.0,22.0,53.0,53.0,53.0,53.0,21.0,21.0,66.0,66.0,,,,,,,,,,,,,,,,,,,,,,,,,,,,,,,,,,,,,,,
2010,Pre-COVID (2010-2019),No,AFRO,Burkina Faso,BFA,,,,,,False,,,,,,,,,,,,,,,,,,,,,,,,,,,,,,,,,,,,,,,,,,,,,,,,,,,,,,,,,,,,,,,,,,,,,,,,
2010,Pre-COVID (2010-2019),No,AFRO,Burundi,BDI,,,,,,False,,,,,,,,,,,,,,,,,,,,,,,,,,,,,,,,,,,,,,,,,,,,,,,,,,,,,,,,,,,,,,,,,,,,,,,,
2010,Pre-COVID (2010-2019),Sí,AFRO,Cabo Verde,CPV,58.0,50.0,75.0,80.0,53.0,True,50.0,50.0,50.0,100.0,75.0,83.0,76.0,80.0,100.0,10.0,55.0,50.0,100.0,75.0,100.0,100.0,33.0,33.0,85.0,22.0,53.0,81.0,85.0,83.0,83.0,92.0,92.0,60.0,60.0,0.0,,0.0,,,,,,,,,,,,,,,,,,,,,,,,,,,,,,,,,,,,,,,,
2010,Pre-COVID (2010-2019),Sí,AFRO,Cameroon,CMR,46.0,50.0,91.0,47.0,65.0,True,50.0,50.0,83.0,100.0,91.0,33.0,61.0,47.0,33.0,70.0,51.0,25.0,57.0,41.0,70.0,70.0,16.0,16.0,85.0,44.0,65.0,9.0,57.0,66.0,44.0,92.0,92.0,13.0,13.0,0.0,,13.0,13.0,,,,,,,,,,,,,,,,,,,,,,,,,,,,,,,,,,,,,,,
2010,Pre-COVID (2010-2019),No,AFRO,Central African Republic,CAF,,,,,,False,,,,,,,,,,,,,,,,,,,,,,,,,,,,,,,,,,,,,,,,,,,,,,,,,,,,,,,,,,,,,,,,,,,,,,,,
2010,Pre-COVID (2010-2019),No,AFRO,Chad,TCD,,,,,,False,,,,,,,,,,,,,,,,,,,,,,,,,,,,,,,,,,,,,,,,,,,,,,,,,,,,,,,,,,,,,,,,,,,,,,,,
2010,Pre-COVID (2010-2019),No,AFRO,Comoros,COM,,,,,,False,,,,,,,,,,,,,,,,,,,,,,,,,,,,,,,,,,,,,,,,,,,,,,,,,,,,,,,,,,,,,,,,,,,,,,,,
2010,Pre-COVID (2010-2019),Sí,AFRO,Congo,COG,15.0,25.0,30.0,33.0,14.0,True,25.0,25.0,0.0,60.0,30.0,66.0,0.0,33.0,55.0,0.0,27.0,0.0,14.0,7.0,10.0,10.0,16.0,16.0,28.0,0.0,14.0,0.0,14.0,0.0,4.0,30.0,30.0,0.0,,0.0,,0.0,,,,,,,,,,,,,,,,,,,,,,,,,,,,,,,,,,,,,,,,
2010,Pre-COVID (2010-2019),No,AFRO,Côte d'Ivoire,CIV,,,,,,False,,,,,,,,,,,,,,,,,,,,,,,,,,,,,,,,,,,,,,,,,,,,,,,,,,,,,,,,,,,,,,,,,,,,,,,,
2010,Pre-COVID (2010-2019),Sí,AFRO,Democratic Republic of the Congo,COD,40.0,,58.0,68.0,66.0,True,0.0,,16.0,100.0,58.0,83.0,53.0,68.0,33.0,30.0,31.0,25.0,28.0,26.0,40.0,40.0,66.0,66.0,100.0,33.0,66.0,72.0,100.0,16.0,63.0,30.0,30.0,33.0,33.0,14.0,14.0,20.0,20.0,,,,,,,,,,,,,,,,,,,,,,,,,,,,,,,,,,,,,,,
2010,Pre-COVID (2010-2019),No,EMRO,Djibouti,DJI,,,,,,False,,,,,,,,,,,,,,,,,,,,,,,,,,,,,,,,,,,,,,,,,,,,,,,,,,,,,,,,,,,,,,,,,,,,,,,,
2010,Pre-COVID (2010-2019),Sí,EMRO,Egypt,EGY,88.0,75.0,100.0,88.0,88.0,True,75.0,75.0,100.0,100.0,100.0,100.0,76.0,88.0,100.0,90.0,95.0,75.0,85.0,80.0,100.0,100.0,100.0,100.0,100.0,77.0,88.0,100.0,100.0,100.0,100.0,84.0,84.0,86.0,86.0,85.0,85.0,66.0,66.0,,,,,,,,,,,,,,,,,,,,,,,,,,,,,,,,,,,,,,,
2010,Pre-COVID (2010-2019),No,AFRO,Equatorial Guinea,GNQ,,,,,,False,,,,,,,,,,,,,,,,,,,,,,,,,,,,,,,,,,,,,,,,,,,,,,,,,,,,,,,,,,,,,,,,,,,,,,,,
2010,Pre-COVID (2010-2019),Sí,AFRO,Eritrea,ERI,44.0,50.0,55.0,48.0,59.0,True,50.0,50.0,50.0,60.0,55.0,50.0,46.0,48.0,44.0,80.0,62.0,25.0,42.0,33.0,60.0,60.0,33.0,33.0,85.0,33.0,59.0,18.0,42.0,33.0,31.0,92.0,92.0,13.0,13.0,0.0,,33.0,33.0,,,,,,,,,,,,,,,,,,,,,,,,,,,,,,,,,,,,,,,
2010,Pre-COVID (2010-2019),Sí,AFRO,Eswatini,SWZ,46.0,25.0,56.0,48.0,52.0,True,25.0,25.0,33.0,80.0,56.0,50.0,46.0,48.0,88.0,80.0,84.0,25.0,28.0,26.0,80.0,80.0,33.0,33.0,71.0,33.0,52.0,36.0,28.0,83.0,49.0,84.0,84.0,46.0,46.0,14.0,14.0,0.0,,,,,,,,,,,,,,,,,,,,,,,,,,,,,,,,,,,,,,,,
2010,Pre-COVID (2010-2019),Sí,AFRO,Ethiopia,ETH,40.0,100.0,20.0,72.0,83.0,True,100.0,100.0,0.0,40.0,20.0,83.0,61.0,72.0,44.0,0.0,22.0,50.0,14.0,32.0,60.0,60.0,33.0,33.0,100.0,66.0,83.0,27.0,14.0,0.0,13.0,61.0,61.0,26.0,26.0,0.0,,0.0,,,,,,,,,,,,,,,,,,,,,,,,,,,,,,,,,,,,,,,,
2010,Pre-COVID (2010-2019),No,AFRO,Gabon,GAB,,,,,,False,,,,,,,,,,,,,,,,,,,,,,,,,,,,,,,,,,,,,,,,,,,,,,,,,,,,,,,,,,,,,,,,,,,,,,,,
2010,Pre-COVID (2010-2019),Sí,AFRO,Gambia,GMB,50.0,,55.0,68.0,19.0,True,0.0,,50.0,60.0,55.0,83.0,53.0,68.0,77.0,60.0,68.0,50.0,42.0,46.0,40.0,40.0,50.0,50.0,28.0,11.0,19.0,100.0,85.0,66.0,84.0,92.0,92.0,73.0,73.0,50.0,50.0,0.0,,,,,,,,,,,,,,,,,,,,,,,,,,,,,,,,,,,,,,,,
2010,Pre-COVID (2010-2019),Sí,AFRO,Ghana,GHA,57.0,,53.0,64.0,46.0,True,0.0,,66.0,40.0,53.0,83.0,46.0,64.0,88.0,70.0,79.0,25.0,71.0,48.0,90.0,90.0,33.0,33.0,71.0,22.0,46.0,81.0,71.0,66.0,73.0,76.0,76.0,40.0,40.0,42.0,42.0,93.0,93.0,,,,,,,,,,,,,,,,,,,,,,,,,,,,,,,,,,,,,,,
2010,Pre-COVID (2010-2019),No,AFRO,Guinea,GIN,,,,,,False,,,,,,,,,,,,,,,,,,,,,,,,,,,,,,,,,,,,,,,,,,,,,,,,,,,,,,,,,,,,,,,,,,,,,,,,
2010,Pre-COVID (2010-2019),No,AFRO,Guinea-Bissau,GNB,,,,,,False,,,,,,,,,,,,,,,,,,,,,,,,,,,,,,,,,,,,,,,,,,,,,,,,,,,,,,,,,,,,,,,,,,,,,,,,
2010,Pre-COVID (2010-2019),Sí,AFRO,Kenya,KEN,61.0,50.0,81.0,76.0,94.0,True,50.0,50.0,83.0,80.0,81.0,100.0,53.0,76.0,55.0,60.0,57.0,0.0,28.0,14.0,80.0,80.0,16.0,16.0,100.0,88.0,94.0,100.0,100.0,66.0,88.0,100.0,100.0,73.0,73.0,0.0,,66.0,66.0,,,,,,,,,,,,,,,,,,,,,,,,,,,,,,,,,,,,,,,
2010,Pre-COVID (2010-2019),Sí,AFRO,Lesotho,LSO,42.0,,73.0,44.0,70.0,True,0.0,,66.0,80.0,73.0,50.0,38.0,44.0,66.0,30.0,48.0,0.0,28.0,14.0,60.0,60.0,16.0,16.0,85.0,55.0,70.0,36.0,57.0,50.0,47.0,76.0,76.0,73.0,73.0,21.0,21.0,6.0,6.0,,,,,,,,,,,,,,,,,,,,,,,,,,,,,,,,,,,,,,,
2010,Pre-COVID (2010-2019),Sí,AFRO,Liberia,LBR,38.0,25.0,73.0,76.0,46.0,True,25.0,25.0,66.0,80.0,73.0,83.0,69.0,76.0,77.0,20.0,48.0,0.0,28.0,14.0,50.0,50.0,16.0,16.0,71.0,22.0,46.0,54.0,71.0,83.0,69.0,15.0,15.0,53.0,53.0,7.0,7.0,0.0,,,,,,,,,,,,,,,,,,,,,,,,,,,,,,,,,,,,,,,,
2010,Pre-COVID (2010-2019),Sí,EMRO,Libya,LBY,54.0,75.0,56.0,59.0,61.0,True,75.0,75.0,33.0,80.0,56.0,50.0,69.0,59.0,77.0,40.0,58.0,100.0,57.0,78.0,70.0,70.0,66.0,66.0,100.0,22.0,61.0,45.0,85.0,50.0,60.0,53.0,53.0,66.0,66.0,0.0,,0.0,,,,,,,,,,,,,,,,,,,,,,,,,,,,,,,,,,,,,,,,
2010,Pre-COVID (2010-2019),No,AFRO,Madagascar,MDG,,,,,,False,,,,,,,,,,,,,,,,,,,,,,,,,,,,,,,,,,,,,,,,,,,,,,,,,,,,,,,,,,,,,,,,,,,,,,,,
2010,Pre-COVID (2010-2019),No,AFRO,Malawi,MWI,,,,,,False,,,,,,,,,,,,,,,,,,,,,,,,,,,,,,,,,,,,,,,,,,,,,,,,,,,,,,,,,,,,,,,,,,,,,,,,
2010,Pre-COVID (2010-2019),No,AFRO,Mali,MLI,,,,,,False,,,,,,,,,,,,,,,,,,,,,,,,,,,,,,,,,,,,,,,,,,,,,,,,,,,,,,,,,,,,,,,,,,,,,,,,
2010,Pre-COVID (2010-2019),Sí,AFRO,Mauritania,MRT,27.0,,38.0,60.0,48.0,True,0.0,,16.0,60.0,38.0,83.0,38.0,60.0,44.0,10.0,27.0,0.0,14.0,7.0,10.0,10.0,0.0,,85.0,11.0,48.0,18.0,0.0,0.0,6.0,92.0,92.0,33.0,33.0,14.0,14.0,13.0,13.0,,,,,,,,,,,,,,,,,,,,,,,,,,,,,,,,,,,,,,,
2010,Pre-COVID (2010-2019),No,AFRO,Mauritius,MUS,,,,,,False,,,,,,,,,,,,,,,,,,,,,,,,,,,,,,,,,,,,,,,,,,,,,,,,,,,,,,,,,,,,,,,,,,,,,,,,
2010,Pre-COVID (2010-2019),Sí,EMRO,Morocco,MAR,84.0,100.0,100.0,92.0,72.0,True,100.0,100.0,100.0,100.0,100.0,100.0,84.0,92.0,100.0,90.0,95.0,50.0,100.0,75.0,100.0,100.0,66.0,66.0,100.0,44.0,72.0,81.0,71.0,100.0,84.0,100.0,100.0,80.0,80.0,64.0,64.0,66.0,66.0,,,,,,,,,,,,,,,,,,,,,,,,,,,,,,,,,,,,,,,
2010,Pre-COVID (2010-2019),Sí,AFRO,Mozambique,MOZ,28.0,25.0,48.0,61.0,40.0,True,25.0,25.0,16.0,80.0,48.0,100.0,23.0,61.0,22.0,60.0,41.0,0.0,14.0,7.0,10.0,10.0,33.0,33.0,14.0,66.0,40.0,27.0,14.0,33.0,24.0,15.0,15.0,33.0,33.0,14.0,14.0,13.0,13.0,,,,,,,,,,,,,,,,,,,,,,,,,,,,,,,,,,,,,,,
2010,Pre-COVID (2010-2019),No,AFRO,Namibia,NAM,,,,,,False,,,,,,,,,,,,,,,,,,,,,,,,,,,,,,,,,,,,,,,,,,,,,,,,,,,,,,,,,,,,,,,,,,,,,,,,
2010,Pre-COVID (2010-2019),No,AFRO,Niger,NER,,,,,,False,,,,,,,,,,,,,,,,,,,,,,,,,,,,,,,,,,,,,,,,,,,,,,,,,,,,,,,,,,,,,,,,,,,,,,,,
2010,Pre-COVID (2010-2019),No,AFRO,Nigeria,NGA,,,,,,False,,,,,,,,,,,,,,,,,,,,,,,,,,,,,,,,,,,,,,,,,,,,,,,,,,,,,,,,,,,,,,,,,,,,,,,,
2010,Pre-COVID (2010-2019),No,AFRO,Rwanda,RWA,,,,,,False,,,,,,,,,,,,,,,,,,,,,,,,,,,,,,,,,,,,,,,,,,,,,,,,,,,,,,,,,,,,,,,,,,,,,,,,
2010,Pre-COVID (2010-2019),Sí,AFRO,Sao Tome and Principe,STP,24.0,,38.0,44.0,28.0,True,0.0,,16.0,60.0,38.0,66.0,23.0,44.0,22.0,10.0,16.0,0.0,14.0,7.0,20.0,20.0,0.0,,57.0,0.0,28.0,27.0,42.0,33.0,34.0,61.0,61.0,53.0,53.0,7.0,7.0,0.0,,,,,,,,,,,,,,,,,,,,,,,,,,,,,,,,,,,,,,,,
2010,Pre-COVID (2010-2019),No,AFRO,Senegal,SEN,,,,,,False,,,,,,,,,,,,,,,,,,,,,,,,,,,,,,,,,,,,,,,,,,,,,,,,,,,,,,,,,,,,,,,,,,,,,,,,
2010,Pre-COVID (2010-2019),Sí,AFRO,Seychelles,SYC,18.0,,30.0,41.0,21.0,True,0.0,,0.0,60.0,30.0,66.0,15.0,41.0,0.0,0.0,,0.0,0.0,,10.0,10.0,0.0,,42.0,0.0,21.0,27.0,100.0,50.0,59.0,30.0,30.0,40.0,40.0,0.0,,6.0,6.0,,,,,,,,,,,,,,,,,,,,,,,,,,,,,,,,,,,,,,,
2010,Pre-COVID (2010-2019),Sí,AFRO,Sierra Leone,SLE,19.0,50.0,58.0,65.0,14.0,True,50.0,50.0,16.0,100.0,58.0,100.0,30.0,65.0,22.0,0.0,11.0,0.0,0.0,,20.0,20.0,0.0,,28.0,0.0,14.0,27.0,42.0,0.0,23.0,7.0,7.0,0.0,,0.0,,0.0,,,,,,,,,,,,,,,,,,,,,,,,,,,,,,,,,,,,,,,,
2010,Pre-COVID (2010-2019),No,EMRO,Somalia,SOM,,,,,,False,,,,,,,,,,,,,,,,,,,,,,,,,,,,,,,,,,,,,,,,,,,,,,,,,,,,,,,,,,,,,,,,,,,,,,,,
2010,Pre-COVID (2010-2019),Sí,AFRO,South Africa,ZAF,66.0,75.0,83.0,68.0,94.0,True,75.0,75.0,66.0,100.0,83.0,83.0,53.0,68.0,77.0,90.0,83.0,25.0,71.0,48.0,90.0,90.0,16.0,16.0,100.0,88.0,94.0,100.0,100.0,66.0,88.0,92.0,92.0,93.0,93.0,14.0,14.0,20.0,20.0,,,,,,,,,,,,,,,,,,,,,,,,,,,,,,,,,,,,,,,
2010,Pre-COVID (2010-2019),No,AFRO,South Sudan,SSD,,,,,,False,,,,,,,,,,,,,,,,,,,,,,,,,,,,,,,,,,,,,,,,,,,,,,,,,,,,,,,,,,,,,,,,,,,,,,,,
2010,Pre-COVID (2010-2019),Sí,EMRO,Sudan,SDN,40.0,75.0,48.0,52.0,73.0,True,75.0,75.0,16.0,80.0,48.0,66.0,38.0,52.0,77.0,30.0,53.0,50.0,42.0,46.0,20.0,20.0,0.0,,57.0,88.0,73.0,45.0,14.0,0.0,19.0,46.0,46.0,40.0,40.0,14.0,14.0,40.0,40.0,,,,,,,,,,,,,,,,,,,,,,,,,,,,,,,,,,,,,,,
2010,Pre-COVID (2010-2019),Sí,AFRO,Togo,TGO,11.0,,10.0,32.0,21.0,True,0.0,,0.0,20.0,10.0,50.0,15.0,32.0,33.0,10.0,21.0,0.0,0.0,,0.0,,0.0,,42.0,0.0,21.0,18.0,42.0,0.0,20.0,15.0,15.0,26.0,26.0,0.0,,0.0,,,,,,,,,,,,,,,,,,,,,,,,,,,,,,,,,,,,,,,,
2010,Pre-COVID (2010-2019),No,EMRO,Tunisia,TUN,,,,,,False,,,,,,,,,,,,,,,,,,,,,,,,,,,,,,,,,,,,,,,,,,,,,,,,,,,,,,,,,,,,,,,,,,,,,,,,
2010,Pre-COVID (2010-2019),Sí,AFRO,Uganda,UGA,36.0,,55.0,68.0,81.0,True,0.0,,50.0,60.0,55.0,83.0,53.0,68.0,88.0,30.0,59.0,0.0,14.0,7.0,70.0,70.0,33.0,33.0,85.0,77.0,81.0,36.0,0.0,0.0,12.0,69.0,69.0,6.0,6.0,7.0,7.0,0.0,,,,,,,,,,,,,,,,,,,,,,,,,,,,,,,,,,,,,,,,
2010,Pre-COVID (2010-2019),No,AFRO,United Republic of Tanzania,TZA,,,,,,False,,,,,,,,,,,,,,,,,,,,,,,,,,,,,,,,,,,,,,,,,,,,,,,,,,,,,,,,,,,,,,,,,,,,,,,,
2010,Pre-COVID (2010-2019),No,AFRO,Zambia,ZMB,,,,,,False,,,,,,,,,,,,,,,,,,,,,,,,,,,,,,,,,,,,,,,,,,,,,,,,,,,,,,,,,,,,,,,,,,,,,,,,
2010,Pre-COVID (2010-2019),No,AFRO,Zimbabwe,ZWE,,,,,,False,,,,,,,,,,,,,,,,,,,,,,,,,,,,,,,,,,,,,,,,,,,,,,,,,,,,,,,,,,,,,,,,,,,,,,,,
2010,Pre-COVID (2010-2019),Sí,WPRO,Australia,AUS,93.0,75.0,100.0,88.0,92.0,True,75.0,75.0,100.0,100.0,100.0,100.0,76.0,88.0,100.0,100.0,100.0,100.0,100.0,100.0,100.0,100.0,100.0,100.0,85.0,100.0,92.0,9.0,100.0,66.0,58.0,100.0,100.0,100.0,100.0,92.0,92.0,100.0,100.0,,,,,,,,,,,,,,,,,,,,,,,,,,,,,,,,,,,,,,,
2010,Pre-COVID (2010-2019),No,WPRO,Cook Islands,COK,,,,,,False,,,,,,,,,,,,,,,,,,,,,,,,,,,,,,,,,,,,,,,,,,,,,,,,,,,,,,,,,,,,,,,,,,,,,,,,
2010,Pre-COVID (2010-2019),Sí,WPRO,Fiji,FJI,31.0,50.0,56.0,32.0,14.0,True,50.0,50.0,33.0,80.0,56.0,50.0,15.0,32.0,66.0,50.0,58.0,25.0,0.0,12.0,60.0,60.0,16.0,16.0,28.0,0.0,14.0,63.0,71.0,66.0,67.0,7.0,7.0,26.0,26.0,0.0,,0.0,,,,,,,,,,,,,,,,,,,,,,,,,,,,,,,,,,,,,,,,
2010,Pre-COVID (2010-2019),Sí,WPRO,Kiribati,KIR,59.0,75.0,100.0,48.0,57.0,True,75.0,75.0,100.0,100.0,100.0,66.0,30.0,48.0,66.0,90.0,78.0,100.0,71.0,85.0,80.0,80.0,33.0,33.0,71.0,44.0,57.0,27.0,57.0,66.0,50.0,84.0,84.0,60.0,60.0,14.0,14.0,6.0,6.0,,,,,,,,,,,,,,,,,,,,,,,,,,,,,,,,,,,,,,,
2010,Pre-COVID (2010-2019),Sí,WPRO,Marshall Islands,MHL,73.0,100.0,100.0,47.0,81.0,True,100.0,100.0,100.0,100.0,100.0,33.0,61.0,47.0,100.0,100.0,100.0,100.0,100.0,100.0,50.0,50.0,66.0,66.0,85.0,77.0,81.0,18.0,57.0,83.0,52.0,92.0,92.0,60.0,60.0,85.0,85.0,20.0,20.0,,,,,,,,,,,,,,,,,,,,,,,,,,,,,,,,,,,,,,,
2010,Pre-COVID (2010-2019),Sí,WPRO,Micronesia,FSM,32.0,100.0,66.0,25.0,36.0,True,100.0,100.0,33.0,100.0,66.0,50.0,0.0,25.0,33.0,20.0,26.0,75.0,42.0,58.0,30.0,30.0,0.0,,28.0,44.0,36.0,18.0,14.0,16.0,16.0,15.0,15.0,13.0,13.0,28.0,28.0,0.0,,,,,,,,,,,,,,,,,,,,,,,,,,,,,,,,,,,,,,,,
2010,Pre-COVID (2010-2019),Sí,WPRO,Nauru,NRU,41.0,100.0,73.0,32.0,26.0,True,100.0,100.0,66.0,80.0,73.0,33.0,30.0,32.0,44.0,50.0,47.0,100.0,71.0,85.0,40.0,40.0,50.0,50.0,42.0,11.0,26.0,18.0,57.0,50.0,41.0,0.0,,40.0,40.0,0.0,,0.0,,,,,,,,,,,,,,,,,,,,,,,,,,,,,,,,,,,,,,,,
2010,Pre-COVID (2010-2019),Sí,WPRO,New Zealand,NZL,86.0,75.0,83.0,80.0,92.0,True,75.0,75.0,66.0,100.0,83.0,100.0,61.0,80.0,100.0,80.0,90.0,100.0,85.0,92.0,100.0,100.0,50.0,50.0,85.0,100.0,92.0,63.0,85.0,83.0,77.0,92.0,92.0,100.0,100.0,92.0,92.0,100.0,100.0,,,,,,,,,,,,,,,,,,,,,,,,,,,,,,,,,,,,,,,
2010,Pre-COVID (2010-2019),No,WPRO,Niue,NIU,,,,,,False,,,,,,,,,,,,,,,,,,,,,,,,,,,,,,,,,,,,,,,,,,,,,,,,,,,,,,,,,,,,,,,,,,,,,,,,
2010,Pre-COVID (2010-2019),Sí,WPRO,Palau,PLW,58.0,50.0,71.0,19.0,14.0,True,50.0,50.0,83.0,60.0,71.0,16.0,23.0,19.0,100.0,100.0,100.0,100.0,85.0,92.0,80.0,80.0,66.0,66.0,28.0,0.0,14.0,18.0,57.0,50.0,41.0,76.0,76.0,93.0,93.0,50.0,50.0,0.0,,,,,,,,,,,,,,,,,,,,,,,,,,,,,,,,,,,,,,,,
2010,Pre-COVID (2010-2019),No,WPRO,Papua New Guinea,PNG,,,,,,False,,,,,,,,,,,,,,,,,,,,,,,,,,,,,,,,,,,,,,,,,,,,,,,,,,,,,,,,,,,,,,,,,,,,,,,,
2010,Pre-COVID (2010-2019),No,WPRO,Samoa,WSM,,,,,,False,,,,,,,,,,,,,,,,,,,,,,,,,,,,,,,,,,,,,,,,,,,,,,,,,,,,,,,,,,,,,,,,,,,,,,,,
2010,Pre-COVID (2010-2019),No,WPRO,Solomon Islands,SLB,,,,,,False,,,,,,,,,,,,,,,,,,,,,,,,,,,,,,,,,,,,,,,,,,,,,,,,,,,,,,,,,,,,,,,,,,,,,,,,
2010,Pre-COVID (2010-2019),Sí,WPRO,Tonga,TON,59.0,100.0,100.0,68.0,39.0,True,100.0,100.0,100.0,100.0,100.0,83.0,53.0,68.0,77.0,80.0,78.0,25.0,0.0,12.0,90.0,90.0,33.0,33.0,57.0,22.0,39.0,54.0,57.0,100.0,70.0,92.0,92.0,60.0,60.0,14.0,14.0,13.0,13.0,,,,,,,,,,,,,,,,,,,,,,,,,,,,,,,,,,,,,,,
2010,Pre-COVID (2010-2019),No,WPRO,Tuvalu,TUV,,,,,,False,,,,,,,,,,,,,,,,,,,,,,,,,,,,,,,,,,,,,,,,,,,,,,,,,,,,,,,,,,,,,,,,,,,,,,,,
2010,Pre-COVID (2010-2019),Sí,WPRO,Vanuatu,VUT,8.0,,30.0,16.0,7.0,True,0.0,,0.0,60.0,30.0,16.0,15.0,16.0,0.0,0.0,,0.0,0.0,,0.0,,16.0,16.0,14.0,0.0,7.0,0.0,0.0,0.0,,0.0,,26.0,26.0,14.0,14.0,0.0,,,,,,,,,,,,,,,,,,,,,,,,,,,,,,,,,,,,,,,,
2010,Pre-COVID (2010-2019),Sí,AMRO,Antigua and Barbuda,ATG,66.0,50.0,91.0,60.0,53.0,True,50.0,50.0,83.0,100.0,91.0,66.0,53.0,60.0,66.0,80.0,73.0,100.0,71.0,85.0,90.0,90.0,50.0,50.0,85.0,22.0,53.0,100.0,100.0,66.0,88.0,76.0,76.0,73.0,73.0,50.0,50.0,13.0,13.0,,,,,,,,,,,,,,,,,,,,,,,,,,,,,,,,,,,,,,,
2010,Pre-COVID (2010-2019),No,AMRO,Argentina,ARG,,,,,,False,,,,,,,,,,,,,,,,,,,,,,,,,,,,,,,,,,,,,,,,,,,,,,,,,,,,,,,,,,,,,,,,,,,,,,,,
2010,Pre-COVID (2010-2019),Sí,AMRO,Bahamas,BHS,59.0,50.0,100.0,100.0,88.0,True,50.0,50.0,100.0,100.0,100.0,100.0,100.0,100.0,100.0,90.0,95.0,75.0,71.0,73.0,90.0,90.0,0.0,,100.0,77.0,88.0,81.0,71.0,83.0,78.0,15.0,15.0,53.0,53.0,21.0,21.0,6.0,6.0,,,,,,,,,,,,,,,,,,,,,,,,,,,,,,,,,,,,,,,
2010,Pre-COVID (2010-2019),Sí,AMRO,Barbados,BRB,60.0,75.0,81.0,52.0,81.0,True,75.0,75.0,83.0,80.0,81.0,66.0,38.0,52.0,44.0,80.0,62.0,25.0,42.0,33.0,70.0,70.0,33.0,33.0,85.0,77.0,81.0,18.0,100.0,83.0,67.0,61.0,61.0,86.0,86.0,64.0,64.0,20.0,20.0,,,,,,,,,,,,,,,,,,,,,,,,,,,,,,,,,,,,,,,
2010,Pre-COVID (2010-2019),Sí,AMRO,Belize,BLZ,32.0,25.0,40.0,60.0,56.0,True,25.0,25.0,0.0,80.0,40.0,83.0,38.0,60.0,77.0,60.0,68.0,0.0,14.0,7.0,20.0,20.0,0.0,,57.0,55.0,56.0,18.0,28.0,0.0,15.0,76.0,76.0,46.0,46.0,0.0,,0.0,,,,,,,,,,,,,,,,,,,,,,,,,,,,,,,,,,,,,,,,
2010,Pre-COVID (2010-2019),No,AMRO,Bolivia (Plurinational State of),BOL,,,,,,False,,,,,,,,,,,,,,,,,,,,,,,,,,,,,,,,,,,,,,,,,,,,,,,,,,,,,,,,,,,,,,,,,,,,,,,,
2010,Pre-COVID (2010-2019),Sí,AMRO,Brazil,BRA,53.0,75.0,75.0,67.0,65.0,True,75.0,75.0,50.0,100.0,75.0,50.0,84.0,67.0,88.0,70.0,79.0,0.0,28.0,14.0,20.0,20.0,66.0,66.0,85.0,44.0,65.0,18.0,28.0,0.0,15.0,84.0,84.0,66.0,66.0,42.0,42.0,20.0,20.0,,,,,,,,,,,,,,,,,,,,,,,,,,,,,,,,,,,,,,,
2010,Pre-COVID (2010-2019),Sí,AMRO,Canada,CAN,71.0,50.0,83.0,47.0,70.0,True,50.0,50.0,66.0,100.0,83.0,33.0,61.0,47.0,66.0,30.0,48.0,100.0,57.0,78.0,20.0,20.0,100.0,100.0,85.0,55.0,70.0,100.0,100.0,100.0,100.0,23.0,23.0,100.0,100.0,100.0,100.0,100.0,100.0,,,,,,,,,,,,,,,,,,,,,,,,,,,,,,,,,,,,,,,
2010,Pre-COVID (2010-2019),No,AMRO,Chile,CHL,,,,,,False,,,,,,,,,,,,,,,,,,,,,,,,,,,,,,,,,,,,,,,,,,,,,,,,,,,,,,,,,,,,,,,,,,,,,,,,
2010,Pre-COVID (2010-2019),Sí,AMRO,Colombia,COL,78.0,100.0,100.0,84.0,63.0,True,100.0,100.0,100.0,100.0,100.0,100.0,69.0,84.0,66.0,50.0,58.0,50.0,57.0,53.0,100.0,100.0,50.0,50.0,71.0,55.0,63.0,63.0,100.0,50.0,71.0,100.0,100.0,93.0,93.0,85.0,85.0,53.0,53.0,,,,,,,,,,,,,,,,,,,,,,,,,,,,,,,,,,,,,,,
2010,Pre-COVID (2010-2019),Sí,AMRO,Costa Rica,CRI,77.0,100.0,100.0,80.0,94.0,True,100.0,100.0,100.0,100.0,100.0,83.0,76.0,80.0,55.0,80.0,67.0,50.0,57.0,53.0,80.0,80.0,100.0,100.0,100.0,88.0,94.0,72.0,85.0,33.0,63.0,69.0,69.0,100.0,100.0,71.0,71.0,26.0,26.0,,,,,,,,,,,,,,,,,,,,,,,,,,,,,,,,,,,,,,,
2010,Pre-COVID (2010-2019),No,AMRO,Cuba,CUB,,,,,,False,,,,,,,,,,,,,,,,,,,,,,,,,,,,,,,,,,,,,,,,,,,,,,,,,,,,,,,,,,,,,,,,,,,,,,,,
2010,Pre-COVID (2010-2019),Sí,AMRO,Dominica,DMA,43.0,50.0,91.0,32.0,5.0,True,50.0,50.0,83.0,100.0,91.0,50.0,15.0,32.0,77.0,80.0,78.0,50.0,42.0,46.0,60.0,60.0,33.0,33.0,0.0,11.0,5.0,18.0,85.0,66.0,56.0,76.0,76.0,20.0,20.0,14.0,14.0,0.0,,,,,,,,,,,,,,,,,,,,,,,,,,,,,,,,,,,,,,,,
2010,Pre-COVID (2010-2019),Sí,AMRO,Dominican Republic,DOM,52.0,50.0,100.0,57.0,92.0,True,50.0,50.0,100.0,100.0,100.0,83.0,30.0,57.0,55.0,30.0,42.0,0.0,28.0,14.0,40.0,40.0,100.0,100.0,85.0,100.0,92.0,45.0,57.0,33.0,45.0,30.0,30.0,40.0,40.0,14.0,14.0,53.0,53.0,,,,,,,,,,,,,,,,,,,,,,,,,,,,,,,,,,,,,,,
2010,Pre-COVID (2010-2019),Sí,AMRO,Ecuador,ECU,41.0,,66.0,43.0,16.0,True,0.0,,33.0,100.0,66.0,33.0,53.0,43.0,33.0,50.0,41.0,50.0,14.0,32.0,80.0,80.0,50.0,50.0,0.0,33.0,16.0,9.0,14.0,0.0,7.0,46.0,46.0,46.0,46.0,28.0,28.0,73.0,73.0,,,,,,,,,,,,,,,,,,,,,,,,,,,,,,,,,,,,,,,
2010,Pre-COVID (2010-2019),No,AMRO,El Salvador,SLV,,,,,,False,,,,,,,,,,,,,,,,,,,,,,,,,,,,,,,,,,,,,,,,,,,,,,,,,,,,,,,,,,,,,,,,,,,,,,,,
2010,Pre-COVID (2010-2019),No,AMRO,Grenada,GRD,,,,,,False,,,,,,,,,,,,,,,,,,,,,,,,,,,,,,,,,,,,,,,,,,,,,,,,,,,,,,,,,,,,,,,,,,,,,,,,
2010,Pre-COVID (2010-2019),No,AMRO,Guatemala,GTM,,,,,,False,,,,,,,,,,,,,,,,,,,,,,,,,,,,,,,,,,,,,,,,,,,,,,,,,,,,,,,,,,,,,,,,,,,,,,,,
2010,Pre-COVID (2010-2019),Sí,AMRO,Guyana,GUY,33.0,,75.0,28.0,54.0,True,0.0,,50.0,100.0,75.0,33.0,23.0,28.0,22.0,30.0,26.0,25.0,14.0,19.0,40.0,40.0,33.0,33.0,42.0,66.0,54.0,18.0,85.0,66.0,56.0,46.0,46.0,46.0,46.0,0.0,,0.0,,,,,,,,,,,,,,,,,,,,,,,,,,,,,,,,,,,,,,,,
2010,Pre-COVID (2010-2019),No,AMRO,Haiti,HTI,,,,,,False,,,,,,,,,,,,,,,,,,,,,,,,,,,,,,,,,,,,,,,,,,,,,,,,,,,,,,,,,,,,,,,,,,,,,,,,
2010,Pre-COVID (2010-2019),Sí,AMRO,Honduras,HND,46.0,50.0,83.0,69.0,70.0,True,50.0,50.0,66.0,100.0,83.0,100.0,38.0,69.0,44.0,30.0,37.0,0.0,14.0,7.0,10.0,10.0,50.0,50.0,85.0,55.0,70.0,18.0,14.0,0.0,10.0,84.0,84.0,66.0,66.0,7.0,7.0,53.0,53.0,,,,,,,,,,,,,,,,,,,,,,,,,,,,,,,,,,,,,,,
2010,Pre-COVID (2010-2019),Sí,AMRO,Jamaica,JAM,32.0,,48.0,27.0,50.0,True,0.0,,16.0,80.0,48.0,16.0,38.0,27.0,88.0,70.0,79.0,25.0,14.0,19.0,40.0,40.0,0.0,,57.0,44.0,50.0,27.0,71.0,50.0,49.0,53.0,53.0,46.0,46.0,7.0,7.0,0.0,,,,,,,,,,,,,,,,,,,,,,,,,,,,,,,,,,,,,,,,
2010,Pre-COVID (2010-2019),Sí,AMRO,Mexico,MEX,43.0,50.0,50.0,44.0,100.0,True,50.0,50.0,0.0,100.0,50.0,50.0,38.0,44.0,44.0,40.0,42.0,0.0,0.0,,70.0,70.0,0.0,,100.0,100.0,100.0,45.0,71.0,83.0,66.0,53.0,53.0,60.0,60.0,14.0,14.0,13.0,13.0,,,,,,,,,,,,,,,,,,,,,,,,,,,,,,,,,,,,,,,
2010,Pre-COVID (2010-2019),No,AMRO,Nicaragua,NIC,,,,,,False,,,,,,,,,,,,,,,,,,,,,,,,,,,,,,,,,,,,,,,,,,,,,,,,,,,,,,,,,,,,,,,,,,,,,,,,
2010,Pre-COVID (2010-2019),No,AMRO,Panama,PAN,,,,,,False,,,,,,,,,,,,,,,,,,,,,,,,,,,,,,,,,,,,,,,,,,,,,,,,,,,,,,,,,,,,,,,,,,,,,,,,
2010,Pre-COVID (2010-2019),No,AMRO,Paraguay,PRY,,,,,,False,,,,,,,,,,,,,,,,,,,,,,,,,,,,,,,,,,,,,,,,,,,,,,,,,,,,,,,,,,,,,,,,,,,,,,,,
2010,Pre-COVID (2010-2019),No,AMRO,Peru,PER,,,,,,False,,,,,,,,,,,,,,,,,,,,,,,,,,,,,,,,,,,,,,,,,,,,,,,,,,,,,,,,,,,,,,,,,,,,,,,,
2010,Pre-COVID (2010-2019),No,AMRO,Saint Kitts and Nevis,KNA,,,,,,False,,,,,,,,,,,,,,,,,,,,,,,,,,,,,,,,,,,,,,,,,,,,,,,,,,,,,,,,,,,,,,,,,,,,,,,,
2010,Pre-COVID (2010-2019),Sí,AMRO,Saint Lucia,LCA,29.0,,40.0,65.0,14.0,True,0.0,,0.0,80.0,40.0,100.0,30.0,65.0,66.0,40.0,53.0,50.0,28.0,39.0,80.0,80.0,16.0,16.0,28.0,0.0,14.0,18.0,28.0,0.0,15.0,38.0,38.0,0.0,,14.0,14.0,0.0,,,,,,,,,,,,,,,,,,,,,,,,,,,,,,,,,,,,,,,,
2010,Pre-COVID (2010-2019),No,AMRO,Saint Vincent and the Grenadines,VCT,,,,,,False,,,,,,,,,,,,,,,,,,,,,,,,,,,,,,,,,,,,,,,,,,,,,,,,,,,,,,,,,,,,,,,,,,,,,,,,
2010,Pre-COVID (2010-2019),No,AMRO,Suriname,SUR,,,,,,False,,,,,,,,,,,,,,,,,,,,,,,,,,,,,,,,,,,,,,,,,,,,,,,,,,,,,,,,,,,,,,,,,,,,,,,,
2010,Pre-COVID (2010-2019),Sí,AMRO,Trinidad and Tobago,TTO,55.0,50.0,83.0,43.0,45.0,True,50.0,50.0,66.0,100.0,83.0,33.0,53.0,43.0,88.0,50.0,69.0,75.0,28.0,51.0,90.0,90.0,0.0,,57.0,33.0,45.0,81.0,100.0,66.0,82.0,69.0,69.0,73.0,73.0,35.0,35.0,26.0,26.0,,,,,,,,,,,,,,,,,,,,,,,,,,,,,,,,,,,,,,,
2010,Pre-COVID (2010-2019),Sí,AMRO,United States of America,USA,87.0,75.0,75.0,96.0,77.0,True,75.0,75.0,50.0,100.0,75.0,100.0,92.0,96.0,88.0,80.0,84.0,75.0,100.0,87.0,100.0,100.0,100.0,100.0,100.0,55.0,77.0,81.0,100.0,100.0,93.0,61.0,61.0,100.0,100.0,92.0,92.0,86.0,86.0,,,,,,,,,,,,,,,,,,,,,,,,,,,,,,,,,,,,,,,
2010,Pre-COVID (2010-2019),No,AMRO,Uruguay,URY,,,,,,False,,,,,,,,,,,,,,,,,,,,,,,,,,,,,,,,,,,,,,,,,,,,,,,,,,,,,,,,,,,,,,,,,,,,,,,,
2010,Pre-COVID (2010-2019),No,AMRO,Venezuela (Bolivarian Republic of),VEN,,,,,,False,,,,,,,,,,,,,,,,,,,,,,,,,,,,,,,,,,,,,,,,,,,,,,,,,,,,,,,,,,,,,,,,,,,,,,,,
2010,Pre-COVID (2010-2019),Sí,EMRO,Afghanistan,AFG,45.0,50.0,75.0,96.0,45.0,True,50.0,50.0,50.0,100.0,75.0,100.0,92.0,96.0,77.0,30.0,53.0,25.0,57.0,41.0,80.0,80.0,16.0,16.0,57.0,33.0,45.0,0.0,28.0,16.0,15.0,69.0,69.0,26.0,26.0,7.0,7.0,6.0,6.0,,,,,,,,,,,,,,,,,,,,,,,,,,,,,,,,,,,,,,,
2010,Pre-COVID (2010-2019),Sí,EURO,Armenia,ARM,75.0,50.0,66.0,92.0,80.0,True,50.0,50.0,33.0,100.0,66.0,100.0,84.0,92.0,100.0,70.0,85.0,50.0,100.0,75.0,80.0,80.0,100.0,100.0,71.0,88.0,80.0,0.0,28.0,0.0,9.0,92.0,92.0,60.0,60.0,85.0,85.0,100.0,100.0,,,,,,,,,,,,,,,,,,,,,,,,,,,,,,,,,,,,,,,
2010,Pre-COVID (2010-2019),Sí,EURO,Azerbaijan,AZE,53.0,25.0,50.0,84.0,70.0,True,25.0,25.0,0.0,100.0,50.0,100.0,69.0,84.0,77.0,90.0,83.0,0.0,71.0,35.0,70.0,70.0,16.0,16.0,85.0,55.0,70.0,90.0,57.0,16.0,54.0,84.0,84.0,40.0,40.0,21.0,21.0,60.0,60.0,,,,,,,,,,,,,,,,,,,,,,,,,,,,,,,,,,,,,,,
2010,Pre-COVID (2010-2019),Sí,EMRO,Bahrain,BHR,67.0,75.0,83.0,75.0,48.0,True,75.0,75.0,66.0,100.0,83.0,66.0,84.0,75.0,100.0,100.0,100.0,100.0,85.0,92.0,100.0,100.0,83.0,83.0,85.0,11.0,48.0,9.0,42.0,83.0,45.0,53.0,53.0,33.0,33.0,0.0,,80.0,80.0,,,,,,,,,,,,,,,,,,,,,,,,,,,,,,,,,,,,,,,
2010,Pre-COVID (2010-2019),Sí,SEARO,Bangladesh,BGD,68.0,50.0,90.0,100.0,94.0,True,50.0,50.0,100.0,80.0,90.0,100.0,100.0,100.0,100.0,90.0,95.0,50.0,28.0,39.0,100.0,100.0,83.0,83.0,100.0,88.0,94.0,9.0,14.0,0.0,7.0,100.0,100.0,40.0,40.0,14.0,14.0,66.0,66.0,,,,,,,,,,,,,,,,,,,,,,,,,,,,,,,,,,,,,,,
2010,Pre-COVID (2010-2019),Sí,SEARO,Bhutan,BTN,29.0,25.0,71.0,47.0,28.0,True,25.0,25.0,83.0,60.0,71.0,33.0,61.0,47.0,44.0,60.0,52.0,0.0,14.0,7.0,40.0,40.0,16.0,16.0,57.0,0.0,28.0,36.0,28.0,66.0,43.0,7.0,7.0,40.0,40.0,0.0,,0.0,,,,,,,,,,,,,,,,,,,,,,,,,,,,,,,,,,,,,,,,
2010,Pre-COVID (2010-2019),Sí,WPRO,Brunei Darussalam,BRN,51.0,,66.0,61.0,65.0,True,0.0,,33.0,100.0,66.0,100.0,23.0,61.0,100.0,80.0,90.0,50.0,28.0,39.0,70.0,70.0,16.0,16.0,85.0,44.0,65.0,45.0,57.0,83.0,61.0,84.0,84.0,93.0,93.0,14.0,14.0,6.0,6.0,,,,,,,,,,,,,,,,,,,,,,,,,,,,,,,,,,,,,,,
2010,Pre-COVID (2010-2019),Sí,WPRO,Cambodia,KHM,46.0,100.0,58.0,84.0,76.0,True,100.0,100.0,16.0,100.0,58.0,100.0,69.0,84.0,77.0,40.0,58.0,0.0,0.0,,30.0,30.0,16.0,16.0,85.0,66.0,76.0,45.0,42.0,33.0,40.0,69.0,69.0,53.0,53.0,14.0,14.0,0.0,,,,,,,,,,,,,,,,,,,,,,,,,,,,,,,,,,,,,,,,
2010,Pre-COVID (2010-2019),Sí,WPRO,China,CHN,87.0,100.0,91.0,60.0,100.0,True,100.0,100.0,83.0,100.0,91.0,66.0,53.0,60.0,100.0,100.0,100.0,100.0,85.0,92.0,70.0,70.0,83.0,83.0,100.0,100.0,100.0,27.0,100.0,66.0,64.0,92.0,92.0,100.0,100.0,78.0,78.0,100.0,100.0,,,,,,,,,,,,,,,,,,,,,,,,,,,,,,,,,,,,,,,
2010,Pre-COVID (2010-2019),Sí,EURO,Cyprus,CYP,44.0,75.0,66.0,28.0,7.0,True,75.0,75.0,33.0,100.0,66.0,33.0,23.0,28.0,33.0,50.0,41.0,0.0,42.0,21.0,20.0,20.0,0.0,,14.0,0.0,7.0,100.0,100.0,66.0,88.0,69.0,69.0,100.0,100.0,14.0,14.0,46.0,46.0,,,,,,,,,,,,,,,,,,,,,,,,,,,,,,,,,,,,,,,
2010,Pre-COVID (2010-2019),Sí,SEARO,Democratic People's Republic of Korea,PRK,59.0,50.0,46.0,44.0,60.0,True,50.0,50.0,33.0,60.0,46.0,50.0,38.0,44.0,77.0,60.0,68.0,25.0,14.0,19.0,50.0,50.0,66.0,66.0,42.0,77.0,60.0,18.0,100.0,83.0,67.0,84.0,84.0,93.0,93.0,57.0,57.0,60.0,60.0,,,,,,,,,,,,,,,,,,,,,,,,,,,,,,,,,,,,,,,
2010,Pre-COVID (2010-2019),Sí,EURO,Georgia,GEO,93.0,100.0,91.0,96.0,94.0,True,100.0,100.0,83.0,100.0,91.0,100.0,92.0,96.0,100.0,100.0,100.0,100.0,100.0,100.0,100.0,100.0,83.0,83.0,100.0,88.0,94.0,54.0,100.0,100.0,84.0,92.0,92.0,86.0,86.0,85.0,85.0,100.0,100.0,,,,,,,,,,,,,,,,,,,,,,,,,,,,,,,,,,,,,,,
2010,Pre-COVID (2010-2019),Sí,SEARO,India,IND,73.0,75.0,100.0,72.0,94.0,True,75.0,75.0,100.0,100.0,100.0,83.0,61.0,72.0,88.0,70.0,79.0,50.0,0.0,25.0,80.0,80.0,83.0,83.0,100.0,88.0,94.0,63.0,100.0,66.0,76.0,100.0,100.0,53.0,53.0,50.0,50.0,60.0,60.0,,,,,,,,,,,,,,,,,,,,,,,,,,,,,,,,,,,,,,,
2010,Pre-COVID (2010-2019),Sí,WPRO,Indonesia,IDN,83.0,100.0,100.0,56.0,100.0,True,100.0,100.0,100.0,100.0,100.0,66.0,46.0,56.0,88.0,90.0,89.0,100.0,42.0,71.0,80.0,80.0,83.0,83.0,100.0,100.0,100.0,27.0,57.0,33.0,39.0,84.0,84.0,100.0,100.0,85.0,85.0,86.0,86.0,,,,,,,,,,,,,,,,,,,,,,,,,,,,,,,,,,,,,,,
2010,Pre-COVID (2010-2019),Sí,EMRO,Iran (Islamic Republic of),IRN,64.0,100.0,100.0,71.0,100.0,True,100.0,100.0,100.0,100.0,100.0,66.0,76.0,71.0,88.0,70.0,79.0,25.0,57.0,41.0,60.0,60.0,50.0,50.0,100.0,100.0,100.0,100.0,71.0,66.0,79.0,84.0,84.0,60.0,60.0,7.0,7.0,0.0,,,,,,,,,,,,,,,,,,,,,,,,,,,,,,,,,,,,,,,,
2010,Pre-COVID (2010-2019),Sí,EMRO,Iraq,IRQ,49.0,50.0,66.0,84.0,28.0,True,50.0,50.0,33.0,100.0,66.0,100.0,69.0,84.0,100.0,50.0,75.0,0.0,71.0,35.0,90.0,90.0,16.0,16.0,57.0,0.0,28.0,0.0,28.0,16.0,15.0,61.0,61.0,60.0,60.0,35.0,35.0,26.0,26.0,,,,,,,,,,,,,,,,,,,,,,,,,,,,,,,,,,,,,,,
2010,Pre-COVID (2010-2019),Sí,EURO,Israel,ISR,55.0,50.0,66.0,96.0,100.0,True,50.0,50.0,33.0,100.0,66.0,100.0,92.0,96.0,88.0,100.0,94.0,75.0,71.0,73.0,100.0,100.0,33.0,33.0,100.0,100.0,100.0,54.0,0.0,0.0,18.0,0.0,,0.0,,57.0,57.0,33.0,33.0,,,,,,,,,,,,,,,,,,,,,,,,,,,,,,,,,,,,,,,
2010,Pre-COVID (2010-2019),Sí,WPRO,Japan,JPN,94.0,100.0,100.0,80.0,100.0,True,100.0,100.0,100.0,100.0,100.0,100.0,61.0,80.0,100.0,100.0,100.0,100.0,100.0,100.0,70.0,70.0,100.0,100.0,100.0,100.0,100.0,27.0,100.0,100.0,75.0,92.0,92.0,100.0,100.0,100.0,100.0,100.0,100.0,,,,,,,,,,,,,,,,,,,,,,,,,,,,,,,,,,,,,,,
2010,Pre-COVID (2010-2019),Sí,EMRO,Jordan,JOR,84.0,75.0,100.0,84.0,100.0,True,75.0,75.0,100.0,100.0,100.0,100.0,69.0,84.0,100.0,90.0,95.0,100.0,57.0,78.0,100.0,100.0,83.0,83.0,100.0,100.0,100.0,54.0,100.0,83.0,79.0,84.0,84.0,100.0,100.0,64.0,64.0,53.0,53.0,,,,,,,,,,,,,,,,,,,,,,,,,,,,,,,,,,,,,,,
2010,Pre-COVID (2010-2019),No,EURO,Kazakhstan,KAZ,,,,,,False,,,,,,,,,,,,,,,,,,,,,,,,,,,,,,,,,,,,,,,,,,,,,,,,,,,,,,,,,,,,,,,,,,,,,,,,
2010,Pre-COVID (2010-2019),Sí,EMRO,Kuwait,KWT,63.0,50.0,90.0,64.0,67.0,True,50.0,50.0,100.0,80.0,90.0,66.0,61.0,64.0,100.0,90.0,95.0,100.0,100.0,100.0,60.0,60.0,33.0,33.0,57.0,77.0,67.0,27.0,100.0,100.0,75.0,84.0,84.0,86.0,86.0,0.0,,13.0,13.0,,,,,,,,,,,,,,,,,,,,,,,,,,,,,,,,,,,,,,,
2010,Pre-COVID (2010-2019),No,EURO,Kyrgyzstan,KGZ,,,,,,False,,,,,,,,,,,,,,,,,,,,,,,,,,,,,,,,,,,,,,,,,,,,,,,,,,,,,,,,,,,,,,,,,,,,,,,,
2010,Pre-COVID (2010-2019),Sí,WPRO,Lao People's Democratic Republic,LAO,51.0,75.0,75.0,64.0,61.0,True,75.0,75.0,50.0,100.0,75.0,66.0,61.0,64.0,88.0,100.0,94.0,75.0,71.0,73.0,20.0,20.0,66.0,66.0,100.0,22.0,61.0,9.0,0.0,0.0,3.0,84.0,84.0,46.0,46.0,0.0,,0.0,,,,,,,,,,,,,,,,,,,,,,,,,,,,,,,,,,,,,,,,
2010,Pre-COVID (2010-2019),Sí,EMRO,Lebanon,LBN,55.0,50.0,55.0,64.0,56.0,True,50.0,50.0,50.0,60.0,55.0,83.0,46.0,64.0,77.0,80.0,78.0,0.0,57.0,28.0,80.0,80.0,33.0,33.0,57.0,55.0,56.0,81.0,28.0,16.0,42.0,76.0,76.0,80.0,80.0,7.0,7.0,66.0,66.0,,,,,,,,,,,,,,,,,,,,,,,,,,,,,,,,,,,,,,,
2010,Pre-COVID (2010-2019),Sí,WPRO,Malaysia,MYS,91.0,100.0,100.0,64.0,77.0,True,100.0,100.0,100.0,100.0,100.0,66.0,61.0,64.0,100.0,100.0,100.0,100.0,100.0,100.0,70.0,70.0,100.0,100.0,100.0,55.0,77.0,27.0,100.0,100.0,75.0,100.0,100.0,100.0,100.0,100.0,100.0,100.0,100.0,,,,,,,,,,,,,,,,,,,,,,,,,,,,,,,,,,,,,,,
2010,Pre-COVID (2010-2019),Sí,SEARO,Maldives,MDV,64.0,100.0,100.0,79.0,61.0,True,100.0,100.0,100.0,100.0,100.0,66.0,92.0,79.0,100.0,80.0,90.0,50.0,85.0,67.0,60.0,60.0,33.0,33.0,57.0,66.0,61.0,90.0,71.0,83.0,81.0,69.0,69.0,80.0,80.0,7.0,7.0,0.0,,,,,,,,,,,,,,,,,,,,,,,,,,,,,,,,,,,,,,,,
2010,Pre-COVID (2010-2019),Sí,WPRO,Mongolia,MNG,81.0,100.0,56.0,80.0,83.0,True,100.0,100.0,33.0,80.0,56.0,100.0,61.0,80.0,100.0,100.0,100.0,100.0,85.0,92.0,90.0,90.0,100.0,100.0,100.0,66.0,83.0,63.0,85.0,83.0,77.0,92.0,92.0,53.0,53.0,64.0,64.0,66.0,66.0,,,,,,,,,,,,,,,,,,,,,,,,,,,,,,,,,,,,,,,
2010,Pre-COVID (2010-2019),Sí,SEARO,Myanmar,MMR,73.0,100.0,66.0,88.0,70.0,True,100.0,100.0,33.0,100.0,66.0,100.0,76.0,88.0,100.0,100.0,100.0,75.0,57.0,66.0,90.0,90.0,33.0,33.0,85.0,55.0,70.0,36.0,71.0,50.0,52.0,76.0,76.0,100.0,100.0,71.0,71.0,33.0,33.0,,,,,,,,,,,,,,,,,,,,,,,,,,,,,,,,,,,,,,,
2010,Pre-COVID (2010-2019),Sí,SEARO,Nepal,NPL,45.0,75.0,75.0,40.0,88.0,True,75.0,75.0,50.0,100.0,75.0,50.0,30.0,40.0,77.0,20.0,48.0,0.0,28.0,14.0,80.0,80.0,33.0,33.0,100.0,77.0,88.0,9.0,28.0,50.0,29.0,46.0,46.0,46.0,46.0,7.0,7.0,6.0,6.0,,,,,,,,,,,,,,,,,,,,,,,,,,,,,,,,,,,,,,,
2010,Pre-COVID (2010-2019),Sí,EMRO,Oman,OMN,75.0,75.0,63.0,60.0,88.0,True,75.0,75.0,66.0,60.0,63.0,66.0,53.0,60.0,100.0,60.0,80.0,100.0,100.0,100.0,80.0,80.0,66.0,66.0,100.0,77.0,88.0,45.0,100.0,100.0,81.0,100.0,100.0,20.0,20.0,100.0,100.0,60.0,60.0,,,,,,,,,,,,,,,,,,,,,,,,,,,,,,,,,,,,,,,
2010,Pre-COVID (2010-2019),Sí,EMRO,Pakistan,PAK,24.0,50.0,38.0,7.0,18.0,True,50.0,50.0,16.0,60.0,38.0,0.0,15.0,7.0,55.0,30.0,42.0,0.0,14.0,7.0,20.0,20.0,0.0,,14.0,22.0,18.0,0.0,14.0,50.0,21.0,15.0,15.0,6.0,6.0,0.0,,93.0,93.0,,,,,,,,,,,,,,,,,,,,,,,,,,,,,,,,,,,,,,,
2010,Pre-COVID (2010-2019),Sí,WPRO,Philippines,PHL,54.0,,48.0,88.0,80.0,True,0.0,,16.0,80.0,48.0,100.0,76.0,88.0,77.0,40.0,58.0,75.0,57.0,66.0,90.0,90.0,33.0,33.0,71.0,88.0,80.0,81.0,85.0,100.0,89.0,76.0,76.0,33.0,33.0,21.0,21.0,20.0,20.0,,,,,,,,,,,,,,,,,,,,,,,,,,,,,,,,,,,,,,,
2010,Pre-COVID (2010-2019),Sí,EMRO,Qatar,QAT,69.0,50.0,35.0,55.0,94.0,True,50.0,50.0,50.0,20.0,35.0,50.0,61.0,55.0,100.0,90.0,95.0,100.0,85.0,92.0,90.0,90.0,66.0,66.0,100.0,88.0,94.0,63.0,14.0,33.0,37.0,76.0,76.0,46.0,46.0,78.0,78.0,86.0,86.0,,,,,,,,,,,,,,,,,,,,,,,,,,,,,,,,,,,,,,,
2010,Pre-COVID (2010-2019),Sí,WPRO,Republic of Korea,KOR,74.0,50.0,73.0,84.0,87.0,True,50.0,50.0,66.0,80.0,73.0,100.0,69.0,84.0,100.0,30.0,65.0,100.0,71.0,85.0,80.0,80.0,83.0,83.0,85.0,88.0,87.0,100.0,100.0,100.0,100.0,69.0,69.0,80.0,80.0,42.0,42.0,66.0,66.0,,,,,,,,,,,,,,,,,,,,,,,,,,,,,,,,,,,,,,,
2010,Pre-COVID (2010-2019),Sí,EMRO,Saudi Arabia,SAU,90.0,100.0,100.0,80.0,100.0,True,100.0,100.0,100.0,100.0,100.0,83.0,76.0,80.0,100.0,100.0,100.0,100.0,100.0,100.0,70.0,70.0,83.0,83.0,100.0,100.0,100.0,90.0,100.0,100.0,96.0,100.0,100.0,86.0,86.0,92.0,92.0,66.0,66.0,,,,,,,,,,,,,,,,,,,,,,,,,,,,,,,,,,,,,,,
2010,Pre-COVID (2010-2019),Sí,WPRO,Singapore,SGP,97.0,100.0,100.0,100.0,100.0,True,100.0,100.0,100.0,100.0,100.0,100.0,100.0,100.0,100.0,100.0,100.0,100.0,100.0,100.0,100.0,100.0,100.0,100.0,100.0,100.0,100.0,100.0,100.0,100.0,100.0,76.0,76.0,100.0,100.0,100.0,100.0,86.0,86.0,,,,,,,,,,,,,,,,,,,,,,,,,,,,,,,,,,,,,,,
2010,Pre-COVID (2010-2019),Sí,SEARO,Sri Lanka,LKA,60.0,75.0,50.0,75.0,66.0,True,75.0,75.0,0.0,100.0,50.0,66.0,84.0,75.0,44.0,90.0,67.0,75.0,28.0,51.0,80.0,80.0,66.0,66.0,100.0,33.0,66.0,90.0,100.0,83.0,91.0,92.0,92.0,66.0,66.0,0.0,,0.0,,,,,,,,,,,,,,,,,,,,,,,,,,,,,,,,,,,,,,,,
2010,Pre-COVID (2010-2019),Sí,EMRO,Syrian Arab Republic,SYR,45.0,50.0,20.0,48.0,88.0,True,50.0,50.0,0.0,40.0,20.0,50.0,46.0,48.0,88.0,20.0,54.0,25.0,14.0,19.0,60.0,60.0,0.0,,100.0,77.0,88.0,27.0,71.0,50.0,49.0,69.0,69.0,53.0,53.0,71.0,71.0,0.0,,,,,,,,,,,,,,,,,,,,,,,,,,,,,,,,,,,,,,,,
2010,Pre-COVID (2010-2019),No,EURO,Tajikistan,TJK,,,,,,False,,,,,,,,,,,,,,,,,,,,,,,,,,,,,,,,,,,,,,,,,,,,,,,,,,,,,,,,,,,,,,,,,,,,,,,,
2010,Pre-COVID (2010-2019),Sí,SEARO,Thailand,THA,65.0,50.0,100.0,52.0,83.0,True,50.0,50.0,100.0,100.0,100.0,66.0,38.0,52.0,88.0,100.0,94.0,75.0,71.0,73.0,50.0,50.0,66.0,66.0,100.0,66.0,83.0,27.0,85.0,83.0,65.0,61.0,61.0,93.0,93.0,57.0,57.0,6.0,6.0,,,,,,,,,,,,,,,,,,,,,,,,,,,,,,,,,,,,,,,
2010,Pre-COVID (2010-2019),Sí,SEARO,Timor-Leste,TLS,37.0,50.0,26.0,52.0,39.0,True,50.0,50.0,33.0,20.0,26.0,66.0,38.0,52.0,77.0,40.0,58.0,25.0,28.0,26.0,50.0,50.0,50.0,50.0,57.0,22.0,39.0,36.0,28.0,16.0,27.0,61.0,61.0,40.0,40.0,0.0,,0.0,,,,,,,,,,,,,,,,,,,,,,,,,,,,,,,,,,,,,,,,
2010,Pre-COVID (2010-2019),Sí,EURO,Türkiye,TUR,62.0,75.0,40.0,15.0,76.0,True,75.0,75.0,0.0,80.0,40.0,0.0,30.0,15.0,44.0,80.0,62.0,50.0,14.0,32.0,30.0,30.0,100.0,100.0,85.0,66.0,76.0,100.0,85.0,50.0,78.0,53.0,53.0,93.0,93.0,50.0,50.0,100.0,100.0,,,,,,,,,,,,,,,,,,,,,,,,,,,,,,,,,,,,,,,
2010,Pre-COVID (2010-2019),No,EURO,Turkmenistan,TKM,,,,,,False,,,,,,,,,,,,,,,,,,,,,,,,,,,,,,,,,,,,,,,,,,,,,,,,,,,,,,,,,,,,,,,,,,,,,,,,
2010,Pre-COVID (2010-2019),Sí,EMRO,United Arab Emirates,ARE,36.0,75.0,66.0,41.0,69.0,True,75.0,75.0,33.0,100.0,66.0,66.0,15.0,41.0,44.0,20.0,32.0,25.0,0.0,12.0,50.0,50.0,0.0,,71.0,66.0,69.0,63.0,0.0,0.0,21.0,38.0,38.0,13.0,13.0,0.0,,46.0,46.0,,,,,,,,,,,,,,,,,,,,,,,,,,,,,,,,,,,,,,,
2010,Pre-COVID (2010-2019),No,EURO,Uzbekistan,UZB,,,,,,False,,,,,,,,,,,,,,,,,,,,,,,,,,,,,,,,,,,,,,,,,,,,,,,,,,,,,,,,,,,,,,,,,,,,,,,,
2010,Pre-COVID (2010-2019),Sí,WPRO,Viet Nam,VNM,73.0,50.0,71.0,51.0,94.0,True,50.0,50.0,83.0,60.0,71.0,50.0,53.0,51.0,100.0,100.0,100.0,0.0,71.0,35.0,70.0,70.0,66.0,66.0,100.0,88.0,94.0,27.0,71.0,100.0,66.0,76.0,76.0,100.0,100.0,71.0,71.0,100.0,100.0,,,,,,,,,,,,,,,,,,,,,,,,,,,,,,,,,,,,,,,
2010,Pre-COVID (2010-2019),No,EMRO,Yemen,YEM,,,,,,False,,,,,,,,,,,,,,,,,,,,,,,,,,,,,,,,,,,,,,,,,,,,,,,,,,,,,,,,,,,,,,,,,,,,,,,,
2010,Pre-COVID (2010-2019),No,EURO,Albania,ALB,,,,,,False,,,,,,,,,,,,,,,,,,,,,,,,,,,,,,,,,,,,,,,,,,,,,,,,,,,,,,,,,,,,,,,,,,,,,,,,
2010,Pre-COVID (2010-2019),Sí,EURO,Andorra,AND,36.0,50.0,65.0,68.0,35.0,True,50.0,50.0,50.0,80.0,65.0,83.0,53.0,68.0,11.0,70.0,40.0,25.0,0.0,12.0,70.0,70.0,0.0,,71.0,0.0,35.0,0.0,0.0,0.0,,46.0,46.0,80.0,80.0,7.0,7.0,0.0,,,,,,,,,,,,,,,,,,,,,,,,,,,,,,,,,,,,,,,,
2010,Pre-COVID (2010-2019),Sí,EURO,Austria,AUT,86.0,50.0,83.0,96.0,92.0,True,50.0,50.0,66.0,100.0,83.0,100.0,92.0,96.0,100.0,100.0,100.0,100.0,100.0,100.0,100.0,100.0,66.0,66.0,85.0,100.0,92.0,27.0,100.0,100.0,75.0,92.0,92.0,93.0,93.0,78.0,78.0,93.0,93.0,,,,,,,,,,,,,,,,,,,,,,,,,,,,,,,,,,,,,,,
2010,Pre-COVID (2010-2019),No,EURO,Belarus,BLR,,,,,,False,,,,,,,,,,,,,,,,,,,,,,,,,,,,,,,,,,,,,,,,,,,,,,,,,,,,,,,,,,,,,,,,,,,,,,,,
2010,Pre-COVID (2010-2019),Sí,EURO,Belgium,BEL,74.0,100.0,75.0,51.0,80.0,True,100.0,100.0,50.0,100.0,75.0,50.0,53.0,51.0,77.0,100.0,88.0,100.0,57.0,78.0,70.0,70.0,50.0,50.0,71.0,88.0,80.0,63.0,85.0,83.0,77.0,53.0,53.0,93.0,93.0,64.0,64.0,86.0,86.0,,,,,,,,,,,,,,,,,,,,,,,,,,,,,,,,,,,,,,,
2010,Pre-COVID (2010-2019),Sí,EURO,Bosnia and Herzegovina,BIH,38.0,75.0,40.0,48.0,43.0,True,75.0,75.0,0.0,80.0,40.0,66.0,30.0,48.0,44.0,20.0,32.0,25.0,42.0,33.0,20.0,20.0,0.0,,42.0,44.0,43.0,18.0,28.0,33.0,26.0,76.0,76.0,100.0,100.0,7.0,7.0,0.0,,,,,,,,,,,,,,,,,,,,,,,,,,,,,,,,,,,,,,,,
2010,Pre-COVID (2010-2019),No,EURO,Bulgaria,BGR,,,,,,False,,,,,,,,,,,,,,,,,,,,,,,,,,,,,,,,,,,,,,,,,,,,,,,,,,,,,,,,,,,,,,,,,,,,,,,,
2010,Pre-COVID (2010-2019),Sí,EURO,Croatia,HRV,95.0,100.0,75.0,100.0,100.0,True,100.0,100.0,50.0,100.0,75.0,100.0,100.0,100.0,100.0,100.0,100.0,100.0,100.0,100.0,100.0,100.0,100.0,100.0,100.0,100.0,100.0,63.0,100.0,66.0,76.0,92.0,92.0,100.0,100.0,100.0,100.0,93.0,93.0,,,,,,,,,,,,,,,,,,,,,,,,,,,,,,,,,,,,,,,
2010,Pre-COVID (2010-2019),Sí,EURO,Czech Republic,CZE,86.0,100.0,73.0,73.0,81.0,True,100.0,100.0,66.0,80.0,73.0,100.0,46.0,73.0,100.0,100.0,100.0,100.0,100.0,100.0,90.0,90.0,50.0,50.0,85.0,77.0,81.0,0.0,100.0,66.0,55.0,92.0,92.0,100.0,100.0,100.0,100.0,100.0,100.0,,,,,,,,,,,,,,,,,,,,,,,,,,,,,,,,,,,,,,,
2010,Pre-COVID (2010-2019),Sí,EURO,Denmark,DNK,73.0,50.0,91.0,28.0,56.0,True,50.0,50.0,83.0,100.0,91.0,33.0,23.0,28.0,100.0,90.0,95.0,100.0,100.0,100.0,80.0,80.0,0.0,,57.0,55.0,56.0,27.0,100.0,100.0,75.0,100.0,100.0,93.0,93.0,85.0,85.0,100.0,100.0,,,,,,,,,,,,,,,,,,,,,,,,,,,,,,,,,,,,,,,
2010,Pre-COVID (2010-2019),Sí,EURO,Estonia,EST,65.0,50.0,66.0,56.0,61.0,True,50.0,50.0,33.0,100.0,66.0,66.0,46.0,56.0,100.0,60.0,80.0,50.0,71.0,60.0,60.0,60.0,16.0,16.0,57.0,66.0,61.0,18.0,85.0,33.0,45.0,92.0,92.0,93.0,93.0,92.0,92.0,73.0,73.0,,,,,,,,,,,,,,,,,,,,,,,,,,,,,,,,,,,,,,,
2010,Pre-COVID (2010-2019),Sí,EURO,Finland,FIN,83.0,100.0,90.0,65.0,63.0,True,100.0,100.0,100.0,80.0,90.0,100.0,30.0,65.0,77.0,80.0,78.0,75.0,71.0,73.0,100.0,100.0,83.0,83.0,71.0,55.0,63.0,72.0,85.0,83.0,80.0,92.0,92.0,100.0,100.0,57.0,57.0,100.0,100.0,,,,,,,,,,,,,,,,,,,,,,,,,,,,,,,,,,,,,,,
2010,Pre-COVID (2010-2019),Sí,EURO,France,FRA,63.0,100.0,56.0,67.0,85.0,True,100.0,100.0,33.0,80.0,56.0,66.0,69.0,67.0,33.0,80.0,56.0,50.0,71.0,60.0,50.0,50.0,50.0,50.0,71.0,100.0,85.0,9.0,42.0,16.0,22.0,38.0,38.0,86.0,86.0,71.0,71.0,80.0,80.0,,,,,,,,,,,,,,,,,,,,,,,,,,,,,,,,,,,,,,,
2010,Pre-COVID (2010-2019),Sí,EURO,Germany,DEU,81.0,100.0,100.0,60.0,100.0,True,100.0,100.0,100.0,100.0,100.0,66.0,53.0,60.0,88.0,90.0,89.0,100.0,57.0,78.0,70.0,70.0,33.0,33.0,100.0,100.0,100.0,27.0,100.0,83.0,70.0,84.0,84.0,100.0,100.0,85.0,85.0,80.0,80.0,,,,,,,,,,,,,,,,,,,,,,,,,,,,,,,,,,,,,,,
2010,Pre-COVID (2010-2019),Sí,EURO,Greece,GRC,76.0,,83.0,60.0,74.0,True,0.0,,66.0,100.0,83.0,66.0,53.0,60.0,88.0,90.0,89.0,100.0,85.0,92.0,90.0,90.0,83.0,83.0,71.0,77.0,74.0,63.0,85.0,66.0,72.0,92.0,92.0,86.0,86.0,92.0,92.0,80.0,80.0,,,,,,,,,,,,,,,,,,,,,,,,,,,,,,,,,,,,,,,
2010,Pre-COVID (2010-2019),No,EURO,Holy See,VAT,,,,,,False,,,,,,,,,,,,,,,,,,,,,,,,,,,,,,,,,,,,,,,,,,,,,,,,,,,,,,,,,,,,,,,,,,,,,,,,
2010,Pre-COVID (2010-2019),Sí,EURO,Hungary,HUN,68.0,75.0,40.0,64.0,92.0,True,75.0,75.0,0.0,80.0,40.0,66.0,61.0,64.0,88.0,80.0,84.0,50.0,85.0,67.0,60.0,60.0,83.0,83.0,85.0,100.0,92.0,9.0,28.0,33.0,23.0,61.0,61.0,86.0,86.0,50.0,50.0,100.0,100.0,,,,,,,,,,,,,,,,,,,,,,,,,,,,,,,,,,,,,,,
2010,Pre-COVID (2010-2019),No,EURO,Iceland,ISL,,,,,,False,,,,,,,,,,,,,,,,,,,,,,,,,,,,,,,,,,,,,,,,,,,,,,,,,,,,,,,,,,,,,,,,,,,,,,,,
2010,Pre-COVID (2010-2019),Sí,EURO,Ireland,IRL,52.0,25.0,56.0,84.0,23.0,True,25.0,25.0,33.0,80.0,56.0,100.0,69.0,84.0,66.0,90.0,78.0,0.0,57.0,28.0,40.0,40.0,33.0,33.0,14.0,33.0,23.0,54.0,14.0,16.0,28.0,92.0,92.0,100.0,100.0,42.0,42.0,53.0,53.0,,,,,,,,,,,,,,,,,,,,,,,,,,,,,,,,,,,,,,,
2010,Pre-COVID (2010-2019),Sí,EURO,Italy,ITA,75.0,50.0,66.0,76.0,92.0,True,50.0,50.0,33.0,100.0,66.0,83.0,69.0,76.0,88.0,80.0,84.0,50.0,85.0,67.0,70.0,70.0,33.0,33.0,85.0,100.0,92.0,81.0,100.0,100.0,93.0,92.0,92.0,93.0,93.0,78.0,78.0,86.0,86.0,,,,,,,,,,,,,,,,,,,,,,,,,,,,,,,,,,,,,,,
2010,Pre-COVID (2010-2019),Sí,EURO,Latvia,LVA,65.0,25.0,71.0,69.0,81.0,True,25.0,25.0,83.0,60.0,71.0,100.0,38.0,69.0,66.0,60.0,63.0,50.0,71.0,60.0,80.0,80.0,16.0,16.0,85.0,77.0,81.0,54.0,28.0,83.0,55.0,76.0,76.0,73.0,73.0,71.0,71.0,100.0,100.0,,,,,,,,,,,,,,,,,,,,,,,,,,,,,,,,,,,,,,,
2010,Pre-COVID (2010-2019),No,EURO,Liechtenstein,LIE,,,,,,False,,,,,,,,,,,,,,,,,,,,,,,,,,,,,,,,,,,,,,,,,,,,,,,,,,,,,,,,,,,,,,,,,,,,,,,,
2010,Pre-COVID (2010-2019),Sí,EURO,Lithuania,LTU,71.0,100.0,65.0,80.0,87.0,True,100.0,100.0,50.0,80.0,65.0,100.0,61.0,80.0,33.0,90.0,61.0,0.0,85.0,42.0,50.0,50.0,0.0,,85.0,88.0,87.0,63.0,100.0,66.0,76.0,92.0,92.0,100.0,100.0,64.0,64.0,100.0,100.0,,,,,,,,,,,,,,,,,,,,,,,,,,,,,,,,,,,,,,,
2010,Pre-COVID (2010-2019),Sí,EURO,Luxembourg,LUX,44.0,,56.0,27.0,12.0,True,0.0,,33.0,80.0,56.0,16.0,38.0,27.0,33.0,70.0,51.0,50.0,28.0,39.0,70.0,70.0,0.0,,14.0,11.0,12.0,18.0,57.0,83.0,52.0,53.0,53.0,93.0,93.0,42.0,42.0,80.0,80.0,,,,,,,,,,,,,,,,,,,,,,,,,,,,,,,,,,,,,,,
2010,Pre-COVID (2010-2019),No,EURO,Malta,MLT,,,,,,False,,,,,,,,,,,,,,,,,,,,,,,,,,,,,,,,,,,,,,,,,,,,,,,,,,,,,,,,,,,,,,,,,,,,,,,,
2010,Pre-COVID (2010-2019),No,EURO,Monaco,MCO,,,,,,False,,,,,,,,,,,,,,,,,,,,,,,,,,,,,,,,,,,,,,,,,,,,,,,,,,,,,,,,,,,,,,,,,,,,,,,,
2010,Pre-COVID (2010-2019),No,EURO,Montenegro,MNE,,,,,,False,,,,,,,,,,,,,,,,,,,,,,,,,,,,,,,,,,,,,,,,,,,,,,,,,,,,,,,,,,,,,,,,,,,,,,,,
2010,Pre-COVID (2010-2019),No,EURO,Netherlands (Kingdom of the),NLD,,,,,,False,,,,,,,,,,,,,,,,,,,,,,,,,,,,,,,,,,,,,,,,,,,,,,,,,,,,,,,,,,,,,,,,,,,,,,,,
2010,Pre-COVID (2010-2019),No,EURO,North Macedonia,MKD,,,,,,False,,,,,,,,,,,,,,,,,,,,,,,,,,,,,,,,,,,,,,,,,,,,,,,,,,,,,,,,,,,,,,,,,,,,,,,,
2010,Pre-COVID (2010-2019),No,EURO,Norway,NOR,,,,,,False,,,,,,,,,,,,,,,,,,,,,,,,,,,,,,,,,,,,,,,,,,,,,,,,,,,,,,,,,,,,,,,,,,,,,,,,
2010,Pre-COVID (2010-2019),Sí,EURO,Poland,POL,66.0,50.0,48.0,84.0,94.0,True,50.0,50.0,16.0,80.0,48.0,100.0,69.0,84.0,88.0,90.0,89.0,0.0,85.0,42.0,70.0,70.0,0.0,,100.0,88.0,94.0,54.0,71.0,66.0,64.0,84.0,84.0,93.0,93.0,35.0,35.0,100.0,100.0,,,,,,,,,,,,,,,,,,,,,,,,,,,,,,,,,,,,,,,
2010,Pre-COVID (2010-2019),No,EURO,Portugal,PRT,,,,,,False,,,,,,,,,,,,,,,,,,,,,,,,,,,,,,,,,,,,,,,,,,,,,,,,,,,,,,,,,,,,,,,,,,,,,,,,
2010,Pre-COVID (2010-2019),Sí,EURO,Republic of Moldova,MDA,66.0,100.0,75.0,80.0,54.0,True,100.0,100.0,50.0,100.0,75.0,100.0,61.0,80.0,77.0,70.0,73.0,75.0,28.0,51.0,50.0,50.0,0.0,,42.0,66.0,54.0,36.0,57.0,33.0,42.0,92.0,92.0,93.0,93.0,50.0,50.0,100.0,100.0,,,,,,,,,,,,,,,,,,,,,,,,,,,,,,,,,,,,,,,
2010,Pre-COVID (2010-2019),Sí,EURO,Romania,ROU,67.0,50.0,75.0,73.0,83.0,True,50.0,50.0,50.0,100.0,75.0,100.0,46.0,73.0,100.0,80.0,90.0,25.0,85.0,55.0,50.0,50.0,16.0,16.0,100.0,66.0,83.0,36.0,57.0,83.0,58.0,84.0,84.0,86.0,86.0,57.0,57.0,100.0,100.0,,,,,,,,,,,,,,,,,,,,,,,,,,,,,,,,,,,,,,,
2010,Pre-COVID (2010-2019),Sí,EURO,Russian Federation,RUS,94.0,100.0,91.0,92.0,100.0,True,100.0,100.0,83.0,100.0,91.0,100.0,84.0,92.0,100.0,100.0,100.0,100.0,100.0,100.0,100.0,100.0,100.0,100.0,100.0,100.0,100.0,63.0,85.0,100.0,83.0,92.0,92.0,73.0,73.0,85.0,85.0,100.0,100.0,,,,,,,,,,,,,,,,,,,,,,,,,,,,,,,,,,,,,,,
2010,Pre-COVID (2010-2019),Sí,EURO,San Marino,SMR,40.0,100.0,61.0,3.0,81.0,True,100.0,100.0,83.0,40.0,61.0,0.0,7.0,3.0,33.0,50.0,41.0,0.0,0.0,,20.0,20.0,0.0,,85.0,77.0,81.0,0.0,0.0,0.0,,92.0,92.0,100.0,100.0,14.0,14.0,13.0,13.0,,,,,,,,,,,,,,,,,,,,,,,,,,,,,,,,,,,,,,,
2010,Pre-COVID (2010-2019),No,EURO,Serbia,SRB,,,,,,False,,,,,,,,,,,,,,,,,,,,,,,,,,,,,,,,,,,,,,,,,,,,,,,,,,,,,,,,,,,,,,,,,,,,,,,,
2010,Pre-COVID (2010-2019),Sí,EURO,Slovakia,SVK,64.0,75.0,71.0,60.0,74.0,True,75.0,75.0,83.0,60.0,71.0,66.0,53.0,60.0,100.0,100.0,100.0,0.0,85.0,42.0,10.0,10.0,0.0,,71.0,77.0,74.0,18.0,100.0,66.0,61.0,76.0,76.0,93.0,93.0,85.0,85.0,86.0,86.0,,,,,,,,,,,,,,,,,,,,,,,,,,,,,,,,,,,,,,,
2010,Pre-COVID (2010-2019),Sí,EURO,Slovenia,SVN,70.0,75.0,40.0,56.0,92.0,True,75.0,75.0,0.0,80.0,40.0,66.0,46.0,56.0,88.0,100.0,94.0,25.0,100.0,62.0,70.0,70.0,16.0,16.0,85.0,100.0,92.0,18.0,85.0,83.0,62.0,84.0,84.0,93.0,93.0,78.0,78.0,93.0,93.0,,,,,,,,,,,,,,,,,,,,,,,,,,,,,,,,,,,,,,,
2010,Pre-COVID (2010-2019),Sí,EURO,Spain,ESP,42.0,,50.0,88.0,81.0,True,0.0,,0.0,100.0,50.0,100.0,76.0,88.0,44.0,60.0,52.0,0.0,14.0,7.0,60.0,60.0,33.0,33.0,85.0,77.0,81.0,9.0,0.0,0.0,3.0,61.0,61.0,100.0,100.0,14.0,14.0,0.0,,,,,,,,,,,,,,,,,,,,,,,,,,,,,,,,,,,,,,,,
2010,Pre-COVID (2010-2019),Sí,EURO,Sweden,SWE,83.0,100.0,83.0,87.0,92.0,True,100.0,100.0,66.0,100.0,83.0,83.0,92.0,87.0,77.0,90.0,83.0,75.0,85.0,80.0,90.0,90.0,16.0,16.0,85.0,100.0,92.0,100.0,85.0,83.0,89.0,84.0,84.0,93.0,93.0,78.0,78.0,100.0,100.0,,,,,,,,,,,,,,,,,,,,,,,,,,,,,,,,,,,,,,,
2010,Pre-COVID (2010-2019),Sí,EURO,Switzerland,CHE,79.0,100.0,66.0,80.0,100.0,True,100.0,100.0,33.0,100.0,66.0,100.0,61.0,80.0,88.0,70.0,79.0,75.0,71.0,73.0,90.0,90.0,33.0,33.0,100.0,100.0,100.0,27.0,57.0,100.0,61.0,76.0,76.0,100.0,100.0,92.0,92.0,80.0,80.0,,,,,,,,,,,,,,,,,,,,,,,,,,,,,,,,,,,,,,,
2010,Pre-COVID (2010-2019),No,EURO,Ukraine,UKR,,,,,,False,,,,,,,,,,,,,,,,,,,,,,,,,,,,,,,,,,,,,,,,,,,,,,,,,,,,,,,,,,,,,,,,,,,,,,,,
2010,Pre-COVID (2010-2019),No,EURO,United Kingdom of Great Britain and Northern Ireland,GBR,,,,,,False,,,,,,,,,,,,,,,,,,,,,,,,,,,,,,,,,,,,,,,,,,,,,,,,,,,,,,,,,,,,,,,,,,,,,,,,
2011,Pre-COVID (2010-2019),Sí,AFRO,Algeria,DZA,11.0,,20.0,,60.0,True,0.0,,0.0,40.0,20.0,0.0,0.0,,0.0,57.0,28.0,0.0,0.0,,14.0,14.0,0.0,,40.0,80.0,60.0,20.0,50.0,0.0,23.0,0.0,,0.0,,0.0,,0.0,,,,,,,,,,,,,,,,,,,,,,,,,,,,,,,,,,,,,,,,
2011,Pre-COVID (2010-2019),Sí,AFRO,Angola,AGO,41.0,,73.0,50.0,100.0,True,0.0,,67.0,80.0,73.0,80.0,20.0,50.0,71.0,71.0,71.0,40.0,0.0,20.0,57.0,57.0,25.0,25.0,100.0,100.0,100.0,17.0,14.0,0.0,10.0,67.0,67.0,58.0,58.0,0.0,,0.0,,,,,,,,,,,,,,,,,,,,,,,,,,,,,,,,,,,,,,,,
2011,Pre-COVID (2010-2019),Sí,AFRO,Benin,BEN,46.0,,100.0,90.0,70.0,True,0.0,,100.0,100.0,100.0,100.0,80.0,90.0,100.0,43.0,71.0,20.0,50.0,35.0,57.0,57.0,25.0,25.0,80.0,60.0,70.0,67.0,71.0,14.0,50.0,56.0,56.0,33.0,33.0,8.0,8.0,0.0,,,,,,,,,,,,,,,,,,,,,,,,,,,,,,,,,,,,,,,,
2011,Pre-COVID (2010-2019),No,AFRO,Botswana,BWA,,,,,,False,,,,,,,,,,,,,,,,,,,,,,,,,,,,,,,,,,,,,,,,,,,,,,,,,,,,,,,,,,,,,,,,,,,,,,,,
2011,Pre-COVID (2010-2019),No,AFRO,Burkina Faso,BFA,,,,,,False,,,,,,,,,,,,,,,,,,,,,,,,,,,,,,,,,,,,,,,,,,,,,,,,,,,,,,,,,,,,,,,,,,,,,,,,
2011,Pre-COVID (2010-2019),Sí,AFRO,Burundi,BDI,15.0,,46.0,40.0,,True,0.0,,33.0,60.0,46.0,60.0,20.0,40.0,43.0,14.0,28.0,20.0,0.0,10.0,29.0,29.0,0.0,,0.0,0.0,,0.0,0.0,0.0,,22.0,22.0,17.0,17.0,8.0,8.0,0.0,,,,,,,,,,,,,,,,,,,,,,,,,,,,,,,,,,,,,,,,
2011,Pre-COVID (2010-2019),No,AFRO,Cabo Verde,CPV,,,,,,False,,,,,,,,,,,,,,,,,,,,,,,,,,,,,,,,,,,,,,,,,,,,,,,,,,,,,,,,,,,,,,,,,,,,,,,,
2011,Pre-COVID (2010-2019),Sí,AFRO,Cameroon,CMR,65.0,100.0,26.0,75.0,100.0,True,100.0,100.0,33.0,20.0,26.0,80.0,70.0,75.0,86.0,43.0,64.0,60.0,50.0,55.0,86.0,86.0,100.0,100.0,100.0,100.0,100.0,67.0,43.0,0.0,36.0,100.0,100.0,50.0,50.0,8.0,8.0,50.0,50.0,,,,,,,,,,,,,,,,,,,,,,,,,,,,,,,,,,,,,,,
2011,Pre-COVID (2010-2019),Sí,AFRO,Central African Republic,CAF,28.0,75.0,26.0,55.0,40.0,True,75.0,75.0,33.0,20.0,26.0,80.0,30.0,55.0,43.0,0.0,21.0,0.0,0.0,,14.0,14.0,50.0,50.0,80.0,0.0,40.0,0.0,33.0,50.0,27.0,44.0,44.0,0.0,,8.0,8.0,0.0,,,,,,,,,,,,,,,,,,,,,,,,,,,,,,,,,,,,,,,,
2011,Pre-COVID (2010-2019),Sí,AFRO,Chad,TCD,28.0,,20.0,80.0,30.0,True,0.0,,0.0,40.0,20.0,100.0,60.0,80.0,57.0,71.0,64.0,0.0,0.0,,57.0,57.0,0.0,,60.0,0.0,30.0,17.0,43.0,0.0,20.0,56.0,56.0,42.0,42.0,0.0,,0.0,,,,,,,,,,,,,,,,,,,,,,,,,,,,,,,,,,,,,,,,
2011,Pre-COVID (2010-2019),No,AFRO,Comoros,COM,,,,,,False,,,,,,,,,,,,,,,,,,,,,,,,,,,,,,,,,,,,,,,,,,,,,,,,,,,,,,,,,,,,,,,,,,,,,,,,
2011,Pre-COVID (2010-2019),Sí,AFRO,Congo,COG,57.0,75.0,40.0,90.0,70.0,True,75.0,75.0,0.0,80.0,40.0,80.0,100.0,90.0,57.0,71.0,64.0,60.0,100.0,80.0,57.0,57.0,50.0,50.0,60.0,80.0,70.0,100.0,29.0,14.0,47.0,56.0,56.0,50.0,50.0,33.0,33.0,33.0,33.0,,,,,,,,,,,,,,,,,,,,,,,,,,,,,,,,,,,,,,,
2011,Pre-COVID (2010-2019),Sí,AFRO,Côte d'Ivoire,CIV,52.0,50.0,73.0,,90.0,True,50.0,50.0,67.0,80.0,73.0,0.0,0.0,,86.0,86.0,86.0,60.0,50.0,55.0,57.0,57.0,0.0,,100.0,80.0,90.0,83.0,100.0,86.0,89.0,78.0,78.0,67.0,67.0,8.0,8.0,17.0,17.0,,,,,,,,,,,,,,,,,,,,,,,,,,,,,,,,,,,,,,,
2011,Pre-COVID (2010-2019),Sí,AFRO,Democratic Republic of the Congo,COD,60.0,100.0,30.0,75.0,70.0,True,100.0,100.0,0.0,60.0,30.0,80.0,70.0,75.0,71.0,43.0,57.0,100.0,0.0,50.0,57.0,57.0,100.0,100.0,80.0,60.0,70.0,50.0,86.0,29.0,55.0,33.0,33.0,58.0,58.0,0.0,,92.0,92.0,,,,,,,,,,,,,,,,,,,,,,,,,,,,,,,,,,,,,,,
2011,Pre-COVID (2010-2019),No,EMRO,Djibouti,DJI,,,,,,False,,,,,,,,,,,,,,,,,,,,,,,,,,,,,,,,,,,,,,,,,,,,,,,,,,,,,,,,,,,,,,,,,,,,,,,,
2011,Pre-COVID (2010-2019),Sí,EMRO,Egypt,EGY,83.0,75.0,66.0,90.0,80.0,True,75.0,75.0,33.0,100.0,66.0,80.0,100.0,90.0,100.0,100.0,100.0,100.0,75.0,87.0,86.0,86.0,75.0,75.0,80.0,80.0,80.0,100.0,100.0,100.0,100.0,89.0,89.0,75.0,75.0,67.0,67.0,92.0,92.0,,,,,,,,,,,,,,,,,,,,,,,,,,,,,,,,,,,,,,,
2011,Pre-COVID (2010-2019),Sí,AFRO,Equatorial Guinea,GNQ,1.0,,,,,True,0.0,,0.0,0.0,,0.0,0.0,,0.0,0.0,,0.0,0.0,,0.0,,0.0,,0.0,0.0,,0.0,0.0,0.0,,0.0,,17.0,17.0,0.0,,0.0,,,,,,,,,,,,,,,,,,,,,,,,,,,,,,,,,,,,,,,,
2011,Pre-COVID (2010-2019),Sí,AFRO,Eritrea,ERI,45.0,50.0,53.0,100.0,80.0,True,50.0,50.0,67.0,40.0,53.0,100.0,100.0,100.0,71.0,86.0,78.0,40.0,25.0,32.0,29.0,29.0,0.0,,60.0,100.0,80.0,50.0,100.0,86.0,78.0,56.0,56.0,8.0,8.0,17.0,17.0,0.0,,,,,,,,,,,,,,,,,,,,,,,,,,,,,,,,,,,,,,,,
2011,Pre-COVID (2010-2019),Sí,AFRO,Eswatini,SWZ,53.0,50.0,53.0,90.0,80.0,True,50.0,50.0,67.0,40.0,53.0,100.0,80.0,90.0,57.0,71.0,64.0,60.0,0.0,30.0,57.0,57.0,75.0,75.0,80.0,80.0,80.0,50.0,29.0,0.0,26.0,67.0,67.0,67.0,67.0,17.0,17.0,8.0,8.0,,,,,,,,,,,,,,,,,,,,,,,,,,,,,,,,,,,,,,,
2011,Pre-COVID (2010-2019),Sí,AFRO,Ethiopia,ETH,70.0,100.0,83.0,85.0,100.0,True,100.0,100.0,67.0,100.0,83.0,80.0,90.0,85.0,71.0,0.0,35.0,100.0,100.0,100.0,57.0,57.0,100.0,100.0,100.0,100.0,100.0,83.0,71.0,29.0,61.0,100.0,100.0,58.0,58.0,25.0,25.0,8.0,8.0,,,,,,,,,,,,,,,,,,,,,,,,,,,,,,,,,,,,,,,
2011,Pre-COVID (2010-2019),Sí,AFRO,Gabon,GAB,48.0,25.0,33.0,35.0,70.0,True,25.0,25.0,67.0,0.0,33.0,40.0,30.0,35.0,57.0,100.0,78.0,0.0,0.0,,43.0,43.0,0.0,,80.0,60.0,70.0,40.0,83.0,50.0,57.0,89.0,89.0,75.0,75.0,58.0,58.0,58.0,58.0,,,,,,,,,,,,,,,,,,,,,,,,,,,,,,,,,,,,,,,
2011,Pre-COVID (2010-2019),Sí,AFRO,Gambia,GMB,53.0,50.0,43.0,80.0,60.0,True,50.0,50.0,67.0,20.0,43.0,80.0,80.0,80.0,71.0,71.0,71.0,60.0,50.0,55.0,71.0,71.0,0.0,,80.0,40.0,60.0,67.0,29.0,0.0,32.0,89.0,89.0,67.0,67.0,67.0,67.0,0.0,,,,,,,,,,,,,,,,,,,,,,,,,,,,,,,,,,,,,,,,
2011,Pre-COVID (2010-2019),Sí,AFRO,Ghana,GHA,39.0,50.0,53.0,75.0,30.0,True,50.0,50.0,67.0,40.0,53.0,100.0,50.0,75.0,57.0,29.0,43.0,40.0,25.0,32.0,43.0,43.0,0.0,,60.0,0.0,30.0,83.0,71.0,29.0,61.0,33.0,33.0,25.0,25.0,0.0,,67.0,67.0,,,,,,,,,,,,,,,,,,,,,,,,,,,,,,,,,,,,,,,
2011,Pre-COVID (2010-2019),Sí,AFRO,Guinea,GIN,13.0,,10.0,40.0,50.0,True,0.0,,0.0,20.0,10.0,80.0,0.0,40.0,14.0,0.0,7.0,0.0,0.0,,14.0,14.0,25.0,25.0,60.0,40.0,50.0,0.0,0.0,0.0,,11.0,11.0,8.0,8.0,8.0,8.0,0.0,,,,,,,,,,,,,,,,,,,,,,,,,,,,,,,,,,,,,,,,
2011,Pre-COVID (2010-2019),No,AFRO,Guinea-Bissau,GNB,,,,,,False,,,,,,,,,,,,,,,,,,,,,,,,,,,,,,,,,,,,,,,,,,,,,,,,,,,,,,,,,,,,,,,,,,,,,,,,
2011,Pre-COVID (2010-2019),Sí,AFRO,Kenya,KEN,73.0,50.0,90.0,70.0,90.0,True,50.0,50.0,100.0,80.0,90.0,80.0,60.0,70.0,71.0,57.0,64.0,60.0,25.0,42.0,71.0,71.0,75.0,75.0,100.0,80.0,90.0,83.0,86.0,43.0,70.0,100.0,100.0,100.0,100.0,25.0,25.0,100.0,100.0,,,,,,,,,,,,,,,,,,,,,,,,,,,,,,,,,,,,,,,
2011,Pre-COVID (2010-2019),Sí,AFRO,Lesotho,LSO,47.0,25.0,50.0,75.0,100.0,True,25.0,25.0,0.0,100.0,50.0,80.0,70.0,75.0,71.0,29.0,50.0,40.0,75.0,57.0,57.0,57.0,0.0,,100.0,100.0,100.0,33.0,43.0,0.0,25.0,89.0,89.0,67.0,67.0,17.0,17.0,0.0,,,,,,,,,,,,,,,,,,,,,,,,,,,,,,,,,,,,,,,,
2011,Pre-COVID (2010-2019),Sí,AFRO,Liberia,LBR,26.0,,,85.0,70.0,True,0.0,,0.0,0.0,,100.0,70.0,85.0,86.0,29.0,57.0,40.0,25.0,32.0,29.0,29.0,50.0,50.0,60.0,80.0,70.0,33.0,29.0,0.0,20.0,0.0,,0.0,,0.0,,0.0,,,,,,,,,,,,,,,,,,,,,,,,,,,,,,,,,,,,,,,,
2011,Pre-COVID (2010-2019),Sí,EMRO,Libya,LBY,55.0,75.0,63.0,70.0,60.0,True,75.0,75.0,67.0,60.0,63.0,60.0,80.0,70.0,29.0,86.0,57.0,60.0,50.0,55.0,71.0,71.0,50.0,50.0,80.0,40.0,60.0,83.0,29.0,0.0,37.0,44.0,44.0,50.0,50.0,0.0,,83.0,83.0,,,,,,,,,,,,,,,,,,,,,,,,,,,,,,,,,,,,,,,
2011,Pre-COVID (2010-2019),Sí,AFRO,Madagascar,MDG,27.0,,50.0,25.0,50.0,True,0.0,,100.0,0.0,50.0,20.0,30.0,25.0,57.0,29.0,43.0,80.0,0.0,40.0,14.0,14.0,25.0,25.0,40.0,60.0,50.0,33.0,14.0,0.0,15.0,33.0,33.0,50.0,50.0,0.0,,0.0,,,,,,,,,,,,,,,,,,,,,,,,,,,,,,,,,,,,,,,,
2011,Pre-COVID (2010-2019),Sí,AFRO,Malawi,MWI,64.0,50.0,53.0,75.0,70.0,True,50.0,50.0,67.0,40.0,53.0,80.0,70.0,75.0,71.0,86.0,78.0,80.0,100.0,90.0,57.0,57.0,25.0,25.0,100.0,40.0,70.0,40.0,100.0,86.0,75.0,78.0,78.0,58.0,58.0,50.0,50.0,67.0,67.0,,,,,,,,,,,,,,,,,,,,,,,,,,,,,,,,,,,,,,,
2011,Pre-COVID (2010-2019),Sí,AFRO,Mali,MLI,55.0,50.0,100.0,95.0,70.0,True,50.0,50.0,100.0,100.0,100.0,100.0,90.0,95.0,86.0,43.0,64.0,40.0,25.0,32.0,57.0,57.0,75.0,75.0,80.0,60.0,70.0,33.0,71.0,43.0,49.0,67.0,67.0,50.0,50.0,8.0,8.0,0.0,,,,,,,,,,,,,,,,,,,,,,,,,,,,,,,,,,,,,,,,
2011,Pre-COVID (2010-2019),Sí,AFRO,Mauritania,MRT,20.0,,20.0,50.0,30.0,True,0.0,,0.0,40.0,20.0,60.0,40.0,50.0,0.0,14.0,7.0,0.0,0.0,,0.0,,0.0,,40.0,20.0,30.0,0.0,33.0,80.0,37.0,44.0,44.0,8.0,8.0,0.0,,58.0,58.0,,,,,,,,,,,,,,,,,,,,,,,,,,,,,,,,,,,,,,,
2011,Pre-COVID (2010-2019),No,AFRO,Mauritius,MUS,,,,,,False,,,,,,,,,,,,,,,,,,,,,,,,,,,,,,,,,,,,,,,,,,,,,,,,,,,,,,,,,,,,,,,,,,,,,,,,
2011,Pre-COVID (2010-2019),Sí,EMRO,Morocco,MAR,89.0,100.0,100.0,95.0,100.0,True,100.0,100.0,100.0,100.0,100.0,100.0,90.0,95.0,100.0,100.0,100.0,100.0,100.0,100.0,100.0,100.0,100.0,100.0,100.0,100.0,100.0,83.0,43.0,0.0,42.0,100.0,100.0,83.0,83.0,33.0,33.0,100.0,100.0,,,,,,,,,,,,,,,,,,,,,,,,,,,,,,,,,,,,,,,
2011,Pre-COVID (2010-2019),Sí,AFRO,Mozambique,MOZ,53.0,,83.0,70.0,100.0,True,0.0,,67.0,100.0,83.0,80.0,60.0,70.0,100.0,100.0,100.0,80.0,0.0,40.0,43.0,43.0,100.0,100.0,100.0,100.0,100.0,83.0,86.0,100.0,89.0,33.0,33.0,17.0,17.0,8.0,8.0,8.0,8.0,,,,,,,,,,,,,,,,,,,,,,,,,,,,,,,,,,,,,,,
2011,Pre-COVID (2010-2019),No,AFRO,Namibia,NAM,,,,,,False,,,,,,,,,,,,,,,,,,,,,,,,,,,,,,,,,,,,,,,,,,,,,,,,,,,,,,,,,,,,,,,,,,,,,,,,
2011,Pre-COVID (2010-2019),No,AFRO,Niger,NER,,,,,,False,,,,,,,,,,,,,,,,,,,,,,,,,,,,,,,,,,,,,,,,,,,,,,,,,,,,,,,,,,,,,,,,,,,,,,,,
2011,Pre-COVID (2010-2019),Sí,AFRO,Nigeria,NGA,38.0,25.0,50.0,70.0,20.0,True,25.0,25.0,0.0,100.0,50.0,80.0,60.0,70.0,57.0,86.0,71.0,80.0,25.0,52.0,43.0,43.0,25.0,25.0,40.0,0.0,20.0,0.0,0.0,0.0,,78.0,78.0,58.0,58.0,8.0,8.0,0.0,,,,,,,,,,,,,,,,,,,,,,,,,,,,,,,,,,,,,,,,
2011,Pre-COVID (2010-2019),No,AFRO,Rwanda,RWA,,,,,,False,,,,,,,,,,,,,,,,,,,,,,,,,,,,,,,,,,,,,,,,,,,,,,,,,,,,,,,,,,,,,,,,,,,,,,,,
2011,Pre-COVID (2010-2019),Sí,AFRO,Sao Tome and Principe,STP,22.0,,73.0,70.0,30.0,True,0.0,,67.0,80.0,73.0,100.0,40.0,70.0,29.0,14.0,21.0,0.0,0.0,,14.0,14.0,0.0,,40.0,20.0,30.0,20.0,0.0,0.0,6.0,33.0,33.0,33.0,33.0,0.0,,0.0,,,,,,,,,,,,,,,,,,,,,,,,,,,,,,,,,,,,,,,,
2011,Pre-COVID (2010-2019),Sí,AFRO,Senegal,SEN,30.0,,53.0,65.0,50.0,True,0.0,,67.0,40.0,53.0,100.0,30.0,65.0,14.0,29.0,21.0,40.0,25.0,32.0,29.0,29.0,25.0,25.0,60.0,40.0,50.0,17.0,0.0,0.0,5.0,22.0,22.0,42.0,42.0,33.0,33.0,8.0,8.0,,,,,,,,,,,,,,,,,,,,,,,,,,,,,,,,,,,,,,,
2011,Pre-COVID (2010-2019),Sí,AFRO,Seychelles,SYC,39.0,,20.0,55.0,100.0,True,0.0,,0.0,40.0,20.0,60.0,50.0,55.0,14.0,71.0,42.0,0.0,0.0,,29.0,29.0,0.0,,100.0,100.0,100.0,83.0,71.0,71.0,75.0,78.0,78.0,42.0,42.0,50.0,50.0,17.0,17.0,,,,,,,,,,,,,,,,,,,,,,,,,,,,,,,,,,,,,,,
2011,Pre-COVID (2010-2019),Sí,AFRO,Sierra Leone,SLE,58.0,25.0,73.0,85.0,90.0,True,25.0,25.0,67.0,80.0,73.0,100.0,70.0,85.0,57.0,29.0,43.0,80.0,25.0,52.0,57.0,57.0,25.0,25.0,100.0,80.0,90.0,83.0,100.0,86.0,89.0,89.0,89.0,58.0,58.0,17.0,17.0,50.0,50.0,,,,,,,,,,,,,,,,,,,,,,,,,,,,,,,,,,,,,,,
2011,Pre-COVID (2010-2019),No,EMRO,Somalia,SOM,,,,,,False,,,,,,,,,,,,,,,,,,,,,,,,,,,,,,,,,,,,,,,,,,,,,,,,,,,,,,,,,,,,,,,,,,,,,,,,
2011,Pre-COVID (2010-2019),Sí,AFRO,South Africa,ZAF,80.0,100.0,73.0,90.0,90.0,True,100.0,100.0,67.0,80.0,73.0,80.0,100.0,90.0,100.0,100.0,100.0,100.0,0.0,50.0,71.0,71.0,25.0,25.0,100.0,80.0,90.0,80.0,100.0,0.0,60.0,100.0,100.0,100.0,100.0,92.0,92.0,83.0,83.0,,,,,,,,,,,,,,,,,,,,,,,,,,,,,,,,,,,,,,,
2011,Pre-COVID (2010-2019),No,AFRO,South Sudan,SSD,,,,,,False,,,,,,,,,,,,,,,,,,,,,,,,,,,,,,,,,,,,,,,,,,,,,,,,,,,,,,,,,,,,,,,,,,,,,,,,
2011,Pre-COVID (2010-2019),Sí,EMRO,Sudan,SDN,28.0,,46.0,55.0,50.0,True,0.0,,33.0,60.0,46.0,40.0,70.0,55.0,43.0,0.0,21.0,0.0,25.0,12.0,0.0,,25.0,25.0,80.0,20.0,50.0,83.0,14.0,0.0,32.0,67.0,67.0,0.0,,17.0,17.0,33.0,33.0,,,,,,,,,,,,,,,,,,,,,,,,,,,,,,,,,,,,,,,
2011,Pre-COVID (2010-2019),Sí,AFRO,Togo,TGO,27.0,,36.0,90.0,40.0,True,0.0,,33.0,40.0,36.0,100.0,80.0,90.0,29.0,71.0,50.0,0.0,25.0,12.0,0.0,,25.0,25.0,80.0,0.0,40.0,20.0,33.0,67.0,40.0,44.0,44.0,17.0,17.0,0.0,,0.0,,,,,,,,,,,,,,,,,,,,,,,,,,,,,,,,,,,,,,,,
2011,Pre-COVID (2010-2019),Sí,EMRO,Tunisia,TUN,63.0,75.0,90.0,75.0,70.0,True,75.0,75.0,100.0,80.0,90.0,80.0,70.0,75.0,43.0,43.0,43.0,40.0,25.0,32.0,57.0,57.0,25.0,25.0,100.0,40.0,70.0,67.0,57.0,14.0,46.0,89.0,89.0,92.0,92.0,67.0,67.0,58.0,58.0,,,,,,,,,,,,,,,,,,,,,,,,,,,,,,,,,,,,,,,
2011,Pre-COVID (2010-2019),Sí,AFRO,Uganda,UGA,58.0,50.0,100.0,65.0,60.0,True,50.0,50.0,100.0,100.0,100.0,60.0,70.0,65.0,100.0,57.0,78.0,100.0,0.0,50.0,100.0,100.0,25.0,25.0,100.0,20.0,60.0,0.0,0.0,0.0,,89.0,89.0,75.0,75.0,58.0,58.0,8.0,8.0,,,,,,,,,,,,,,,,,,,,,,,,,,,,,,,,,,,,,,,
2011,Pre-COVID (2010-2019),Sí,AFRO,United Republic of Tanzania,TZA,51.0,50.0,20.0,45.0,60.0,True,50.0,50.0,0.0,40.0,20.0,60.0,30.0,45.0,86.0,71.0,78.0,80.0,50.0,65.0,43.0,43.0,100.0,100.0,60.0,60.0,60.0,33.0,14.0,0.0,15.0,67.0,67.0,67.0,67.0,17.0,17.0,42.0,42.0,,,,,,,,,,,,,,,,,,,,,,,,,,,,,,,,,,,,,,,
2011,Pre-COVID (2010-2019),Sí,AFRO,Zambia,ZMB,66.0,,50.0,65.0,100.0,True,0.0,,100.0,0.0,50.0,60.0,70.0,65.0,71.0,100.0,85.0,60.0,75.0,67.0,86.0,86.0,25.0,25.0,100.0,100.0,100.0,50.0,86.0,14.0,50.0,78.0,78.0,75.0,75.0,92.0,92.0,83.0,83.0,,,,,,,,,,,,,,,,,,,,,,,,,,,,,,,,,,,,,,,
2011,Pre-COVID (2010-2019),Sí,AFRO,Zimbabwe,ZWE,48.0,50.0,26.0,95.0,70.0,True,50.0,50.0,33.0,20.0,26.0,100.0,90.0,95.0,86.0,71.0,78.0,60.0,50.0,55.0,29.0,29.0,50.0,50.0,100.0,40.0,70.0,17.0,29.0,0.0,15.0,100.0,100.0,50.0,50.0,0.0,,0.0,,,,,,,,,,,,,,,,,,,,,,,,,,,,,,,,,,,,,,,,
2011,Pre-COVID (2010-2019),Sí,WPRO,Australia,AUS,95.0,100.0,100.0,95.0,100.0,True,100.0,100.0,100.0,100.0,100.0,100.0,90.0,95.0,100.0,100.0,100.0,100.0,100.0,100.0,100.0,100.0,100.0,100.0,100.0,100.0,100.0,60.0,50.0,0.0,36.0,100.0,100.0,100.0,100.0,100.0,100.0,100.0,100.0,,,,,,,,,,,,,,,,,,,,,,,,,,,,,,,,,,,,,,,
2011,Pre-COVID (2010-2019),No,WPRO,Cook Islands,COK,,,,,,False,,,,,,,,,,,,,,,,,,,,,,,,,,,,,,,,,,,,,,,,,,,,,,,,,,,,,,,,,,,,,,,,,,,,,,,,
2011,Pre-COVID (2010-2019),No,WPRO,Fiji,FJI,,,,,,False,,,,,,,,,,,,,,,,,,,,,,,,,,,,,,,,,,,,,,,,,,,,,,,,,,,,,,,,,,,,,,,,,,,,,,,,
2011,Pre-COVID (2010-2019),Sí,WPRO,Kiribati,KIR,57.0,100.0,100.0,90.0,50.0,True,100.0,100.0,100.0,100.0,100.0,80.0,100.0,90.0,100.0,86.0,93.0,100.0,100.0,100.0,100.0,100.0,0.0,,80.0,20.0,50.0,17.0,29.0,14.0,20.0,44.0,44.0,50.0,50.0,0.0,,0.0,,,,,,,,,,,,,,,,,,,,,,,,,,,,,,,,,,,,,,,,
2011,Pre-COVID (2010-2019),Sí,WPRO,Marshall Islands,MHL,53.0,50.0,100.0,40.0,70.0,True,50.0,50.0,100.0,100.0,100.0,40.0,40.0,40.0,57.0,86.0,71.0,80.0,50.0,65.0,100.0,100.0,75.0,75.0,60.0,80.0,70.0,50.0,29.0,29.0,36.0,33.0,33.0,33.0,33.0,8.0,8.0,8.0,8.0,,,,,,,,,,,,,,,,,,,,,,,,,,,,,,,,,,,,,,,
2011,Pre-COVID (2010-2019),Sí,WPRO,Micronesia,FSM,36.0,,70.0,20.0,40.0,True,0.0,,100.0,40.0,70.0,20.0,20.0,20.0,43.0,57.0,50.0,80.0,50.0,65.0,71.0,71.0,25.0,25.0,40.0,40.0,40.0,33.0,29.0,0.0,20.0,56.0,56.0,50.0,50.0,0.0,,0.0,,,,,,,,,,,,,,,,,,,,,,,,,,,,,,,,,,,,,,,,
2011,Pre-COVID (2010-2019),No,WPRO,Nauru,NRU,,,,,,False,,,,,,,,,,,,,,,,,,,,,,,,,,,,,,,,,,,,,,,,,,,,,,,,,,,,,,,,,,,,,,,,,,,,,,,,
2011,Pre-COVID (2010-2019),Sí,WPRO,New Zealand,NZL,93.0,100.0,100.0,90.0,90.0,True,100.0,100.0,100.0,100.0,100.0,100.0,80.0,90.0,100.0,100.0,100.0,100.0,75.0,87.0,100.0,100.0,75.0,75.0,80.0,100.0,90.0,100.0,100.0,100.0,100.0,100.0,100.0,92.0,92.0,83.0,83.0,92.0,92.0,,,,,,,,,,,,,,,,,,,,,,,,,,,,,,,,,,,,,,,
2011,Pre-COVID (2010-2019),No,WPRO,Niue,NIU,,,,,,False,,,,,,,,,,,,,,,,,,,,,,,,,,,,,,,,,,,,,,,,,,,,,,,,,,,,,,,,,,,,,,,,,,,,,,,,
2011,Pre-COVID (2010-2019),Sí,WPRO,Palau,PLW,79.0,75.0,63.0,90.0,40.0,True,75.0,75.0,67.0,60.0,63.0,100.0,80.0,90.0,100.0,100.0,100.0,100.0,25.0,62.0,100.0,100.0,75.0,75.0,80.0,0.0,40.0,50.0,100.0,86.0,78.0,100.0,100.0,100.0,100.0,83.0,83.0,67.0,67.0,,,,,,,,,,,,,,,,,,,,,,,,,,,,,,,,,,,,,,,
2011,Pre-COVID (2010-2019),Sí,WPRO,Papua New Guinea,PNG,47.0,,40.0,45.0,60.0,True,0.0,,0.0,80.0,40.0,40.0,50.0,45.0,71.0,71.0,71.0,40.0,0.0,20.0,86.0,86.0,25.0,25.0,80.0,40.0,60.0,50.0,43.0,14.0,35.0,100.0,100.0,75.0,75.0,33.0,33.0,25.0,25.0,,,,,,,,,,,,,,,,,,,,,,,,,,,,,,,,,,,,,,,
2011,Pre-COVID (2010-2019),Sí,WPRO,Samoa,WSM,67.0,100.0,80.0,95.0,80.0,True,100.0,100.0,100.0,60.0,80.0,100.0,90.0,95.0,100.0,100.0,100.0,100.0,25.0,62.0,29.0,29.0,25.0,25.0,80.0,80.0,80.0,50.0,100.0,57.0,69.0,100.0,100.0,83.0,83.0,42.0,42.0,8.0,8.0,,,,,,,,,,,,,,,,,,,,,,,,,,,,,,,,,,,,,,,
2011,Pre-COVID (2010-2019),No,WPRO,Solomon Islands,SLB,,,,,,False,,,,,,,,,,,,,,,,,,,,,,,,,,,,,,,,,,,,,,,,,,,,,,,,,,,,,,,,,,,,,,,,,,,,,,,,
2011,Pre-COVID (2010-2019),Sí,WPRO,Tonga,TON,48.0,25.0,83.0,80.0,50.0,True,25.0,25.0,67.0,100.0,83.0,100.0,60.0,80.0,71.0,100.0,85.0,60.0,50.0,55.0,86.0,86.0,0.0,,60.0,40.0,50.0,33.0,14.0,0.0,15.0,100.0,100.0,42.0,42.0,8.0,8.0,0.0,,,,,,,,,,,,,,,,,,,,,,,,,,,,,,,,,,,,,,,,
2011,Pre-COVID (2010-2019),No,WPRO,Tuvalu,TUV,,,,,,False,,,,,,,,,,,,,,,,,,,,,,,,,,,,,,,,,,,,,,,,,,,,,,,,,,,,,,,,,,,,,,,,,,,,,,,,
2011,Pre-COVID (2010-2019),No,WPRO,Vanuatu,VUT,,,,,,False,,,,,,,,,,,,,,,,,,,,,,,,,,,,,,,,,,,,,,,,,,,,,,,,,,,,,,,,,,,,,,,,,,,,,,,,
2011,Pre-COVID (2010-2019),Sí,AMRO,Antigua and Barbuda,ATG,53.0,50.0,53.0,80.0,40.0,True,50.0,50.0,67.0,40.0,53.0,80.0,80.0,80.0,71.0,43.0,57.0,80.0,25.0,52.0,57.0,57.0,25.0,25.0,60.0,20.0,40.0,83.0,100.0,43.0,75.0,78.0,78.0,75.0,75.0,33.0,33.0,8.0,8.0,,,,,,,,,,,,,,,,,,,,,,,,,,,,,,,,,,,,,,,
2011,Pre-COVID (2010-2019),Sí,AMRO,Argentina,ARG,67.0,100.0,73.0,80.0,90.0,True,100.0,100.0,67.0,80.0,73.0,80.0,80.0,80.0,86.0,100.0,93.0,80.0,25.0,52.0,57.0,57.0,100.0,100.0,100.0,80.0,90.0,0.0,0.0,0.0,,100.0,100.0,67.0,67.0,50.0,50.0,8.0,8.0,,,,,,,,,,,,,,,,,,,,,,,,,,,,,,,,,,,,,,,
2011,Pre-COVID (2010-2019),Sí,AMRO,Bahamas,BHS,57.0,75.0,90.0,90.0,70.0,True,75.0,75.0,100.0,80.0,90.0,80.0,100.0,90.0,86.0,57.0,71.0,100.0,50.0,75.0,86.0,86.0,25.0,25.0,60.0,80.0,70.0,100.0,71.0,71.0,80.0,0.0,,42.0,42.0,8.0,8.0,25.0,25.0,,,,,,,,,,,,,,,,,,,,,,,,,,,,,,,,,,,,,,,
2011,Pre-COVID (2010-2019),Sí,AMRO,Barbados,BRB,73.0,50.0,53.0,90.0,90.0,True,50.0,50.0,67.0,40.0,53.0,80.0,100.0,90.0,100.0,86.0,93.0,80.0,50.0,65.0,100.0,100.0,75.0,75.0,80.0,100.0,90.0,83.0,100.0,86.0,89.0,100.0,100.0,67.0,67.0,75.0,75.0,0.0,,,,,,,,,,,,,,,,,,,,,,,,,,,,,,,,,,,,,,,,
2011,Pre-COVID (2010-2019),Sí,AMRO,Belize,BLZ,47.0,25.0,46.0,65.0,70.0,True,25.0,25.0,33.0,60.0,46.0,100.0,30.0,65.0,86.0,71.0,78.0,40.0,0.0,20.0,57.0,57.0,25.0,25.0,60.0,80.0,70.0,50.0,43.0,71.0,54.0,78.0,78.0,83.0,83.0,8.0,8.0,0.0,,,,,,,,,,,,,,,,,,,,,,,,,,,,,,,,,,,,,,,,
2011,Pre-COVID (2010-2019),Sí,AMRO,Bolivia (Plurinational State of),BOL,35.0,50.0,46.0,60.0,10.0,True,50.0,50.0,33.0,60.0,46.0,60.0,60.0,60.0,29.0,29.0,29.0,60.0,50.0,55.0,43.0,43.0,0.0,,20.0,0.0,10.0,0.0,0.0,0.0,,56.0,56.0,42.0,42.0,8.0,8.0,58.0,58.0,,,,,,,,,,,,,,,,,,,,,,,,,,,,,,,,,,,,,,,
2011,Pre-COVID (2010-2019),Sí,AMRO,Brazil,BRA,81.0,100.0,90.0,90.0,100.0,True,100.0,100.0,100.0,80.0,90.0,80.0,100.0,90.0,100.0,86.0,93.0,100.0,100.0,100.0,100.0,100.0,100.0,100.0,100.0,100.0,100.0,0.0,0.0,0.0,,0.0,,92.0,92.0,100.0,100.0,92.0,92.0,,,,,,,,,,,,,,,,,,,,,,,,,,,,,,,,,,,,,,,
2011,Pre-COVID (2010-2019),Sí,AMRO,Canada,CAN,95.0,100.0,83.0,100.0,90.0,True,100.0,100.0,67.0,100.0,83.0,100.0,100.0,100.0,100.0,100.0,100.0,100.0,75.0,87.0,86.0,86.0,100.0,100.0,100.0,80.0,90.0,100.0,100.0,86.0,95.0,100.0,100.0,100.0,100.0,100.0,100.0,100.0,100.0,,,,,,,,,,,,,,,,,,,,,,,,,,,,,,,,,,,,,,,
2011,Pre-COVID (2010-2019),Sí,AMRO,Chile,CHL,87.0,100.0,56.0,90.0,90.0,True,100.0,100.0,33.0,80.0,56.0,100.0,80.0,90.0,86.0,100.0,93.0,100.0,100.0,100.0,100.0,100.0,100.0,100.0,100.0,80.0,90.0,83.0,43.0,14.0,46.0,100.0,100.0,100.0,100.0,67.0,67.0,83.0,83.0,,,,,,,,,,,,,,,,,,,,,,,,,,,,,,,,,,,,,,,
2011,Pre-COVID (2010-2019),Sí,AMRO,Colombia,COL,48.0,100.0,53.0,50.0,70.0,True,100.0,100.0,67.0,40.0,53.0,60.0,40.0,50.0,29.0,57.0,43.0,60.0,25.0,42.0,71.0,71.0,0.0,,80.0,60.0,70.0,0.0,0.0,0.0,,78.0,78.0,75.0,75.0,42.0,42.0,0.0,,,,,,,,,,,,,,,,,,,,,,,,,,,,,,,,,,,,,,,,
2011,Pre-COVID (2010-2019),Sí,AMRO,Costa Rica,CRI,69.0,100.0,100.0,70.0,70.0,True,100.0,100.0,100.0,100.0,100.0,80.0,60.0,70.0,57.0,100.0,78.0,80.0,0.0,40.0,86.0,86.0,75.0,75.0,100.0,40.0,70.0,67.0,43.0,0.0,36.0,78.0,78.0,67.0,67.0,25.0,25.0,75.0,75.0,,,,,,,,,,,,,,,,,,,,,,,,,,,,,,,,,,,,,,,
2011,Pre-COVID (2010-2019),Sí,AMRO,Cuba,CUB,92.0,100.0,100.0,100.0,90.0,True,100.0,100.0,100.0,100.0,100.0,100.0,100.0,100.0,100.0,100.0,100.0,100.0,75.0,87.0,100.0,100.0,100.0,100.0,80.0,100.0,90.0,20.0,50.0,0.0,23.0,100.0,100.0,100.0,100.0,100.0,100.0,92.0,92.0,,,,,,,,,,,,,,,,,,,,,,,,,,,,,,,,,,,,,,,
2011,Pre-COVID (2010-2019),Sí,AMRO,Dominica,DMA,57.0,50.0,80.0,95.0,40.0,True,50.0,50.0,100.0,60.0,80.0,100.0,90.0,95.0,71.0,86.0,78.0,80.0,50.0,65.0,57.0,57.0,75.0,75.0,40.0,40.0,40.0,67.0,43.0,0.0,36.0,100.0,100.0,50.0,50.0,8.0,8.0,8.0,8.0,,,,,,,,,,,,,,,,,,,,,,,,,,,,,,,,,,,,,,,
2011,Pre-COVID (2010-2019),No,AMRO,Dominican Republic,DOM,,,,,,False,,,,,,,,,,,,,,,,,,,,,,,,,,,,,,,,,,,,,,,,,,,,,,,,,,,,,,,,,,,,,,,,,,,,,,,,
2011,Pre-COVID (2010-2019),Sí,AMRO,Ecuador,ECU,52.0,50.0,63.0,70.0,60.0,True,50.0,50.0,67.0,60.0,63.0,60.0,80.0,70.0,57.0,86.0,71.0,60.0,0.0,30.0,29.0,29.0,50.0,50.0,60.0,60.0,60.0,33.0,43.0,0.0,25.0,89.0,89.0,17.0,17.0,50.0,50.0,67.0,67.0,,,,,,,,,,,,,,,,,,,,,,,,,,,,,,,,,,,,,,,
2011,Pre-COVID (2010-2019),Sí,AMRO,El Salvador,SLV,74.0,100.0,100.0,100.0,100.0,True,100.0,100.0,100.0,100.0,100.0,100.0,100.0,100.0,100.0,100.0,100.0,100.0,75.0,87.0,43.0,43.0,75.0,75.0,100.0,100.0,100.0,83.0,86.0,86.0,85.0,33.0,33.0,42.0,42.0,17.0,17.0,83.0,83.0,,,,,,,,,,,,,,,,,,,,,,,,,,,,,,,,,,,,,,,
2011,Pre-COVID (2010-2019),Sí,AMRO,Grenada,GRD,57.0,50.0,73.0,90.0,50.0,True,50.0,50.0,67.0,80.0,73.0,80.0,100.0,90.0,86.0,71.0,78.0,60.0,25.0,42.0,71.0,71.0,50.0,50.0,40.0,60.0,50.0,67.0,71.0,29.0,55.0,100.0,100.0,58.0,58.0,25.0,25.0,0.0,,,,,,,,,,,,,,,,,,,,,,,,,,,,,,,,,,,,,,,,
2011,Pre-COVID (2010-2019),Sí,AMRO,Guatemala,GTM,62.0,75.0,66.0,85.0,90.0,True,75.0,75.0,33.0,100.0,66.0,100.0,70.0,85.0,71.0,71.0,71.0,60.0,0.0,30.0,86.0,86.0,25.0,25.0,80.0,100.0,90.0,100.0,57.0,14.0,57.0,67.0,67.0,50.0,50.0,67.0,67.0,33.0,33.0,,,,,,,,,,,,,,,,,,,,,,,,,,,,,,,,,,,,,,,
2011,Pre-COVID (2010-2019),Sí,AMRO,Guyana,GUY,73.0,75.0,100.0,75.0,90.0,True,75.0,75.0,100.0,100.0,100.0,80.0,70.0,75.0,86.0,100.0,93.0,100.0,75.0,87.0,71.0,71.0,75.0,75.0,80.0,100.0,90.0,67.0,71.0,14.0,50.0,89.0,89.0,75.0,75.0,75.0,75.0,0.0,,,,,,,,,,,,,,,,,,,,,,,,,,,,,,,,,,,,,,,,
2011,Pre-COVID (2010-2019),Sí,AMRO,Haiti,HTI,30.0,,10.0,5.0,80.0,True,0.0,,0.0,20.0,10.0,0.0,10.0,5.0,57.0,14.0,35.0,60.0,0.0,30.0,86.0,86.0,25.0,25.0,60.0,100.0,80.0,33.0,14.0,0.0,15.0,33.0,33.0,50.0,50.0,17.0,17.0,0.0,,,,,,,,,,,,,,,,,,,,,,,,,,,,,,,,,,,,,,,,
2011,Pre-COVID (2010-2019),Sí,AMRO,Honduras,HND,44.0,25.0,100.0,60.0,40.0,True,25.0,25.0,100.0,100.0,100.0,80.0,40.0,60.0,57.0,14.0,35.0,60.0,0.0,30.0,43.0,43.0,50.0,50.0,60.0,20.0,40.0,20.0,0.0,0.0,6.0,100.0,100.0,50.0,50.0,0.0,,33.0,33.0,,,,,,,,,,,,,,,,,,,,,,,,,,,,,,,,,,,,,,,
2011,Pre-COVID (2010-2019),Sí,AMRO,Jamaica,JAM,83.0,25.0,80.0,100.0,80.0,True,25.0,25.0,100.0,60.0,80.0,100.0,100.0,100.0,100.0,100.0,100.0,80.0,100.0,90.0,100.0,100.0,25.0,25.0,80.0,80.0,80.0,67.0,100.0,100.0,89.0,100.0,100.0,100.0,100.0,92.0,92.0,92.0,92.0,,,,,,,,,,,,,,,,,,,,,,,,,,,,,,,,,,,,,,,
2011,Pre-COVID (2010-2019),Sí,AMRO,Mexico,MEX,66.0,100.0,63.0,70.0,100.0,True,100.0,100.0,67.0,60.0,63.0,80.0,60.0,70.0,43.0,100.0,71.0,0.0,75.0,37.0,43.0,43.0,100.0,100.0,100.0,100.0,100.0,40.0,50.0,0.0,30.0,67.0,67.0,83.0,83.0,33.0,33.0,67.0,67.0,,,,,,,,,,,,,,,,,,,,,,,,,,,,,,,,,,,,,,,
2011,Pre-COVID (2010-2019),Sí,AMRO,Nicaragua,NIC,71.0,25.0,73.0,90.0,90.0,True,25.0,25.0,67.0,80.0,73.0,100.0,80.0,90.0,100.0,71.0,85.0,100.0,50.0,75.0,71.0,71.0,0.0,,100.0,80.0,90.0,60.0,100.0,100.0,86.0,100.0,100.0,67.0,67.0,92.0,92.0,67.0,67.0,,,,,,,,,,,,,,,,,,,,,,,,,,,,,,,,,,,,,,,
2011,Pre-COVID (2010-2019),Sí,AMRO,Panama,PAN,65.0,100.0,83.0,65.0,80.0,True,100.0,100.0,67.0,100.0,83.0,60.0,70.0,65.0,71.0,86.0,78.0,80.0,75.0,77.0,86.0,86.0,25.0,25.0,80.0,80.0,80.0,100.0,86.0,14.0,66.0,89.0,89.0,75.0,75.0,8.0,8.0,8.0,8.0,,,,,,,,,,,,,,,,,,,,,,,,,,,,,,,,,,,,,,,
2011,Pre-COVID (2010-2019),Sí,AMRO,Paraguay,PRY,83.0,100.0,80.0,100.0,100.0,True,100.0,100.0,100.0,60.0,80.0,100.0,100.0,100.0,100.0,100.0,100.0,100.0,50.0,75.0,100.0,100.0,100.0,100.0,100.0,100.0,100.0,0.0,0.0,0.0,,100.0,100.0,100.0,100.0,58.0,58.0,67.0,67.0,,,,,,,,,,,,,,,,,,,,,,,,,,,,,,,,,,,,,,,
2011,Pre-COVID (2010-2019),No,AMRO,Peru,PER,,,,,,False,,,,,,,,,,,,,,,,,,,,,,,,,,,,,,,,,,,,,,,,,,,,,,,,,,,,,,,,,,,,,,,,,,,,,,,,
2011,Pre-COVID (2010-2019),No,AMRO,Saint Kitts and Nevis,KNA,,,,,,False,,,,,,,,,,,,,,,,,,,,,,,,,,,,,,,,,,,,,,,,,,,,,,,,,,,,,,,,,,,,,,,,,,,,,,,,
2011,Pre-COVID (2010-2019),Sí,AMRO,Saint Lucia,LCA,38.0,,73.0,80.0,50.0,True,0.0,,67.0,80.0,73.0,100.0,60.0,80.0,57.0,86.0,71.0,0.0,0.0,,29.0,29.0,25.0,25.0,80.0,20.0,50.0,33.0,57.0,14.0,34.0,78.0,78.0,50.0,50.0,0.0,,0.0,,,,,,,,,,,,,,,,,,,,,,,,,,,,,,,,,,,,,,,,
2011,Pre-COVID (2010-2019),No,AMRO,Saint Vincent and the Grenadines,VCT,,,,,,False,,,,,,,,,,,,,,,,,,,,,,,,,,,,,,,,,,,,,,,,,,,,,,,,,,,,,,,,,,,,,,,,,,,,,,,,
2011,Pre-COVID (2010-2019),Sí,AMRO,Suriname,SUR,43.0,50.0,66.0,25.0,90.0,True,50.0,50.0,33.0,100.0,66.0,20.0,30.0,25.0,29.0,86.0,57.0,40.0,0.0,20.0,29.0,29.0,0.0,,80.0,100.0,90.0,33.0,57.0,43.0,44.0,89.0,89.0,42.0,42.0,33.0,33.0,8.0,8.0,,,,,,,,,,,,,,,,,,,,,,,,,,,,,,,,,,,,,,,
2011,Pre-COVID (2010-2019),No,AMRO,Trinidad and Tobago,TTO,,,,,,False,,,,,,,,,,,,,,,,,,,,,,,,,,,,,,,,,,,,,,,,,,,,,,,,,,,,,,,,,,,,,,,,,,,,,,,,
2011,Pre-COVID (2010-2019),Sí,AMRO,United States of America,USA,88.0,75.0,100.0,100.0,50.0,True,75.0,75.0,100.0,100.0,100.0,100.0,100.0,100.0,86.0,100.0,93.0,60.0,100.0,80.0,100.0,100.0,100.0,100.0,80.0,20.0,50.0,67.0,100.0,100.0,89.0,78.0,78.0,92.0,92.0,92.0,92.0,92.0,92.0,,,,,,,,,,,,,,,,,,,,,,,,,,,,,,,,,,,,,,,
2011,Pre-COVID (2010-2019),No,AMRO,Uruguay,URY,,,,,,False,,,,,,,,,,,,,,,,,,,,,,,,,,,,,,,,,,,,,,,,,,,,,,,,,,,,,,,,,,,,,,,,,,,,,,,,
2011,Pre-COVID (2010-2019),Sí,AMRO,Venezuela (Bolivarian Republic of),VEN,46.0,75.0,73.0,55.0,60.0,True,75.0,75.0,67.0,80.0,73.0,80.0,30.0,55.0,43.0,14.0,28.0,20.0,0.0,10.0,57.0,57.0,50.0,50.0,60.0,60.0,60.0,0.0,0.0,0.0,,78.0,78.0,67.0,67.0,42.0,42.0,0.0,,,,,,,,,,,,,,,,,,,,,,,,,,,,,,,,,,,,,,,,
2011,Pre-COVID (2010-2019),Sí,EMRO,Afghanistan,AFG,25.0,,20.0,80.0,40.0,True,0.0,,0.0,40.0,20.0,100.0,60.0,80.0,57.0,29.0,43.0,0.0,0.0,,43.0,43.0,25.0,25.0,60.0,20.0,40.0,0.0,0.0,0.0,,44.0,44.0,25.0,25.0,0.0,,0.0,,,,,,,,,,,,,,,,,,,,,,,,,,,,,,,,,,,,,,,,
2011,Pre-COVID (2010-2019),Sí,EURO,Armenia,ARM,76.0,75.0,90.0,95.0,40.0,True,75.0,75.0,100.0,80.0,90.0,100.0,90.0,95.0,100.0,100.0,100.0,100.0,75.0,87.0,57.0,57.0,0.0,,40.0,40.0,40.0,83.0,86.0,71.0,80.0,100.0,100.0,83.0,83.0,92.0,92.0,92.0,92.0,,,,,,,,,,,,,,,,,,,,,,,,,,,,,,,,,,,,,,,
2011,Pre-COVID (2010-2019),Sí,EURO,Azerbaijan,AZE,79.0,75.0,73.0,90.0,80.0,True,75.0,75.0,67.0,80.0,73.0,100.0,80.0,90.0,86.0,86.0,86.0,100.0,100.0,100.0,57.0,57.0,100.0,100.0,100.0,60.0,80.0,50.0,71.0,71.0,64.0,100.0,100.0,75.0,75.0,75.0,75.0,58.0,58.0,,,,,,,,,,,,,,,,,,,,,,,,,,,,,,,,,,,,,,,
2011,Pre-COVID (2010-2019),Sí,EMRO,Bahrain,BHR,73.0,100.0,100.0,50.0,40.0,True,100.0,100.0,100.0,100.0,100.0,40.0,60.0,50.0,100.0,71.0,85.0,100.0,50.0,75.0,100.0,100.0,50.0,50.0,80.0,0.0,40.0,100.0,100.0,100.0,100.0,33.0,33.0,100.0,100.0,50.0,50.0,67.0,67.0,,,,,,,,,,,,,,,,,,,,,,,,,,,,,,,,,,,,,,,
2011,Pre-COVID (2010-2019),Sí,SEARO,Bangladesh,BGD,60.0,50.0,56.0,90.0,80.0,True,50.0,50.0,33.0,80.0,56.0,80.0,100.0,90.0,100.0,57.0,78.0,60.0,50.0,55.0,86.0,86.0,75.0,75.0,100.0,60.0,80.0,0.0,0.0,0.0,,100.0,100.0,25.0,25.0,17.0,17.0,67.0,67.0,,,,,,,,,,,,,,,,,,,,,,,,,,,,,,,,,,,,,,,
2011,Pre-COVID (2010-2019),Sí,SEARO,Bhutan,BTN,50.0,50.0,66.0,60.0,30.0,True,50.0,50.0,33.0,100.0,66.0,60.0,60.0,60.0,71.0,71.0,71.0,80.0,0.0,40.0,71.0,71.0,75.0,75.0,60.0,0.0,30.0,67.0,86.0,71.0,74.0,67.0,67.0,42.0,42.0,0.0,,0.0,,,,,,,,,,,,,,,,,,,,,,,,,,,,,,,,,,,,,,,,
2011,Pre-COVID (2010-2019),Sí,WPRO,Brunei Darussalam,BRN,54.0,,63.0,80.0,60.0,True,0.0,,67.0,60.0,63.0,80.0,80.0,80.0,100.0,100.0,100.0,60.0,0.0,30.0,43.0,43.0,25.0,25.0,60.0,60.0,60.0,50.0,86.0,86.0,74.0,100.0,100.0,83.0,83.0,17.0,17.0,25.0,25.0,,,,,,,,,,,,,,,,,,,,,,,,,,,,,,,,,,,,,,,
2011,Pre-COVID (2010-2019),Sí,WPRO,Cambodia,KHM,49.0,75.0,83.0,95.0,50.0,True,75.0,75.0,67.0,100.0,83.0,100.0,90.0,95.0,86.0,71.0,78.0,20.0,25.0,22.0,57.0,57.0,0.0,,80.0,20.0,50.0,67.0,57.0,71.0,65.0,56.0,56.0,33.0,33.0,17.0,17.0,8.0,8.0,,,,,,,,,,,,,,,,,,,,,,,,,,,,,,,,,,,,,,,
2011,Pre-COVID (2010-2019),Sí,WPRO,China,CHN,89.0,100.0,100.0,95.0,90.0,True,100.0,100.0,100.0,100.0,100.0,100.0,90.0,95.0,100.0,71.0,85.0,100.0,100.0,100.0,100.0,100.0,75.0,75.0,80.0,100.0,90.0,83.0,29.0,14.0,42.0,100.0,100.0,92.0,92.0,75.0,75.0,100.0,100.0,,,,,,,,,,,,,,,,,,,,,,,,,,,,,,,,,,,,,,,
2011,Pre-COVID (2010-2019),Sí,EURO,Cyprus,CYP,51.0,75.0,63.0,35.0,10.0,True,75.0,75.0,67.0,60.0,63.0,40.0,30.0,35.0,14.0,57.0,35.0,0.0,25.0,12.0,43.0,43.0,0.0,,0.0,20.0,10.0,83.0,100.0,86.0,89.0,89.0,89.0,100.0,100.0,17.0,17.0,100.0,100.0,,,,,,,,,,,,,,,,,,,,,,,,,,,,,,,,,,,,,,,
2011,Pre-COVID (2010-2019),Sí,SEARO,Democratic People's Republic of Korea,PRK,39.0,25.0,20.0,40.0,70.0,True,25.0,25.0,0.0,40.0,20.0,20.0,60.0,40.0,43.0,57.0,50.0,60.0,50.0,55.0,57.0,57.0,25.0,25.0,60.0,80.0,70.0,50.0,57.0,0.0,35.0,44.0,44.0,33.0,33.0,17.0,17.0,42.0,42.0,,,,,,,,,,,,,,,,,,,,,,,,,,,,,,,,,,,,,,,
2011,Pre-COVID (2010-2019),Sí,EURO,Georgia,GEO,91.0,100.0,83.0,100.0,80.0,True,100.0,100.0,67.0,100.0,83.0,100.0,100.0,100.0,100.0,100.0,100.0,100.0,100.0,100.0,100.0,100.0,100.0,100.0,80.0,80.0,80.0,83.0,57.0,86.0,75.0,100.0,100.0,67.0,67.0,83.0,83.0,92.0,92.0,,,,,,,,,,,,,,,,,,,,,,,,,,,,,,,,,,,,,,,
2011,Pre-COVID (2010-2019),Sí,SEARO,India,IND,68.0,75.0,100.0,60.0,70.0,True,75.0,75.0,100.0,100.0,100.0,100.0,20.0,60.0,71.0,100.0,85.0,60.0,50.0,55.0,57.0,57.0,50.0,50.0,60.0,80.0,70.0,60.0,100.0,0.0,53.0,100.0,100.0,58.0,58.0,25.0,25.0,100.0,100.0,,,,,,,,,,,,,,,,,,,,,,,,,,,,,,,,,,,,,,,
2011,Pre-COVID (2010-2019),Sí,WPRO,Indonesia,IDN,82.0,100.0,100.0,85.0,100.0,True,100.0,100.0,100.0,100.0,100.0,80.0,90.0,85.0,100.0,100.0,100.0,100.0,100.0,100.0,71.0,71.0,100.0,100.0,100.0,100.0,100.0,100.0,71.0,29.0,66.0,100.0,100.0,83.0,83.0,42.0,42.0,17.0,17.0,,,,,,,,,,,,,,,,,,,,,,,,,,,,,,,,,,,,,,,
2011,Pre-COVID (2010-2019),Sí,EMRO,Iran (Islamic Republic of),IRN,66.0,100.0,90.0,90.0,90.0,True,100.0,100.0,100.0,80.0,90.0,100.0,80.0,90.0,71.0,86.0,78.0,60.0,50.0,55.0,71.0,71.0,50.0,50.0,100.0,80.0,90.0,83.0,57.0,57.0,65.0,89.0,89.0,58.0,58.0,0.0,,17.0,17.0,,,,,,,,,,,,,,,,,,,,,,,,,,,,,,,,,,,,,,,
2011,Pre-COVID (2010-2019),Sí,EMRO,Iraq,IRQ,70.0,100.0,100.0,95.0,60.0,True,100.0,100.0,100.0,100.0,100.0,100.0,90.0,95.0,100.0,100.0,100.0,60.0,100.0,80.0,71.0,71.0,75.0,75.0,60.0,60.0,60.0,50.0,29.0,71.0,50.0,78.0,78.0,17.0,17.0,50.0,50.0,33.0,33.0,,,,,,,,,,,,,,,,,,,,,,,,,,,,,,,,,,,,,,,
2011,Pre-COVID (2010-2019),No,EURO,Israel,ISR,,,,,,False,,,,,,,,,,,,,,,,,,,,,,,,,,,,,,,,,,,,,,,,,,,,,,,,,,,,,,,,,,,,,,,,,,,,,,,,
2011,Pre-COVID (2010-2019),Sí,WPRO,Japan,JPN,99.0,100.0,100.0,100.0,100.0,True,100.0,100.0,100.0,100.0,100.0,100.0,100.0,100.0,100.0,100.0,100.0,100.0,100.0,100.0,100.0,100.0,100.0,100.0,100.0,100.0,100.0,83.0,86.0,86.0,85.0,100.0,100.0,100.0,100.0,100.0,100.0,100.0,100.0,,,,,,,,,,,,,,,,,,,,,,,,,,,,,,,,,,,,,,,
2011,Pre-COVID (2010-2019),Sí,EMRO,Jordan,JOR,88.0,100.0,100.0,100.0,90.0,True,100.0,100.0,100.0,100.0,100.0,100.0,100.0,100.0,100.0,100.0,100.0,100.0,75.0,87.0,71.0,71.0,100.0,100.0,80.0,100.0,90.0,83.0,57.0,86.0,75.0,100.0,100.0,100.0,100.0,67.0,67.0,58.0,58.0,,,,,,,,,,,,,,,,,,,,,,,,,,,,,,,,,,,,,,,
2011,Pre-COVID (2010-2019),Sí,EURO,Kazakhstan,KAZ,83.0,75.0,53.0,70.0,100.0,True,75.0,75.0,67.0,40.0,53.0,100.0,40.0,70.0,86.0,71.0,78.0,80.0,100.0,90.0,43.0,43.0,100.0,100.0,100.0,100.0,100.0,80.0,86.0,86.0,84.0,89.0,89.0,100.0,100.0,100.0,100.0,100.0,100.0,,,,,,,,,,,,,,,,,,,,,,,,,,,,,,,,,,,,,,,
2011,Pre-COVID (2010-2019),Sí,EMRO,Kuwait,KWT,73.0,100.0,100.0,90.0,90.0,True,100.0,100.0,100.0,100.0,100.0,80.0,100.0,90.0,100.0,71.0,85.0,100.0,75.0,87.0,100.0,100.0,75.0,75.0,80.0,100.0,90.0,100.0,100.0,100.0,100.0,33.0,33.0,67.0,67.0,0.0,,25.0,25.0,,,,,,,,,,,,,,,,,,,,,,,,,,,,,,,,,,,,,,,
2011,Pre-COVID (2010-2019),Sí,EURO,Kyrgyzstan,KGZ,50.0,25.0,33.0,60.0,80.0,True,25.0,25.0,67.0,0.0,33.0,60.0,60.0,60.0,29.0,86.0,57.0,0.0,0.0,,43.0,43.0,0.0,,80.0,80.0,80.0,17.0,29.0,0.0,15.0,100.0,100.0,92.0,92.0,75.0,75.0,75.0,75.0,,,,,,,,,,,,,,,,,,,,,,,,,,,,,,,,,,,,,,,
2011,Pre-COVID (2010-2019),Sí,WPRO,Lao People's Democratic Republic,LAO,50.0,100.0,83.0,70.0,60.0,True,100.0,100.0,67.0,100.0,83.0,100.0,40.0,70.0,57.0,57.0,57.0,60.0,25.0,42.0,71.0,71.0,25.0,25.0,60.0,60.0,60.0,50.0,14.0,0.0,21.0,56.0,56.0,67.0,67.0,0.0,,0.0,,,,,,,,,,,,,,,,,,,,,,,,,,,,,,,,,,,,,,,,
2011,Pre-COVID (2010-2019),Sí,EMRO,Lebanon,LBN,51.0,100.0,66.0,65.0,50.0,True,100.0,100.0,33.0,100.0,66.0,80.0,50.0,65.0,43.0,14.0,28.0,40.0,0.0,20.0,29.0,29.0,25.0,25.0,80.0,20.0,50.0,33.0,86.0,43.0,54.0,89.0,89.0,67.0,67.0,8.0,8.0,67.0,67.0,,,,,,,,,,,,,,,,,,,,,,,,,,,,,,,,,,,,,,,
2011,Pre-COVID (2010-2019),Sí,WPRO,Malaysia,MYS,100.0,100.0,100.0,100.0,100.0,True,100.0,100.0,100.0,100.0,100.0,100.0,100.0,100.0,100.0,100.0,100.0,100.0,100.0,100.0,100.0,100.0,100.0,100.0,100.0,100.0,100.0,100.0,100.0,100.0,100.0,100.0,100.0,100.0,100.0,100.0,100.0,100.0,100.0,,,,,,,,,,,,,,,,,,,,,,,,,,,,,,,,,,,,,,,
2011,Pre-COVID (2010-2019),Sí,SEARO,Maldives,MDV,49.0,,100.0,70.0,50.0,True,0.0,,100.0,100.0,100.0,60.0,80.0,70.0,43.0,71.0,57.0,20.0,25.0,22.0,71.0,71.0,25.0,25.0,40.0,60.0,50.0,83.0,100.0,71.0,84.0,89.0,89.0,75.0,75.0,0.0,,0.0,,,,,,,,,,,,,,,,,,,,,,,,,,,,,,,,,,,,,,,,
2011,Pre-COVID (2010-2019),Sí,WPRO,Mongolia,MNG,82.0,100.0,100.0,85.0,80.0,True,100.0,100.0,100.0,100.0,100.0,100.0,70.0,85.0,100.0,100.0,100.0,100.0,50.0,75.0,100.0,100.0,50.0,50.0,100.0,60.0,80.0,83.0,86.0,100.0,89.0,100.0,100.0,58.0,58.0,42.0,42.0,92.0,92.0,,,,,,,,,,,,,,,,,,,,,,,,,,,,,,,,,,,,,,,
2011,Pre-COVID (2010-2019),Sí,SEARO,Myanmar,MMR,93.0,100.0,100.0,95.0,60.0,True,100.0,100.0,100.0,100.0,100.0,100.0,90.0,95.0,100.0,100.0,100.0,100.0,75.0,87.0,100.0,100.0,100.0,100.0,80.0,40.0,60.0,100.0,86.0,86.0,90.0,100.0,100.0,100.0,100.0,83.0,83.0,92.0,92.0,,,,,,,,,,,,,,,,,,,,,,,,,,,,,,,,,,,,,,,
2011,Pre-COVID (2010-2019),Sí,SEARO,Nepal,NPL,52.0,75.0,66.0,40.0,60.0,True,75.0,75.0,33.0,100.0,66.0,20.0,60.0,40.0,71.0,71.0,71.0,80.0,50.0,65.0,29.0,29.0,25.0,25.0,100.0,20.0,60.0,17.0,29.0,0.0,15.0,67.0,67.0,58.0,58.0,83.0,83.0,17.0,17.0,,,,,,,,,,,,,,,,,,,,,,,,,,,,,,,,,,,,,,,
2011,Pre-COVID (2010-2019),Sí,EMRO,Oman,OMN,98.0,100.0,100.0,100.0,100.0,True,100.0,100.0,100.0,100.0,100.0,100.0,100.0,100.0,100.0,100.0,100.0,100.0,100.0,100.0,100.0,100.0,100.0,100.0,100.0,100.0,100.0,100.0,100.0,100.0,100.0,100.0,100.0,100.0,100.0,92.0,92.0,83.0,83.0,,,,,,,,,,,,,,,,,,,,,,,,,,,,,,,,,,,,,,,
2011,Pre-COVID (2010-2019),No,EMRO,Pakistan,PAK,,,,,,False,,,,,,,,,,,,,,,,,,,,,,,,,,,,,,,,,,,,,,,,,,,,,,,,,,,,,,,,,,,,,,,,,,,,,,,,
2011,Pre-COVID (2010-2019),Sí,WPRO,Philippines,PHL,74.0,,80.0,100.0,90.0,True,0.0,,100.0,60.0,80.0,100.0,100.0,100.0,86.0,100.0,93.0,100.0,50.0,75.0,86.0,86.0,100.0,100.0,100.0,80.0,90.0,100.0,57.0,14.0,57.0,67.0,67.0,92.0,92.0,75.0,75.0,50.0,50.0,,,,,,,,,,,,,,,,,,,,,,,,,,,,,,,,,,,,,,,
2011,Pre-COVID (2010-2019),Sí,EMRO,Qatar,QAT,84.0,100.0,100.0,85.0,80.0,True,100.0,100.0,100.0,100.0,100.0,80.0,90.0,85.0,100.0,71.0,85.0,100.0,50.0,75.0,86.0,86.0,50.0,50.0,60.0,100.0,80.0,83.0,57.0,86.0,75.0,89.0,89.0,92.0,92.0,83.0,83.0,92.0,92.0,,,,,,,,,,,,,,,,,,,,,,,,,,,,,,,,,,,,,,,
2011,Pre-COVID (2010-2019),No,WPRO,Republic of Korea,KOR,,,,,,False,,,,,,,,,,,,,,,,,,,,,,,,,,,,,,,,,,,,,,,,,,,,,,,,,,,,,,,,,,,,,,,,,,,,,,,,
2011,Pre-COVID (2010-2019),Sí,EMRO,Saudi Arabia,SAU,96.0,100.0,100.0,100.0,100.0,True,100.0,100.0,100.0,100.0,100.0,100.0,100.0,100.0,86.0,100.0,93.0,100.0,100.0,100.0,57.0,57.0,100.0,100.0,100.0,100.0,100.0,83.0,100.0,100.0,94.0,100.0,100.0,100.0,100.0,100.0,100.0,100.0,100.0,,,,,,,,,,,,,,,,,,,,,,,,,,,,,,,,,,,,,,,
2011,Pre-COVID (2010-2019),Sí,WPRO,Singapore,SGP,99.0,100.0,100.0,100.0,100.0,True,100.0,100.0,100.0,100.0,100.0,100.0,100.0,100.0,100.0,100.0,100.0,100.0,100.0,100.0,100.0,100.0,100.0,100.0,100.0,100.0,100.0,100.0,100.0,100.0,100.0,100.0,100.0,100.0,100.0,100.0,100.0,92.0,92.0,,,,,,,,,,,,,,,,,,,,,,,,,,,,,,,,,,,,,,,
2011,Pre-COVID (2010-2019),Sí,SEARO,Sri Lanka,LKA,61.0,100.0,10.0,100.0,80.0,True,100.0,100.0,0.0,20.0,10.0,100.0,100.0,100.0,71.0,71.0,71.0,60.0,50.0,55.0,57.0,57.0,50.0,50.0,80.0,80.0,80.0,100.0,86.0,86.0,90.0,100.0,100.0,67.0,67.0,8.0,8.0,0.0,,,,,,,,,,,,,,,,,,,,,,,,,,,,,,,,,,,,,,,,
2011,Pre-COVID (2010-2019),Sí,EMRO,Syrian Arab Republic,SYR,48.0,50.0,36.0,50.0,80.0,True,50.0,50.0,33.0,40.0,36.0,80.0,20.0,50.0,71.0,57.0,64.0,60.0,0.0,30.0,57.0,57.0,25.0,25.0,80.0,80.0,80.0,33.0,43.0,86.0,54.0,56.0,56.0,50.0,50.0,67.0,67.0,0.0,,,,,,,,,,,,,,,,,,,,,,,,,,,,,,,,,,,,,,,,
2011,Pre-COVID (2010-2019),Sí,EURO,Tajikistan,TJK,80.0,100.0,100.0,95.0,30.0,True,100.0,100.0,100.0,100.0,100.0,100.0,90.0,95.0,100.0,100.0,100.0,100.0,100.0,100.0,100.0,100.0,25.0,25.0,20.0,40.0,30.0,33.0,43.0,14.0,30.0,100.0,100.0,83.0,83.0,83.0,83.0,92.0,92.0,,,,,,,,,,,,,,,,,,,,,,,,,,,,,,,,,,,,,,,
2011,Pre-COVID (2010-2019),Sí,SEARO,Thailand,THA,90.0,100.0,100.0,85.0,100.0,True,100.0,100.0,100.0,100.0,100.0,100.0,70.0,85.0,100.0,86.0,93.0,100.0,75.0,87.0,100.0,100.0,75.0,75.0,100.0,100.0,100.0,100.0,86.0,86.0,90.0,89.0,89.0,100.0,100.0,92.0,92.0,58.0,58.0,,,,,,,,,,,,,,,,,,,,,,,,,,,,,,,,,,,,,,,
2011,Pre-COVID (2010-2019),Sí,SEARO,Timor-Leste,TLS,35.0,25.0,30.0,40.0,40.0,True,25.0,25.0,0.0,60.0,30.0,40.0,40.0,40.0,43.0,43.0,43.0,20.0,25.0,22.0,57.0,57.0,25.0,25.0,80.0,0.0,40.0,20.0,0.0,0.0,6.0,78.0,78.0,83.0,83.0,0.0,,0.0,,,,,,,,,,,,,,,,,,,,,,,,,,,,,,,,,,,,,,,,
2011,Pre-COVID (2010-2019),No,EURO,Türkiye,TUR,,,,,,False,,,,,,,,,,,,,,,,,,,,,,,,,,,,,,,,,,,,,,,,,,,,,,,,,,,,,,,,,,,,,,,,,,,,,,,,
2011,Pre-COVID (2010-2019),Sí,EURO,Turkmenistan,TKM,81.0,50.0,100.0,85.0,100.0,True,50.0,50.0,100.0,100.0,100.0,80.0,90.0,85.0,86.0,100.0,93.0,100.0,75.0,87.0,43.0,43.0,75.0,75.0,100.0,100.0,100.0,100.0,86.0,100.0,95.0,89.0,89.0,92.0,92.0,92.0,92.0,50.0,50.0,,,,,,,,,,,,,,,,,,,,,,,,,,,,,,,,,,,,,,,
2011,Pre-COVID (2010-2019),Sí,EMRO,United Arab Emirates,ARE,50.0,50.0,63.0,70.0,40.0,True,50.0,50.0,67.0,60.0,63.0,80.0,60.0,70.0,71.0,71.0,71.0,60.0,25.0,42.0,43.0,43.0,0.0,,40.0,40.0,40.0,17.0,14.0,0.0,10.0,67.0,67.0,75.0,75.0,58.0,58.0,67.0,67.0,,,,,,,,,,,,,,,,,,,,,,,,,,,,,,,,,,,,,,,
2011,Pre-COVID (2010-2019),Sí,EURO,Uzbekistan,UZB,90.0,100.0,100.0,90.0,100.0,True,100.0,100.0,100.0,100.0,100.0,100.0,80.0,90.0,100.0,100.0,100.0,100.0,100.0,100.0,43.0,43.0,100.0,100.0,100.0,100.0,100.0,17.0,86.0,100.0,67.0,100.0,100.0,83.0,83.0,100.0,100.0,92.0,92.0,,,,,,,,,,,,,,,,,,,,,,,,,,,,,,,,,,,,,,,
2011,Pre-COVID (2010-2019),Sí,WPRO,Viet Nam,VNM,69.0,50.0,100.0,90.0,80.0,True,50.0,50.0,100.0,100.0,100.0,80.0,100.0,90.0,100.0,86.0,93.0,100.0,100.0,100.0,86.0,86.0,100.0,100.0,60.0,100.0,80.0,67.0,86.0,43.0,65.0,44.0,44.0,92.0,92.0,0.0,,0.0,,,,,,,,,,,,,,,,,,,,,,,,,,,,,,,,,,,,,,,,
2011,Pre-COVID (2010-2019),No,EMRO,Yemen,YEM,,,,,,False,,,,,,,,,,,,,,,,,,,,,,,,,,,,,,,,,,,,,,,,,,,,,,,,,,,,,,,,,,,,,,,,,,,,,,,,
2011,Pre-COVID (2010-2019),No,EURO,Albania,ALB,,,,,,False,,,,,,,,,,,,,,,,,,,,,,,,,,,,,,,,,,,,,,,,,,,,,,,,,,,,,,,,,,,,,,,,,,,,,,,,
2011,Pre-COVID (2010-2019),Sí,EURO,Andorra,AND,29.0,75.0,30.0,65.0,30.0,True,75.0,75.0,0.0,60.0,30.0,100.0,30.0,65.0,0.0,86.0,43.0,20.0,0.0,10.0,14.0,14.0,0.0,,60.0,0.0,30.0,0.0,0.0,0.0,,33.0,33.0,83.0,83.0,0.0,,0.0,,,,,,,,,,,,,,,,,,,,,,,,,,,,,,,,,,,,,,,,
2011,Pre-COVID (2010-2019),Sí,EURO,Austria,AUT,96.0,75.0,90.0,95.0,90.0,True,75.0,75.0,100.0,80.0,90.0,100.0,90.0,95.0,100.0,100.0,100.0,100.0,100.0,100.0,100.0,100.0,100.0,100.0,80.0,100.0,90.0,100.0,100.0,100.0,100.0,100.0,100.0,100.0,100.0,100.0,100.0,100.0,100.0,,,,,,,,,,,,,,,,,,,,,,,,,,,,,,,,,,,,,,,
2011,Pre-COVID (2010-2019),Sí,EURO,Belarus,BLR,73.0,,90.0,95.0,80.0,True,0.0,,100.0,80.0,90.0,100.0,90.0,95.0,100.0,100.0,100.0,100.0,100.0,100.0,100.0,100.0,0.0,,60.0,100.0,80.0,67.0,100.0,100.0,89.0,100.0,100.0,100.0,100.0,100.0,100.0,0.0,,,,,,,,,,,,,,,,,,,,,,,,,,,,,,,,,,,,,,,,
2011,Pre-COVID (2010-2019),Sí,EURO,Belgium,BEL,74.0,100.0,30.0,55.0,80.0,True,100.0,100.0,0.0,60.0,30.0,60.0,50.0,55.0,43.0,100.0,71.0,20.0,75.0,47.0,86.0,86.0,50.0,50.0,80.0,80.0,80.0,100.0,86.0,86.0,90.0,78.0,78.0,100.0,100.0,83.0,83.0,92.0,92.0,,,,,,,,,,,,,,,,,,,,,,,,,,,,,,,,,,,,,,,
2011,Pre-COVID (2010-2019),Sí,EURO,Bosnia and Herzegovina,BIH,45.0,75.0,73.0,85.0,40.0,True,75.0,75.0,67.0,80.0,73.0,100.0,70.0,85.0,29.0,86.0,57.0,60.0,0.0,30.0,57.0,57.0,0.0,,40.0,40.0,40.0,0.0,0.0,0.0,,56.0,56.0,75.0,75.0,8.0,8.0,25.0,25.0,,,,,,,,,,,,,,,,,,,,,,,,,,,,,,,,,,,,,,,
2011,Pre-COVID (2010-2019),Sí,EURO,Bulgaria,BGR,62.0,50.0,46.0,85.0,80.0,True,50.0,50.0,33.0,60.0,46.0,100.0,70.0,85.0,14.0,57.0,35.0,60.0,50.0,55.0,43.0,43.0,0.0,,100.0,60.0,80.0,83.0,57.0,43.0,61.0,89.0,89.0,100.0,100.0,58.0,58.0,100.0,100.0,,,,,,,,,,,,,,,,,,,,,,,,,,,,,,,,,,,,,,,
2011,Pre-COVID (2010-2019),Sí,EURO,Croatia,HRV,95.0,100.0,90.0,100.0,100.0,True,100.0,100.0,100.0,80.0,90.0,100.0,100.0,100.0,100.0,100.0,100.0,80.0,75.0,77.0,100.0,100.0,100.0,100.0,100.0,100.0,100.0,67.0,86.0,57.0,70.0,100.0,100.0,100.0,100.0,100.0,100.0,100.0,100.0,,,,,,,,,,,,,,,,,,,,,,,,,,,,,,,,,,,,,,,
2011,Pre-COVID (2010-2019),Sí,EURO,Czech Republic,CZE,85.0,100.0,66.0,90.0,90.0,True,100.0,100.0,33.0,100.0,66.0,100.0,80.0,90.0,100.0,100.0,100.0,100.0,100.0,100.0,71.0,71.0,50.0,50.0,100.0,80.0,90.0,67.0,43.0,14.0,41.0,100.0,100.0,100.0,100.0,100.0,100.0,100.0,100.0,,,,,,,,,,,,,,,,,,,,,,,,,,,,,,,,,,,,,,,
2011,Pre-COVID (2010-2019),Sí,EURO,Denmark,DNK,75.0,75.0,40.0,75.0,90.0,True,75.0,75.0,0.0,80.0,40.0,100.0,50.0,75.0,43.0,71.0,57.0,100.0,100.0,100.0,100.0,100.0,0.0,,80.0,100.0,90.0,100.0,50.0,0.0,50.0,100.0,100.0,100.0,100.0,83.0,83.0,100.0,100.0,,,,,,,,,,,,,,,,,,,,,,,,,,,,,,,,,,,,,,,
2011,Pre-COVID (2010-2019),Sí,EURO,Estonia,EST,66.0,50.0,46.0,75.0,60.0,True,50.0,50.0,33.0,60.0,46.0,80.0,70.0,75.0,86.0,57.0,71.0,40.0,50.0,45.0,43.0,43.0,75.0,75.0,60.0,60.0,60.0,50.0,100.0,57.0,69.0,89.0,89.0,83.0,83.0,92.0,92.0,58.0,58.0,,,,,,,,,,,,,,,,,,,,,,,,,,,,,,,,,,,,,,,
2011,Pre-COVID (2010-2019),Sí,EURO,Finland,FIN,86.0,100.0,100.0,95.0,50.0,True,100.0,100.0,100.0,100.0,100.0,100.0,90.0,95.0,86.0,86.0,86.0,80.0,50.0,65.0,100.0,100.0,75.0,75.0,80.0,20.0,50.0,100.0,100.0,57.0,85.0,100.0,100.0,100.0,100.0,58.0,58.0,100.0,100.0,,,,,,,,,,,,,,,,,,,,,,,,,,,,,,,,,,,,,,,
2011,Pre-COVID (2010-2019),Sí,EURO,France,FRA,78.0,100.0,53.0,95.0,100.0,True,100.0,100.0,67.0,40.0,53.0,100.0,90.0,95.0,100.0,100.0,100.0,100.0,75.0,87.0,71.0,71.0,50.0,50.0,100.0,100.0,100.0,40.0,50.0,0.0,30.0,67.0,67.0,83.0,83.0,92.0,92.0,92.0,92.0,,,,,,,,,,,,,,,,,,,,,,,,,,,,,,,,,,,,,,,
2011,Pre-COVID (2010-2019),Sí,EURO,Germany,DEU,86.0,100.0,100.0,100.0,100.0,True,100.0,100.0,100.0,100.0,100.0,100.0,100.0,100.0,100.0,100.0,100.0,100.0,50.0,75.0,100.0,100.0,25.0,25.0,100.0,100.0,100.0,40.0,50.0,0.0,30.0,100.0,100.0,92.0,92.0,100.0,100.0,100.0,100.0,,,,,,,,,,,,,,,,,,,,,,,,,,,,,,,,,,,,,,,
2011,Pre-COVID (2010-2019),No,EURO,Greece,GRC,,,,,,False,,,,,,,,,,,,,,,,,,,,,,,,,,,,,,,,,,,,,,,,,,,,,,,,,,,,,,,,,,,,,,,,,,,,,,,,
2011,Pre-COVID (2010-2019),No,EURO,Holy See,VAT,,,,,,False,,,,,,,,,,,,,,,,,,,,,,,,,,,,,,,,,,,,,,,,,,,,,,,,,,,,,,,,,,,,,,,,,,,,,,,,
2011,Pre-COVID (2010-2019),Sí,EURO,Hungary,HUN,87.0,100.0,40.0,100.0,90.0,True,100.0,100.0,0.0,80.0,40.0,100.0,100.0,100.0,86.0,100.0,93.0,100.0,100.0,100.0,100.0,100.0,75.0,75.0,80.0,100.0,90.0,50.0,29.0,14.0,31.0,100.0,100.0,100.0,100.0,100.0,100.0,100.0,100.0,,,,,,,,,,,,,,,,,,,,,,,,,,,,,,,,,,,,,,,
2011,Pre-COVID (2010-2019),Sí,EURO,Iceland,ISL,61.0,50.0,80.0,45.0,60.0,True,50.0,50.0,100.0,60.0,80.0,60.0,30.0,45.0,57.0,86.0,71.0,80.0,75.0,77.0,14.0,14.0,0.0,,40.0,80.0,60.0,50.0,71.0,43.0,54.0,100.0,100.0,100.0,100.0,58.0,58.0,83.0,83.0,,,,,,,,,,,,,,,,,,,,,,,,,,,,,,,,,,,,,,,
2011,Pre-COVID (2010-2019),Sí,EURO,Ireland,IRL,51.0,25.0,53.0,55.0,20.0,True,25.0,25.0,67.0,40.0,53.0,80.0,30.0,55.0,43.0,86.0,64.0,60.0,50.0,55.0,71.0,71.0,25.0,25.0,0.0,40.0,20.0,50.0,43.0,0.0,31.0,67.0,67.0,100.0,100.0,25.0,25.0,67.0,67.0,,,,,,,,,,,,,,,,,,,,,,,,,,,,,,,,,,,,,,,
2011,Pre-COVID (2010-2019),Sí,EURO,Italy,ITA,77.0,50.0,56.0,80.0,100.0,True,50.0,50.0,33.0,80.0,56.0,100.0,60.0,80.0,71.0,86.0,78.0,60.0,75.0,67.0,71.0,71.0,50.0,50.0,100.0,100.0,100.0,83.0,100.0,57.0,80.0,100.0,100.0,92.0,92.0,100.0,100.0,83.0,83.0,,,,,,,,,,,,,,,,,,,,,,,,,,,,,,,,,,,,,,,
2011,Pre-COVID (2010-2019),Sí,EURO,Latvia,LVA,79.0,25.0,100.0,75.0,90.0,True,25.0,25.0,100.0,100.0,100.0,100.0,50.0,75.0,57.0,86.0,71.0,100.0,100.0,100.0,71.0,71.0,25.0,25.0,100.0,80.0,90.0,100.0,100.0,67.0,89.0,100.0,100.0,92.0,92.0,92.0,92.0,100.0,100.0,,,,,,,,,,,,,,,,,,,,,,,,,,,,,,,,,,,,,,,
2011,Pre-COVID (2010-2019),No,EURO,Liechtenstein,LIE,,,,,,False,,,,,,,,,,,,,,,,,,,,,,,,,,,,,,,,,,,,,,,,,,,,,,,,,,,,,,,,,,,,,,,,,,,,,,,,
2011,Pre-COVID (2010-2019),Sí,EURO,Lithuania,LTU,77.0,100.0,83.0,70.0,50.0,True,100.0,100.0,67.0,100.0,83.0,80.0,60.0,70.0,14.0,100.0,57.0,60.0,75.0,67.0,100.0,100.0,0.0,,60.0,40.0,50.0,100.0,100.0,86.0,95.0,100.0,100.0,100.0,100.0,83.0,83.0,100.0,100.0,,,,,,,,,,,,,,,,,,,,,,,,,,,,,,,,,,,,,,,
2011,Pre-COVID (2010-2019),Sí,EURO,Luxembourg,LUX,64.0,25.0,90.0,95.0,40.0,True,25.0,25.0,100.0,80.0,90.0,100.0,90.0,95.0,57.0,71.0,64.0,20.0,50.0,35.0,86.0,86.0,0.0,,80.0,0.0,40.0,50.0,100.0,86.0,78.0,100.0,100.0,83.0,83.0,42.0,42.0,100.0,100.0,,,,,,,,,,,,,,,,,,,,,,,,,,,,,,,,,,,,,,,
2011,Pre-COVID (2010-2019),Sí,EURO,Malta,MLT,59.0,50.0,63.0,80.0,90.0,True,50.0,50.0,67.0,60.0,63.0,100.0,60.0,80.0,43.0,86.0,64.0,40.0,75.0,57.0,43.0,43.0,0.0,,80.0,100.0,90.0,83.0,29.0,0.0,37.0,89.0,89.0,100.0,100.0,33.0,33.0,58.0,58.0,,,,,,,,,,,,,,,,,,,,,,,,,,,,,,,,,,,,,,,
2011,Pre-COVID (2010-2019),Sí,EURO,Monaco,MCO,59.0,75.0,46.0,70.0,30.0,True,75.0,75.0,33.0,60.0,46.0,80.0,60.0,70.0,86.0,86.0,86.0,40.0,100.0,70.0,57.0,57.0,25.0,25.0,20.0,40.0,30.0,50.0,86.0,71.0,69.0,0.0,,100.0,100.0,67.0,67.0,75.0,75.0,,,,,,,,,,,,,,,,,,,,,,,,,,,,,,,,,,,,,,,
2011,Pre-COVID (2010-2019),No,EURO,Montenegro,MNE,,,,,,False,,,,,,,,,,,,,,,,,,,,,,,,,,,,,,,,,,,,,,,,,,,,,,,,,,,,,,,,,,,,,,,,,,,,,,,,
2011,Pre-COVID (2010-2019),Sí,EURO,Netherlands (Kingdom of the),NLD,72.0,100.0,100.0,100.0,90.0,True,100.0,100.0,100.0,100.0,100.0,100.0,100.0,100.0,86.0,100.0,93.0,100.0,50.0,75.0,86.0,86.0,0.0,,80.0,100.0,90.0,83.0,71.0,100.0,84.0,89.0,89.0,100.0,100.0,17.0,17.0,8.0,8.0,,,,,,,,,,,,,,,,,,,,,,,,,,,,,,,,,,,,,,,
2011,Pre-COVID (2010-2019),Sí,EURO,North Macedonia,MKD,47.0,75.0,10.0,65.0,30.0,True,75.0,75.0,0.0,20.0,10.0,100.0,30.0,65.0,29.0,86.0,57.0,0.0,50.0,25.0,71.0,71.0,25.0,25.0,40.0,20.0,30.0,0.0,0.0,0.0,,78.0,78.0,75.0,75.0,33.0,33.0,67.0,67.0,,,,,,,,,,,,,,,,,,,,,,,,,,,,,,,,,,,,,,,
2011,Pre-COVID (2010-2019),No,EURO,Norway,NOR,,,,,,False,,,,,,,,,,,,,,,,,,,,,,,,,,,,,,,,,,,,,,,,,,,,,,,,,,,,,,,,,,,,,,,,,,,,,,,,
2011,Pre-COVID (2010-2019),Sí,EURO,Poland,POL,73.0,50.0,100.0,95.0,100.0,True,50.0,50.0,100.0,100.0,100.0,100.0,90.0,95.0,100.0,86.0,93.0,40.0,100.0,70.0,43.0,43.0,0.0,,100.0,100.0,100.0,83.0,71.0,29.0,61.0,100.0,100.0,92.0,92.0,58.0,58.0,83.0,83.0,,,,,,,,,,,,,,,,,,,,,,,,,,,,,,,,,,,,,,,
2011,Pre-COVID (2010-2019),Sí,EURO,Portugal,PRT,93.0,100.0,100.0,100.0,100.0,True,100.0,100.0,100.0,100.0,100.0,100.0,100.0,100.0,100.0,100.0,100.0,100.0,100.0,100.0,100.0,100.0,100.0,100.0,100.0,100.0,100.0,100.0,100.0,100.0,100.0,100.0,100.0,75.0,75.0,50.0,50.0,83.0,83.0,,,,,,,,,,,,,,,,,,,,,,,,,,,,,,,,,,,,,,,
2011,Pre-COVID (2010-2019),Sí,EURO,Republic of Moldova,MDA,75.0,100.0,83.0,90.0,60.0,True,100.0,100.0,67.0,100.0,83.0,100.0,80.0,90.0,86.0,100.0,93.0,80.0,25.0,52.0,57.0,57.0,25.0,25.0,80.0,40.0,60.0,33.0,100.0,100.0,77.0,89.0,89.0,75.0,75.0,75.0,75.0,100.0,100.0,,,,,,,,,,,,,,,,,,,,,,,,,,,,,,,,,,,,,,,
2011,Pre-COVID (2010-2019),Sí,EURO,Romania,ROU,69.0,50.0,83.0,80.0,80.0,True,50.0,50.0,67.0,100.0,83.0,100.0,60.0,80.0,86.0,86.0,86.0,80.0,100.0,90.0,57.0,57.0,25.0,25.0,100.0,60.0,80.0,60.0,0.0,0.0,20.0,89.0,89.0,92.0,92.0,50.0,50.0,92.0,92.0,,,,,,,,,,,,,,,,,,,,,,,,,,,,,,,,,,,,,,,
2011,Pre-COVID (2010-2019),Sí,EURO,Russian Federation,RUS,96.0,100.0,100.0,100.0,100.0,True,100.0,100.0,100.0,100.0,100.0,100.0,100.0,100.0,100.0,100.0,100.0,100.0,100.0,100.0,100.0,100.0,100.0,100.0,100.0,100.0,100.0,83.0,43.0,0.0,42.0,100.0,100.0,100.0,100.0,100.0,100.0,100.0,100.0,,,,,,,,,,,,,,,,,,,,,,,,,,,,,,,,,,,,,,,
2011,Pre-COVID (2010-2019),No,EURO,San Marino,SMR,,,,,,False,,,,,,,,,,,,,,,,,,,,,,,,,,,,,,,,,,,,,,,,,,,,,,,,,,,,,,,,,,,,,,,,,,,,,,,,
2011,Pre-COVID (2010-2019),Sí,EURO,Serbia,SRB,11.0,25.0,10.0,30.0,,True,25.0,25.0,0.0,20.0,10.0,0.0,60.0,30.0,0.0,43.0,21.0,0.0,0.0,,0.0,,0.0,,0.0,0.0,,0.0,0.0,0.0,,11.0,11.0,42.0,42.0,0.0,,0.0,,,,,,,,,,,,,,,,,,,,,,,,,,,,,,,,,,,,,,,,
2011,Pre-COVID (2010-2019),Sí,EURO,Slovakia,SVK,73.0,100.0,100.0,90.0,80.0,True,100.0,100.0,100.0,100.0,100.0,100.0,80.0,90.0,29.0,100.0,64.0,60.0,100.0,80.0,71.0,71.0,0.0,,80.0,80.0,80.0,33.0,43.0,0.0,25.0,100.0,100.0,100.0,100.0,58.0,58.0,75.0,75.0,,,,,,,,,,,,,,,,,,,,,,,,,,,,,,,,,,,,,,,
2011,Pre-COVID (2010-2019),Sí,EURO,Slovenia,SVN,66.0,100.0,20.0,85.0,90.0,True,100.0,100.0,0.0,40.0,20.0,80.0,90.0,85.0,71.0,100.0,85.0,20.0,75.0,47.0,57.0,57.0,25.0,25.0,80.0,100.0,90.0,67.0,86.0,14.0,55.0,89.0,89.0,75.0,75.0,75.0,75.0,58.0,58.0,,,,,,,,,,,,,,,,,,,,,,,,,,,,,,,,,,,,,,,
2011,Pre-COVID (2010-2019),Sí,EURO,Spain,ESP,66.0,,40.0,85.0,100.0,True,0.0,,0.0,80.0,40.0,100.0,70.0,85.0,71.0,86.0,78.0,40.0,25.0,32.0,43.0,43.0,50.0,50.0,100.0,100.0,100.0,100.0,100.0,100.0,100.0,100.0,100.0,100.0,100.0,50.0,50.0,75.0,75.0,,,,,,,,,,,,,,,,,,,,,,,,,,,,,,,,,,,,,,,
2011,Pre-COVID (2010-2019),Sí,EURO,Sweden,SWE,88.0,100.0,100.0,95.0,100.0,True,100.0,100.0,100.0,100.0,100.0,100.0,90.0,95.0,71.0,86.0,78.0,80.0,100.0,90.0,100.0,100.0,0.0,,100.0,100.0,100.0,83.0,86.0,86.0,85.0,100.0,100.0,100.0,100.0,100.0,100.0,100.0,100.0,,,,,,,,,,,,,,,,,,,,,,,,,,,,,,,,,,,,,,,
2011,Pre-COVID (2010-2019),Sí,EURO,Switzerland,CHE,86.0,100.0,100.0,75.0,100.0,True,100.0,100.0,100.0,100.0,100.0,80.0,70.0,75.0,86.0,100.0,93.0,100.0,100.0,100.0,71.0,71.0,25.0,25.0,100.0,100.0,100.0,20.0,100.0,100.0,73.0,100.0,100.0,92.0,92.0,100.0,100.0,83.0,83.0,,,,,,,,,,,,,,,,,,,,,,,,,,,,,,,,,,,,,,,
2011,Pre-COVID (2010-2019),No,EURO,Ukraine,UKR,,,,,,False,,,,,,,,,,,,,,,,,,,,,,,,,,,,,,,,,,,,,,,,,,,,,,,,,,,,,,,,,,,,,,,,,,,,,,,,
2011,Pre-COVID (2010-2019),No,EURO,United Kingdom of Great Britain and Northern Ireland,GBR,,,,,,False,,,,,,,,,,,,,,,,,,,,,,,,,,,,,,,,,,,,,,,,,,,,,,,,,,,,,,,,,,,,,,,,,,,,,,,,
2012,Pre-COVID (2010-2019),Sí,AFRO,Algeria,DZA,19.0,,53.0,35.0,4.0,True,0.0,,67.0,40.0,53.0,40.0,30.0,35.0,33.0,38.0,35.0,0.0,20.0,10.0,14.0,14.0,0.0,,8.0,0.0,4.0,33.0,0.0,0.0,11.0,56.0,56.0,0.0,,31.0,31.0,0.0,,,,,,,,,,,,,,,,,,,,,,,,,,,,,,,,,,,,,,,,
2012,Pre-COVID (2010-2019),No,AFRO,Angola,AGO,,,,,,False,,,,,,,,,,,,,,,,,,,,,,,,,,,,,,,,,,,,,,,,,,,,,,,,,,,,,,,,,,,,,,,,,,,,,,,,
2012,Pre-COVID (2010-2019),Sí,AFRO,Benin,BEN,43.0,,80.0,45.0,81.0,True,0.0,,100.0,60.0,80.0,80.0,10.0,45.0,78.0,50.0,64.0,40.0,20.0,30.0,57.0,57.0,80.0,80.0,83.0,80.0,81.0,64.0,100.0,17.0,60.0,44.0,44.0,13.0,13.0,0.0,,7.0,7.0,,,,,,,,,,,,,,,,,,,,,,,,,,,,,,,,,,,,,,,
2012,Pre-COVID (2010-2019),No,AFRO,Botswana,BWA,,,,,,False,,,,,,,,,,,,,,,,,,,,,,,,,,,,,,,,,,,,,,,,,,,,,,,,,,,,,,,,,,,,,,,,,,,,,,,,
2012,Pre-COVID (2010-2019),Sí,AFRO,Burkina Faso,BFA,42.0,100.0,53.0,60.0,76.0,True,100.0,100.0,67.0,40.0,53.0,80.0,40.0,60.0,67.0,50.0,58.0,20.0,40.0,30.0,43.0,43.0,20.0,20.0,92.0,60.0,76.0,29.0,0.0,0.0,9.0,56.0,56.0,27.0,27.0,8.0,8.0,7.0,7.0,,,,,,,,,,,,,,,,,,,,,,,,,,,,,,,,,,,,,,,
2012,Pre-COVID (2010-2019),Sí,AFRO,Burundi,BDI,39.0,,73.0,95.0,71.0,True,0.0,,67.0,80.0,73.0,100.0,90.0,95.0,78.0,75.0,76.0,80.0,0.0,40.0,71.0,71.0,0.0,,83.0,60.0,71.0,9.0,0.0,0.0,3.0,67.0,67.0,7.0,7.0,0.0,,0.0,,,,,,,,,,,,,,,,,,,,,,,,,,,,,,,,,,,,,,,,
2012,Pre-COVID (2010-2019),No,AFRO,Cabo Verde,CPV,,,,,,False,,,,,,,,,,,,,,,,,,,,,,,,,,,,,,,,,,,,,,,,,,,,,,,,,,,,,,,,,,,,,,,,,,,,,,,,
2012,Pre-COVID (2010-2019),Sí,AFRO,Cameroon,CMR,65.0,100.0,26.0,75.0,90.0,True,100.0,100.0,33.0,20.0,26.0,80.0,70.0,75.0,89.0,38.0,63.0,60.0,60.0,60.0,86.0,86.0,100.0,100.0,100.0,80.0,90.0,36.0,20.0,33.0,29.0,100.0,100.0,47.0,47.0,15.0,15.0,50.0,50.0,,,,,,,,,,,,,,,,,,,,,,,,,,,,,,,,,,,,,,,
2012,Pre-COVID (2010-2019),No,AFRO,Central African Republic,CAF,,,,,,False,,,,,,,,,,,,,,,,,,,,,,,,,,,,,,,,,,,,,,,,,,,,,,,,,,,,,,,,,,,,,,,,,,,,,,,,
2012,Pre-COVID (2010-2019),No,AFRO,Chad,TCD,,,,,,False,,,,,,,,,,,,,,,,,,,,,,,,,,,,,,,,,,,,,,,,,,,,,,,,,,,,,,,,,,,,,,,,,,,,,,,,
2012,Pre-COVID (2010-2019),No,AFRO,Comoros,COM,,,,,,False,,,,,,,,,,,,,,,,,,,,,,,,,,,,,,,,,,,,,,,,,,,,,,,,,,,,,,,,,,,,,,,,,,,,,,,,
2012,Pre-COVID (2010-2019),Sí,AFRO,Congo,COG,65.0,25.0,56.0,100.0,66.0,True,25.0,25.0,33.0,80.0,56.0,100.0,100.0,100.0,67.0,88.0,77.0,40.0,100.0,70.0,71.0,71.0,60.0,60.0,92.0,40.0,66.0,73.0,80.0,50.0,67.0,89.0,89.0,67.0,67.0,54.0,54.0,43.0,43.0,,,,,,,,,,,,,,,,,,,,,,,,,,,,,,,,,,,,,,,
2012,Pre-COVID (2010-2019),No,AFRO,Côte d'Ivoire,CIV,,,,,,False,,,,,,,,,,,,,,,,,,,,,,,,,,,,,,,,,,,,,,,,,,,,,,,,,,,,,,,,,,,,,,,,,,,,,,,,
2012,Pre-COVID (2010-2019),Sí,AFRO,Democratic Republic of the Congo,COD,65.0,100.0,30.0,85.0,71.0,True,100.0,100.0,0.0,60.0,30.0,80.0,90.0,85.0,67.0,38.0,52.0,100.0,0.0,50.0,100.0,100.0,100.0,100.0,83.0,60.0,71.0,73.0,20.0,0.0,31.0,44.0,44.0,80.0,80.0,8.0,8.0,93.0,93.0,,,,,,,,,,,,,,,,,,,,,,,,,,,,,,,,,,,,,,,
2012,Pre-COVID (2010-2019),Sí,EMRO,Djibouti,DJI,39.0,50.0,36.0,45.0,29.0,True,50.0,50.0,33.0,40.0,36.0,60.0,30.0,45.0,67.0,38.0,52.0,0.0,0.0,,57.0,57.0,60.0,60.0,58.0,0.0,29.0,73.0,60.0,17.0,50.0,56.0,56.0,67.0,67.0,8.0,8.0,0.0,,,,,,,,,,,,,,,,,,,,,,,,,,,,,,,,,,,,,,,,
2012,Pre-COVID (2010-2019),Sí,EMRO,Egypt,EGY,82.0,75.0,83.0,90.0,86.0,True,75.0,75.0,67.0,100.0,83.0,100.0,80.0,90.0,100.0,88.0,94.0,80.0,80.0,80.0,86.0,86.0,80.0,80.0,92.0,80.0,86.0,100.0,100.0,100.0,100.0,89.0,89.0,73.0,73.0,77.0,77.0,57.0,57.0,,,,,,,,,,,,,,,,,,,,,,,,,,,,,,,,,,,,,,,
2012,Pre-COVID (2010-2019),No,AFRO,Equatorial Guinea,GNQ,,,,,,False,,,,,,,,,,,,,,,,,,,,,,,,,,,,,,,,,,,,,,,,,,,,,,,,,,,,,,,,,,,,,,,,,,,,,,,,
2012,Pre-COVID (2010-2019),No,AFRO,Eritrea,ERI,,,,,,False,,,,,,,,,,,,,,,,,,,,,,,,,,,,,,,,,,,,,,,,,,,,,,,,,,,,,,,,,,,,,,,,,,,,,,,,
2012,Pre-COVID (2010-2019),Sí,AFRO,Eswatini,SWZ,40.0,,26.0,95.0,56.0,True,0.0,,33.0,20.0,26.0,100.0,90.0,95.0,67.0,63.0,65.0,80.0,40.0,60.0,57.0,57.0,0.0,,92.0,20.0,56.0,36.0,20.0,17.0,24.0,67.0,67.0,47.0,47.0,15.0,15.0,7.0,7.0,,,,,,,,,,,,,,,,,,,,,,,,,,,,,,,,,,,,,,,
2012,Pre-COVID (2010-2019),Sí,AFRO,Ethiopia,ETH,77.0,100.0,83.0,85.0,100.0,True,100.0,100.0,67.0,100.0,83.0,80.0,90.0,85.0,78.0,38.0,58.0,100.0,100.0,100.0,86.0,86.0,100.0,100.0,100.0,100.0,100.0,73.0,20.0,17.0,36.0,100.0,100.0,73.0,73.0,69.0,69.0,14.0,14.0,,,,,,,,,,,,,,,,,,,,,,,,,,,,,,,,,,,,,,,
2012,Pre-COVID (2010-2019),No,AFRO,Gabon,GAB,,,,,,False,,,,,,,,,,,,,,,,,,,,,,,,,,,,,,,,,,,,,,,,,,,,,,,,,,,,,,,,,,,,,,,,,,,,,,,,
2012,Pre-COVID (2010-2019),No,AFRO,Gambia,GMB,,,,,,False,,,,,,,,,,,,,,,,,,,,,,,,,,,,,,,,,,,,,,,,,,,,,,,,,,,,,,,,,,,,,,,,,,,,,,,,
2012,Pre-COVID (2010-2019),Sí,AFRO,Ghana,GHA,51.0,50.0,53.0,80.0,51.0,True,50.0,50.0,67.0,40.0,53.0,100.0,60.0,80.0,56.0,75.0,65.0,80.0,20.0,50.0,43.0,43.0,40.0,40.0,83.0,20.0,51.0,73.0,20.0,0.0,31.0,78.0,78.0,47.0,47.0,31.0,31.0,43.0,43.0,,,,,,,,,,,,,,,,,,,,,,,,,,,,,,,,,,,,,,,
2012,Pre-COVID (2010-2019),No,AFRO,Guinea,GIN,,,,,,False,,,,,,,,,,,,,,,,,,,,,,,,,,,,,,,,,,,,,,,,,,,,,,,,,,,,,,,,,,,,,,,,,,,,,,,,
2012,Pre-COVID (2010-2019),No,AFRO,Guinea-Bissau,GNB,,,,,,False,,,,,,,,,,,,,,,,,,,,,,,,,,,,,,,,,,,,,,,,,,,,,,,,,,,,,,,,,,,,,,,,,,,,,,,,
2012,Pre-COVID (2010-2019),Sí,AFRO,Kenya,KEN,66.0,50.0,90.0,75.0,65.0,True,50.0,50.0,100.0,80.0,90.0,80.0,70.0,75.0,67.0,88.0,77.0,100.0,40.0,70.0,57.0,57.0,40.0,40.0,50.0,80.0,65.0,73.0,60.0,33.0,55.0,89.0,89.0,80.0,80.0,46.0,46.0,64.0,64.0,,,,,,,,,,,,,,,,,,,,,,,,,,,,,,,,,,,,,,,
2012,Pre-COVID (2010-2019),No,AFRO,Lesotho,LSO,,,,,,False,,,,,,,,,,,,,,,,,,,,,,,,,,,,,,,,,,,,,,,,,,,,,,,,,,,,,,,,,,,,,,,,,,,,,,,,
2012,Pre-COVID (2010-2019),No,AFRO,Liberia,LBR,,,,,,False,,,,,,,,,,,,,,,,,,,,,,,,,,,,,,,,,,,,,,,,,,,,,,,,,,,,,,,,,,,,,,,,,,,,,,,,
2012,Pre-COVID (2010-2019),Sí,EMRO,Libya,LBY,44.0,75.0,73.0,65.0,33.0,True,75.0,75.0,67.0,80.0,73.0,60.0,70.0,65.0,33.0,75.0,54.0,100.0,20.0,60.0,29.0,29.0,40.0,40.0,67.0,0.0,33.0,36.0,0.0,0.0,12.0,33.0,33.0,33.0,33.0,0.0,,71.0,71.0,,,,,,,,,,,,,,,,,,,,,,,,,,,,,,,,,,,,,,,
2012,Pre-COVID (2010-2019),No,AFRO,Madagascar,MDG,,,,,,False,,,,,,,,,,,,,,,,,,,,,,,,,,,,,,,,,,,,,,,,,,,,,,,,,,,,,,,,,,,,,,,,,,,,,,,,
2012,Pre-COVID (2010-2019),No,AFRO,Malawi,MWI,,,,,,False,,,,,,,,,,,,,,,,,,,,,,,,,,,,,,,,,,,,,,,,,,,,,,,,,,,,,,,,,,,,,,,,,,,,,,,,
2012,Pre-COVID (2010-2019),No,AFRO,Mali,MLI,,,,,,False,,,,,,,,,,,,,,,,,,,,,,,,,,,,,,,,,,,,,,,,,,,,,,,,,,,,,,,,,,,,,,,,,,,,,,,,
2012,Pre-COVID (2010-2019),Sí,AFRO,Mauritania,MRT,25.0,,20.0,35.0,35.0,True,0.0,,0.0,40.0,20.0,60.0,10.0,35.0,0.0,13.0,6.0,0.0,0.0,,0.0,,0.0,,50.0,20.0,35.0,9.0,0.0,0.0,3.0,100.0,100.0,13.0,13.0,46.0,46.0,71.0,71.0,,,,,,,,,,,,,,,,,,,,,,,,,,,,,,,,,,,,,,,
2012,Pre-COVID (2010-2019),No,AFRO,Mauritius,MUS,,,,,,False,,,,,,,,,,,,,,,,,,,,,,,,,,,,,,,,,,,,,,,,,,,,,,,,,,,,,,,,,,,,,,,,,,,,,,,,
2012,Pre-COVID (2010-2019),Sí,EMRO,Morocco,MAR,92.0,100.0,100.0,95.0,86.0,True,100.0,100.0,100.0,100.0,100.0,100.0,90.0,95.0,100.0,100.0,100.0,100.0,100.0,100.0,100.0,100.0,100.0,100.0,92.0,80.0,86.0,100.0,100.0,50.0,83.0,100.0,100.0,100.0,100.0,38.0,38.0,100.0,100.0,,,,,,,,,,,,,,,,,,,,,,,,,,,,,,,,,,,,,,,
2012,Pre-COVID (2010-2019),Sí,AFRO,Mozambique,MOZ,51.0,,83.0,70.0,91.0,True,0.0,,67.0,100.0,83.0,80.0,60.0,70.0,89.0,100.0,94.0,60.0,0.0,30.0,43.0,43.0,100.0,100.0,83.0,100.0,91.0,55.0,100.0,100.0,85.0,33.0,33.0,20.0,20.0,8.0,8.0,7.0,7.0,,,,,,,,,,,,,,,,,,,,,,,,,,,,,,,,,,,,,,,
2012,Pre-COVID (2010-2019),No,AFRO,Namibia,NAM,,,,,,False,,,,,,,,,,,,,,,,,,,,,,,,,,,,,,,,,,,,,,,,,,,,,,,,,,,,,,,,,,,,,,,,,,,,,,,,
2012,Pre-COVID (2010-2019),No,AFRO,Niger,NER,,,,,,False,,,,,,,,,,,,,,,,,,,,,,,,,,,,,,,,,,,,,,,,,,,,,,,,,,,,,,,,,,,,,,,,,,,,,,,,
2012,Pre-COVID (2010-2019),Sí,AFRO,Nigeria,NGA,36.0,,20.0,65.0,63.0,True,0.0,,0.0,40.0,20.0,80.0,50.0,65.0,78.0,50.0,64.0,40.0,40.0,40.0,29.0,29.0,0.0,,67.0,60.0,63.0,33.0,0.0,0.0,11.0,56.0,56.0,53.0,53.0,15.0,15.0,50.0,50.0,,,,,,,,,,,,,,,,,,,,,,,,,,,,,,,,,,,,,,,
2012,Pre-COVID (2010-2019),No,AFRO,Rwanda,RWA,,,,,,False,,,,,,,,,,,,,,,,,,,,,,,,,,,,,,,,,,,,,,,,,,,,,,,,,,,,,,,,,,,,,,,,,,,,,,,,
2012,Pre-COVID (2010-2019),Sí,AFRO,Sao Tome and Principe,STP,20.0,,36.0,55.0,22.0,True,0.0,,33.0,40.0,36.0,100.0,10.0,55.0,44.0,25.0,34.0,0.0,0.0,,14.0,14.0,0.0,,25.0,20.0,22.0,36.0,0.0,0.0,12.0,56.0,56.0,27.0,27.0,0.0,,0.0,,,,,,,,,,,,,,,,,,,,,,,,,,,,,,,,,,,,,,,,
2012,Pre-COVID (2010-2019),Sí,AFRO,Senegal,SEN,30.0,,53.0,70.0,66.0,True,0.0,,67.0,40.0,53.0,100.0,40.0,70.0,33.0,38.0,35.0,40.0,20.0,30.0,0.0,,0.0,,92.0,40.0,66.0,17.0,100.0,0.0,39.0,22.0,22.0,40.0,40.0,31.0,31.0,7.0,7.0,,,,,,,,,,,,,,,,,,,,,,,,,,,,,,,,,,,,,,,
2012,Pre-COVID (2010-2019),Sí,AFRO,Seychelles,SYC,42.0,,20.0,95.0,86.0,True,0.0,,0.0,40.0,20.0,100.0,90.0,95.0,67.0,75.0,71.0,0.0,0.0,,0.0,,40.0,40.0,92.0,80.0,86.0,45.0,60.0,17.0,40.0,78.0,78.0,53.0,53.0,46.0,46.0,21.0,21.0,,,,,,,,,,,,,,,,,,,,,,,,,,,,,,,,,,,,,,,
2012,Pre-COVID (2010-2019),No,AFRO,Sierra Leone,SLE,,,,,,False,,,,,,,,,,,,,,,,,,,,,,,,,,,,,,,,,,,,,,,,,,,,,,,,,,,,,,,,,,,,,,,,,,,,,,,,
2012,Pre-COVID (2010-2019),No,EMRO,Somalia,SOM,,,,,,False,,,,,,,,,,,,,,,,,,,,,,,,,,,,,,,,,,,,,,,,,,,,,,,,,,,,,,,,,,,,,,,,,,,,,,,,
2012,Pre-COVID (2010-2019),Sí,AFRO,South Africa,ZAF,75.0,75.0,73.0,50.0,90.0,True,75.0,75.0,67.0,80.0,73.0,40.0,60.0,50.0,100.0,88.0,94.0,80.0,80.0,80.0,100.0,100.0,40.0,40.0,100.0,80.0,90.0,100.0,0.0,0.0,33.0,100.0,100.0,60.0,60.0,92.0,92.0,93.0,93.0,,,,,,,,,,,,,,,,,,,,,,,,,,,,,,,,,,,,,,,
2012,Pre-COVID (2010-2019),No,AFRO,South Sudan,SSD,,,,,,False,,,,,,,,,,,,,,,,,,,,,,,,,,,,,,,,,,,,,,,,,,,,,,,,,,,,,,,,,,,,,,,,,,,,,,,,
2012,Pre-COVID (2010-2019),Sí,EMRO,Sudan,SDN,43.0,,56.0,85.0,49.0,True,0.0,,33.0,80.0,56.0,100.0,70.0,85.0,78.0,50.0,64.0,60.0,60.0,60.0,14.0,14.0,40.0,40.0,58.0,40.0,49.0,55.0,0.0,0.0,18.0,100.0,100.0,7.0,7.0,15.0,15.0,50.0,50.0,,,,,,,,,,,,,,,,,,,,,,,,,,,,,,,,,,,,,,,
2012,Pre-COVID (2010-2019),No,AFRO,Togo,TGO,,,,,,False,,,,,,,,,,,,,,,,,,,,,,,,,,,,,,,,,,,,,,,,,,,,,,,,,,,,,,,,,,,,,,,,,,,,,,,,
2012,Pre-COVID (2010-2019),Sí,EMRO,Tunisia,TUN,63.0,75.0,100.0,85.0,49.0,True,75.0,75.0,100.0,100.0,100.0,100.0,70.0,85.0,33.0,63.0,48.0,40.0,40.0,40.0,43.0,43.0,80.0,80.0,58.0,40.0,49.0,55.0,60.0,67.0,60.0,89.0,89.0,73.0,73.0,31.0,31.0,50.0,50.0,,,,,,,,,,,,,,,,,,,,,,,,,,,,,,,,,,,,,,,
2012,Pre-COVID (2010-2019),Sí,AFRO,Uganda,UGA,47.0,25.0,70.0,75.0,86.0,True,25.0,25.0,100.0,40.0,70.0,80.0,70.0,75.0,78.0,38.0,58.0,100.0,20.0,60.0,71.0,71.0,40.0,40.0,92.0,80.0,86.0,0.0,0.0,0.0,,67.0,67.0,53.0,53.0,8.0,8.0,0.0,,,,,,,,,,,,,,,,,,,,,,,,,,,,,,,,,,,,,,,,
2012,Pre-COVID (2010-2019),Sí,AFRO,United Republic of Tanzania,TZA,49.0,50.0,20.0,50.0,53.0,True,50.0,50.0,0.0,40.0,20.0,60.0,40.0,50.0,56.0,63.0,59.0,60.0,20.0,40.0,57.0,57.0,100.0,100.0,67.0,40.0,53.0,9.0,0.0,0.0,3.0,67.0,67.0,53.0,53.0,31.0,31.0,50.0,50.0,,,,,,,,,,,,,,,,,,,,,,,,,,,,,,,,,,,,,,,
2012,Pre-COVID (2010-2019),Sí,AFRO,Zambia,ZMB,77.0,,83.0,95.0,96.0,True,0.0,,67.0,100.0,83.0,100.0,90.0,95.0,89.0,100.0,94.0,100.0,100.0,100.0,71.0,71.0,80.0,80.0,92.0,100.0,96.0,55.0,0.0,17.0,24.0,100.0,100.0,93.0,93.0,77.0,77.0,86.0,86.0,,,,,,,,,,,,,,,,,,,,,,,,,,,,,,,,,,,,,,,
2012,Pre-COVID (2010-2019),No,AFRO,Zimbabwe,ZWE,,,,,,False,,,,,,,,,,,,,,,,,,,,,,,,,,,,,,,,,,,,,,,,,,,,,,,,,,,,,,,,,,,,,,,,,,,,,,,,
2012,Pre-COVID (2010-2019),Sí,WPRO,Australia,AUS,99.0,100.0,100.0,95.0,100.0,True,100.0,100.0,100.0,100.0,100.0,100.0,90.0,95.0,89.0,100.0,94.0,100.0,100.0,100.0,100.0,100.0,100.0,100.0,100.0,100.0,100.0,100.0,100.0,100.0,100.0,100.0,100.0,100.0,100.0,100.0,100.0,93.0,93.0,,,,,,,,,,,,,,,,,,,,,,,,,,,,,,,,,,,,,,,
2012,Pre-COVID (2010-2019),Sí,WPRO,Cook Islands,COK,89.0,100.0,90.0,100.0,96.0,True,100.0,100.0,100.0,80.0,90.0,100.0,100.0,100.0,100.0,100.0,100.0,100.0,100.0,100.0,100.0,100.0,60.0,60.0,92.0,100.0,96.0,100.0,100.0,100.0,100.0,100.0,100.0,100.0,100.0,77.0,77.0,36.0,36.0,,,,,,,,,,,,,,,,,,,,,,,,,,,,,,,,,,,,,,,
2012,Pre-COVID (2010-2019),Sí,WPRO,Fiji,FJI,43.0,75.0,36.0,50.0,86.0,True,75.0,75.0,33.0,40.0,36.0,80.0,20.0,50.0,89.0,100.0,94.0,80.0,0.0,40.0,0.0,,20.0,20.0,92.0,80.0,86.0,27.0,80.0,33.0,46.0,0.0,,60.0,60.0,54.0,54.0,0.0,,,,,,,,,,,,,,,,,,,,,,,,,,,,,,,,,,,,,,,,
2012,Pre-COVID (2010-2019),Sí,WPRO,Kiribati,KIR,65.0,100.0,100.0,100.0,56.0,True,100.0,100.0,100.0,100.0,100.0,100.0,100.0,100.0,100.0,100.0,100.0,100.0,100.0,100.0,100.0,100.0,0.0,,92.0,20.0,56.0,73.0,0.0,0.0,24.0,89.0,89.0,80.0,80.0,0.0,,0.0,,,,,,,,,,,,,,,,,,,,,,,,,,,,,,,,,,,,,,,,
2012,Pre-COVID (2010-2019),Sí,WPRO,Marshall Islands,MHL,46.0,75.0,60.0,75.0,37.0,True,75.0,75.0,100.0,20.0,60.0,80.0,70.0,75.0,100.0,88.0,94.0,80.0,100.0,90.0,86.0,86.0,40.0,40.0,75.0,0.0,37.0,18.0,20.0,0.0,12.0,0.0,,20.0,20.0,0.0,,7.0,7.0,,,,,,,,,,,,,,,,,,,,,,,,,,,,,,,,,,,,,,,
2012,Pre-COVID (2010-2019),Sí,WPRO,Micronesia,FSM,73.0,100.0,83.0,75.0,73.0,True,100.0,100.0,67.0,100.0,83.0,80.0,70.0,75.0,78.0,88.0,83.0,100.0,60.0,80.0,100.0,100.0,20.0,20.0,67.0,80.0,73.0,73.0,100.0,100.0,91.0,56.0,56.0,87.0,87.0,38.0,38.0,57.0,57.0,,,,,,,,,,,,,,,,,,,,,,,,,,,,,,,,,,,,,,,
2012,Pre-COVID (2010-2019),No,WPRO,Nauru,NRU,,,,,,False,,,,,,,,,,,,,,,,,,,,,,,,,,,,,,,,,,,,,,,,,,,,,,,,,,,,,,,,,,,,,,,,,,,,,,,,
2012,Pre-COVID (2010-2019),Sí,WPRO,New Zealand,NZL,96.0,100.0,90.0,100.0,86.0,True,100.0,100.0,100.0,80.0,90.0,100.0,100.0,100.0,100.0,100.0,100.0,100.0,100.0,100.0,100.0,100.0,100.0,100.0,92.0,80.0,86.0,91.0,100.0,100.0,97.0,100.0,100.0,100.0,100.0,85.0,85.0,86.0,86.0,,,,,,,,,,,,,,,,,,,,,,,,,,,,,,,,,,,,,,,
2012,Pre-COVID (2010-2019),Sí,WPRO,Niue,NIU,41.0,25.0,20.0,55.0,67.0,True,25.0,25.0,0.0,40.0,20.0,40.0,70.0,55.0,67.0,75.0,71.0,40.0,40.0,40.0,57.0,57.0,0.0,,75.0,60.0,67.0,17.0,100.0,100.0,72.0,67.0,67.0,53.0,53.0,8.0,8.0,0.0,,,,,,,,,,,,,,,,,,,,,,,,,,,,,,,,,,,,,,,,
2012,Pre-COVID (2010-2019),Sí,WPRO,Palau,PLW,90.0,100.0,70.0,100.0,96.0,True,100.0,100.0,100.0,40.0,70.0,100.0,100.0,100.0,100.0,100.0,100.0,100.0,80.0,90.0,100.0,100.0,80.0,80.0,92.0,100.0,96.0,91.0,100.0,50.0,80.0,100.0,100.0,100.0,100.0,100.0,100.0,57.0,57.0,,,,,,,,,,,,,,,,,,,,,,,,,,,,,,,,,,,,,,,
2012,Pre-COVID (2010-2019),Sí,WPRO,Papua New Guinea,PNG,46.0,,73.0,80.0,66.0,True,0.0,,67.0,80.0,73.0,80.0,80.0,80.0,89.0,63.0,76.0,100.0,0.0,50.0,86.0,86.0,40.0,40.0,92.0,40.0,66.0,45.0,80.0,0.0,41.0,44.0,44.0,47.0,47.0,0.0,,0.0,,,,,,,,,,,,,,,,,,,,,,,,,,,,,,,,,,,,,,,,
2012,Pre-COVID (2010-2019),Sí,WPRO,Samoa,WSM,58.0,75.0,90.0,70.0,56.0,True,75.0,75.0,100.0,80.0,90.0,100.0,40.0,70.0,78.0,63.0,70.0,100.0,60.0,80.0,86.0,86.0,40.0,40.0,92.0,20.0,56.0,82.0,100.0,0.0,60.0,67.0,67.0,53.0,53.0,0.0,,7.0,7.0,,,,,,,,,,,,,,,,,,,,,,,,,,,,,,,,,,,,,,,
2012,Pre-COVID (2010-2019),Sí,WPRO,Solomon Islands,SLB,32.0,,63.0,75.0,57.0,True,0.0,,67.0,60.0,63.0,100.0,50.0,75.0,33.0,88.0,60.0,20.0,0.0,10.0,43.0,43.0,20.0,20.0,75.0,40.0,57.0,0.0,0.0,0.0,,44.0,44.0,27.0,27.0,0.0,,21.0,21.0,,,,,,,,,,,,,,,,,,,,,,,,,,,,,,,,,,,,,,,
2012,Pre-COVID (2010-2019),Sí,WPRO,Tonga,TON,53.0,100.0,100.0,65.0,25.0,True,100.0,100.0,100.0,100.0,100.0,100.0,30.0,65.0,67.0,88.0,77.0,20.0,0.0,10.0,71.0,71.0,80.0,80.0,50.0,0.0,25.0,55.0,0.0,0.0,18.0,100.0,100.0,40.0,40.0,8.0,8.0,0.0,,,,,,,,,,,,,,,,,,,,,,,,,,,,,,,,,,,,,,,,
2012,Pre-COVID (2010-2019),Sí,WPRO,Tuvalu,TUV,91.0,100.0,100.0,100.0,100.0,True,100.0,100.0,100.0,100.0,100.0,100.0,100.0,100.0,100.0,100.0,100.0,100.0,100.0,100.0,100.0,100.0,60.0,60.0,100.0,100.0,100.0,100.0,100.0,100.0,100.0,78.0,78.0,100.0,100.0,85.0,85.0,57.0,57.0,,,,,,,,,,,,,,,,,,,,,,,,,,,,,,,,,,,,,,,
2012,Pre-COVID (2010-2019),Sí,WPRO,Vanuatu,VUT,11.0,,,30.0,49.0,True,0.0,,0.0,0.0,,60.0,0.0,30.0,11.0,63.0,37.0,0.0,0.0,,0.0,,0.0,,58.0,40.0,49.0,0.0,0.0,0.0,,0.0,,27.0,27.0,0.0,,0.0,,,,,,,,,,,,,,,,,,,,,,,,,,,,,,,,,,,,,,,,
2012,Pre-COVID (2010-2019),Sí,AMRO,Antigua and Barbuda,ATG,72.0,100.0,66.0,95.0,66.0,True,100.0,100.0,33.0,100.0,66.0,100.0,90.0,95.0,78.0,63.0,70.0,40.0,80.0,60.0,43.0,43.0,100.0,100.0,92.0,40.0,66.0,82.0,100.0,50.0,77.0,89.0,89.0,80.0,80.0,62.0,62.0,29.0,29.0,,,,,,,,,,,,,,,,,,,,,,,,,,,,,,,,,,,,,,,
2012,Pre-COVID (2010-2019),Sí,AMRO,Argentina,ARG,71.0,50.0,73.0,80.0,73.0,True,50.0,50.0,67.0,80.0,73.0,80.0,80.0,80.0,78.0,88.0,83.0,100.0,100.0,100.0,86.0,86.0,100.0,100.0,67.0,80.0,73.0,0.0,0.0,0.0,,67.0,67.0,60.0,60.0,69.0,69.0,86.0,86.0,,,,,,,,,,,,,,,,,,,,,,,,,,,,,,,,,,,,,,,
2012,Pre-COVID (2010-2019),No,AMRO,Bahamas,BHS,,,,,,False,,,,,,,,,,,,,,,,,,,,,,,,,,,,,,,,,,,,,,,,,,,,,,,,,,,,,,,,,,,,,,,,,,,,,,,,
2012,Pre-COVID (2010-2019),Sí,AMRO,Barbados,BRB,69.0,50.0,40.0,95.0,96.0,True,50.0,50.0,0.0,80.0,40.0,100.0,90.0,95.0,44.0,88.0,66.0,60.0,20.0,40.0,86.0,86.0,80.0,80.0,92.0,100.0,96.0,91.0,100.0,100.0,97.0,100.0,100.0,93.0,93.0,54.0,54.0,0.0,,,,,,,,,,,,,,,,,,,,,,,,,,,,,,,,,,,,,,,,
2012,Pre-COVID (2010-2019),Sí,AMRO,Belize,BLZ,49.0,25.0,36.0,85.0,77.0,True,25.0,25.0,33.0,40.0,36.0,100.0,70.0,85.0,89.0,63.0,76.0,20.0,0.0,10.0,71.0,71.0,40.0,40.0,75.0,80.0,77.0,27.0,80.0,67.0,58.0,78.0,78.0,67.0,67.0,8.0,8.0,0.0,,,,,,,,,,,,,,,,,,,,,,,,,,,,,,,,,,,,,,,,
2012,Pre-COVID (2010-2019),Sí,AMRO,Bolivia (Plurinational State of),BOL,57.0,50.0,56.0,75.0,86.0,True,50.0,50.0,33.0,80.0,56.0,80.0,70.0,75.0,67.0,100.0,83.0,80.0,40.0,60.0,43.0,43.0,0.0,,92.0,80.0,86.0,73.0,80.0,0.0,51.0,78.0,78.0,60.0,60.0,31.0,31.0,71.0,71.0,,,,,,,,,,,,,,,,,,,,,,,,,,,,,,,,,,,,,,,
2012,Pre-COVID (2010-2019),No,AMRO,Brazil,BRA,,,,,,False,,,,,,,,,,,,,,,,,,,,,,,,,,,,,,,,,,,,,,,,,,,,,,,,,,,,,,,,,,,,,,,,,,,,,,,,
2012,Pre-COVID (2010-2019),Sí,AMRO,Canada,CAN,98.0,100.0,83.0,100.0,100.0,True,100.0,100.0,67.0,100.0,83.0,100.0,100.0,100.0,100.0,100.0,100.0,100.0,100.0,100.0,100.0,100.0,100.0,100.0,100.0,100.0,100.0,100.0,100.0,83.0,94.0,100.0,100.0,100.0,100.0,100.0,100.0,100.0,100.0,,,,,,,,,,,,,,,,,,,,,,,,,,,,,,,,,,,,,,,
2012,Pre-COVID (2010-2019),Sí,AMRO,Chile,CHL,66.0,50.0,46.0,85.0,67.0,True,50.0,50.0,33.0,60.0,46.0,100.0,70.0,85.0,89.0,100.0,94.0,80.0,60.0,70.0,57.0,57.0,20.0,20.0,75.0,60.0,67.0,100.0,80.0,83.0,87.0,89.0,89.0,93.0,93.0,23.0,23.0,79.0,79.0,,,,,,,,,,,,,,,,,,,,,,,,,,,,,,,,,,,,,,,
2012,Pre-COVID (2010-2019),Sí,AMRO,Colombia,COL,70.0,100.0,73.0,70.0,90.0,True,100.0,100.0,67.0,80.0,73.0,80.0,60.0,70.0,67.0,63.0,65.0,40.0,60.0,50.0,86.0,86.0,80.0,80.0,100.0,80.0,90.0,91.0,100.0,100.0,97.0,33.0,33.0,80.0,80.0,62.0,62.0,21.0,21.0,,,,,,,,,,,,,,,,,,,,,,,,,,,,,,,,,,,,,,,
2012,Pre-COVID (2010-2019),Sí,AMRO,Costa Rica,CRI,82.0,100.0,100.0,95.0,80.0,True,100.0,100.0,100.0,100.0,100.0,100.0,90.0,95.0,89.0,100.0,94.0,80.0,40.0,60.0,86.0,86.0,100.0,100.0,100.0,60.0,80.0,91.0,100.0,83.0,91.0,100.0,100.0,100.0,100.0,38.0,38.0,21.0,21.0,,,,,,,,,,,,,,,,,,,,,,,,,,,,,,,,,,,,,,,
2012,Pre-COVID (2010-2019),Sí,AMRO,Cuba,CUB,99.0,100.0,100.0,100.0,96.0,True,100.0,100.0,100.0,100.0,100.0,100.0,100.0,100.0,100.0,100.0,100.0,100.0,100.0,100.0,100.0,100.0,100.0,100.0,92.0,100.0,96.0,91.0,100.0,100.0,97.0,100.0,100.0,100.0,100.0,100.0,100.0,93.0,93.0,,,,,,,,,,,,,,,,,,,,,,,,,,,,,,,,,,,,,,,
2012,Pre-COVID (2010-2019),Sí,AMRO,Dominica,DMA,57.0,75.0,100.0,85.0,71.0,True,75.0,75.0,100.0,100.0,100.0,100.0,70.0,85.0,67.0,63.0,65.0,100.0,0.0,50.0,29.0,29.0,0.0,,83.0,60.0,71.0,100.0,80.0,83.0,87.0,78.0,78.0,73.0,73.0,31.0,31.0,0.0,,,,,,,,,,,,,,,,,,,,,,,,,,,,,,,,,,,,,,,,
2012,Pre-COVID (2010-2019),Sí,AMRO,Dominican Republic,DOM,54.0,75.0,90.0,80.0,39.0,True,75.0,75.0,100.0,80.0,90.0,80.0,80.0,80.0,33.0,63.0,48.0,80.0,60.0,70.0,86.0,86.0,40.0,40.0,58.0,20.0,39.0,45.0,20.0,0.0,21.0,44.0,44.0,27.0,27.0,23.0,23.0,57.0,57.0,,,,,,,,,,,,,,,,,,,,,,,,,,,,,,,,,,,,,,,
2012,Pre-COVID (2010-2019),Sí,AMRO,Ecuador,ECU,40.0,,56.0,35.0,35.0,True,0.0,,33.0,80.0,56.0,20.0,50.0,35.0,44.0,50.0,47.0,40.0,0.0,20.0,43.0,43.0,20.0,20.0,50.0,20.0,35.0,27.0,60.0,50.0,45.0,56.0,56.0,60.0,60.0,38.0,38.0,71.0,71.0,,,,,,,,,,,,,,,,,,,,,,,,,,,,,,,,,,,,,,,
2012,Pre-COVID (2010-2019),Sí,AMRO,El Salvador,SLV,81.0,75.0,90.0,100.0,100.0,True,75.0,75.0,100.0,80.0,90.0,100.0,100.0,100.0,100.0,100.0,100.0,60.0,40.0,50.0,71.0,71.0,100.0,100.0,100.0,100.0,100.0,91.0,100.0,100.0,97.0,67.0,67.0,73.0,73.0,46.0,46.0,86.0,86.0,,,,,,,,,,,,,,,,,,,,,,,,,,,,,,,,,,,,,,,
2012,Pre-COVID (2010-2019),Sí,AMRO,Grenada,GRD,48.0,50.0,83.0,90.0,41.0,True,50.0,50.0,67.0,100.0,83.0,100.0,80.0,90.0,67.0,38.0,52.0,0.0,0.0,,57.0,57.0,0.0,,42.0,40.0,41.0,64.0,80.0,50.0,64.0,100.0,100.0,67.0,67.0,23.0,23.0,0.0,,,,,,,,,,,,,,,,,,,,,,,,,,,,,,,,,,,,,,,,
2012,Pre-COVID (2010-2019),Sí,AMRO,Guatemala,GTM,66.0,75.0,66.0,85.0,91.0,True,75.0,75.0,33.0,100.0,66.0,100.0,70.0,85.0,78.0,75.0,76.0,40.0,0.0,20.0,86.0,86.0,100.0,100.0,83.0,100.0,91.0,64.0,0.0,50.0,38.0,89.0,89.0,47.0,47.0,62.0,62.0,29.0,29.0,,,,,,,,,,,,,,,,,,,,,,,,,,,,,,,,,,,,,,,
2012,Pre-COVID (2010-2019),Sí,AMRO,Guyana,GUY,76.0,100.0,83.0,80.0,100.0,True,100.0,100.0,67.0,100.0,83.0,80.0,80.0,80.0,89.0,100.0,94.0,100.0,80.0,90.0,71.0,71.0,80.0,80.0,100.0,100.0,100.0,73.0,60.0,17.0,50.0,100.0,100.0,67.0,67.0,62.0,62.0,7.0,7.0,,,,,,,,,,,,,,,,,,,,,,,,,,,,,,,,,,,,,,,
2012,Pre-COVID (2010-2019),No,AMRO,Haiti,HTI,,,,,,False,,,,,,,,,,,,,,,,,,,,,,,,,,,,,,,,,,,,,,,,,,,,,,,,,,,,,,,,,,,,,,,,,,,,,,,,
2012,Pre-COVID (2010-2019),Sí,AMRO,Honduras,HND,49.0,50.0,26.0,90.0,91.0,True,50.0,50.0,33.0,20.0,26.0,100.0,80.0,90.0,67.0,75.0,71.0,40.0,0.0,20.0,29.0,29.0,60.0,60.0,83.0,100.0,91.0,27.0,40.0,0.0,22.0,100.0,100.0,67.0,67.0,0.0,,7.0,7.0,,,,,,,,,,,,,,,,,,,,,,,,,,,,,,,,,,,,,,,
2012,Pre-COVID (2010-2019),Sí,AMRO,Jamaica,JAM,79.0,50.0,73.0,100.0,90.0,True,50.0,50.0,67.0,80.0,73.0,100.0,100.0,100.0,100.0,100.0,100.0,100.0,80.0,90.0,86.0,86.0,100.0,100.0,100.0,80.0,90.0,73.0,100.0,100.0,91.0,100.0,100.0,93.0,93.0,54.0,54.0,0.0,,,,,,,,,,,,,,,,,,,,,,,,,,,,,,,,,,,,,,,,
2012,Pre-COVID (2010-2019),Sí,AMRO,Mexico,MEX,76.0,100.0,53.0,80.0,96.0,True,100.0,100.0,67.0,40.0,53.0,100.0,60.0,80.0,78.0,100.0,89.0,60.0,60.0,60.0,43.0,43.0,80.0,80.0,92.0,100.0,96.0,64.0,100.0,0.0,54.0,89.0,89.0,87.0,87.0,69.0,69.0,86.0,86.0,,,,,,,,,,,,,,,,,,,,,,,,,,,,,,,,,,,,,,,
2012,Pre-COVID (2010-2019),Sí,AMRO,Nicaragua,NIC,76.0,25.0,100.0,95.0,81.0,True,25.0,25.0,100.0,100.0,100.0,100.0,90.0,95.0,100.0,75.0,87.0,100.0,60.0,80.0,100.0,100.0,20.0,20.0,83.0,80.0,81.0,91.0,80.0,17.0,62.0,100.0,100.0,80.0,80.0,92.0,92.0,71.0,71.0,,,,,,,,,,,,,,,,,,,,,,,,,,,,,,,,,,,,,,,
2012,Pre-COVID (2010-2019),Sí,AMRO,Panama,PAN,78.0,100.0,73.0,90.0,96.0,True,100.0,100.0,67.0,80.0,73.0,100.0,80.0,90.0,78.0,100.0,89.0,60.0,40.0,50.0,43.0,43.0,100.0,100.0,92.0,100.0,96.0,82.0,100.0,50.0,77.0,100.0,100.0,93.0,93.0,54.0,54.0,43.0,43.0,,,,,,,,,,,,,,,,,,,,,,,,,,,,,,,,,,,,,,,
2012,Pre-COVID (2010-2019),Sí,AMRO,Paraguay,PRY,60.0,50.0,80.0,55.0,96.0,True,50.0,50.0,100.0,60.0,80.0,60.0,50.0,55.0,89.0,75.0,82.0,20.0,0.0,10.0,100.0,100.0,60.0,60.0,92.0,100.0,96.0,36.0,60.0,17.0,37.0,33.0,33.0,60.0,60.0,46.0,46.0,71.0,71.0,,,,,,,,,,,,,,,,,,,,,,,,,,,,,,,,,,,,,,,
2012,Pre-COVID (2010-2019),Sí,AMRO,Peru,PER,62.0,100.0,50.0,100.0,77.0,True,100.0,100.0,0.0,100.0,50.0,100.0,100.0,100.0,100.0,75.0,87.0,60.0,40.0,50.0,57.0,57.0,80.0,80.0,75.0,80.0,77.0,82.0,0.0,0.0,27.0,78.0,78.0,93.0,93.0,8.0,8.0,0.0,,,,,,,,,,,,,,,,,,,,,,,,,,,,,,,,,,,,,,,,
2012,Pre-COVID (2010-2019),Sí,AMRO,Saint Kitts and Nevis,KNA,57.0,100.0,66.0,60.0,59.0,True,100.0,100.0,33.0,100.0,66.0,60.0,60.0,60.0,67.0,38.0,52.0,80.0,0.0,40.0,29.0,29.0,20.0,20.0,58.0,60.0,59.0,91.0,100.0,100.0,97.0,78.0,78.0,93.0,93.0,31.0,31.0,14.0,14.0,,,,,,,,,,,,,,,,,,,,,,,,,,,,,,,,,,,,,,,
2012,Pre-COVID (2010-2019),Sí,AMRO,Saint Lucia,LCA,38.0,,73.0,80.0,43.0,True,0.0,,67.0,80.0,73.0,100.0,60.0,80.0,56.0,75.0,65.0,60.0,40.0,50.0,29.0,29.0,20.0,20.0,67.0,20.0,43.0,36.0,0.0,0.0,12.0,67.0,67.0,40.0,40.0,15.0,15.0,0.0,,,,,,,,,,,,,,,,,,,,,,,,,,,,,,,,,,,,,,,,
2012,Pre-COVID (2010-2019),Sí,AMRO,Saint Vincent and the Grenadines,VCT,35.0,,46.0,75.0,81.0,True,0.0,,33.0,60.0,46.0,100.0,50.0,75.0,33.0,88.0,60.0,20.0,0.0,10.0,0.0,,0.0,,83.0,80.0,81.0,45.0,80.0,0.0,41.0,100.0,100.0,40.0,40.0,0.0,,0.0,,,,,,,,,,,,,,,,,,,,,,,,,,,,,,,,,,,,,,,,
2012,Pre-COVID (2010-2019),Sí,AMRO,Suriname,SUR,48.0,50.0,66.0,35.0,90.0,True,50.0,50.0,33.0,100.0,66.0,20.0,50.0,35.0,44.0,88.0,66.0,20.0,80.0,50.0,43.0,43.0,0.0,,100.0,80.0,90.0,27.0,60.0,67.0,51.0,56.0,56.0,67.0,67.0,54.0,54.0,0.0,,,,,,,,,,,,,,,,,,,,,,,,,,,,,,,,,,,,,,,,
2012,Pre-COVID (2010-2019),Sí,AMRO,Trinidad and Tobago,TTO,63.0,50.0,56.0,80.0,77.0,True,50.0,50.0,33.0,80.0,56.0,80.0,80.0,80.0,78.0,75.0,76.0,80.0,20.0,50.0,71.0,71.0,0.0,,75.0,80.0,77.0,73.0,100.0,50.0,74.0,89.0,89.0,87.0,87.0,46.0,46.0,57.0,57.0,,,,,,,,,,,,,,,,,,,,,,,,,,,,,,,,,,,,,,,
2012,Pre-COVID (2010-2019),Sí,AMRO,United States of America,USA,96.0,100.0,100.0,100.0,60.0,True,100.0,100.0,100.0,100.0,100.0,100.0,100.0,100.0,100.0,100.0,100.0,100.0,100.0,100.0,100.0,100.0,100.0,100.0,100.0,20.0,60.0,100.0,100.0,100.0,100.0,100.0,100.0,100.0,100.0,100.0,100.0,93.0,93.0,,,,,,,,,,,,,,,,,,,,,,,,,,,,,,,,,,,,,,,
2012,Pre-COVID (2010-2019),No,AMRO,Uruguay,URY,,,,,,False,,,,,,,,,,,,,,,,,,,,,,,,,,,,,,,,,,,,,,,,,,,,,,,,,,,,,,,,,,,,,,,,,,,,,,,,
2012,Pre-COVID (2010-2019),Sí,AMRO,Venezuela (Bolivarian Republic of),VEN,78.0,25.0,73.0,80.0,90.0,True,25.0,25.0,67.0,80.0,73.0,100.0,60.0,80.0,100.0,88.0,94.0,100.0,60.0,80.0,86.0,86.0,80.0,80.0,100.0,80.0,90.0,73.0,60.0,17.0,50.0,100.0,100.0,87.0,87.0,85.0,85.0,86.0,86.0,,,,,,,,,,,,,,,,,,,,,,,,,,,,,,,,,,,,,,,
2012,Pre-COVID (2010-2019),Sí,EMRO,Afghanistan,AFG,25.0,,36.0,80.0,26.0,True,0.0,,33.0,40.0,36.0,100.0,60.0,80.0,56.0,38.0,47.0,0.0,0.0,,43.0,43.0,20.0,20.0,33.0,20.0,26.0,9.0,0.0,0.0,3.0,56.0,56.0,13.0,13.0,0.0,,0.0,,,,,,,,,,,,,,,,,,,,,,,,,,,,,,,,,,,,,,,,
2012,Pre-COVID (2010-2019),Sí,EURO,Armenia,ARM,89.0,75.0,90.0,85.0,75.0,True,75.0,75.0,100.0,80.0,90.0,100.0,70.0,85.0,100.0,88.0,94.0,100.0,100.0,100.0,86.0,86.0,80.0,80.0,50.0,100.0,75.0,91.0,100.0,100.0,97.0,100.0,100.0,87.0,87.0,92.0,92.0,93.0,93.0,,,,,,,,,,,,,,,,,,,,,,,,,,,,,,,,,,,,,,,
2012,Pre-COVID (2010-2019),No,EURO,Azerbaijan,AZE,,,,,,False,,,,,,,,,,,,,,,,,,,,,,,,,,,,,,,,,,,,,,,,,,,,,,,,,,,,,,,,,,,,,,,,,,,,,,,,
2012,Pre-COVID (2010-2019),Sí,EMRO,Bahrain,BHR,85.0,100.0,100.0,100.0,86.0,True,100.0,100.0,100.0,100.0,100.0,100.0,100.0,100.0,100.0,88.0,94.0,100.0,40.0,70.0,86.0,86.0,20.0,20.0,92.0,80.0,86.0,100.0,100.0,100.0,100.0,78.0,78.0,93.0,93.0,85.0,85.0,93.0,93.0,,,,,,,,,,,,,,,,,,,,,,,,,,,,,,,,,,,,,,,
2012,Pre-COVID (2010-2019),Sí,SEARO,Bangladesh,BGD,67.0,75.0,66.0,80.0,90.0,True,75.0,75.0,33.0,100.0,66.0,60.0,100.0,80.0,100.0,63.0,81.0,60.0,40.0,50.0,86.0,86.0,80.0,80.0,100.0,80.0,90.0,45.0,0.0,0.0,15.0,89.0,89.0,27.0,27.0,69.0,69.0,64.0,64.0,,,,,,,,,,,,,,,,,,,,,,,,,,,,,,,,,,,,,,,
2012,Pre-COVID (2010-2019),No,SEARO,Bhutan,BTN,,,,,,False,,,,,,,,,,,,,,,,,,,,,,,,,,,,,,,,,,,,,,,,,,,,,,,,,,,,,,,,,,,,,,,,,,,,,,,,
2012,Pre-COVID (2010-2019),Sí,WPRO,Brunei Darussalam,BRN,68.0,50.0,63.0,90.0,71.0,True,50.0,50.0,67.0,60.0,63.0,100.0,80.0,90.0,89.0,100.0,94.0,100.0,40.0,70.0,57.0,57.0,60.0,60.0,83.0,60.0,71.0,82.0,80.0,83.0,81.0,100.0,100.0,93.0,93.0,15.0,15.0,36.0,36.0,,,,,,,,,,,,,,,,,,,,,,,,,,,,,,,,,,,,,,,
2012,Pre-COVID (2010-2019),Sí,WPRO,Cambodia,KHM,49.0,50.0,56.0,95.0,57.0,True,50.0,50.0,33.0,80.0,56.0,100.0,90.0,95.0,67.0,63.0,65.0,0.0,40.0,20.0,43.0,43.0,40.0,40.0,75.0,40.0,57.0,17.0,100.0,100.0,72.0,89.0,89.0,40.0,40.0,15.0,15.0,0.0,,,,,,,,,,,,,,,,,,,,,,,,,,,,,,,,,,,,,,,,
2012,Pre-COVID (2010-2019),Sí,WPRO,China,CHN,86.0,100.0,100.0,100.0,87.0,True,100.0,100.0,100.0,100.0,100.0,100.0,100.0,100.0,100.0,88.0,94.0,100.0,100.0,100.0,100.0,100.0,100.0,100.0,75.0,100.0,87.0,73.0,0.0,0.0,24.0,44.0,44.0,93.0,93.0,77.0,77.0,100.0,100.0,,,,,,,,,,,,,,,,,,,,,,,,,,,,,,,,,,,,,,,
2012,Pre-COVID (2010-2019),No,EURO,Cyprus,CYP,,,,,,False,,,,,,,,,,,,,,,,,,,,,,,,,,,,,,,,,,,,,,,,,,,,,,,,,,,,,,,,,,,,,,,,,,,,,,,,
2012,Pre-COVID (2010-2019),Sí,SEARO,Democratic People's Republic of Korea,PRK,54.0,25.0,46.0,70.0,65.0,True,25.0,25.0,33.0,60.0,46.0,60.0,80.0,70.0,56.0,75.0,65.0,60.0,60.0,60.0,71.0,71.0,40.0,40.0,50.0,80.0,65.0,45.0,20.0,0.0,21.0,78.0,78.0,60.0,60.0,15.0,15.0,86.0,86.0,,,,,,,,,,,,,,,,,,,,,,,,,,,,,,,,,,,,,,,
2012,Pre-COVID (2010-2019),Sí,EURO,Georgia,GEO,89.0,100.0,100.0,100.0,91.0,True,100.0,100.0,100.0,100.0,100.0,100.0,100.0,100.0,100.0,100.0,100.0,100.0,100.0,100.0,100.0,100.0,100.0,100.0,83.0,100.0,91.0,82.0,100.0,17.0,66.0,100.0,100.0,67.0,67.0,62.0,62.0,71.0,71.0,,,,,,,,,,,,,,,,,,,,,,,,,,,,,,,,,,,,,,,
2012,Pre-COVID (2010-2019),Sí,SEARO,India,IND,84.0,100.0,100.0,85.0,91.0,True,100.0,100.0,100.0,100.0,100.0,100.0,70.0,85.0,89.0,88.0,88.0,80.0,40.0,60.0,71.0,71.0,100.0,100.0,83.0,100.0,91.0,91.0,100.0,83.0,91.0,100.0,100.0,80.0,80.0,23.0,23.0,100.0,100.0,,,,,,,,,,,,,,,,,,,,,,,,,,,,,,,,,,,,,,,
2012,Pre-COVID (2010-2019),Sí,WPRO,Indonesia,IDN,86.0,100.0,46.0,85.0,96.0,True,100.0,100.0,33.0,60.0,46.0,100.0,70.0,85.0,78.0,75.0,76.0,100.0,60.0,80.0,100.0,100.0,80.0,80.0,92.0,100.0,96.0,82.0,100.0,50.0,77.0,100.0,100.0,87.0,87.0,85.0,85.0,100.0,100.0,,,,,,,,,,,,,,,,,,,,,,,,,,,,,,,,,,,,,,,
2012,Pre-COVID (2010-2019),Sí,EMRO,Iran (Islamic Republic of),IRN,91.0,100.0,90.0,100.0,100.0,True,100.0,100.0,100.0,80.0,90.0,100.0,100.0,100.0,89.0,100.0,94.0,80.0,80.0,80.0,86.0,86.0,100.0,100.0,100.0,100.0,100.0,91.0,100.0,83.0,91.0,100.0,100.0,100.0,100.0,77.0,77.0,71.0,71.0,,,,,,,,,,,,,,,,,,,,,,,,,,,,,,,,,,,,,,,
2012,Pre-COVID (2010-2019),Sí,EMRO,Iraq,IRQ,72.0,100.0,83.0,90.0,91.0,True,100.0,100.0,67.0,100.0,83.0,100.0,80.0,90.0,100.0,100.0,100.0,80.0,60.0,70.0,57.0,57.0,60.0,60.0,83.0,100.0,91.0,73.0,100.0,0.0,57.0,89.0,89.0,33.0,33.0,38.0,38.0,64.0,64.0,,,,,,,,,,,,,,,,,,,,,,,,,,,,,,,,,,,,,,,
2012,Pre-COVID (2010-2019),No,EURO,Israel,ISR,,,,,,False,,,,,,,,,,,,,,,,,,,,,,,,,,,,,,,,,,,,,,,,,,,,,,,,,,,,,,,,,,,,,,,,,,,,,,,,
2012,Pre-COVID (2010-2019),Sí,WPRO,Japan,JPN,99.0,100.0,100.0,100.0,100.0,True,100.0,100.0,100.0,100.0,100.0,100.0,100.0,100.0,100.0,75.0,87.0,100.0,100.0,100.0,100.0,100.0,100.0,100.0,100.0,100.0,100.0,100.0,100.0,83.0,94.0,100.0,100.0,100.0,100.0,100.0,100.0,100.0,100.0,,,,,,,,,,,,,,,,,,,,,,,,,,,,,,,,,,,,,,,
2012,Pre-COVID (2010-2019),Sí,EMRO,Jordan,JOR,85.0,50.0,50.0,100.0,100.0,True,50.0,50.0,0.0,100.0,50.0,100.0,100.0,100.0,78.0,100.0,89.0,100.0,100.0,100.0,100.0,100.0,100.0,100.0,100.0,100.0,100.0,55.0,0.0,0.0,18.0,100.0,100.0,93.0,93.0,100.0,100.0,100.0,100.0,,,,,,,,,,,,,,,,,,,,,,,,,,,,,,,,,,,,,,,
2012,Pre-COVID (2010-2019),Sí,EURO,Kazakhstan,KAZ,86.0,100.0,53.0,70.0,96.0,True,100.0,100.0,67.0,40.0,53.0,100.0,40.0,70.0,89.0,63.0,76.0,80.0,100.0,90.0,43.0,43.0,100.0,100.0,92.0,100.0,96.0,91.0,100.0,100.0,97.0,89.0,89.0,100.0,100.0,100.0,100.0,100.0,100.0,,,,,,,,,,,,,,,,,,,,,,,,,,,,,,,,,,,,,,,
2012,Pre-COVID (2010-2019),Sí,EMRO,Kuwait,KWT,77.0,100.0,100.0,65.0,100.0,True,100.0,100.0,100.0,100.0,100.0,40.0,90.0,65.0,89.0,100.0,94.0,100.0,80.0,90.0,100.0,100.0,60.0,60.0,100.0,100.0,100.0,100.0,100.0,67.0,89.0,100.0,100.0,80.0,80.0,0.0,,21.0,21.0,,,,,,,,,,,,,,,,,,,,,,,,,,,,,,,,,,,,,,,
2012,Pre-COVID (2010-2019),No,EURO,Kyrgyzstan,KGZ,,,,,,False,,,,,,,,,,,,,,,,,,,,,,,,,,,,,,,,,,,,,,,,,,,,,,,,,,,,,,,,,,,,,,,,,,,,,,,,
2012,Pre-COVID (2010-2019),Sí,WPRO,Lao People's Democratic Republic,LAO,31.0,50.0,36.0,75.0,31.0,True,50.0,50.0,33.0,40.0,36.0,80.0,70.0,75.0,56.0,25.0,40.0,20.0,0.0,10.0,14.0,14.0,60.0,60.0,42.0,20.0,31.0,0.0,0.0,0.0,,44.0,44.0,40.0,40.0,0.0,,0.0,,,,,,,,,,,,,,,,,,,,,,,,,,,,,,,,,,,,,,,,
2012,Pre-COVID (2010-2019),Sí,EMRO,Lebanon,LBN,57.0,100.0,56.0,65.0,49.0,True,100.0,100.0,33.0,80.0,56.0,80.0,50.0,65.0,56.0,38.0,47.0,40.0,0.0,20.0,29.0,29.0,40.0,40.0,58.0,40.0,49.0,82.0,40.0,17.0,46.0,100.0,100.0,60.0,60.0,54.0,54.0,71.0,71.0,,,,,,,,,,,,,,,,,,,,,,,,,,,,,,,,,,,,,,,
2012,Pre-COVID (2010-2019),Sí,WPRO,Malaysia,MYS,100.0,100.0,100.0,100.0,100.0,True,100.0,100.0,100.0,100.0,100.0,100.0,100.0,100.0,100.0,100.0,100.0,100.0,100.0,100.0,100.0,100.0,100.0,100.0,100.0,100.0,100.0,91.0,100.0,100.0,97.0,100.0,100.0,100.0,100.0,100.0,100.0,100.0,100.0,,,,,,,,,,,,,,,,,,,,,,,,,,,,,,,,,,,,,,,
2012,Pre-COVID (2010-2019),Sí,SEARO,Maldives,MDV,58.0,75.0,83.0,85.0,76.0,True,75.0,75.0,67.0,100.0,83.0,100.0,70.0,85.0,67.0,75.0,71.0,60.0,20.0,40.0,71.0,71.0,40.0,40.0,92.0,60.0,76.0,91.0,80.0,50.0,73.0,67.0,67.0,67.0,67.0,8.0,8.0,0.0,,,,,,,,,,,,,,,,,,,,,,,,,,,,,,,,,,,,,,,,
2012,Pre-COVID (2010-2019),Sí,WPRO,Mongolia,MNG,69.0,100.0,100.0,55.0,73.0,True,100.0,100.0,100.0,100.0,100.0,40.0,70.0,55.0,78.0,75.0,76.0,100.0,0.0,50.0,71.0,71.0,40.0,40.0,67.0,80.0,73.0,91.0,100.0,100.0,97.0,100.0,100.0,33.0,33.0,46.0,46.0,57.0,57.0,,,,,,,,,,,,,,,,,,,,,,,,,,,,,,,,,,,,,,,
2012,Pre-COVID (2010-2019),Sí,SEARO,Myanmar,MMR,82.0,75.0,90.0,100.0,70.0,True,75.0,75.0,100.0,80.0,90.0,100.0,100.0,100.0,100.0,100.0,100.0,100.0,100.0,100.0,100.0,100.0,100.0,100.0,100.0,40.0,70.0,75.0,100.0,100.0,91.0,100.0,100.0,100.0,100.0,38.0,38.0,7.0,7.0,,,,,,,,,,,,,,,,,,,,,,,,,,,,,,,,,,,,,,,
2012,Pre-COVID (2010-2019),Sí,SEARO,Nepal,NPL,42.0,75.0,66.0,35.0,60.0,True,75.0,75.0,33.0,100.0,66.0,20.0,50.0,35.0,67.0,38.0,52.0,40.0,40.0,40.0,29.0,29.0,20.0,20.0,100.0,20.0,60.0,45.0,100.0,50.0,65.0,44.0,44.0,60.0,60.0,0.0,,0.0,,,,,,,,,,,,,,,,,,,,,,,,,,,,,,,,,,,,,,,,
2012,Pre-COVID (2010-2019),Sí,EMRO,Oman,OMN,92.0,100.0,100.0,95.0,96.0,True,100.0,100.0,100.0,100.0,100.0,100.0,90.0,95.0,100.0,100.0,100.0,100.0,100.0,100.0,86.0,86.0,100.0,100.0,92.0,100.0,96.0,100.0,100.0,100.0,100.0,100.0,100.0,93.0,93.0,54.0,54.0,71.0,71.0,,,,,,,,,,,,,,,,,,,,,,,,,,,,,,,,,,,,,,,
2012,Pre-COVID (2010-2019),Sí,EMRO,Pakistan,PAK,33.0,75.0,30.0,45.0,29.0,True,75.0,75.0,0.0,60.0,30.0,80.0,10.0,45.0,33.0,38.0,35.0,20.0,0.0,10.0,0.0,,60.0,60.0,58.0,0.0,29.0,50.0,0.0,0.0,16.0,56.0,56.0,47.0,47.0,23.0,23.0,0.0,,,,,,,,,,,,,,,,,,,,,,,,,,,,,,,,,,,,,,,,
2012,Pre-COVID (2010-2019),Sí,WPRO,Philippines,PHL,75.0,25.0,100.0,100.0,57.0,True,25.0,25.0,100.0,100.0,100.0,100.0,100.0,100.0,100.0,100.0,100.0,100.0,100.0,100.0,86.0,86.0,100.0,100.0,75.0,40.0,57.0,73.0,20.0,0.0,31.0,33.0,33.0,47.0,47.0,100.0,100.0,93.0,93.0,,,,,,,,,,,,,,,,,,,,,,,,,,,,,,,,,,,,,,,
2012,Pre-COVID (2010-2019),Sí,EMRO,Qatar,QAT,83.0,100.0,83.0,95.0,90.0,True,100.0,100.0,67.0,100.0,83.0,100.0,90.0,95.0,100.0,88.0,94.0,100.0,100.0,100.0,86.0,86.0,40.0,40.0,100.0,80.0,90.0,82.0,40.0,0.0,40.0,89.0,89.0,93.0,93.0,77.0,77.0,86.0,86.0,,,,,,,,,,,,,,,,,,,,,,,,,,,,,,,,,,,,,,,
2012,Pre-COVID (2010-2019),Sí,WPRO,Republic of Korea,KOR,100.0,100.0,100.0,100.0,100.0,True,100.0,100.0,100.0,100.0,100.0,100.0,100.0,100.0,100.0,100.0,100.0,100.0,100.0,100.0,100.0,100.0,100.0,100.0,100.0,100.0,100.0,100.0,100.0,100.0,100.0,100.0,100.0,100.0,100.0,100.0,100.0,100.0,100.0,,,,,,,,,,,,,,,,,,,,,,,,,,,,,,,,,,,,,,,
2012,Pre-COVID (2010-2019),Sí,EMRO,Saudi Arabia,SAU,95.0,100.0,100.0,90.0,100.0,True,100.0,100.0,100.0,100.0,100.0,100.0,80.0,90.0,100.0,100.0,100.0,100.0,100.0,100.0,100.0,100.0,100.0,100.0,100.0,100.0,100.0,82.0,20.0,17.0,39.0,100.0,100.0,100.0,100.0,100.0,100.0,100.0,100.0,,,,,,,,,,,,,,,,,,,,,,,,,,,,,,,,,,,,,,,
2012,Pre-COVID (2010-2019),Sí,WPRO,Singapore,SGP,99.0,100.0,100.0,100.0,100.0,True,100.0,100.0,100.0,100.0,100.0,100.0,100.0,100.0,100.0,100.0,100.0,100.0,100.0,100.0,100.0,100.0,100.0,100.0,100.0,100.0,100.0,100.0,100.0,100.0,100.0,100.0,100.0,100.0,100.0,100.0,100.0,86.0,86.0,,,,,,,,,,,,,,,,,,,,,,,,,,,,,,,,,,,,,,,
2012,Pre-COVID (2010-2019),Sí,SEARO,Sri Lanka,LKA,73.0,100.0,63.0,100.0,71.0,True,100.0,100.0,67.0,60.0,63.0,100.0,100.0,100.0,78.0,88.0,83.0,80.0,20.0,50.0,86.0,86.0,80.0,80.0,83.0,60.0,71.0,82.0,100.0,83.0,88.0,100.0,100.0,87.0,87.0,23.0,23.0,14.0,14.0,,,,,,,,,,,,,,,,,,,,,,,,,,,,,,,,,,,,,,,
2012,Pre-COVID (2010-2019),Sí,EMRO,Syrian Arab Republic,SYR,58.0,50.0,53.0,70.0,96.0,True,50.0,50.0,67.0,40.0,53.0,80.0,60.0,70.0,78.0,38.0,58.0,40.0,0.0,20.0,29.0,29.0,60.0,60.0,92.0,100.0,96.0,27.0,100.0,0.0,42.0,67.0,67.0,87.0,87.0,46.0,46.0,71.0,71.0,,,,,,,,,,,,,,,,,,,,,,,,,,,,,,,,,,,,,,,
2012,Pre-COVID (2010-2019),Sí,EURO,Tajikistan,TJK,73.0,100.0,90.0,95.0,34.0,True,100.0,100.0,100.0,80.0,90.0,100.0,90.0,95.0,78.0,88.0,83.0,100.0,80.0,90.0,100.0,100.0,20.0,20.0,8.0,60.0,34.0,17.0,0.0,0.0,5.0,100.0,100.0,80.0,80.0,77.0,77.0,79.0,79.0,,,,,,,,,,,,,,,,,,,,,,,,,,,,,,,,,,,,,,,
2012,Pre-COVID (2010-2019),Sí,SEARO,Thailand,THA,82.0,100.0,90.0,85.0,100.0,True,100.0,100.0,100.0,80.0,90.0,100.0,70.0,85.0,100.0,88.0,94.0,100.0,80.0,90.0,71.0,71.0,80.0,80.0,100.0,100.0,100.0,55.0,100.0,67.0,74.0,89.0,89.0,93.0,93.0,31.0,31.0,64.0,64.0,,,,,,,,,,,,,,,,,,,,,,,,,,,,,,,,,,,,,,,
2012,Pre-COVID (2010-2019),Sí,SEARO,Timor-Leste,TLS,44.0,50.0,46.0,50.0,37.0,True,50.0,50.0,33.0,60.0,46.0,40.0,60.0,50.0,78.0,38.0,58.0,20.0,20.0,20.0,57.0,57.0,40.0,40.0,75.0,0.0,37.0,9.0,100.0,67.0,58.0,67.0,67.0,93.0,93.0,0.0,,0.0,,,,,,,,,,,,,,,,,,,,,,,,,,,,,,,,,,,,,,,,
2012,Pre-COVID (2010-2019),Sí,EURO,Türkiye,TUR,82.0,75.0,100.0,65.0,100.0,True,75.0,75.0,100.0,100.0,100.0,40.0,90.0,65.0,89.0,100.0,94.0,100.0,40.0,70.0,57.0,57.0,100.0,100.0,100.0,100.0,100.0,73.0,80.0,33.0,62.0,89.0,89.0,80.0,80.0,69.0,69.0,100.0,100.0,,,,,,,,,,,,,,,,,,,,,,,,,,,,,,,,,,,,,,,
2012,Pre-COVID (2010-2019),No,EURO,Turkmenistan,TKM,,,,,,False,,,,,,,,,,,,,,,,,,,,,,,,,,,,,,,,,,,,,,,,,,,,,,,,,,,,,,,,,,,,,,,,,,,,,,,,
2012,Pre-COVID (2010-2019),Sí,EMRO,United Arab Emirates,ARE,56.0,50.0,63.0,70.0,96.0,True,50.0,50.0,67.0,60.0,63.0,80.0,60.0,70.0,67.0,75.0,71.0,80.0,20.0,50.0,43.0,43.0,0.0,,92.0,100.0,96.0,9.0,0.0,0.0,3.0,67.0,67.0,67.0,67.0,54.0,54.0,93.0,93.0,,,,,,,,,,,,,,,,,,,,,,,,,,,,,,,,,,,,,,,
2012,Pre-COVID (2010-2019),No,EURO,Uzbekistan,UZB,,,,,,False,,,,,,,,,,,,,,,,,,,,,,,,,,,,,,,,,,,,,,,,,,,,,,,,,,,,,,,,,,,,,,,,,,,,,,,,
2012,Pre-COVID (2010-2019),Sí,WPRO,Viet Nam,VNM,65.0,50.0,46.0,60.0,56.0,True,50.0,50.0,33.0,60.0,46.0,60.0,60.0,60.0,100.0,88.0,94.0,100.0,40.0,70.0,14.0,14.0,60.0,60.0,33.0,80.0,56.0,73.0,80.0,100.0,84.0,100.0,100.0,87.0,87.0,46.0,46.0,79.0,79.0,,,,,,,,,,,,,,,,,,,,,,,,,,,,,,,,,,,,,,,
2012,Pre-COVID (2010-2019),Sí,EMRO,Yemen,YEM,48.0,75.0,56.0,70.0,81.0,True,75.0,75.0,33.0,80.0,56.0,100.0,40.0,70.0,56.0,13.0,34.0,60.0,20.0,40.0,29.0,29.0,80.0,80.0,83.0,80.0,81.0,55.0,20.0,0.0,25.0,78.0,78.0,40.0,40.0,15.0,15.0,0.0,,,,,,,,,,,,,,,,,,,,,,,,,,,,,,,,,,,,,,,,
2012,Pre-COVID (2010-2019),No,EURO,Albania,ALB,,,,,,False,,,,,,,,,,,,,,,,,,,,,,,,,,,,,,,,,,,,,,,,,,,,,,,,,,,,,,,,,,,,,,,,,,,,,,,,
2012,Pre-COVID (2010-2019),Sí,EURO,Andorra,AND,31.0,75.0,30.0,65.0,25.0,True,75.0,75.0,0.0,60.0,30.0,100.0,30.0,65.0,0.0,75.0,37.0,20.0,60.0,40.0,14.0,14.0,0.0,,50.0,0.0,25.0,0.0,0.0,0.0,,44.0,44.0,73.0,73.0,0.0,,0.0,,,,,,,,,,,,,,,,,,,,,,,,,,,,,,,,,,,,,,,,
2012,Pre-COVID (2010-2019),Sí,EURO,Austria,AUT,93.0,75.0,90.0,95.0,91.0,True,75.0,75.0,100.0,80.0,90.0,100.0,90.0,95.0,100.0,100.0,100.0,100.0,100.0,100.0,100.0,100.0,80.0,80.0,83.0,100.0,91.0,73.0,100.0,100.0,91.0,100.0,100.0,100.0,100.0,92.0,92.0,93.0,93.0,,,,,,,,,,,,,,,,,,,,,,,,,,,,,,,,,,,,,,,
2012,Pre-COVID (2010-2019),No,EURO,Belarus,BLR,,,,,,False,,,,,,,,,,,,,,,,,,,,,,,,,,,,,,,,,,,,,,,,,,,,,,,,,,,,,,,,,,,,,,,,,,,,,,,,
2012,Pre-COVID (2010-2019),Sí,EURO,Belgium,BEL,82.0,100.0,80.0,65.0,91.0,True,100.0,100.0,100.0,60.0,80.0,60.0,70.0,65.0,44.0,100.0,72.0,40.0,60.0,50.0,100.0,100.0,60.0,60.0,83.0,100.0,91.0,82.0,80.0,50.0,70.0,89.0,89.0,100.0,100.0,92.0,92.0,100.0,100.0,,,,,,,,,,,,,,,,,,,,,,,,,,,,,,,,,,,,,,,
2012,Pre-COVID (2010-2019),No,EURO,Bosnia and Herzegovina,BIH,,,,,,False,,,,,,,,,,,,,,,,,,,,,,,,,,,,,,,,,,,,,,,,,,,,,,,,,,,,,,,,,,,,,,,,,,,,,,,,
2012,Pre-COVID (2010-2019),No,EURO,Bulgaria,BGR,,,,,,False,,,,,,,,,,,,,,,,,,,,,,,,,,,,,,,,,,,,,,,,,,,,,,,,,,,,,,,,,,,,,,,,,,,,,,,,
2012,Pre-COVID (2010-2019),No,EURO,Croatia,HRV,,,,,,False,,,,,,,,,,,,,,,,,,,,,,,,,,,,,,,,,,,,,,,,,,,,,,,,,,,,,,,,,,,,,,,,,,,,,,,,
2012,Pre-COVID (2010-2019),Sí,EURO,Czech Republic,CZE,92.0,100.0,83.0,100.0,100.0,True,100.0,100.0,67.0,100.0,83.0,100.0,100.0,100.0,100.0,100.0,100.0,80.0,100.0,90.0,86.0,86.0,60.0,60.0,100.0,100.0,100.0,82.0,100.0,83.0,88.0,100.0,100.0,100.0,100.0,100.0,100.0,86.0,86.0,,,,,,,,,,,,,,,,,,,,,,,,,,,,,,,,,,,,,,,
2012,Pre-COVID (2010-2019),No,EURO,Denmark,DNK,,,,,,False,,,,,,,,,,,,,,,,,,,,,,,,,,,,,,,,,,,,,,,,,,,,,,,,,,,,,,,,,,,,,,,,,,,,,,,,
2012,Pre-COVID (2010-2019),Sí,EURO,Estonia,EST,64.0,25.0,46.0,80.0,81.0,True,25.0,25.0,33.0,60.0,46.0,80.0,80.0,80.0,67.0,63.0,65.0,60.0,40.0,50.0,86.0,86.0,40.0,40.0,83.0,80.0,81.0,67.0,100.0,0.0,55.0,100.0,100.0,100.0,100.0,69.0,69.0,29.0,29.0,,,,,,,,,,,,,,,,,,,,,,,,,,,,,,,,,,,,,,,
2012,Pre-COVID (2010-2019),Sí,EURO,Finland,FIN,96.0,100.0,100.0,100.0,96.0,True,100.0,100.0,100.0,100.0,100.0,100.0,100.0,100.0,100.0,100.0,100.0,100.0,60.0,80.0,100.0,100.0,80.0,80.0,92.0,100.0,96.0,91.0,100.0,100.0,97.0,100.0,100.0,100.0,100.0,100.0,100.0,100.0,100.0,,,,,,,,,,,,,,,,,,,,,,,,,,,,,,,,,,,,,,,
2012,Pre-COVID (2010-2019),Sí,EURO,France,FRA,81.0,100.0,63.0,95.0,96.0,True,100.0,100.0,67.0,60.0,63.0,100.0,90.0,95.0,89.0,100.0,94.0,100.0,60.0,80.0,86.0,86.0,60.0,60.0,92.0,100.0,96.0,67.0,0.0,0.0,22.0,78.0,78.0,93.0,93.0,92.0,92.0,100.0,100.0,,,,,,,,,,,,,,,,,,,,,,,,,,,,,,,,,,,,,,,
2012,Pre-COVID (2010-2019),Sí,EURO,Germany,DEU,92.0,100.0,100.0,100.0,100.0,True,100.0,100.0,100.0,100.0,100.0,100.0,100.0,100.0,100.0,88.0,94.0,100.0,60.0,80.0,100.0,100.0,100.0,100.0,100.0,100.0,100.0,82.0,0.0,0.0,27.0,100.0,100.0,100.0,100.0,100.0,100.0,100.0,100.0,,,,,,,,,,,,,,,,,,,,,,,,,,,,,,,,,,,,,,,
2012,Pre-COVID (2010-2019),No,EURO,Greece,GRC,,,,,,False,,,,,,,,,,,,,,,,,,,,,,,,,,,,,,,,,,,,,,,,,,,,,,,,,,,,,,,,,,,,,,,,,,,,,,,,
2012,Pre-COVID (2010-2019),No,EURO,Holy See,VAT,,,,,,False,,,,,,,,,,,,,,,,,,,,,,,,,,,,,,,,,,,,,,,,,,,,,,,,,,,,,,,,,,,,,,,,,,,,,,,,
2012,Pre-COVID (2010-2019),Sí,EURO,Hungary,HUN,81.0,100.0,50.0,80.0,91.0,True,100.0,100.0,0.0,100.0,50.0,100.0,60.0,80.0,56.0,75.0,65.0,60.0,60.0,60.0,71.0,71.0,60.0,60.0,83.0,100.0,91.0,78.0,100.0,100.0,92.0,100.0,100.0,93.0,93.0,92.0,92.0,100.0,100.0,,,,,,,,,,,,,,,,,,,,,,,,,,,,,,,,,,,,,,,
2012,Pre-COVID (2010-2019),Sí,EURO,Iceland,ISL,79.0,100.0,100.0,75.0,77.0,True,100.0,100.0,100.0,100.0,100.0,100.0,50.0,75.0,78.0,88.0,83.0,100.0,100.0,100.0,71.0,71.0,20.0,20.0,75.0,80.0,77.0,55.0,100.0,67.0,74.0,100.0,100.0,100.0,100.0,54.0,54.0,79.0,79.0,,,,,,,,,,,,,,,,,,,,,,,,,,,,,,,,,,,,,,,
2012,Pre-COVID (2010-2019),Sí,EURO,Ireland,IRL,78.0,25.0,80.0,85.0,77.0,True,25.0,25.0,100.0,60.0,80.0,100.0,70.0,85.0,100.0,100.0,100.0,60.0,100.0,80.0,100.0,100.0,40.0,40.0,75.0,80.0,77.0,73.0,80.0,67.0,73.0,100.0,100.0,100.0,100.0,92.0,92.0,64.0,64.0,,,,,,,,,,,,,,,,,,,,,,,,,,,,,,,,,,,,,,,
2012,Pre-COVID (2010-2019),No,EURO,Italy,ITA,,,,,,False,,,,,,,,,,,,,,,,,,,,,,,,,,,,,,,,,,,,,,,,,,,,,,,,,,,,,,,,,,,,,,,,,,,,,,,,
2012,Pre-COVID (2010-2019),Sí,EURO,Latvia,LVA,83.0,100.0,66.0,80.0,96.0,True,100.0,100.0,33.0,100.0,66.0,100.0,60.0,80.0,100.0,88.0,94.0,100.0,100.0,100.0,71.0,71.0,20.0,20.0,92.0,100.0,96.0,82.0,80.0,17.0,59.0,100.0,100.0,100.0,100.0,92.0,92.0,100.0,100.0,,,,,,,,,,,,,,,,,,,,,,,,,,,,,,,,,,,,,,,
2012,Pre-COVID (2010-2019),No,EURO,Liechtenstein,LIE,,,,,,False,,,,,,,,,,,,,,,,,,,,,,,,,,,,,,,,,,,,,,,,,,,,,,,,,,,,,,,,,,,,,,,,,,,,,,,,
2012,Pre-COVID (2010-2019),Sí,EURO,Lithuania,LTU,84.0,100.0,83.0,85.0,87.0,True,100.0,100.0,67.0,100.0,83.0,100.0,70.0,85.0,11.0,100.0,55.0,80.0,60.0,70.0,100.0,100.0,20.0,20.0,75.0,100.0,87.0,82.0,100.0,100.0,94.0,100.0,100.0,100.0,100.0,100.0,100.0,93.0,93.0,,,,,,,,,,,,,,,,,,,,,,,,,,,,,,,,,,,,,,,
2012,Pre-COVID (2010-2019),Sí,EURO,Luxembourg,LUX,62.0,,53.0,50.0,83.0,True,0.0,,67.0,40.0,53.0,20.0,80.0,50.0,67.0,100.0,83.0,60.0,40.0,50.0,100.0,100.0,0.0,,67.0,100.0,83.0,64.0,100.0,100.0,88.0,89.0,89.0,73.0,73.0,46.0,46.0,86.0,86.0,,,,,,,,,,,,,,,,,,,,,,,,,,,,,,,,,,,,,,,
2012,Pre-COVID (2010-2019),Sí,EURO,Malta,MLT,70.0,100.0,100.0,100.0,79.0,True,100.0,100.0,100.0,100.0,100.0,100.0,100.0,100.0,67.0,75.0,71.0,60.0,60.0,60.0,57.0,57.0,0.0,,58.0,100.0,79.0,64.0,20.0,0.0,28.0,100.0,100.0,100.0,100.0,54.0,54.0,57.0,57.0,,,,,,,,,,,,,,,,,,,,,,,,,,,,,,,,,,,,,,,
2012,Pre-COVID (2010-2019),Sí,EURO,Monaco,MCO,63.0,75.0,63.0,70.0,57.0,True,75.0,75.0,67.0,60.0,63.0,80.0,60.0,70.0,78.0,88.0,83.0,40.0,80.0,60.0,71.0,71.0,20.0,20.0,75.0,40.0,57.0,64.0,80.0,83.0,75.0,0.0,,100.0,100.0,69.0,69.0,71.0,71.0,,,,,,,,,,,,,,,,,,,,,,,,,,,,,,,,,,,,,,,
2012,Pre-COVID (2010-2019),Sí,EURO,Montenegro,MNE,56.0,25.0,100.0,75.0,77.0,True,25.0,25.0,100.0,100.0,100.0,100.0,50.0,75.0,56.0,63.0,59.0,60.0,80.0,70.0,57.0,57.0,20.0,20.0,75.0,80.0,77.0,27.0,0.0,0.0,9.0,56.0,56.0,80.0,80.0,31.0,31.0,64.0,64.0,,,,,,,,,,,,,,,,,,,,,,,,,,,,,,,,,,,,,,,
2012,Pre-COVID (2010-2019),Sí,EURO,Netherlands (Kingdom of the),NLD,85.0,100.0,100.0,100.0,86.0,True,100.0,100.0,100.0,100.0,100.0,100.0,100.0,100.0,89.0,100.0,94.0,80.0,60.0,70.0,86.0,86.0,0.0,,92.0,80.0,86.0,91.0,40.0,100.0,77.0,89.0,89.0,100.0,100.0,100.0,100.0,100.0,100.0,,,,,,,,,,,,,,,,,,,,,,,,,,,,,,,,,,,,,,,
2012,Pre-COVID (2010-2019),No,EURO,North Macedonia,MKD,,,,,,False,,,,,,,,,,,,,,,,,,,,,,,,,,,,,,,,,,,,,,,,,,,,,,,,,,,,,,,,,,,,,,,,,,,,,,,,
2012,Pre-COVID (2010-2019),Sí,EURO,Norway,NOR,93.0,100.0,100.0,95.0,100.0,True,100.0,100.0,100.0,100.0,100.0,100.0,90.0,95.0,100.0,100.0,100.0,100.0,100.0,100.0,100.0,100.0,40.0,40.0,100.0,100.0,100.0,91.0,100.0,100.0,97.0,100.0,100.0,100.0,100.0,85.0,85.0,93.0,93.0,,,,,,,,,,,,,,,,,,,,,,,,,,,,,,,,,,,,,,,
2012,Pre-COVID (2010-2019),Sí,EURO,Poland,POL,76.0,50.0,100.0,95.0,100.0,True,50.0,50.0,100.0,100.0,100.0,100.0,90.0,95.0,100.0,88.0,94.0,100.0,80.0,90.0,43.0,43.0,0.0,,100.0,100.0,100.0,73.0,100.0,83.0,85.0,100.0,100.0,73.0,73.0,62.0,62.0,100.0,100.0,,,,,,,,,,,,,,,,,,,,,,,,,,,,,,,,,,,,,,,
2012,Pre-COVID (2010-2019),No,EURO,Portugal,PRT,,,,,,False,,,,,,,,,,,,,,,,,,,,,,,,,,,,,,,,,,,,,,,,,,,,,,,,,,,,,,,,,,,,,,,,,,,,,,,,
2012,Pre-COVID (2010-2019),Sí,EURO,Republic of Moldova,MDA,74.0,100.0,83.0,95.0,66.0,True,100.0,100.0,67.0,100.0,83.0,100.0,90.0,95.0,89.0,88.0,88.0,60.0,20.0,40.0,57.0,57.0,20.0,20.0,92.0,40.0,66.0,55.0,100.0,100.0,85.0,89.0,89.0,67.0,67.0,69.0,69.0,100.0,100.0,,,,,,,,,,,,,,,,,,,,,,,,,,,,,,,,,,,,,,,
2012,Pre-COVID (2010-2019),No,EURO,Romania,ROU,,,,,,False,,,,,,,,,,,,,,,,,,,,,,,,,,,,,,,,,,,,,,,,,,,,,,,,,,,,,,,,,,,,,,,,,,,,,,,,
2012,Pre-COVID (2010-2019),No,EURO,Russian Federation,RUS,,,,,,False,,,,,,,,,,,,,,,,,,,,,,,,,,,,,,,,,,,,,,,,,,,,,,,,,,,,,,,,,,,,,,,,,,,,,,,,
2012,Pre-COVID (2010-2019),No,EURO,San Marino,SMR,,,,,,False,,,,,,,,,,,,,,,,,,,,,,,,,,,,,,,,,,,,,,,,,,,,,,,,,,,,,,,,,,,,,,,,,,,,,,,,
2012,Pre-COVID (2010-2019),No,EURO,Serbia,SRB,,,,,,False,,,,,,,,,,,,,,,,,,,,,,,,,,,,,,,,,,,,,,,,,,,,,,,,,,,,,,,,,,,,,,,,,,,,,,,,
2012,Pre-COVID (2010-2019),Sí,EURO,Slovakia,SVK,79.0,100.0,100.0,100.0,86.0,True,100.0,100.0,100.0,100.0,100.0,100.0,100.0,100.0,78.0,100.0,89.0,80.0,100.0,90.0,100.0,100.0,40.0,40.0,92.0,80.0,86.0,9.0,20.0,0.0,9.0,89.0,89.0,100.0,100.0,77.0,77.0,50.0,50.0,,,,,,,,,,,,,,,,,,,,,,,,,,,,,,,,,,,,,,,
2012,Pre-COVID (2010-2019),Sí,EURO,Slovenia,SVN,58.0,100.0,30.0,85.0,43.0,True,100.0,100.0,0.0,60.0,30.0,100.0,70.0,85.0,22.0,88.0,55.0,20.0,60.0,40.0,14.0,14.0,20.0,20.0,67.0,20.0,43.0,45.0,80.0,0.0,41.0,100.0,100.0,87.0,87.0,69.0,69.0,64.0,64.0,,,,,,,,,,,,,,,,,,,,,,,,,,,,,,,,,,,,,,,
2012,Pre-COVID (2010-2019),Sí,EURO,Spain,ESP,87.0,100.0,83.0,95.0,81.0,True,100.0,100.0,67.0,100.0,83.0,100.0,90.0,95.0,100.0,88.0,94.0,100.0,100.0,100.0,43.0,43.0,60.0,60.0,83.0,80.0,81.0,89.0,100.0,100.0,96.0,100.0,100.0,93.0,93.0,92.0,92.0,100.0,100.0,,,,,,,,,,,,,,,,,,,,,,,,,,,,,,,,,,,,,,,
2012,Pre-COVID (2010-2019),Sí,EURO,Sweden,SWE,97.0,100.0,100.0,95.0,100.0,True,100.0,100.0,100.0,100.0,100.0,100.0,90.0,95.0,100.0,100.0,100.0,100.0,100.0,100.0,100.0,100.0,80.0,80.0,100.0,100.0,100.0,82.0,100.0,83.0,88.0,100.0,100.0,100.0,100.0,100.0,100.0,100.0,100.0,,,,,,,,,,,,,,,,,,,,,,,,,,,,,,,,,,,,,,,
2012,Pre-COVID (2010-2019),Sí,EURO,Switzerland,CHE,85.0,100.0,100.0,90.0,100.0,True,100.0,100.0,100.0,100.0,100.0,100.0,80.0,90.0,100.0,100.0,100.0,100.0,100.0,100.0,86.0,86.0,20.0,20.0,100.0,100.0,100.0,67.0,0.0,0.0,22.0,100.0,100.0,93.0,93.0,100.0,100.0,100.0,100.0,,,,,,,,,,,,,,,,,,,,,,,,,,,,,,,,,,,,,,,
2012,Pre-COVID (2010-2019),No,EURO,Ukraine,UKR,,,,,,False,,,,,,,,,,,,,,,,,,,,,,,,,,,,,,,,,,,,,,,,,,,,,,,,,,,,,,,,,,,,,,,,,,,,,,,,
2012,Pre-COVID (2010-2019),No,EURO,United Kingdom of Great Britain and Northern Ireland,GBR,,,,,,False,,,,,,,,,,,,,,,,,,,,,,,,,,,,,,,,,,,,,,,,,,,,,,,,,,,,,,,,,,,,,,,,,,,,,,,,
2013,Pre-COVID (2010-2019),Sí,AFRO,Algeria,DZA,40.0,50.0,53.0,75.0,36.0,True,50.0,50.0,67.0,40.0,53.0,80.0,70.0,75.0,33.0,75.0,54.0,83.0,40.0,61.0,29.0,29.0,60.0,60.0,73.0,0.0,36.0,18.0,0.0,0.0,6.0,56.0,56.0,20.0,20.0,15.0,15.0,0.0,,,,,,,,,,,,,,,,,,,,,,,,,,,,,,,,,,,,,,,,
2013,Pre-COVID (2010-2019),Sí,AFRO,Angola,AGO,41.0,50.0,73.0,60.0,57.0,True,50.0,50.0,67.0,80.0,73.0,80.0,40.0,60.0,78.0,57.0,67.0,50.0,0.0,25.0,29.0,29.0,60.0,60.0,75.0,40.0,57.0,50.0,0.0,0.0,16.0,33.0,33.0,27.0,27.0,15.0,15.0,17.0,17.0,,,,,,,,,,,,,,,,,,,,,,,,,,,,,,,,,,,,,,,
2013,Pre-COVID (2010-2019),No,AFRO,Benin,BEN,,,,,,False,,,,,,,,,,,,,,,,,,,,,,,,,,,,,,,,,,,,,,,,,,,,,,,,,,,,,,,,,,,,,,,,,,,,,,,,
2013,Pre-COVID (2010-2019),Sí,AFRO,Botswana,BWA,35.0,,10.0,70.0,81.0,True,0.0,,0.0,20.0,10.0,100.0,40.0,70.0,67.0,38.0,52.0,0.0,0.0,,29.0,29.0,20.0,20.0,83.0,80.0,81.0,36.0,100.0,67.0,67.0,78.0,78.0,33.0,33.0,0.0,,15.0,15.0,,,,,,,,,,,,,,,,,,,,,,,,,,,,,,,,,,,,,,,
2013,Pre-COVID (2010-2019),Sí,AFRO,Burkina Faso,BFA,64.0,100.0,80.0,65.0,86.0,True,100.0,100.0,100.0,60.0,80.0,80.0,50.0,65.0,100.0,75.0,87.0,50.0,40.0,45.0,43.0,43.0,60.0,60.0,92.0,80.0,86.0,13.0,0.0,0.0,4.0,100.0,100.0,87.0,87.0,23.0,23.0,50.0,50.0,,,,,,,,,,,,,,,,,,,,,,,,,,,,,,,,,,,,,,,
2013,Pre-COVID (2010-2019),Sí,AFRO,Burundi,BDI,36.0,,73.0,100.0,41.0,True,0.0,,67.0,80.0,73.0,100.0,100.0,100.0,89.0,75.0,82.0,100.0,0.0,50.0,57.0,57.0,0.0,,83.0,0.0,41.0,9.0,0.0,0.0,3.0,67.0,67.0,0.0,,0.0,,0.0,,,,,,,,,,,,,,,,,,,,,,,,,,,,,,,,,,,,,,,,
2013,Pre-COVID (2010-2019),No,AFRO,Cabo Verde,CPV,,,,,,False,,,,,,,,,,,,,,,,,,,,,,,,,,,,,,,,,,,,,,,,,,,,,,,,,,,,,,,,,,,,,,,,,,,,,,,,
2013,Pre-COVID (2010-2019),Sí,AFRO,Cameroon,CMR,89.0,100.0,100.0,85.0,100.0,True,100.0,100.0,100.0,100.0,100.0,100.0,70.0,85.0,100.0,88.0,94.0,100.0,100.0,100.0,100.0,100.0,100.0,100.0,100.0,100.0,100.0,64.0,20.0,0.0,28.0,100.0,100.0,73.0,73.0,92.0,92.0,85.0,85.0,,,,,,,,,,,,,,,,,,,,,,,,,,,,,,,,,,,,,,,
2013,Pre-COVID (2010-2019),Sí,AFRO,Central African Republic,CAF,19.0,,,40.0,43.0,True,0.0,,0.0,0.0,,40.0,40.0,40.0,44.0,50.0,47.0,33.0,0.0,16.0,14.0,14.0,40.0,40.0,67.0,20.0,43.0,0.0,0.0,0.0,,33.0,33.0,20.0,20.0,0.0,,0.0,,,,,,,,,,,,,,,,,,,,,,,,,,,,,,,,,,,,,,,,
2013,Pre-COVID (2010-2019),Sí,AFRO,Chad,TCD,34.0,25.0,30.0,75.0,41.0,True,25.0,25.0,0.0,60.0,30.0,100.0,50.0,75.0,56.0,63.0,59.0,17.0,0.0,8.0,57.0,57.0,20.0,20.0,83.0,0.0,41.0,45.0,0.0,0.0,15.0,67.0,67.0,27.0,27.0,0.0,,23.0,23.0,,,,,,,,,,,,,,,,,,,,,,,,,,,,,,,,,,,,,,,
2013,Pre-COVID (2010-2019),Sí,AFRO,Comoros,COM,29.0,,46.0,65.0,41.0,True,0.0,,33.0,60.0,46.0,60.0,70.0,65.0,44.0,0.0,22.0,50.0,0.0,25.0,14.0,14.0,50.0,50.0,83.0,0.0,41.0,36.0,0.0,17.0,17.0,78.0,78.0,13.0,13.0,0.0,,8.0,8.0,,,,,,,,,,,,,,,,,,,,,,,,,,,,,,,,,,,,,,,
2013,Pre-COVID (2010-2019),Sí,AFRO,Congo,COG,28.0,,26.0,37.0,71.0,True,0.0,,33.0,20.0,26.0,75.0,0.0,37.0,44.0,13.0,28.0,33.0,0.0,16.0,43.0,43.0,0.0,,83.0,60.0,71.0,36.0,40.0,33.0,36.0,78.0,78.0,20.0,20.0,15.0,15.0,0.0,,,,,,,,,,,,,,,,,,,,,,,,,,,,,,,,,,,,,,,,
2013,Pre-COVID (2010-2019),Sí,AFRO,Côte d'Ivoire,CIV,87.0,100.0,100.0,100.0,100.0,True,100.0,100.0,100.0,100.0,100.0,100.0,100.0,100.0,89.0,100.0,94.0,100.0,0.0,50.0,100.0,100.0,100.0,100.0,100.0,100.0,100.0,91.0,40.0,33.0,54.0,89.0,89.0,87.0,87.0,62.0,62.0,100.0,100.0,,,,,,,,,,,,,,,,,,,,,,,,,,,,,,,,,,,,,,,
2013,Pre-COVID (2010-2019),Sí,AFRO,Democratic Republic of the Congo,COD,61.0,50.0,46.0,85.0,100.0,True,50.0,50.0,33.0,60.0,46.0,80.0,90.0,85.0,78.0,63.0,70.0,100.0,20.0,60.0,100.0,100.0,40.0,40.0,100.0,100.0,100.0,55.0,20.0,0.0,25.0,78.0,78.0,60.0,60.0,0.0,,77.0,77.0,,,,,,,,,,,,,,,,,,,,,,,,,,,,,,,,,,,,,,,
2013,Pre-COVID (2010-2019),Sí,EMRO,Djibouti,DJI,43.0,50.0,36.0,55.0,41.0,True,50.0,50.0,33.0,40.0,36.0,80.0,30.0,55.0,89.0,75.0,82.0,50.0,20.0,35.0,57.0,57.0,40.0,40.0,83.0,0.0,41.0,55.0,0.0,0.0,18.0,67.0,67.0,60.0,60.0,23.0,23.0,0.0,,,,,,,,,,,,,,,,,,,,,,,,,,,,,,,,,,,,,,,,
2013,Pre-COVID (2010-2019),Sí,EMRO,Egypt,EGY,88.0,75.0,100.0,90.0,70.0,True,75.0,75.0,100.0,100.0,100.0,100.0,80.0,90.0,100.0,88.0,94.0,100.0,80.0,90.0,100.0,100.0,100.0,100.0,100.0,40.0,70.0,91.0,100.0,100.0,97.0,89.0,89.0,80.0,80.0,92.0,92.0,69.0,69.0,,,,,,,,,,,,,,,,,,,,,,,,,,,,,,,,,,,,,,,
2013,Pre-COVID (2010-2019),Sí,AFRO,Equatorial Guinea,GNQ,27.0,25.0,20.0,35.0,80.0,True,25.0,25.0,0.0,40.0,20.0,20.0,50.0,35.0,22.0,88.0,55.0,17.0,0.0,8.0,14.0,14.0,60.0,60.0,100.0,60.0,80.0,82.0,0.0,0.0,27.0,11.0,11.0,20.0,20.0,0.0,,0.0,,,,,,,,,,,,,,,,,,,,,,,,,,,,,,,,,,,,,,,,
2013,Pre-COVID (2010-2019),Sí,AFRO,Eritrea,ERI,59.0,50.0,100.0,80.0,86.0,True,50.0,50.0,100.0,100.0,100.0,100.0,60.0,80.0,89.0,100.0,94.0,50.0,40.0,45.0,29.0,29.0,60.0,60.0,92.0,80.0,86.0,64.0,60.0,33.0,52.0,89.0,89.0,33.0,33.0,54.0,54.0,0.0,,,,,,,,,,,,,,,,,,,,,,,,,,,,,,,,,,,,,,,,
2013,Pre-COVID (2010-2019),Sí,AFRO,Eswatini,SWZ,40.0,,36.0,65.0,67.0,True,0.0,,33.0,40.0,36.0,100.0,30.0,65.0,67.0,75.0,71.0,0.0,0.0,,86.0,86.0,60.0,60.0,75.0,60.0,67.0,18.0,0.0,17.0,11.0,56.0,56.0,47.0,47.0,8.0,8.0,8.0,8.0,,,,,,,,,,,,,,,,,,,,,,,,,,,,,,,,,,,,,,,
2013,Pre-COVID (2010-2019),No,AFRO,Ethiopia,ETH,,,,,,False,,,,,,,,,,,,,,,,,,,,,,,,,,,,,,,,,,,,,,,,,,,,,,,,,,,,,,,,,,,,,,,,,,,,,,,,
2013,Pre-COVID (2010-2019),No,AFRO,Gabon,GAB,,,,,,False,,,,,,,,,,,,,,,,,,,,,,,,,,,,,,,,,,,,,,,,,,,,,,,,,,,,,,,,,,,,,,,,,,,,,,,,
2013,Pre-COVID (2010-2019),Sí,AFRO,Gambia,GMB,62.0,25.0,66.0,85.0,96.0,True,25.0,25.0,33.0,100.0,66.0,100.0,70.0,85.0,56.0,63.0,59.0,67.0,60.0,63.0,71.0,71.0,0.0,,92.0,100.0,96.0,45.0,100.0,50.0,65.0,100.0,100.0,73.0,73.0,67.0,67.0,38.0,38.0,,,,,,,,,,,,,,,,,,,,,,,,,,,,,,,,,,,,,,,
2013,Pre-COVID (2010-2019),Sí,AFRO,Ghana,GHA,66.0,75.0,73.0,85.0,100.0,True,75.0,75.0,67.0,80.0,73.0,100.0,70.0,85.0,89.0,88.0,88.0,83.0,20.0,51.0,43.0,43.0,40.0,40.0,100.0,100.0,100.0,73.0,20.0,0.0,31.0,100.0,100.0,53.0,53.0,54.0,54.0,62.0,62.0,,,,,,,,,,,,,,,,,,,,,,,,,,,,,,,,,,,,,,,
2013,Pre-COVID (2010-2019),No,AFRO,Guinea,GIN,,,,,,False,,,,,,,,,,,,,,,,,,,,,,,,,,,,,,,,,,,,,,,,,,,,,,,,,,,,,,,,,,,,,,,,,,,,,,,,
2013,Pre-COVID (2010-2019),No,AFRO,Guinea-Bissau,GNB,,,,,,False,,,,,,,,,,,,,,,,,,,,,,,,,,,,,,,,,,,,,,,,,,,,,,,,,,,,,,,,,,,,,,,,,,,,,,,,
2013,Pre-COVID (2010-2019),Sí,AFRO,Kenya,KEN,69.0,50.0,100.0,85.0,96.0,True,50.0,50.0,100.0,100.0,100.0,100.0,70.0,85.0,78.0,88.0,83.0,67.0,40.0,53.0,57.0,57.0,40.0,40.0,92.0,100.0,96.0,82.0,100.0,33.0,71.0,100.0,100.0,73.0,73.0,46.0,46.0,46.0,46.0,,,,,,,,,,,,,,,,,,,,,,,,,,,,,,,,,,,,,,,
2013,Pre-COVID (2010-2019),Sí,AFRO,Lesotho,LSO,63.0,100.0,90.0,65.0,96.0,True,100.0,100.0,100.0,80.0,90.0,40.0,90.0,65.0,89.0,63.0,76.0,33.0,40.0,36.0,86.0,86.0,40.0,40.0,92.0,100.0,96.0,55.0,20.0,0.0,25.0,89.0,89.0,80.0,80.0,15.0,15.0,17.0,17.0,,,,,,,,,,,,,,,,,,,,,,,,,,,,,,,,,,,,,,,
2013,Pre-COVID (2010-2019),No,AFRO,Liberia,LBR,,,,,,False,,,,,,,,,,,,,,,,,,,,,,,,,,,,,,,,,,,,,,,,,,,,,,,,,,,,,,,,,,,,,,,,,,,,,,,,
2013,Pre-COVID (2010-2019),Sí,EMRO,Libya,LBY,60.0,75.0,56.0,45.0,61.0,True,75.0,75.0,33.0,80.0,56.0,20.0,70.0,45.0,78.0,88.0,83.0,100.0,20.0,60.0,29.0,29.0,40.0,40.0,83.0,40.0,61.0,55.0,40.0,83.0,59.0,78.0,78.0,93.0,93.0,15.0,15.0,83.0,83.0,,,,,,,,,,,,,,,,,,,,,,,,,,,,,,,,,,,,,,,
2013,Pre-COVID (2010-2019),Sí,AFRO,Madagascar,MDG,29.0,,36.0,55.0,59.0,True,0.0,,33.0,40.0,36.0,80.0,30.0,55.0,56.0,13.0,34.0,83.0,0.0,41.0,14.0,14.0,40.0,40.0,58.0,60.0,59.0,27.0,0.0,17.0,14.0,44.0,44.0,27.0,27.0,8.0,8.0,0.0,,,,,,,,,,,,,,,,,,,,,,,,,,,,,,,,,,,,,,,,
2013,Pre-COVID (2010-2019),No,AFRO,Malawi,MWI,,,,,,False,,,,,,,,,,,,,,,,,,,,,,,,,,,,,,,,,,,,,,,,,,,,,,,,,,,,,,,,,,,,,,,,,,,,,,,,
2013,Pre-COVID (2010-2019),No,AFRO,Mali,MLI,,,,,,False,,,,,,,,,,,,,,,,,,,,,,,,,,,,,,,,,,,,,,,,,,,,,,,,,,,,,,,,,,,,,,,,,,,,,,,,
2013,Pre-COVID (2010-2019),No,AFRO,Mauritania,MRT,,,,,,False,,,,,,,,,,,,,,,,,,,,,,,,,,,,,,,,,,,,,,,,,,,,,,,,,,,,,,,,,,,,,,,,,,,,,,,,
2013,Pre-COVID (2010-2019),Sí,AFRO,Mauritius,MUS,55.0,75.0,83.0,55.0,51.0,True,75.0,75.0,67.0,100.0,83.0,80.0,30.0,55.0,67.0,88.0,77.0,0.0,40.0,20.0,43.0,43.0,40.0,40.0,83.0,20.0,51.0,64.0,20.0,17.0,33.0,100.0,100.0,60.0,60.0,54.0,54.0,23.0,23.0,,,,,,,,,,,,,,,,,,,,,,,,,,,,,,,,,,,,,,,
2013,Pre-COVID (2010-2019),Sí,EMRO,Morocco,MAR,97.0,100.0,100.0,100.0,86.0,True,100.0,100.0,100.0,100.0,100.0,100.0,100.0,100.0,100.0,100.0,100.0,100.0,100.0,100.0,100.0,100.0,100.0,100.0,92.0,80.0,86.0,100.0,80.0,100.0,93.0,100.0,100.0,100.0,100.0,77.0,77.0,100.0,100.0,,,,,,,,,,,,,,,,,,,,,,,,,,,,,,,,,,,,,,,
2013,Pre-COVID (2010-2019),Sí,AFRO,Mozambique,MOZ,54.0,,73.0,90.0,39.0,True,0.0,,67.0,80.0,73.0,100.0,80.0,90.0,89.0,100.0,94.0,67.0,20.0,43.0,43.0,43.0,100.0,100.0,58.0,20.0,39.0,64.0,80.0,33.0,59.0,56.0,56.0,87.0,87.0,8.0,8.0,8.0,8.0,,,,,,,,,,,,,,,,,,,,,,,,,,,,,,,,,,,,,,,
2013,Pre-COVID (2010-2019),No,AFRO,Namibia,NAM,,,,,,False,,,,,,,,,,,,,,,,,,,,,,,,,,,,,,,,,,,,,,,,,,,,,,,,,,,,,,,,,,,,,,,,,,,,,,,,
2013,Pre-COVID (2010-2019),Sí,AFRO,Niger,NER,74.0,100.0,36.0,68.0,96.0,True,100.0,100.0,33.0,40.0,36.0,80.0,56.0,68.0,89.0,100.0,94.0,60.0,100.0,80.0,100.0,100.0,20.0,20.0,92.0,100.0,96.0,27.0,0.0,17.0,14.0,100.0,100.0,75.0,75.0,77.0,77.0,100.0,100.0,,,,,,,,,,,,,,,,,,,,,,,,,,,,,,,,,,,,,,,
2013,Pre-COVID (2010-2019),Sí,AFRO,Nigeria,NGA,52.0,25.0,83.0,75.0,61.0,True,25.0,25.0,67.0,100.0,83.0,80.0,70.0,75.0,67.0,50.0,58.0,50.0,40.0,45.0,57.0,57.0,20.0,20.0,83.0,40.0,61.0,13.0,0.0,0.0,4.0,67.0,67.0,67.0,67.0,54.0,54.0,62.0,62.0,,,,,,,,,,,,,,,,,,,,,,,,,,,,,,,,,,,,,,,
2013,Pre-COVID (2010-2019),Sí,AFRO,Rwanda,RWA,35.0,,16.0,80.0,96.0,True,0.0,,33.0,0.0,16.0,100.0,60.0,80.0,56.0,88.0,72.0,17.0,0.0,8.0,57.0,57.0,40.0,40.0,92.0,100.0,96.0,9.0,0.0,0.0,3.0,44.0,44.0,33.0,33.0,8.0,8.0,0.0,,,,,,,,,,,,,,,,,,,,,,,,,,,,,,,,,,,,,,,,
2013,Pre-COVID (2010-2019),Sí,AFRO,Sao Tome and Principe,STP,16.0,,46.0,40.0,36.0,True,0.0,,33.0,60.0,46.0,80.0,0.0,40.0,44.0,13.0,28.0,17.0,0.0,8.0,14.0,14.0,0.0,,33.0,40.0,36.0,18.0,20.0,0.0,12.0,22.0,22.0,0.0,,0.0,,0.0,,,,,,,,,,,,,,,,,,,,,,,,,,,,,,,,,,,,,,,,
2013,Pre-COVID (2010-2019),No,AFRO,Senegal,SEN,,,,,,False,,,,,,,,,,,,,,,,,,,,,,,,,,,,,,,,,,,,,,,,,,,,,,,,,,,,,,,,,,,,,,,,,,,,,,,,
2013,Pre-COVID (2010-2019),Sí,AFRO,Seychelles,SYC,54.0,,73.0,95.0,96.0,True,0.0,,67.0,80.0,73.0,100.0,90.0,95.0,89.0,88.0,88.0,17.0,0.0,8.0,43.0,43.0,40.0,40.0,92.0,100.0,96.0,55.0,20.0,17.0,30.0,100.0,100.0,80.0,80.0,54.0,54.0,0.0,,,,,,,,,,,,,,,,,,,,,,,,,,,,,,,,,,,,,,,,
2013,Pre-COVID (2010-2019),Sí,AFRO,Sierra Leone,SLE,59.0,50.0,53.0,90.0,96.0,True,50.0,50.0,67.0,40.0,53.0,100.0,80.0,90.0,78.0,63.0,70.0,67.0,0.0,33.0,86.0,86.0,60.0,60.0,92.0,100.0,96.0,36.0,40.0,50.0,42.0,78.0,78.0,53.0,53.0,23.0,23.0,38.0,38.0,,,,,,,,,,,,,,,,,,,,,,,,,,,,,,,,,,,,,,,
2013,Pre-COVID (2010-2019),Sí,EMRO,Somalia,SOM,16.0,,10.0,70.0,29.0,True,0.0,,0.0,20.0,10.0,100.0,40.0,70.0,56.0,13.0,34.0,33.0,0.0,16.0,14.0,14.0,0.0,,58.0,0.0,29.0,0.0,0.0,0.0,,22.0,22.0,7.0,7.0,0.0,,8.0,8.0,,,,,,,,,,,,,,,,,,,,,,,,,,,,,,,,,,,,,,,
2013,Pre-COVID (2010-2019),Sí,AFRO,South Africa,ZAF,76.0,75.0,73.0,80.0,91.0,True,75.0,75.0,67.0,80.0,73.0,80.0,80.0,80.0,89.0,88.0,88.0,67.0,100.0,83.0,100.0,100.0,50.0,50.0,83.0,100.0,91.0,38.0,0.0,0.0,12.0,100.0,100.0,80.0,80.0,77.0,77.0,77.0,77.0,,,,,,,,,,,,,,,,,,,,,,,,,,,,,,,,,,,,,,,
2013,Pre-COVID (2010-2019),Sí,AFRO,South Sudan,SSD,43.0,100.0,46.0,75.0,29.0,True,100.0,100.0,33.0,60.0,46.0,80.0,70.0,75.0,78.0,25.0,51.0,100.0,80.0,90.0,71.0,71.0,100.0,100.0,58.0,0.0,29.0,0.0,0.0,0.0,,0.0,,0.0,,0.0,,0.0,,,,,,,,,,,,,,,,,,,,,,,,,,,,,,,,,,,,,,,,
2013,Pre-COVID (2010-2019),Sí,EMRO,Sudan,SDN,66.0,50.0,100.0,90.0,50.0,True,50.0,50.0,100.0,100.0,100.0,100.0,80.0,90.0,89.0,75.0,82.0,50.0,80.0,65.0,57.0,57.0,80.0,80.0,100.0,0.0,50.0,73.0,0.0,0.0,24.0,100.0,100.0,73.0,73.0,46.0,46.0,38.0,38.0,,,,,,,,,,,,,,,,,,,,,,,,,,,,,,,,,,,,,,,
2013,Pre-COVID (2010-2019),Sí,AFRO,Togo,TGO,50.0,,83.0,90.0,67.0,True,0.0,,67.0,100.0,83.0,100.0,80.0,90.0,89.0,100.0,94.0,100.0,60.0,80.0,0.0,,80.0,80.0,75.0,60.0,67.0,27.0,0.0,0.0,9.0,67.0,67.0,47.0,47.0,23.0,23.0,8.0,8.0,,,,,,,,,,,,,,,,,,,,,,,,,,,,,,,,,,,,,,,
2013,Pre-COVID (2010-2019),Sí,EMRO,Tunisia,TUN,56.0,75.0,80.0,90.0,39.0,True,75.0,75.0,100.0,60.0,80.0,100.0,80.0,90.0,56.0,38.0,47.0,17.0,0.0,8.0,43.0,43.0,40.0,40.0,58.0,20.0,39.0,45.0,0.0,33.0,26.0,89.0,89.0,80.0,80.0,77.0,77.0,38.0,38.0,,,,,,,,,,,,,,,,,,,,,,,,,,,,,,,,,,,,,,,
2013,Pre-COVID (2010-2019),Sí,AFRO,Uganda,UGA,73.0,100.0,100.0,80.0,100.0,True,100.0,100.0,100.0,100.0,100.0,100.0,60.0,80.0,100.0,63.0,81.0,100.0,60.0,80.0,100.0,100.0,40.0,40.0,100.0,100.0,100.0,27.0,0.0,0.0,9.0,100.0,100.0,87.0,87.0,38.0,38.0,31.0,31.0,,,,,,,,,,,,,,,,,,,,,,,,,,,,,,,,,,,,,,,
2013,Pre-COVID (2010-2019),Sí,AFRO,United Republic of Tanzania,TZA,53.0,50.0,40.0,75.0,69.0,True,50.0,50.0,0.0,80.0,40.0,100.0,50.0,75.0,78.0,75.0,76.0,33.0,0.0,16.0,57.0,57.0,60.0,60.0,58.0,80.0,69.0,27.0,0.0,0.0,9.0,56.0,56.0,60.0,60.0,69.0,69.0,54.0,54.0,,,,,,,,,,,,,,,,,,,,,,,,,,,,,,,,,,,,,,,
2013,Pre-COVID (2010-2019),Sí,AFRO,Zambia,ZMB,91.0,100.0,100.0,95.0,100.0,True,100.0,100.0,100.0,100.0,100.0,100.0,90.0,95.0,89.0,100.0,94.0,100.0,100.0,100.0,100.0,100.0,100.0,100.0,100.0,100.0,100.0,55.0,40.0,17.0,37.0,100.0,100.0,93.0,93.0,77.0,77.0,85.0,85.0,,,,,,,,,,,,,,,,,,,,,,,,,,,,,,,,,,,,,,,
2013,Pre-COVID (2010-2019),No,AFRO,Zimbabwe,ZWE,,,,,,False,,,,,,,,,,,,,,,,,,,,,,,,,,,,,,,,,,,,,,,,,,,,,,,,,,,,,,,,,,,,,,,,,,,,,,,,
2013,Pre-COVID (2010-2019),Sí,WPRO,Australia,AUS,98.0,100.0,100.0,95.0,96.0,True,100.0,100.0,100.0,100.0,100.0,100.0,90.0,95.0,89.0,100.0,94.0,100.0,100.0,100.0,100.0,100.0,100.0,100.0,92.0,100.0,96.0,100.0,100.0,100.0,100.0,100.0,100.0,87.0,87.0,100.0,100.0,100.0,100.0,,,,,,,,,,,,,,,,,,,,,,,,,,,,,,,,,,,,,,,
2013,Pre-COVID (2010-2019),Sí,WPRO,Cook Islands,COK,89.0,100.0,100.0,90.0,96.0,True,100.0,100.0,100.0,100.0,100.0,80.0,100.0,90.0,100.0,100.0,100.0,100.0,80.0,90.0,100.0,100.0,80.0,80.0,92.0,100.0,96.0,100.0,100.0,100.0,100.0,100.0,100.0,100.0,100.0,69.0,69.0,38.0,38.0,,,,,,,,,,,,,,,,,,,,,,,,,,,,,,,,,,,,,,,
2013,Pre-COVID (2010-2019),Sí,WPRO,Fiji,FJI,95.0,100.0,100.0,85.0,100.0,True,100.0,100.0,100.0,100.0,100.0,100.0,70.0,85.0,100.0,100.0,100.0,100.0,100.0,100.0,100.0,100.0,100.0,100.0,100.0,100.0,100.0,82.0,100.0,100.0,94.0,100.0,100.0,87.0,87.0,92.0,92.0,77.0,77.0,,,,,,,,,,,,,,,,,,,,,,,,,,,,,,,,,,,,,,,
2013,Pre-COVID (2010-2019),Sí,WPRO,Kiribati,KIR,70.0,100.0,53.0,68.0,71.0,True,100.0,100.0,67.0,40.0,53.0,80.0,56.0,68.0,78.0,100.0,89.0,83.0,100.0,91.0,83.0,83.0,50.0,50.0,82.0,60.0,71.0,55.0,80.0,83.0,72.0,100.0,100.0,67.0,67.0,46.0,46.0,23.0,23.0,,,,,,,,,,,,,,,,,,,,,,,,,,,,,,,,,,,,,,,
2013,Pre-COVID (2010-2019),Sí,WPRO,Marshall Islands,MHL,51.0,100.0,53.0,80.0,56.0,True,100.0,100.0,67.0,40.0,53.0,100.0,60.0,80.0,78.0,88.0,83.0,50.0,100.0,75.0,71.0,71.0,100.0,100.0,92.0,20.0,56.0,50.0,0.0,0.0,16.0,0.0,,27.0,27.0,0.0,,0.0,,,,,,,,,,,,,,,,,,,,,,,,,,,,,,,,,,,,,,,,
2013,Pre-COVID (2010-2019),Sí,WPRO,Micronesia,FSM,35.0,50.0,20.0,40.0,29.0,True,50.0,50.0,0.0,40.0,20.0,60.0,20.0,40.0,56.0,63.0,59.0,33.0,20.0,26.0,57.0,57.0,20.0,20.0,58.0,0.0,29.0,55.0,80.0,100.0,78.0,22.0,22.0,40.0,40.0,8.0,8.0,0.0,,,,,,,,,,,,,,,,,,,,,,,,,,,,,,,,,,,,,,,,
2013,Pre-COVID (2010-2019),No,WPRO,Nauru,NRU,,,,,,False,,,,,,,,,,,,,,,,,,,,,,,,,,,,,,,,,,,,,,,,,,,,,,,,,,,,,,,,,,,,,,,,,,,,,,,,
2013,Pre-COVID (2010-2019),Sí,WPRO,New Zealand,NZL,98.0,100.0,100.0,100.0,91.0,True,100.0,100.0,100.0,100.0,100.0,100.0,100.0,100.0,89.0,100.0,94.0,100.0,100.0,100.0,100.0,100.0,100.0,100.0,83.0,100.0,91.0,91.0,100.0,83.0,91.0,100.0,100.0,100.0,100.0,100.0,100.0,100.0,100.0,,,,,,,,,,,,,,,,,,,,,,,,,,,,,,,,,,,,,,,
2013,Pre-COVID (2010-2019),Sí,WPRO,Niue,NIU,54.0,25.0,56.0,55.0,96.0,True,25.0,25.0,33.0,80.0,56.0,60.0,50.0,55.0,89.0,75.0,82.0,80.0,60.0,70.0,100.0,100.0,20.0,20.0,92.0,100.0,96.0,36.0,20.0,17.0,24.0,56.0,56.0,67.0,67.0,46.0,46.0,0.0,,,,,,,,,,,,,,,,,,,,,,,,,,,,,,,,,,,,,,,,
2013,Pre-COVID (2010-2019),Sí,WPRO,Palau,PLW,84.0,100.0,53.0,75.0,76.0,True,100.0,100.0,67.0,40.0,53.0,100.0,50.0,75.0,100.0,100.0,100.0,100.0,100.0,100.0,100.0,100.0,60.0,60.0,92.0,60.0,76.0,64.0,100.0,83.0,82.0,89.0,89.0,100.0,100.0,100.0,100.0,62.0,62.0,,,,,,,,,,,,,,,,,,,,,,,,,,,,,,,,,,,,,,,
2013,Pre-COVID (2010-2019),Sí,WPRO,Papua New Guinea,PNG,54.0,25.0,73.0,80.0,61.0,True,25.0,25.0,67.0,80.0,73.0,80.0,80.0,80.0,89.0,63.0,76.0,83.0,0.0,41.0,86.0,86.0,60.0,60.0,83.0,40.0,61.0,55.0,80.0,0.0,45.0,100.0,100.0,47.0,47.0,8.0,8.0,0.0,,,,,,,,,,,,,,,,,,,,,,,,,,,,,,,,,,,,,,,,
2013,Pre-COVID (2010-2019),Sí,WPRO,Samoa,WSM,71.0,75.0,100.0,75.0,53.0,True,75.0,75.0,100.0,100.0,100.0,100.0,50.0,75.0,78.0,75.0,76.0,83.0,40.0,61.0,100.0,100.0,60.0,60.0,67.0,40.0,53.0,91.0,100.0,83.0,91.0,100.0,100.0,93.0,93.0,23.0,23.0,15.0,15.0,,,,,,,,,,,,,,,,,,,,,,,,,,,,,,,,,,,,,,,
2013,Pre-COVID (2010-2019),Sí,WPRO,Solomon Islands,SLB,48.0,,90.0,80.0,66.0,True,0.0,,100.0,80.0,90.0,100.0,60.0,80.0,67.0,88.0,77.0,83.0,0.0,41.0,71.0,71.0,40.0,40.0,92.0,40.0,66.0,44.0,0.0,0.0,14.0,67.0,67.0,27.0,27.0,15.0,15.0,31.0,31.0,,,,,,,,,,,,,,,,,,,,,,,,,,,,,,,,,,,,,,,
2013,Pre-COVID (2010-2019),Sí,WPRO,Tonga,TON,74.0,100.0,100.0,100.0,96.0,True,100.0,100.0,100.0,100.0,100.0,100.0,100.0,100.0,100.0,100.0,100.0,100.0,60.0,80.0,100.0,100.0,60.0,60.0,92.0,100.0,96.0,91.0,80.0,0.0,57.0,100.0,100.0,60.0,60.0,8.0,8.0,0.0,,,,,,,,,,,,,,,,,,,,,,,,,,,,,,,,,,,,,,,,
2013,Pre-COVID (2010-2019),Sí,WPRO,Tuvalu,TUV,83.0,100.0,83.0,60.0,100.0,True,100.0,100.0,67.0,100.0,83.0,80.0,40.0,60.0,89.0,100.0,94.0,83.0,100.0,91.0,86.0,86.0,60.0,60.0,100.0,100.0,100.0,91.0,100.0,100.0,97.0,78.0,78.0,93.0,93.0,82.0,82.0,54.0,54.0,,,,,,,,,,,,,,,,,,,,,,,,,,,,,,,,,,,,,,,
2013,Pre-COVID (2010-2019),Sí,WPRO,Vanuatu,VUT,68.0,67.0,100.0,95.0,96.0,True,67.0,67.0,100.0,100.0,100.0,100.0,90.0,95.0,100.0,100.0,100.0,83.0,80.0,81.0,86.0,86.0,60.0,60.0,92.0,100.0,96.0,55.0,100.0,17.0,57.0,0.0,,87.0,87.0,46.0,46.0,8.0,8.0,,,,,,,,,,,,,,,,,,,,,,,,,,,,,,,,,,,,,,,
2013,Pre-COVID (2010-2019),Sí,AMRO,Antigua and Barbuda,ATG,73.0,100.0,66.0,95.0,45.0,True,100.0,100.0,33.0,100.0,66.0,100.0,90.0,95.0,67.0,63.0,65.0,50.0,50.0,50.0,57.0,57.0,100.0,100.0,91.0,0.0,45.0,91.0,100.0,67.0,86.0,100.0,100.0,80.0,80.0,85.0,85.0,23.0,23.0,,,,,,,,,,,,,,,,,,,,,,,,,,,,,,,,,,,,,,,
2013,Pre-COVID (2010-2019),Sí,AMRO,Argentina,ARG,75.0,50.0,73.0,80.0,90.0,True,50.0,50.0,67.0,80.0,73.0,80.0,80.0,80.0,78.0,88.0,83.0,100.0,100.0,100.0,86.0,86.0,100.0,100.0,100.0,80.0,90.0,82.0,0.0,0.0,27.0,100.0,100.0,60.0,60.0,69.0,69.0,62.0,62.0,,,,,,,,,,,,,,,,,,,,,,,,,,,,,,,,,,,,,,,
2013,Pre-COVID (2010-2019),No,AMRO,Bahamas,BHS,,,,,,False,,,,,,,,,,,,,,,,,,,,,,,,,,,,,,,,,,,,,,,,,,,,,,,,,,,,,,,,,,,,,,,,,,,,,,,,
2013,Pre-COVID (2010-2019),Sí,AMRO,Barbados,BRB,78.0,100.0,53.0,100.0,96.0,True,100.0,100.0,67.0,40.0,53.0,100.0,100.0,100.0,78.0,100.0,89.0,100.0,80.0,90.0,86.0,86.0,60.0,60.0,92.0,100.0,96.0,100.0,100.0,100.0,100.0,100.0,100.0,73.0,73.0,54.0,54.0,15.0,15.0,,,,,,,,,,,,,,,,,,,,,,,,,,,,,,,,,,,,,,,
2013,Pre-COVID (2010-2019),Sí,AMRO,Belize,BLZ,43.0,25.0,56.0,85.0,73.0,True,25.0,25.0,33.0,80.0,56.0,100.0,70.0,85.0,89.0,75.0,82.0,33.0,20.0,26.0,57.0,57.0,40.0,40.0,67.0,80.0,73.0,36.0,0.0,0.0,12.0,67.0,67.0,27.0,27.0,15.0,15.0,0.0,,,,,,,,,,,,,,,,,,,,,,,,,,,,,,,,,,,,,,,,
2013,Pre-COVID (2010-2019),Sí,AMRO,Bolivia (Plurinational State of),BOL,64.0,100.0,87.0,85.0,96.0,True,100.0,100.0,100.0,75.0,87.0,100.0,70.0,85.0,56.0,75.0,65.0,83.0,0.0,41.0,71.0,71.0,40.0,40.0,92.0,100.0,96.0,64.0,0.0,0.0,21.0,89.0,89.0,53.0,53.0,15.0,15.0,69.0,69.0,,,,,,,,,,,,,,,,,,,,,,,,,,,,,,,,,,,,,,,
2013,Pre-COVID (2010-2019),Sí,AMRO,Brazil,BRA,89.0,100.0,90.0,90.0,96.0,True,100.0,100.0,100.0,80.0,90.0,80.0,100.0,90.0,100.0,100.0,100.0,100.0,80.0,90.0,100.0,100.0,80.0,80.0,92.0,100.0,96.0,91.0,100.0,50.0,80.0,89.0,89.0,93.0,93.0,62.0,62.0,92.0,92.0,,,,,,,,,,,,,,,,,,,,,,,,,,,,,,,,,,,,,,,
2013,Pre-COVID (2010-2019),Sí,AMRO,Canada,CAN,99.0,100.0,83.0,100.0,100.0,True,100.0,100.0,67.0,100.0,83.0,100.0,100.0,100.0,100.0,100.0,100.0,100.0,100.0,100.0,100.0,100.0,100.0,100.0,100.0,100.0,100.0,100.0,100.0,100.0,100.0,100.0,100.0,100.0,100.0,100.0,100.0,100.0,100.0,,,,,,,,,,,,,,,,,,,,,,,,,,,,,,,,,,,,,,,
2013,Pre-COVID (2010-2019),Sí,AMRO,Chile,CHL,73.0,75.0,100.0,90.0,86.0,True,75.0,75.0,100.0,100.0,100.0,100.0,80.0,90.0,78.0,100.0,89.0,100.0,100.0,100.0,43.0,43.0,20.0,20.0,92.0,80.0,86.0,45.0,60.0,33.0,46.0,89.0,89.0,93.0,93.0,31.0,31.0,92.0,92.0,,,,,,,,,,,,,,,,,,,,,,,,,,,,,,,,,,,,,,,
2013,Pre-COVID (2010-2019),Sí,AMRO,Colombia,COL,74.0,100.0,63.0,50.0,76.0,True,100.0,100.0,67.0,60.0,63.0,60.0,40.0,50.0,89.0,63.0,76.0,67.0,0.0,33.0,100.0,100.0,80.0,80.0,92.0,60.0,76.0,82.0,100.0,67.0,83.0,89.0,89.0,67.0,67.0,77.0,77.0,69.0,69.0,,,,,,,,,,,,,,,,,,,,,,,,,,,,,,,,,,,,,,,
2013,Pre-COVID (2010-2019),Sí,AMRO,Costa Rica,CRI,89.0,100.0,100.0,95.0,76.0,True,100.0,100.0,100.0,100.0,100.0,100.0,90.0,95.0,100.0,100.0,100.0,83.0,60.0,71.0,100.0,100.0,80.0,80.0,92.0,60.0,76.0,91.0,100.0,100.0,97.0,100.0,100.0,100.0,100.0,77.0,77.0,62.0,62.0,,,,,,,,,,,,,,,,,,,,,,,,,,,,,,,,,,,,,,,
2013,Pre-COVID (2010-2019),Sí,AMRO,Cuba,CUB,99.0,100.0,100.0,95.0,100.0,True,100.0,100.0,100.0,100.0,100.0,100.0,90.0,95.0,100.0,100.0,100.0,100.0,100.0,100.0,100.0,100.0,100.0,100.0,100.0,100.0,100.0,100.0,100.0,100.0,100.0,100.0,100.0,100.0,100.0,92.0,92.0,100.0,100.0,,,,,,,,,,,,,,,,,,,,,,,,,,,,,,,,,,,,,,,
2013,Pre-COVID (2010-2019),Sí,AMRO,Dominica,DMA,69.0,75.0,100.0,72.0,37.0,True,75.0,75.0,100.0,100.0,100.0,100.0,44.0,72.0,67.0,100.0,83.0,100.0,25.0,62.0,100.0,100.0,25.0,25.0,75.0,0.0,37.0,80.0,80.0,67.0,75.0,100.0,100.0,86.0,86.0,46.0,46.0,31.0,31.0,,,,,,,,,,,,,,,,,,,,,,,,,,,,,,,,,,,,,,,
2013,Pre-COVID (2010-2019),Sí,AMRO,Dominican Republic,DOM,72.0,75.0,90.0,75.0,90.0,True,75.0,75.0,100.0,80.0,90.0,80.0,70.0,75.0,89.0,63.0,76.0,83.0,80.0,81.0,100.0,100.0,100.0,100.0,100.0,80.0,90.0,82.0,60.0,50.0,64.0,56.0,56.0,27.0,27.0,31.0,31.0,69.0,69.0,,,,,,,,,,,,,,,,,,,,,,,,,,,,,,,,,,,,,,,
2013,Pre-COVID (2010-2019),Sí,AMRO,Ecuador,ECU,44.0,25.0,56.0,60.0,41.0,True,25.0,25.0,33.0,80.0,56.0,100.0,20.0,60.0,33.0,13.0,23.0,17.0,20.0,18.0,14.0,14.0,40.0,40.0,42.0,40.0,41.0,45.0,100.0,33.0,59.0,78.0,78.0,53.0,53.0,15.0,15.0,92.0,92.0,,,,,,,,,,,,,,,,,,,,,,,,,,,,,,,,,,,,,,,
2013,Pre-COVID (2010-2019),Sí,AMRO,El Salvador,SLV,90.0,100.0,100.0,100.0,100.0,True,100.0,100.0,100.0,100.0,100.0,100.0,100.0,100.0,100.0,100.0,100.0,100.0,80.0,90.0,100.0,100.0,100.0,100.0,100.0,100.0,100.0,91.0,80.0,100.0,90.0,100.0,100.0,67.0,67.0,54.0,54.0,69.0,69.0,,,,,,,,,,,,,,,,,,,,,,,,,,,,,,,,,,,,,,,
2013,Pre-COVID (2010-2019),Sí,AMRO,Grenada,GRD,58.0,75.0,83.0,85.0,45.0,True,75.0,75.0,67.0,100.0,83.0,100.0,70.0,85.0,78.0,50.0,64.0,33.0,0.0,16.0,57.0,57.0,60.0,60.0,50.0,40.0,45.0,55.0,80.0,17.0,50.0,100.0,100.0,67.0,67.0,46.0,46.0,0.0,,,,,,,,,,,,,,,,,,,,,,,,,,,,,,,,,,,,,,,,
2013,Pre-COVID (2010-2019),Sí,AMRO,Guatemala,GTM,88.0,50.0,100.0,100.0,75.0,True,50.0,50.0,100.0,100.0,100.0,100.0,100.0,100.0,100.0,88.0,94.0,100.0,100.0,100.0,100.0,100.0,100.0,100.0,50.0,100.0,75.0,73.0,40.0,50.0,54.0,100.0,100.0,100.0,100.0,100.0,100.0,67.0,67.0,,,,,,,,,,,,,,,,,,,,,,,,,,,,,,,,,,,,,,,
2013,Pre-COVID (2010-2019),Sí,AMRO,Guyana,GUY,77.0,100.0,83.0,80.0,100.0,True,100.0,100.0,67.0,100.0,83.0,80.0,80.0,80.0,100.0,100.0,100.0,100.0,80.0,90.0,86.0,86.0,100.0,100.0,100.0,100.0,100.0,55.0,60.0,0.0,38.0,100.0,100.0,67.0,67.0,62.0,62.0,0.0,,,,,,,,,,,,,,,,,,,,,,,,,,,,,,,,,,,,,,,,
2013,Pre-COVID (2010-2019),Sí,AMRO,Haiti,HTI,45.0,25.0,46.0,95.0,60.0,True,25.0,25.0,33.0,60.0,46.0,100.0,90.0,95.0,78.0,75.0,76.0,0.0,40.0,20.0,100.0,100.0,60.0,60.0,100.0,20.0,60.0,27.0,20.0,17.0,21.0,67.0,67.0,20.0,20.0,0.0,,0.0,,,,,,,,,,,,,,,,,,,,,,,,,,,,,,,,,,,,,,,,
2013,Pre-COVID (2010-2019),Sí,AMRO,Honduras,HND,52.0,75.0,56.0,90.0,66.0,True,75.0,75.0,33.0,80.0,56.0,100.0,80.0,90.0,78.0,50.0,64.0,67.0,20.0,43.0,0.0,,75.0,75.0,92.0,40.0,66.0,27.0,0.0,0.0,9.0,100.0,100.0,40.0,40.0,31.0,31.0,23.0,23.0,,,,,,,,,,,,,,,,,,,,,,,,,,,,,,,,,,,,,,,
2013,Pre-COVID (2010-2019),Sí,AMRO,Jamaica,JAM,61.0,100.0,66.0,70.0,47.0,True,100.0,100.0,33.0,100.0,66.0,100.0,40.0,70.0,100.0,75.0,87.0,83.0,60.0,71.0,57.0,57.0,20.0,20.0,75.0,20.0,47.0,55.0,100.0,33.0,62.0,67.0,67.0,67.0,67.0,62.0,62.0,23.0,23.0,,,,,,,,,,,,,,,,,,,,,,,,,,,,,,,,,,,,,,,
2013,Pre-COVID (2010-2019),Sí,AMRO,Mexico,MEX,89.0,100.0,70.0,95.0,100.0,True,100.0,100.0,100.0,40.0,70.0,100.0,90.0,95.0,78.0,100.0,89.0,100.0,80.0,90.0,71.0,71.0,100.0,100.0,100.0,100.0,100.0,100.0,100.0,67.0,89.0,100.0,100.0,93.0,93.0,69.0,69.0,92.0,92.0,,,,,,,,,,,,,,,,,,,,,,,,,,,,,,,,,,,,,,,
2013,Pre-COVID (2010-2019),Sí,AMRO,Nicaragua,NIC,88.0,100.0,83.0,100.0,86.0,True,100.0,100.0,67.0,100.0,83.0,100.0,100.0,100.0,89.0,75.0,82.0,100.0,80.0,90.0,100.0,100.0,60.0,60.0,92.0,80.0,86.0,91.0,80.0,33.0,68.0,100.0,100.0,80.0,80.0,92.0,92.0,100.0,100.0,,,,,,,,,,,,,,,,,,,,,,,,,,,,,,,,,,,,,,,
2013,Pre-COVID (2010-2019),Sí,AMRO,Panama,PAN,71.0,75.0,83.0,95.0,96.0,True,75.0,75.0,67.0,100.0,83.0,100.0,90.0,95.0,78.0,88.0,83.0,100.0,40.0,70.0,71.0,71.0,40.0,40.0,92.0,100.0,96.0,82.0,100.0,33.0,71.0,89.0,89.0,87.0,87.0,23.0,23.0,38.0,38.0,,,,,,,,,,,,,,,,,,,,,,,,,,,,,,,,,,,,,,,
2013,Pre-COVID (2010-2019),Sí,AMRO,Paraguay,PRY,75.0,100.0,90.0,70.0,100.0,True,100.0,100.0,100.0,80.0,90.0,60.0,80.0,70.0,78.0,88.0,83.0,67.0,40.0,53.0,100.0,100.0,60.0,60.0,100.0,100.0,100.0,82.0,20.0,0.0,34.0,67.0,67.0,73.0,73.0,69.0,69.0,77.0,77.0,,,,,,,,,,,,,,,,,,,,,,,,,,,,,,,,,,,,,,,
2013,Pre-COVID (2010-2019),Sí,AMRO,Peru,PER,75.0,100.0,56.0,95.0,87.0,True,100.0,100.0,33.0,80.0,56.0,100.0,90.0,95.0,89.0,88.0,88.0,50.0,80.0,65.0,100.0,100.0,80.0,80.0,75.0,100.0,87.0,64.0,0.0,0.0,21.0,100.0,100.0,87.0,87.0,31.0,31.0,69.0,69.0,,,,,,,,,,,,,,,,,,,,,,,,,,,,,,,,,,,,,,,
2013,Pre-COVID (2010-2019),Sí,AMRO,Saint Kitts and Nevis,KNA,58.0,50.0,83.0,80.0,81.0,True,50.0,50.0,67.0,100.0,83.0,100.0,60.0,80.0,78.0,100.0,89.0,33.0,40.0,36.0,57.0,57.0,60.0,60.0,83.0,80.0,81.0,55.0,80.0,0.0,45.0,100.0,100.0,67.0,67.0,8.0,8.0,0.0,,,,,,,,,,,,,,,,,,,,,,,,,,,,,,,,,,,,,,,,
2013,Pre-COVID (2010-2019),No,AMRO,Saint Lucia,LCA,,,,,,False,,,,,,,,,,,,,,,,,,,,,,,,,,,,,,,,,,,,,,,,,,,,,,,,,,,,,,,,,,,,,,,,,,,,,,,,
2013,Pre-COVID (2010-2019),Sí,AMRO,Saint Vincent and the Grenadines,VCT,58.0,50.0,83.0,80.0,81.0,True,50.0,50.0,67.0,100.0,83.0,100.0,60.0,80.0,78.0,100.0,89.0,33.0,40.0,36.0,57.0,57.0,60.0,60.0,83.0,80.0,81.0,55.0,80.0,0.0,45.0,100.0,100.0,67.0,67.0,8.0,8.0,0.0,,,,,,,,,,,,,,,,,,,,,,,,,,,,,,,,,,,,,,,,
2013,Pre-COVID (2010-2019),Sí,AMRO,Suriname,SUR,61.0,50.0,83.0,85.0,100.0,True,50.0,50.0,67.0,100.0,83.0,100.0,70.0,85.0,78.0,100.0,89.0,17.0,80.0,48.0,43.0,43.0,0.0,,100.0,100.0,100.0,91.0,80.0,83.0,84.0,67.0,67.0,87.0,87.0,62.0,62.0,0.0,,,,,,,,,,,,,,,,,,,,,,,,,,,,,,,,,,,,,,,,
2013,Pre-COVID (2010-2019),Sí,AMRO,Trinidad and Tobago,TTO,68.0,50.0,40.0,95.0,81.0,True,50.0,50.0,0.0,80.0,40.0,100.0,90.0,95.0,78.0,75.0,76.0,83.0,60.0,71.0,71.0,71.0,20.0,20.0,83.0,80.0,81.0,82.0,100.0,50.0,77.0,89.0,89.0,87.0,87.0,54.0,54.0,77.0,77.0,,,,,,,,,,,,,,,,,,,,,,,,,,,,,,,,,,,,,,,
2013,Pre-COVID (2010-2019),Sí,AMRO,United States of America,USA,96.0,100.0,100.0,100.0,50.0,True,100.0,100.0,100.0,100.0,100.0,100.0,100.0,100.0,100.0,88.0,94.0,100.0,100.0,100.0,100.0,100.0,100.0,100.0,100.0,0.0,50.0,100.0,100.0,100.0,100.0,100.0,100.0,100.0,100.0,100.0,100.0,100.0,100.0,,,,,,,,,,,,,,,,,,,,,,,,,,,,,,,,,,,,,,,
2013,Pre-COVID (2010-2019),Sí,AMRO,Uruguay,URY,89.0,100.0,83.0,100.0,71.0,True,100.0,100.0,67.0,100.0,83.0,100.0,100.0,100.0,89.0,100.0,94.0,83.0,80.0,81.0,100.0,100.0,100.0,100.0,83.0,60.0,71.0,91.0,100.0,83.0,91.0,100.0,100.0,100.0,100.0,69.0,69.0,62.0,62.0,,,,,,,,,,,,,,,,,,,,,,,,,,,,,,,,,,,,,,,
2013,Pre-COVID (2010-2019),Sí,AMRO,Venezuela (Bolivarian Republic of),VEN,84.0,50.0,90.0,90.0,86.0,True,50.0,50.0,100.0,80.0,90.0,100.0,80.0,90.0,100.0,88.0,94.0,100.0,60.0,80.0,71.0,71.0,100.0,100.0,92.0,80.0,86.0,82.0,80.0,17.0,59.0,100.0,100.0,87.0,87.0,92.0,92.0,92.0,92.0,,,,,,,,,,,,,,,,,,,,,,,,,,,,,,,,,,,,,,,
2013,Pre-COVID (2010-2019),Sí,EMRO,Afghanistan,AFG,36.0,,46.0,75.0,45.0,True,0.0,,33.0,60.0,46.0,100.0,50.0,75.0,56.0,25.0,40.0,0.0,20.0,10.0,57.0,57.0,40.0,40.0,50.0,40.0,45.0,9.0,0.0,0.0,3.0,67.0,67.0,20.0,20.0,0.0,,62.0,62.0,,,,,,,,,,,,,,,,,,,,,,,,,,,,,,,,,,,,,,,
2013,Pre-COVID (2010-2019),Sí,EURO,Armenia,ARM,92.0,75.0,100.0,85.0,79.0,True,75.0,75.0,100.0,100.0,100.0,100.0,70.0,85.0,89.0,88.0,88.0,83.0,100.0,91.0,100.0,100.0,100.0,100.0,58.0,100.0,79.0,91.0,100.0,100.0,97.0,100.0,100.0,93.0,93.0,92.0,92.0,100.0,100.0,,,,,,,,,,,,,,,,,,,,,,,,,,,,,,,,,,,,,,,
2013,Pre-COVID (2010-2019),Sí,EURO,Azerbaijan,AZE,84.0,50.0,83.0,100.0,96.0,True,50.0,50.0,67.0,100.0,83.0,100.0,100.0,100.0,100.0,88.0,94.0,50.0,100.0,75.0,57.0,57.0,100.0,100.0,92.0,100.0,96.0,91.0,100.0,67.0,86.0,100.0,100.0,93.0,93.0,85.0,85.0,77.0,77.0,,,,,,,,,,,,,,,,,,,,,,,,,,,,,,,,,,,,,,,
2013,Pre-COVID (2010-2019),Sí,EMRO,Bahrain,BHR,84.0,100.0,100.0,100.0,100.0,True,100.0,100.0,100.0,100.0,100.0,100.0,100.0,100.0,100.0,88.0,94.0,83.0,40.0,61.0,71.0,71.0,40.0,40.0,100.0,100.0,100.0,100.0,100.0,100.0,100.0,89.0,89.0,80.0,80.0,92.0,92.0,69.0,69.0,,,,,,,,,,,,,,,,,,,,,,,,,,,,,,,,,,,,,,,
2013,Pre-COVID (2010-2019),Sí,SEARO,Bangladesh,BGD,77.0,100.0,73.0,90.0,100.0,True,100.0,100.0,67.0,80.0,73.0,80.0,100.0,90.0,100.0,63.0,81.0,67.0,80.0,73.0,100.0,100.0,100.0,100.0,100.0,100.0,100.0,73.0,60.0,0.0,44.0,89.0,89.0,47.0,47.0,77.0,77.0,31.0,31.0,,,,,,,,,,,,,,,,,,,,,,,,,,,,,,,,,,,,,,,
2013,Pre-COVID (2010-2019),Sí,SEARO,Bhutan,BTN,35.0,50.0,36.0,10.0,33.0,True,50.0,50.0,33.0,40.0,36.0,0.0,20.0,10.0,78.0,75.0,76.0,50.0,20.0,35.0,29.0,29.0,80.0,80.0,67.0,0.0,33.0,45.0,0.0,0.0,15.0,67.0,67.0,27.0,27.0,0.0,,0.0,,,,,,,,,,,,,,,,,,,,,,,,,,,,,,,,,,,,,,,,
2013,Pre-COVID (2010-2019),Sí,WPRO,Brunei Darussalam,BRN,82.0,75.0,100.0,90.0,100.0,True,75.0,75.0,100.0,100.0,100.0,100.0,80.0,90.0,100.0,100.0,100.0,100.0,40.0,70.0,71.0,71.0,100.0,100.0,100.0,100.0,100.0,82.0,100.0,83.0,88.0,100.0,100.0,100.0,100.0,31.0,31.0,46.0,46.0,,,,,,,,,,,,,,,,,,,,,,,,,,,,,,,,,,,,,,,
2013,Pre-COVID (2010-2019),Sí,WPRO,Cambodia,KHM,42.0,50.0,46.0,95.0,57.0,True,50.0,50.0,33.0,60.0,46.0,100.0,90.0,95.0,44.0,38.0,41.0,0.0,40.0,20.0,43.0,43.0,0.0,,75.0,40.0,57.0,50.0,0.0,0.0,16.0,78.0,78.0,47.0,47.0,38.0,38.0,15.0,15.0,,,,,,,,,,,,,,,,,,,,,,,,,,,,,,,,,,,,,,,
2013,Pre-COVID (2010-2019),Sí,WPRO,China,CHN,94.0,100.0,100.0,100.0,96.0,True,100.0,100.0,100.0,100.0,100.0,100.0,100.0,100.0,100.0,100.0,100.0,100.0,100.0,100.0,100.0,100.0,100.0,100.0,92.0,100.0,96.0,73.0,0.0,0.0,24.0,100.0,100.0,100.0,100.0,100.0,100.0,100.0,100.0,,,,,,,,,,,,,,,,,,,,,,,,,,,,,,,,,,,,,,,
2013,Pre-COVID (2010-2019),Sí,EURO,Cyprus,CYP,67.0,75.0,100.0,60.0,14.0,True,75.0,75.0,100.0,100.0,100.0,60.0,60.0,60.0,78.0,100.0,89.0,17.0,40.0,28.0,71.0,71.0,0.0,,8.0,20.0,14.0,91.0,100.0,100.0,97.0,89.0,89.0,100.0,100.0,54.0,54.0,100.0,100.0,,,,,,,,,,,,,,,,,,,,,,,,,,,,,,,,,,,,,,,
2013,Pre-COVID (2010-2019),Sí,SEARO,Democratic People's Republic of Korea,PRK,64.0,100.0,80.0,95.0,79.0,True,100.0,100.0,100.0,60.0,80.0,100.0,90.0,95.0,78.0,63.0,70.0,33.0,80.0,56.0,71.0,71.0,20.0,20.0,58.0,100.0,79.0,64.0,20.0,0.0,28.0,78.0,78.0,67.0,67.0,31.0,31.0,62.0,62.0,,,,,,,,,,,,,,,,,,,,,,,,,,,,,,,,,,,,,,,
2013,Pre-COVID (2010-2019),Sí,EURO,Georgia,GEO,91.0,100.0,83.0,100.0,96.0,True,100.0,100.0,67.0,100.0,83.0,100.0,100.0,100.0,100.0,100.0,100.0,100.0,100.0,100.0,100.0,100.0,100.0,100.0,92.0,100.0,96.0,82.0,100.0,100.0,94.0,100.0,100.0,67.0,67.0,62.0,62.0,83.0,83.0,,,,,,,,,,,,,,,,,,,,,,,,,,,,,,,,,,,,,,,
2013,Pre-COVID (2010-2019),Sí,SEARO,India,IND,94.0,100.0,100.0,100.0,100.0,True,100.0,100.0,100.0,100.0,100.0,100.0,100.0,100.0,100.0,63.0,81.0,100.0,80.0,90.0,100.0,100.0,100.0,100.0,100.0,100.0,100.0,82.0,100.0,67.0,83.0,100.0,100.0,100.0,100.0,62.0,62.0,100.0,100.0,,,,,,,,,,,,,,,,,,,,,,,,,,,,,,,,,,,,,,,
2013,Pre-COVID (2010-2019),Sí,WPRO,Indonesia,IDN,93.0,100.0,100.0,90.0,96.0,True,100.0,100.0,100.0,100.0,100.0,80.0,100.0,90.0,100.0,63.0,81.0,83.0,100.0,91.0,86.0,86.0,80.0,80.0,92.0,100.0,96.0,73.0,100.0,100.0,91.0,100.0,100.0,100.0,100.0,92.0,92.0,100.0,100.0,,,,,,,,,,,,,,,,,,,,,,,,,,,,,,,,,,,,,,,
2013,Pre-COVID (2010-2019),Sí,EMRO,Iran (Islamic Republic of),IRN,92.0,100.0,100.0,100.0,100.0,True,100.0,100.0,100.0,100.0,100.0,100.0,100.0,100.0,100.0,100.0,100.0,100.0,100.0,100.0,86.0,86.0,100.0,100.0,100.0,100.0,100.0,91.0,100.0,100.0,97.0,100.0,100.0,100.0,100.0,62.0,62.0,46.0,46.0,,,,,,,,,,,,,,,,,,,,,,,,,,,,,,,,,,,,,,,
2013,Pre-COVID (2010-2019),Sí,EMRO,Iraq,IRQ,93.0,100.0,100.0,100.0,100.0,True,100.0,100.0,100.0,100.0,100.0,100.0,100.0,100.0,100.0,100.0,100.0,100.0,100.0,100.0,100.0,100.0,100.0,100.0,100.0,100.0,100.0,73.0,100.0,100.0,91.0,100.0,100.0,93.0,93.0,54.0,54.0,77.0,77.0,,,,,,,,,,,,,,,,,,,,,,,,,,,,,,,,,,,,,,,
2013,Pre-COVID (2010-2019),No,EURO,Israel,ISR,,,,,,False,,,,,,,,,,,,,,,,,,,,,,,,,,,,,,,,,,,,,,,,,,,,,,,,,,,,,,,,,,,,,,,,,,,,,,,,
2013,Pre-COVID (2010-2019),Sí,WPRO,Japan,JPN,99.0,100.0,100.0,100.0,100.0,True,100.0,100.0,100.0,100.0,100.0,100.0,100.0,100.0,89.0,100.0,94.0,100.0,100.0,100.0,100.0,100.0,100.0,100.0,100.0,100.0,100.0,100.0,100.0,83.0,94.0,100.0,100.0,100.0,100.0,100.0,100.0,100.0,100.0,,,,,,,,,,,,,,,,,,,,,,,,,,,,,,,,,,,,,,,
2013,Pre-COVID (2010-2019),Sí,EMRO,Jordan,JOR,85.0,100.0,100.0,100.0,96.0,True,100.0,100.0,100.0,100.0,100.0,100.0,100.0,100.0,67.0,88.0,77.0,83.0,40.0,61.0,57.0,57.0,80.0,80.0,92.0,100.0,96.0,82.0,100.0,83.0,88.0,100.0,100.0,87.0,87.0,85.0,85.0,77.0,77.0,,,,,,,,,,,,,,,,,,,,,,,,,,,,,,,,,,,,,,,
2013,Pre-COVID (2010-2019),Sí,EURO,Kazakhstan,KAZ,82.0,100.0,53.0,70.0,86.0,True,100.0,100.0,67.0,40.0,53.0,100.0,40.0,70.0,89.0,63.0,76.0,0.0,100.0,50.0,43.0,43.0,100.0,100.0,92.0,80.0,86.0,100.0,100.0,100.0,100.0,89.0,89.0,100.0,100.0,100.0,100.0,100.0,100.0,,,,,,,,,,,,,,,,,,,,,,,,,,,,,,,,,,,,,,,
2013,Pre-COVID (2010-2019),Sí,EMRO,Kuwait,KWT,86.0,100.0,100.0,70.0,100.0,True,100.0,100.0,100.0,100.0,100.0,40.0,100.0,70.0,89.0,63.0,76.0,100.0,100.0,100.0,100.0,100.0,100.0,100.0,100.0,100.0,100.0,100.0,100.0,100.0,100.0,100.0,100.0,100.0,100.0,0.0,,77.0,77.0,,,,,,,,,,,,,,,,,,,,,,,,,,,,,,,,,,,,,,,
2013,Pre-COVID (2010-2019),No,EURO,Kyrgyzstan,KGZ,,,,,,False,,,,,,,,,,,,,,,,,,,,,,,,,,,,,,,,,,,,,,,,,,,,,,,,,,,,,,,,,,,,,,,,,,,,,,,,
2013,Pre-COVID (2010-2019),Sí,WPRO,Lao People's Democratic Republic,LAO,55.0,100.0,46.0,85.0,57.0,True,100.0,100.0,33.0,60.0,46.0,100.0,70.0,85.0,78.0,38.0,58.0,50.0,20.0,35.0,86.0,86.0,80.0,80.0,75.0,40.0,57.0,9.0,0.0,0.0,3.0,78.0,78.0,87.0,87.0,0.0,,0.0,,,,,,,,,,,,,,,,,,,,,,,,,,,,,,,,,,,,,,,,
2013,Pre-COVID (2010-2019),Sí,EMRO,Lebanon,LBN,71.0,100.0,56.0,80.0,66.0,True,100.0,100.0,33.0,80.0,56.0,80.0,80.0,80.0,89.0,38.0,63.0,83.0,80.0,81.0,57.0,57.0,60.0,60.0,92.0,40.0,66.0,82.0,40.0,17.0,46.0,89.0,89.0,73.0,73.0,69.0,69.0,82.0,82.0,,,,,,,,,,,,,,,,,,,,,,,,,,,,,,,,,,,,,,,
2013,Pre-COVID (2010-2019),Sí,WPRO,Malaysia,MYS,100.0,100.0,100.0,100.0,100.0,True,100.0,100.0,100.0,100.0,100.0,100.0,100.0,100.0,100.0,100.0,100.0,100.0,100.0,100.0,100.0,100.0,100.0,100.0,100.0,100.0,100.0,100.0,100.0,100.0,100.0,100.0,100.0,100.0,100.0,100.0,100.0,100.0,100.0,,,,,,,,,,,,,,,,,,,,,,,,,,,,,,,,,,,,,,,
2013,Pre-COVID (2010-2019),Sí,SEARO,Maldives,MDV,68.0,50.0,90.0,55.0,86.0,True,50.0,50.0,100.0,80.0,90.0,60.0,50.0,55.0,67.0,63.0,65.0,100.0,40.0,70.0,71.0,71.0,100.0,100.0,92.0,80.0,86.0,82.0,0.0,50.0,44.0,100.0,100.0,93.0,93.0,54.0,54.0,0.0,,,,,,,,,,,,,,,,,,,,,,,,,,,,,,,,,,,,,,,,
2013,Pre-COVID (2010-2019),Sí,WPRO,Mongolia,MNG,79.0,100.0,100.0,70.0,77.0,True,100.0,100.0,100.0,100.0,100.0,60.0,80.0,70.0,89.0,100.0,94.0,100.0,60.0,80.0,100.0,100.0,40.0,40.0,75.0,80.0,77.0,91.0,100.0,100.0,97.0,100.0,100.0,87.0,87.0,38.0,38.0,46.0,46.0,,,,,,,,,,,,,,,,,,,,,,,,,,,,,,,,,,,,,,,
2013,Pre-COVID (2010-2019),Sí,SEARO,Myanmar,MMR,84.0,100.0,73.0,100.0,70.0,True,100.0,100.0,67.0,80.0,73.0,100.0,100.0,100.0,100.0,100.0,100.0,100.0,100.0,100.0,100.0,100.0,100.0,100.0,100.0,40.0,70.0,91.0,100.0,100.0,97.0,100.0,100.0,100.0,100.0,46.0,46.0,8.0,8.0,,,,,,,,,,,,,,,,,,,,,,,,,,,,,,,,,,,,,,,
2013,Pre-COVID (2010-2019),Sí,SEARO,Nepal,NPL,61.0,75.0,73.0,70.0,100.0,True,75.0,75.0,67.0,80.0,73.0,80.0,60.0,70.0,78.0,57.0,67.0,33.0,100.0,66.0,83.0,83.0,20.0,20.0,100.0,100.0,100.0,64.0,0.0,0.0,21.0,100.0,100.0,73.0,73.0,31.0,31.0,8.0,8.0,,,,,,,,,,,,,,,,,,,,,,,,,,,,,,,,,,,,,,,
2013,Pre-COVID (2010-2019),Sí,EMRO,Oman,OMN,86.0,100.0,100.0,90.0,100.0,True,100.0,100.0,100.0,100.0,100.0,100.0,80.0,90.0,100.0,100.0,100.0,100.0,40.0,70.0,100.0,100.0,100.0,100.0,100.0,100.0,100.0,73.0,100.0,83.0,85.0,100.0,100.0,80.0,80.0,46.0,46.0,46.0,46.0,,,,,,,,,,,,,,,,,,,,,,,,,,,,,,,,,,,,,,,
2013,Pre-COVID (2010-2019),Sí,EMRO,Pakistan,PAK,42.0,75.0,46.0,55.0,71.0,True,75.0,75.0,33.0,60.0,46.0,80.0,30.0,55.0,56.0,50.0,53.0,33.0,0.0,16.0,29.0,29.0,60.0,60.0,83.0,60.0,71.0,27.0,0.0,0.0,9.0,56.0,56.0,53.0,53.0,23.0,23.0,0.0,,,,,,,,,,,,,,,,,,,,,,,,,,,,,,,,,,,,,,,,
2013,Pre-COVID (2010-2019),Sí,WPRO,Philippines,PHL,75.0,25.0,100.0,100.0,57.0,True,25.0,25.0,100.0,100.0,100.0,100.0,100.0,100.0,100.0,100.0,100.0,83.0,100.0,91.0,86.0,86.0,100.0,100.0,75.0,40.0,57.0,73.0,20.0,0.0,31.0,33.0,33.0,60.0,60.0,100.0,100.0,92.0,92.0,,,,,,,,,,,,,,,,,,,,,,,,,,,,,,,,,,,,,,,
2013,Pre-COVID (2010-2019),Sí,EMRO,Qatar,QAT,91.0,100.0,90.0,100.0,100.0,True,100.0,100.0,100.0,80.0,90.0,100.0,100.0,100.0,100.0,88.0,94.0,100.0,100.0,100.0,100.0,100.0,100.0,100.0,100.0,100.0,100.0,91.0,40.0,0.0,43.0,89.0,89.0,87.0,87.0,85.0,85.0,100.0,100.0,,,,,,,,,,,,,,,,,,,,,,,,,,,,,,,,,,,,,,,
2013,Pre-COVID (2010-2019),Sí,WPRO,Republic of Korea,KOR,100.0,100.0,100.0,100.0,100.0,True,100.0,100.0,100.0,100.0,100.0,100.0,100.0,100.0,100.0,100.0,100.0,100.0,100.0,100.0,100.0,100.0,100.0,100.0,100.0,100.0,100.0,100.0,100.0,100.0,100.0,100.0,100.0,100.0,100.0,100.0,100.0,100.0,100.0,,,,,,,,,,,,,,,,,,,,,,,,,,,,,,,,,,,,,,,
2013,Pre-COVID (2010-2019),Sí,EMRO,Saudi Arabia,SAU,100.0,100.0,100.0,100.0,100.0,True,100.0,100.0,100.0,100.0,100.0,100.0,100.0,100.0,100.0,100.0,100.0,100.0,100.0,100.0,100.0,100.0,100.0,100.0,100.0,100.0,100.0,91.0,100.0,100.0,97.0,100.0,100.0,100.0,100.0,100.0,100.0,100.0,100.0,,,,,,,,,,,,,,,,,,,,,,,,,,,,,,,,,,,,,,,
2013,Pre-COVID (2010-2019),Sí,WPRO,Singapore,SGP,99.0,100.0,100.0,100.0,100.0,True,100.0,100.0,100.0,100.0,100.0,100.0,100.0,100.0,100.0,100.0,100.0,100.0,100.0,100.0,100.0,100.0,100.0,100.0,100.0,100.0,100.0,100.0,100.0,100.0,100.0,100.0,100.0,100.0,100.0,100.0,100.0,92.0,92.0,,,,,,,,,,,,,,,,,,,,,,,,,,,,,,,,,,,,,,,
2013,Pre-COVID (2010-2019),Sí,SEARO,Sri Lanka,LKA,67.0,100.0,63.0,85.0,41.0,True,100.0,100.0,67.0,60.0,63.0,100.0,70.0,85.0,67.0,88.0,77.0,67.0,40.0,53.0,86.0,86.0,80.0,80.0,83.0,0.0,41.0,64.0,100.0,33.0,65.0,100.0,100.0,80.0,80.0,23.0,23.0,15.0,15.0,,,,,,,,,,,,,,,,,,,,,,,,,,,,,,,,,,,,,,,
2013,Pre-COVID (2010-2019),Sí,EMRO,Syrian Arab Republic,SYR,54.0,25.0,53.0,85.0,90.0,True,25.0,25.0,67.0,40.0,53.0,100.0,70.0,85.0,89.0,75.0,82.0,33.0,0.0,16.0,43.0,43.0,20.0,20.0,100.0,80.0,90.0,36.0,0.0,0.0,12.0,67.0,67.0,80.0,80.0,46.0,46.0,85.0,85.0,,,,,,,,,,,,,,,,,,,,,,,,,,,,,,,,,,,,,,,
2013,Pre-COVID (2010-2019),No,EURO,Tajikistan,TJK,,,,,,False,,,,,,,,,,,,,,,,,,,,,,,,,,,,,,,,,,,,,,,,,,,,,,,,,,,,,,,,,,,,,,,,,,,,,,,,
2013,Pre-COVID (2010-2019),Sí,SEARO,Thailand,THA,93.0,100.0,100.0,85.0,96.0,True,100.0,100.0,100.0,100.0,100.0,100.0,70.0,85.0,100.0,88.0,94.0,100.0,80.0,90.0,86.0,86.0,80.0,80.0,92.0,100.0,96.0,82.0,100.0,100.0,94.0,100.0,100.0,100.0,100.0,100.0,100.0,85.0,85.0,,,,,,,,,,,,,,,,,,,,,,,,,,,,,,,,,,,,,,,
2013,Pre-COVID (2010-2019),Sí,SEARO,Timor-Leste,TLS,51.0,50.0,63.0,70.0,41.0,True,50.0,50.0,67.0,60.0,63.0,80.0,60.0,70.0,78.0,38.0,58.0,17.0,60.0,38.0,57.0,57.0,0.0,,83.0,0.0,41.0,27.0,100.0,100.0,75.0,78.0,78.0,100.0,100.0,31.0,31.0,0.0,,,,,,,,,,,,,,,,,,,,,,,,,,,,,,,,,,,,,,,,
2013,Pre-COVID (2010-2019),No,EURO,Türkiye,TUR,,,,,,False,,,,,,,,,,,,,,,,,,,,,,,,,,,,,,,,,,,,,,,,,,,,,,,,,,,,,,,,,,,,,,,,,,,,,,,,
2013,Pre-COVID (2010-2019),No,EURO,Turkmenistan,TKM,,,,,,False,,,,,,,,,,,,,,,,,,,,,,,,,,,,,,,,,,,,,,,,,,,,,,,,,,,,,,,,,,,,,,,,,,,,,,,,
2013,Pre-COVID (2010-2019),Sí,EMRO,United Arab Emirates,ARE,88.0,75.0,100.0,90.0,100.0,True,75.0,75.0,100.0,100.0,100.0,100.0,80.0,90.0,100.0,100.0,100.0,100.0,100.0,100.0,100.0,100.0,40.0,40.0,100.0,100.0,100.0,27.0,80.0,0.0,35.0,100.0,100.0,100.0,100.0,100.0,100.0,100.0,100.0,,,,,,,,,,,,,,,,,,,,,,,,,,,,,,,,,,,,,,,
2013,Pre-COVID (2010-2019),No,EURO,Uzbekistan,UZB,,,,,,False,,,,,,,,,,,,,,,,,,,,,,,,,,,,,,,,,,,,,,,,,,,,,,,,,,,,,,,,,,,,,,,,,,,,,,,,
2013,Pre-COVID (2010-2019),Sí,WPRO,Viet Nam,VNM,77.0,100.0,83.0,80.0,50.0,True,100.0,100.0,67.0,100.0,83.0,100.0,60.0,80.0,89.0,88.0,88.0,100.0,80.0,90.0,57.0,57.0,80.0,80.0,100.0,0.0,50.0,82.0,100.0,100.0,94.0,89.0,89.0,87.0,87.0,38.0,38.0,69.0,69.0,,,,,,,,,,,,,,,,,,,,,,,,,,,,,,,,,,,,,,,
2013,Pre-COVID (2010-2019),Sí,EMRO,Yemen,YEM,43.0,75.0,46.0,70.0,46.0,True,75.0,75.0,33.0,60.0,46.0,100.0,40.0,70.0,56.0,0.0,28.0,17.0,20.0,18.0,0.0,,100.0,100.0,92.0,0.0,46.0,55.0,20.0,0.0,25.0,100.0,100.0,33.0,33.0,15.0,15.0,0.0,,,,,,,,,,,,,,,,,,,,,,,,,,,,,,,,,,,,,,,,
2013,Pre-COVID (2010-2019),No,EURO,Albania,ALB,,,,,,False,,,,,,,,,,,,,,,,,,,,,,,,,,,,,,,,,,,,,,,,,,,,,,,,,,,,,,,,,,,,,,,,,,,,,,,,
2013,Pre-COVID (2010-2019),Sí,EURO,Andorra,AND,20.0,75.0,30.0,70.0,25.0,True,75.0,75.0,0.0,60.0,30.0,100.0,40.0,70.0,0.0,88.0,44.0,17.0,0.0,8.0,14.0,14.0,0.0,,50.0,0.0,25.0,0.0,0.0,0.0,,0.0,,0.0,,0.0,,0.0,,,,,,,,,,,,,,,,,,,,,,,,,,,,,,,,,,,,,,,,
2013,Pre-COVID (2010-2019),Sí,EURO,Austria,AUT,90.0,100.0,90.0,80.0,100.0,True,100.0,100.0,100.0,80.0,90.0,100.0,60.0,80.0,100.0,100.0,100.0,67.0,100.0,83.0,100.0,100.0,100.0,100.0,100.0,100.0,100.0,73.0,100.0,100.0,91.0,89.0,89.0,93.0,93.0,46.0,46.0,92.0,92.0,,,,,,,,,,,,,,,,,,,,,,,,,,,,,,,,,,,,,,,
2013,Pre-COVID (2010-2019),No,EURO,Belarus,BLR,,,,,,False,,,,,,,,,,,,,,,,,,,,,,,,,,,,,,,,,,,,,,,,,,,,,,,,,,,,,,,,,,,,,,,,,,,,,,,,
2013,Pre-COVID (2010-2019),Sí,EURO,Belgium,BEL,81.0,100.0,63.0,65.0,91.0,True,100.0,100.0,67.0,60.0,63.0,60.0,70.0,65.0,44.0,100.0,72.0,33.0,60.0,46.0,100.0,100.0,60.0,60.0,83.0,100.0,91.0,82.0,80.0,50.0,70.0,89.0,89.0,100.0,100.0,92.0,92.0,100.0,100.0,,,,,,,,,,,,,,,,,,,,,,,,,,,,,,,,,,,,,,,
2013,Pre-COVID (2010-2019),No,EURO,Bosnia and Herzegovina,BIH,,,,,,False,,,,,,,,,,,,,,,,,,,,,,,,,,,,,,,,,,,,,,,,,,,,,,,,,,,,,,,,,,,,,,,,,,,,,,,,
2013,Pre-COVID (2010-2019),No,EURO,Bulgaria,BGR,,,,,,False,,,,,,,,,,,,,,,,,,,,,,,,,,,,,,,,,,,,,,,,,,,,,,,,,,,,,,,,,,,,,,,,,,,,,,,,
2013,Pre-COVID (2010-2019),Sí,EURO,Croatia,HRV,96.0,100.0,90.0,85.0,87.0,True,100.0,100.0,100.0,80.0,90.0,100.0,70.0,85.0,100.0,100.0,100.0,100.0,100.0,100.0,100.0,100.0,100.0,100.0,75.0,100.0,87.0,91.0,100.0,67.0,86.0,100.0,100.0,100.0,100.0,100.0,100.0,100.0,100.0,,,,,,,,,,,,,,,,,,,,,,,,,,,,,,,,,,,,,,,
2013,Pre-COVID (2010-2019),Sí,EURO,Czech Republic,CZE,88.0,100.0,83.0,95.0,100.0,True,100.0,100.0,67.0,100.0,83.0,100.0,90.0,95.0,100.0,100.0,100.0,50.0,100.0,75.0,86.0,86.0,60.0,60.0,100.0,100.0,100.0,55.0,40.0,50.0,48.0,100.0,100.0,100.0,100.0,100.0,100.0,100.0,100.0,,,,,,,,,,,,,,,,,,,,,,,,,,,,,,,,,,,,,,,
2013,Pre-COVID (2010-2019),Sí,EURO,Denmark,DNK,86.0,100.0,80.0,90.0,91.0,True,100.0,100.0,100.0,60.0,80.0,100.0,80.0,90.0,100.0,100.0,100.0,100.0,100.0,100.0,86.0,86.0,0.0,,83.0,100.0,91.0,100.0,100.0,67.0,89.0,89.0,89.0,100.0,100.0,100.0,100.0,92.0,92.0,,,,,,,,,,,,,,,,,,,,,,,,,,,,,,,,,,,,,,,
2013,Pre-COVID (2010-2019),Sí,EURO,Estonia,EST,77.0,25.0,73.0,90.0,91.0,True,25.0,25.0,67.0,80.0,73.0,100.0,80.0,90.0,67.0,63.0,65.0,50.0,60.0,55.0,100.0,100.0,40.0,40.0,83.0,100.0,91.0,60.0,100.0,100.0,86.0,100.0,100.0,100.0,100.0,100.0,100.0,77.0,77.0,,,,,,,,,,,,,,,,,,,,,,,,,,,,,,,,,,,,,,,
2013,Pre-COVID (2010-2019),Sí,EURO,Finland,FIN,88.0,100.0,73.0,95.0,91.0,True,100.0,100.0,67.0,80.0,73.0,100.0,90.0,95.0,89.0,100.0,94.0,67.0,60.0,63.0,100.0,100.0,80.0,80.0,83.0,100.0,91.0,73.0,100.0,100.0,91.0,100.0,100.0,87.0,87.0,77.0,77.0,92.0,92.0,,,,,,,,,,,,,,,,,,,,,,,,,,,,,,,,,,,,,,,
2013,Pre-COVID (2010-2019),Sí,EURO,France,FRA,85.0,100.0,80.0,95.0,100.0,True,100.0,100.0,100.0,60.0,80.0,100.0,90.0,95.0,100.0,100.0,100.0,100.0,60.0,80.0,86.0,86.0,60.0,60.0,100.0,100.0,100.0,63.0,0.0,0.0,21.0,100.0,100.0,100.0,100.0,85.0,85.0,100.0,100.0,,,,,,,,,,,,,,,,,,,,,,,,,,,,,,,,,,,,,,,
2013,Pre-COVID (2010-2019),No,EURO,Germany,DEU,,,,,,False,,,,,,,,,,,,,,,,,,,,,,,,,,,,,,,,,,,,,,,,,,,,,,,,,,,,,,,,,,,,,,,,,,,,,,,,
2013,Pre-COVID (2010-2019),No,EURO,Greece,GRC,,,,,,False,,,,,,,,,,,,,,,,,,,,,,,,,,,,,,,,,,,,,,,,,,,,,,,,,,,,,,,,,,,,,,,,,,,,,,,,
2013,Pre-COVID (2010-2019),No,EURO,Holy See,VAT,,,,,,False,,,,,,,,,,,,,,,,,,,,,,,,,,,,,,,,,,,,,,,,,,,,,,,,,,,,,,,,,,,,,,,,,,,,,,,,
2013,Pre-COVID (2010-2019),Sí,EURO,Hungary,HUN,97.0,100.0,100.0,85.0,96.0,True,100.0,100.0,100.0,100.0,100.0,100.0,70.0,85.0,89.0,100.0,94.0,100.0,100.0,100.0,100.0,100.0,100.0,100.0,92.0,100.0,96.0,64.0,100.0,83.0,82.0,100.0,100.0,100.0,100.0,100.0,100.0,100.0,100.0,,,,,,,,,,,,,,,,,,,,,,,,,,,,,,,,,,,,,,,
2013,Pre-COVID (2010-2019),No,EURO,Iceland,ISL,,,,,,False,,,,,,,,,,,,,,,,,,,,,,,,,,,,,,,,,,,,,,,,,,,,,,,,,,,,,,,,,,,,,,,,,,,,,,,,
2013,Pre-COVID (2010-2019),No,EURO,Ireland,IRL,,,,,,False,,,,,,,,,,,,,,,,,,,,,,,,,,,,,,,,,,,,,,,,,,,,,,,,,,,,,,,,,,,,,,,,,,,,,,,,
2013,Pre-COVID (2010-2019),No,EURO,Italy,ITA,,,,,,False,,,,,,,,,,,,,,,,,,,,,,,,,,,,,,,,,,,,,,,,,,,,,,,,,,,,,,,,,,,,,,,,,,,,,,,,
2013,Pre-COVID (2010-2019),No,EURO,Latvia,LVA,,,,,,False,,,,,,,,,,,,,,,,,,,,,,,,,,,,,,,,,,,,,,,,,,,,,,,,,,,,,,,,,,,,,,,,,,,,,,,,
2013,Pre-COVID (2010-2019),No,EURO,Liechtenstein,LIE,,,,,,False,,,,,,,,,,,,,,,,,,,,,,,,,,,,,,,,,,,,,,,,,,,,,,,,,,,,,,,,,,,,,,,,,,,,,,,,
2013,Pre-COVID (2010-2019),Sí,EURO,Lithuania,LTU,85.0,100.0,83.0,95.0,100.0,True,100.0,100.0,67.0,100.0,83.0,100.0,90.0,95.0,67.0,63.0,65.0,67.0,60.0,63.0,100.0,100.0,0.0,,100.0,100.0,100.0,91.0,100.0,100.0,97.0,100.0,100.0,100.0,100.0,100.0,100.0,100.0,100.0,,,,,,,,,,,,,,,,,,,,,,,,,,,,,,,,,,,,,,,
2013,Pre-COVID (2010-2019),Sí,EURO,Luxembourg,LUX,87.0,100.0,90.0,75.0,87.0,True,100.0,100.0,100.0,80.0,90.0,60.0,90.0,75.0,100.0,100.0,100.0,100.0,80.0,90.0,100.0,100.0,40.0,40.0,75.0,100.0,87.0,90.0,100.0,100.0,96.0,100.0,100.0,80.0,80.0,85.0,85.0,92.0,92.0,,,,,,,,,,,,,,,,,,,,,,,,,,,,,,,,,,,,,,,
2013,Pre-COVID (2010-2019),Sí,EURO,Malta,MLT,76.0,100.0,83.0,100.0,87.0,True,100.0,100.0,67.0,100.0,83.0,100.0,100.0,100.0,67.0,100.0,83.0,50.0,100.0,75.0,67.0,67.0,0.0,,75.0,100.0,87.0,91.0,20.0,17.0,42.0,100.0,100.0,100.0,100.0,90.0,90.0,62.0,62.0,,,,,,,,,,,,,,,,,,,,,,,,,,,,,,,,,,,,,,,
2013,Pre-COVID (2010-2019),Sí,EURO,Monaco,MCO,73.0,75.0,63.0,80.0,57.0,True,75.0,75.0,67.0,60.0,63.0,80.0,80.0,80.0,78.0,88.0,83.0,60.0,80.0,70.0,71.0,71.0,20.0,20.0,75.0,40.0,57.0,100.0,100.0,100.0,100.0,88.0,88.0,100.0,100.0,92.0,92.0,54.0,54.0,,,,,,,,,,,,,,,,,,,,,,,,,,,,,,,,,,,,,,,
2013,Pre-COVID (2010-2019),Sí,EURO,Montenegro,MNE,55.0,25.0,83.0,80.0,77.0,True,25.0,25.0,67.0,100.0,83.0,100.0,60.0,80.0,56.0,63.0,59.0,50.0,80.0,65.0,71.0,71.0,20.0,20.0,75.0,80.0,77.0,27.0,0.0,0.0,9.0,63.0,63.0,73.0,73.0,31.0,31.0,62.0,62.0,,,,,,,,,,,,,,,,,,,,,,,,,,,,,,,,,,,,,,,
2013,Pre-COVID (2010-2019),Sí,EURO,Netherlands (Kingdom of the),NLD,91.0,100.0,100.0,100.0,96.0,True,100.0,100.0,100.0,100.0,100.0,100.0,100.0,100.0,89.0,100.0,94.0,100.0,60.0,80.0,100.0,100.0,40.0,40.0,92.0,100.0,96.0,91.0,40.0,100.0,77.0,100.0,100.0,100.0,100.0,100.0,100.0,100.0,100.0,,,,,,,,,,,,,,,,,,,,,,,,,,,,,,,,,,,,,,,
2013,Pre-COVID (2010-2019),Sí,EURO,North Macedonia,MKD,72.0,100.0,63.0,55.0,71.0,True,100.0,100.0,67.0,60.0,63.0,40.0,70.0,55.0,67.0,100.0,83.0,83.0,40.0,61.0,100.0,100.0,20.0,20.0,75.0,67.0,71.0,56.0,100.0,100.0,85.0,86.0,86.0,87.0,87.0,77.0,77.0,46.0,46.0,,,,,,,,,,,,,,,,,,,,,,,,,,,,,,,,,,,,,,,
2013,Pre-COVID (2010-2019),Sí,EURO,Norway,NOR,98.0,100.0,100.0,100.0,100.0,True,100.0,100.0,100.0,100.0,100.0,100.0,100.0,100.0,100.0,100.0,100.0,100.0,100.0,100.0,100.0,100.0,100.0,100.0,100.0,100.0,100.0,100.0,100.0,100.0,100.0,100.0,100.0,100.0,100.0,85.0,85.0,92.0,92.0,,,,,,,,,,,,,,,,,,,,,,,,,,,,,,,,,,,,,,,
2013,Pre-COVID (2010-2019),Sí,EURO,Poland,POL,82.0,50.0,100.0,100.0,100.0,True,50.0,50.0,100.0,100.0,100.0,100.0,100.0,100.0,100.0,100.0,100.0,100.0,100.0,100.0,100.0,100.0,0.0,,100.0,100.0,100.0,82.0,100.0,67.0,83.0,88.0,88.0,73.0,73.0,67.0,67.0,100.0,100.0,,,,,,,,,,,,,,,,,,,,,,,,,,,,,,,,,,,,,,,
2013,Pre-COVID (2010-2019),No,EURO,Portugal,PRT,,,,,,False,,,,,,,,,,,,,,,,,,,,,,,,,,,,,,,,,,,,,,,,,,,,,,,,,,,,,,,,,,,,,,,,,,,,,,,,
2013,Pre-COVID (2010-2019),No,EURO,Republic of Moldova,MDA,,,,,,False,,,,,,,,,,,,,,,,,,,,,,,,,,,,,,,,,,,,,,,,,,,,,,,,,,,,,,,,,,,,,,,,,,,,,,,,
2013,Pre-COVID (2010-2019),Sí,EURO,Romania,ROU,68.0,50.0,46.0,80.0,76.0,True,50.0,50.0,33.0,60.0,46.0,100.0,60.0,80.0,78.0,100.0,89.0,67.0,80.0,73.0,71.0,71.0,40.0,40.0,92.0,60.0,76.0,13.0,0.0,0.0,4.0,89.0,89.0,93.0,93.0,85.0,85.0,92.0,92.0,,,,,,,,,,,,,,,,,,,,,,,,,,,,,,,,,,,,,,,
2013,Pre-COVID (2010-2019),No,EURO,Russian Federation,RUS,,,,,,False,,,,,,,,,,,,,,,,,,,,,,,,,,,,,,,,,,,,,,,,,,,,,,,,,,,,,,,,,,,,,,,,,,,,,,,,
2013,Pre-COVID (2010-2019),No,EURO,San Marino,SMR,,,,,,False,,,,,,,,,,,,,,,,,,,,,,,,,,,,,,,,,,,,,,,,,,,,,,,,,,,,,,,,,,,,,,,,,,,,,,,,
2013,Pre-COVID (2010-2019),No,EURO,Serbia,SRB,,,,,,False,,,,,,,,,,,,,,,,,,,,,,,,,,,,,,,,,,,,,,,,,,,,,,,,,,,,,,,,,,,,,,,,,,,,,,,,
2013,Pre-COVID (2010-2019),Sí,EURO,Slovakia,SVK,96.0,100.0,100.0,100.0,100.0,True,100.0,100.0,100.0,100.0,100.0,100.0,100.0,100.0,100.0,100.0,100.0,100.0,100.0,100.0,100.0,100.0,100.0,100.0,100.0,100.0,100.0,82.0,100.0,33.0,71.0,100.0,100.0,100.0,100.0,83.0,83.0,92.0,92.0,,,,,,,,,,,,,,,,,,,,,,,,,,,,,,,,,,,,,,,
2013,Pre-COVID (2010-2019),Sí,EURO,Slovenia,SVN,61.0,100.0,20.0,72.0,41.0,True,100.0,100.0,0.0,40.0,20.0,100.0,44.0,72.0,22.0,100.0,61.0,25.0,100.0,62.0,0.0,,20.0,20.0,82.0,0.0,41.0,36.0,80.0,0.0,38.0,100.0,100.0,100.0,100.0,100.0,100.0,82.0,82.0,,,,,,,,,,,,,,,,,,,,,,,,,,,,,,,,,,,,,,,
2013,Pre-COVID (2010-2019),Sí,EURO,Spain,ESP,52.0,100.0,83.0,95.0,76.0,True,100.0,100.0,67.0,100.0,83.0,100.0,90.0,95.0,100.0,100.0,100.0,67.0,100.0,83.0,57.0,57.0,80.0,80.0,92.0,60.0,76.0,13.0,0.0,0.0,4.0,0.0,,0.0,,0.0,,0.0,,,,,,,,,,,,,,,,,,,,,,,,,,,,,,,,,,,,,,,,
2013,Pre-COVID (2010-2019),Sí,EURO,Sweden,SWE,92.0,100.0,73.0,95.0,96.0,True,100.0,100.0,67.0,80.0,73.0,100.0,90.0,95.0,89.0,100.0,94.0,67.0,100.0,83.0,100.0,100.0,100.0,100.0,92.0,100.0,96.0,73.0,100.0,83.0,85.0,100.0,100.0,87.0,87.0,85.0,85.0,92.0,92.0,,,,,,,,,,,,,,,,,,,,,,,,,,,,,,,,,,,,,,,
2013,Pre-COVID (2010-2019),Sí,EURO,Switzerland,CHE,88.0,100.0,100.0,90.0,80.0,True,100.0,100.0,100.0,100.0,100.0,100.0,80.0,90.0,89.0,100.0,94.0,83.0,100.0,91.0,86.0,86.0,20.0,20.0,100.0,60.0,80.0,64.0,100.0,100.0,88.0,100.0,100.0,100.0,100.0,100.0,100.0,100.0,100.0,,,,,,,,,,,,,,,,,,,,,,,,,,,,,,,,,,,,,,,
2013,Pre-COVID (2010-2019),No,EURO,Ukraine,UKR,,,,,,False,,,,,,,,,,,,,,,,,,,,,,,,,,,,,,,,,,,,,,,,,,,,,,,,,,,,,,,,,,,,,,,,,,,,,,,,
2013,Pre-COVID (2010-2019),No,EURO,United Kingdom of Great Britain and Northern Ireland,GBR,,,,,,False,,,,,,,,,,,,,,,,,,,,,,,,,,,,,,,,,,,,,,,,,,,,,,,,,,,,,,,,,,,,,,,,,,,,,,,,
2014,Pre-COVID (2010-2019),Sí,AFRO,Algeria,DZA,71.0,100.0,100.0,85.0,76.0,True,100.0,100.0,100.0,100.0,100.0,100.0,70.0,85.0,89.0,100.0,94.0,100.0,60.0,80.0,29.0,29.0,60.0,60.0,92.0,60.0,76.0,73.0,60.0,83.0,72.0,89.0,89.0,53.0,53.0,15.0,15.0,69.0,69.0,,,,,,,,,,,,,,,,,,,,,,,,,,,,,,,,,,,,,,,
2014,Pre-COVID (2010-2019),Sí,AFRO,Angola,AGO,18.0,50.0,73.0,25.0,,True,50.0,50.0,67.0,80.0,73.0,20.0,30.0,25.0,56.0,0.0,28.0,0.0,0.0,,14.0,14.0,20.0,20.0,0.0,0.0,,0.0,0.0,0.0,,0.0,,20.0,20.0,0.0,,0.0,,,,,,,,,,,,,,,,,,,,,,,,,,,,,,,,,,,,,,,,
2014,Pre-COVID (2010-2019),Sí,AFRO,Benin,BEN,44.0,,90.0,50.0,66.0,True,0.0,,100.0,80.0,90.0,100.0,0.0,50.0,78.0,38.0,58.0,33.0,60.0,46.0,29.0,29.0,80.0,80.0,92.0,40.0,66.0,64.0,40.0,17.0,40.0,56.0,56.0,13.0,13.0,0.0,,38.0,38.0,,,,,,,,,,,,,,,,,,,,,,,,,,,,,,,,,,,,,,,
2014,Pre-COVID (2010-2019),No,AFRO,Botswana,BWA,,,,,,False,,,,,,,,,,,,,,,,,,,,,,,,,,,,,,,,,,,,,,,,,,,,,,,,,,,,,,,,,,,,,,,,,,,,,,,,
2014,Pre-COVID (2010-2019),Sí,AFRO,Burkina Faso,BFA,50.0,100.0,46.0,90.0,77.0,True,100.0,100.0,33.0,60.0,46.0,100.0,80.0,90.0,89.0,25.0,57.0,83.0,20.0,51.0,57.0,57.0,40.0,40.0,75.0,80.0,77.0,9.0,0.0,0.0,3.0,67.0,67.0,33.0,33.0,15.0,15.0,15.0,15.0,,,,,,,,,,,,,,,,,,,,,,,,,,,,,,,,,,,,,,,
2014,Pre-COVID (2010-2019),Sí,AFRO,Burundi,BDI,62.0,100.0,73.0,100.0,70.0,True,100.0,100.0,67.0,80.0,73.0,100.0,100.0,100.0,100.0,75.0,87.0,100.0,60.0,80.0,86.0,86.0,20.0,20.0,100.0,40.0,70.0,56.0,100.0,100.0,85.0,100.0,100.0,0.0,,0.0,,0.0,,,,,,,,,,,,,,,,,,,,,,,,,,,,,,,,,,,,,,,,
2014,Pre-COVID (2010-2019),No,AFRO,Cabo Verde,CPV,,,,,,False,,,,,,,,,,,,,,,,,,,,,,,,,,,,,,,,,,,,,,,,,,,,,,,,,,,,,,,,,,,,,,,,,,,,,,,,
2014,Pre-COVID (2010-2019),Sí,AFRO,Cameroon,CMR,91.0,100.0,100.0,85.0,100.0,True,100.0,100.0,100.0,100.0,100.0,100.0,70.0,85.0,100.0,88.0,94.0,100.0,100.0,100.0,100.0,100.0,100.0,100.0,100.0,100.0,100.0,100.0,20.0,0.0,40.0,100.0,100.0,73.0,73.0,92.0,92.0,100.0,100.0,,,,,,,,,,,,,,,,,,,,,,,,,,,,,,,,,,,,,,,
2014,Pre-COVID (2010-2019),Sí,AFRO,Central African Republic,CAF,24.0,,36.0,40.0,51.0,True,0.0,,33.0,40.0,36.0,40.0,40.0,40.0,44.0,50.0,47.0,33.0,0.0,16.0,14.0,14.0,40.0,40.0,83.0,20.0,51.0,55.0,0.0,0.0,18.0,33.0,33.0,20.0,20.0,0.0,,0.0,,,,,,,,,,,,,,,,,,,,,,,,,,,,,,,,,,,,,,,,
2014,Pre-COVID (2010-2019),Sí,AFRO,Chad,TCD,40.0,25.0,46.0,75.0,51.0,True,25.0,25.0,33.0,60.0,46.0,100.0,50.0,75.0,56.0,63.0,59.0,33.0,20.0,26.0,57.0,57.0,20.0,20.0,83.0,20.0,51.0,45.0,0.0,0.0,15.0,67.0,67.0,47.0,47.0,15.0,15.0,23.0,23.0,,,,,,,,,,,,,,,,,,,,,,,,,,,,,,,,,,,,,,,
2014,Pre-COVID (2010-2019),No,AFRO,Comoros,COM,,,,,,False,,,,,,,,,,,,,,,,,,,,,,,,,,,,,,,,,,,,,,,,,,,,,,,,,,,,,,,,,,,,,,,,,,,,,,,,
2014,Pre-COVID (2010-2019),No,AFRO,Congo,COG,,,,,,False,,,,,,,,,,,,,,,,,,,,,,,,,,,,,,,,,,,,,,,,,,,,,,,,,,,,,,,,,,,,,,,,,,,,,,,,
2014,Pre-COVID (2010-2019),No,AFRO,Côte d'Ivoire,CIV,,,,,,False,,,,,,,,,,,,,,,,,,,,,,,,,,,,,,,,,,,,,,,,,,,,,,,,,,,,,,,,,,,,,,,,,,,,,,,,
2014,Pre-COVID (2010-2019),Sí,AFRO,Democratic Republic of the Congo,COD,69.0,50.0,46.0,85.0,100.0,True,50.0,50.0,33.0,60.0,46.0,80.0,90.0,85.0,78.0,63.0,70.0,100.0,20.0,60.0,100.0,100.0,100.0,100.0,100.0,100.0,100.0,64.0,20.0,33.0,39.0,89.0,89.0,67.0,67.0,0.0,,92.0,92.0,,,,,,,,,,,,,,,,,,,,,,,,,,,,,,,,,,,,,,,
2014,Pre-COVID (2010-2019),Sí,EMRO,Djibouti,DJI,46.0,100.0,90.0,85.0,12.0,True,100.0,100.0,100.0,80.0,90.0,100.0,70.0,85.0,78.0,75.0,76.0,33.0,20.0,26.0,43.0,43.0,0.0,,25.0,0.0,12.0,55.0,0.0,0.0,18.0,56.0,56.0,80.0,80.0,8.0,8.0,0.0,,,,,,,,,,,,,,,,,,,,,,,,,,,,,,,,,,,,,,,,
2014,Pre-COVID (2010-2019),Sí,EMRO,Egypt,EGY,93.0,75.0,100.0,90.0,100.0,True,75.0,75.0,100.0,100.0,100.0,100.0,80.0,90.0,100.0,100.0,100.0,100.0,80.0,90.0,100.0,100.0,100.0,100.0,100.0,100.0,100.0,100.0,100.0,100.0,100.0,89.0,89.0,87.0,87.0,92.0,92.0,85.0,85.0,,,,,,,,,,,,,,,,,,,,,,,,,,,,,,,,,,,,,,,
2014,Pre-COVID (2010-2019),No,AFRO,Equatorial Guinea,GNQ,,,,,,False,,,,,,,,,,,,,,,,,,,,,,,,,,,,,,,,,,,,,,,,,,,,,,,,,,,,,,,,,,,,,,,,,,,,,,,,
2014,Pre-COVID (2010-2019),Sí,AFRO,Eritrea,ERI,70.0,100.0,100.0,95.0,86.0,True,100.0,100.0,100.0,100.0,100.0,100.0,90.0,95.0,100.0,100.0,100.0,83.0,100.0,91.0,71.0,71.0,60.0,60.0,92.0,80.0,86.0,82.0,0.0,33.0,38.0,78.0,78.0,33.0,33.0,54.0,54.0,0.0,,,,,,,,,,,,,,,,,,,,,,,,,,,,,,,,,,,,,,,,
2014,Pre-COVID (2010-2019),Sí,AFRO,Eswatini,SWZ,61.0,100.0,36.0,80.0,90.0,True,100.0,100.0,33.0,40.0,36.0,100.0,60.0,80.0,100.0,88.0,94.0,83.0,40.0,61.0,57.0,57.0,40.0,40.0,100.0,80.0,90.0,82.0,20.0,50.0,50.0,89.0,89.0,60.0,60.0,31.0,31.0,8.0,8.0,,,,,,,,,,,,,,,,,,,,,,,,,,,,,,,,,,,,,,,
2014,Pre-COVID (2010-2019),Sí,AFRO,Ethiopia,ETH,77.0,100.0,66.0,95.0,100.0,True,100.0,100.0,33.0,100.0,66.0,100.0,90.0,95.0,100.0,100.0,100.0,100.0,60.0,80.0,100.0,100.0,100.0,100.0,100.0,100.0,100.0,73.0,100.0,100.0,91.0,100.0,100.0,0.0,,0.0,,69.0,69.0,,,,,,,,,,,,,,,,,,,,,,,,,,,,,,,,,,,,,,,
2014,Pre-COVID (2010-2019),No,AFRO,Gabon,GAB,,,,,,False,,,,,,,,,,,,,,,,,,,,,,,,,,,,,,,,,,,,,,,,,,,,,,,,,,,,,,,,,,,,,,,,,,,,,,,,
2014,Pre-COVID (2010-2019),Sí,AFRO,Gambia,GMB,33.0,50.0,53.0,45.0,41.0,True,50.0,50.0,67.0,40.0,53.0,40.0,50.0,45.0,44.0,0.0,22.0,0.0,0.0,,71.0,71.0,20.0,20.0,42.0,40.0,41.0,45.0,20.0,0.0,21.0,0.0,,67.0,67.0,38.0,38.0,0.0,,,,,,,,,,,,,,,,,,,,,,,,,,,,,,,,,,,,,,,,
2014,Pre-COVID (2010-2019),Sí,AFRO,Ghana,GHA,69.0,75.0,73.0,85.0,100.0,True,75.0,75.0,67.0,80.0,73.0,100.0,70.0,85.0,89.0,100.0,94.0,83.0,20.0,51.0,71.0,71.0,40.0,40.0,100.0,100.0,100.0,91.0,20.0,0.0,37.0,89.0,89.0,67.0,67.0,54.0,54.0,62.0,62.0,,,,,,,,,,,,,,,,,,,,,,,,,,,,,,,,,,,,,,,
2014,Pre-COVID (2010-2019),Sí,AFRO,Guinea,GIN,52.0,100.0,73.0,90.0,86.0,True,100.0,100.0,67.0,80.0,73.0,100.0,80.0,90.0,78.0,50.0,64.0,67.0,60.0,63.0,43.0,43.0,80.0,80.0,92.0,80.0,86.0,82.0,0.0,17.0,33.0,22.0,22.0,27.0,27.0,0.0,,0.0,,,,,,,,,,,,,,,,,,,,,,,,,,,,,,,,,,,,,,,,
2014,Pre-COVID (2010-2019),Sí,AFRO,Guinea-Bissau,GNB,36.0,75.0,46.0,55.0,41.0,True,75.0,75.0,33.0,60.0,46.0,40.0,70.0,55.0,56.0,75.0,65.0,50.0,20.0,35.0,57.0,57.0,40.0,40.0,83.0,0.0,41.0,18.0,0.0,0.0,6.0,44.0,44.0,0.0,,0.0,,0.0,,,,,,,,,,,,,,,,,,,,,,,,,,,,,,,,,,,,,,,,
2014,Pre-COVID (2010-2019),No,AFRO,Kenya,KEN,,,,,,False,,,,,,,,,,,,,,,,,,,,,,,,,,,,,,,,,,,,,,,,,,,,,,,,,,,,,,,,,,,,,,,,,,,,,,,,
2014,Pre-COVID (2010-2019),No,AFRO,Lesotho,LSO,,,,,,False,,,,,,,,,,,,,,,,,,,,,,,,,,,,,,,,,,,,,,,,,,,,,,,,,,,,,,,,,,,,,,,,,,,,,,,,
2014,Pre-COVID (2010-2019),No,AFRO,Liberia,LBR,,,,,,False,,,,,,,,,,,,,,,,,,,,,,,,,,,,,,,,,,,,,,,,,,,,,,,,,,,,,,,,,,,,,,,,,,,,,,,,
2014,Pre-COVID (2010-2019),Sí,EMRO,Libya,LBY,65.0,75.0,83.0,45.0,66.0,True,75.0,75.0,67.0,100.0,83.0,20.0,70.0,45.0,78.0,88.0,83.0,100.0,20.0,60.0,43.0,43.0,60.0,60.0,92.0,40.0,66.0,55.0,60.0,83.0,66.0,78.0,78.0,93.0,93.0,15.0,15.0,77.0,77.0,,,,,,,,,,,,,,,,,,,,,,,,,,,,,,,,,,,,,,,
2014,Pre-COVID (2010-2019),Sí,AFRO,Madagascar,MDG,29.0,,36.0,55.0,59.0,True,0.0,,33.0,40.0,36.0,80.0,30.0,55.0,56.0,13.0,34.0,83.0,0.0,41.0,14.0,14.0,40.0,40.0,58.0,60.0,59.0,27.0,0.0,17.0,14.0,44.0,44.0,27.0,27.0,8.0,8.0,0.0,,,,,,,,,,,,,,,,,,,,,,,,,,,,,,,,,,,,,,,,
2014,Pre-COVID (2010-2019),Sí,AFRO,Malawi,MWI,40.0,,43.0,90.0,66.0,True,0.0,,67.0,20.0,43.0,100.0,80.0,90.0,78.0,63.0,70.0,0.0,0.0,,43.0,43.0,20.0,20.0,92.0,40.0,66.0,27.0,20.0,17.0,21.0,67.0,67.0,40.0,40.0,8.0,8.0,54.0,54.0,,,,,,,,,,,,,,,,,,,,,,,,,,,,,,,,,,,,,,,
2014,Pre-COVID (2010-2019),No,AFRO,Mali,MLI,,,,,,False,,,,,,,,,,,,,,,,,,,,,,,,,,,,,,,,,,,,,,,,,,,,,,,,,,,,,,,,,,,,,,,,,,,,,,,,
2014,Pre-COVID (2010-2019),Sí,AFRO,Mauritania,MRT,31.0,,20.0,45.0,35.0,True,0.0,,0.0,40.0,20.0,80.0,10.0,45.0,89.0,0.0,44.0,33.0,0.0,16.0,0.0,,0.0,,50.0,20.0,35.0,9.0,0.0,0.0,3.0,100.0,100.0,20.0,20.0,46.0,46.0,69.0,69.0,,,,,,,,,,,,,,,,,,,,,,,,,,,,,,,,,,,,,,,
2014,Pre-COVID (2010-2019),Sí,AFRO,Mauritius,MUS,68.0,75.0,83.0,55.0,51.0,True,75.0,75.0,67.0,100.0,83.0,80.0,30.0,55.0,78.0,100.0,89.0,67.0,40.0,53.0,57.0,57.0,40.0,40.0,83.0,20.0,51.0,82.0,100.0,67.0,83.0,100.0,100.0,87.0,87.0,54.0,54.0,62.0,62.0,,,,,,,,,,,,,,,,,,,,,,,,,,,,,,,,,,,,,,,
2014,Pre-COVID (2010-2019),Sí,EMRO,Morocco,MAR,95.0,100.0,100.0,100.0,90.0,True,100.0,100.0,100.0,100.0,100.0,100.0,100.0,100.0,100.0,100.0,100.0,100.0,100.0,100.0,100.0,100.0,100.0,100.0,100.0,80.0,90.0,82.0,100.0,33.0,71.0,100.0,100.0,100.0,100.0,77.0,77.0,100.0,100.0,,,,,,,,,,,,,,,,,,,,,,,,,,,,,,,,,,,,,,,
2014,Pre-COVID (2010-2019),No,AFRO,Mozambique,MOZ,,,,,,False,,,,,,,,,,,,,,,,,,,,,,,,,,,,,,,,,,,,,,,,,,,,,,,,,,,,,,,,,,,,,,,,,,,,,,,,
2014,Pre-COVID (2010-2019),Sí,AFRO,Namibia,NAM,66.0,75.0,73.0,100.0,91.0,True,75.0,75.0,67.0,80.0,73.0,100.0,100.0,100.0,78.0,63.0,70.0,50.0,80.0,65.0,100.0,100.0,60.0,60.0,83.0,100.0,91.0,73.0,0.0,0.0,24.0,67.0,67.0,60.0,60.0,23.0,23.0,46.0,46.0,,,,,,,,,,,,,,,,,,,,,,,,,,,,,,,,,,,,,,,
2014,Pre-COVID (2010-2019),No,AFRO,Niger,NER,,,,,,False,,,,,,,,,,,,,,,,,,,,,,,,,,,,,,,,,,,,,,,,,,,,,,,,,,,,,,,,,,,,,,,,,,,,,,,,
2014,Pre-COVID (2010-2019),Sí,AFRO,Nigeria,NGA,57.0,50.0,100.0,80.0,67.0,True,50.0,50.0,100.0,100.0,100.0,60.0,100.0,80.0,67.0,50.0,58.0,67.0,40.0,53.0,57.0,57.0,60.0,60.0,75.0,60.0,67.0,13.0,0.0,0.0,4.0,78.0,78.0,53.0,53.0,8.0,8.0,69.0,69.0,,,,,,,,,,,,,,,,,,,,,,,,,,,,,,,,,,,,,,,
2014,Pre-COVID (2010-2019),Sí,AFRO,Rwanda,RWA,41.0,25.0,26.0,85.0,100.0,True,25.0,25.0,33.0,20.0,26.0,100.0,70.0,85.0,67.0,75.0,71.0,33.0,20.0,26.0,71.0,71.0,40.0,40.0,100.0,100.0,100.0,9.0,0.0,0.0,3.0,44.0,44.0,27.0,27.0,8.0,8.0,8.0,8.0,,,,,,,,,,,,,,,,,,,,,,,,,,,,,,,,,,,,,,,
2014,Pre-COVID (2010-2019),Sí,AFRO,Sao Tome and Principe,STP,16.0,,46.0,40.0,36.0,True,0.0,,33.0,60.0,46.0,80.0,0.0,40.0,44.0,13.0,28.0,17.0,0.0,8.0,14.0,14.0,0.0,,33.0,40.0,36.0,18.0,20.0,0.0,12.0,22.0,22.0,0.0,,0.0,,0.0,,,,,,,,,,,,,,,,,,,,,,,,,,,,,,,,,,,,,,,,
2014,Pre-COVID (2010-2019),No,AFRO,Senegal,SEN,,,,,,False,,,,,,,,,,,,,,,,,,,,,,,,,,,,,,,,,,,,,,,,,,,,,,,,,,,,,,,,,,,,,,,,,,,,,,,,
2014,Pre-COVID (2010-2019),Sí,AFRO,Seychelles,SYC,76.0,,100.0,100.0,96.0,True,0.0,,100.0,100.0,100.0,100.0,100.0,100.0,100.0,100.0,100.0,100.0,80.0,90.0,100.0,100.0,100.0,100.0,92.0,100.0,96.0,91.0,0.0,0.0,30.0,100.0,100.0,93.0,93.0,54.0,54.0,31.0,31.0,,,,,,,,,,,,,,,,,,,,,,,,,,,,,,,,,,,,,,,
2014,Pre-COVID (2010-2019),Sí,AFRO,Sierra Leone,SLE,64.0,75.0,70.0,95.0,100.0,True,75.0,75.0,100.0,40.0,70.0,100.0,90.0,95.0,89.0,75.0,82.0,100.0,0.0,50.0,100.0,100.0,20.0,20.0,100.0,100.0,100.0,82.0,40.0,67.0,63.0,100.0,100.0,27.0,27.0,15.0,15.0,38.0,38.0,,,,,,,,,,,,,,,,,,,,,,,,,,,,,,,,,,,,,,,
2014,Pre-COVID (2010-2019),Sí,EMRO,Somalia,SOM,6.0,,10.0,65.0,,True,0.0,,0.0,20.0,10.0,60.0,70.0,65.0,11.0,0.0,5.0,0.0,0.0,,0.0,,0.0,,0.0,0.0,,0.0,0.0,0.0,,0.0,,0.0,,0.0,,0.0,,,,,,,,,,,,,,,,,,,,,,,,,,,,,,,,,,,,,,,,
2014,Pre-COVID (2010-2019),Sí,AFRO,South Africa,ZAF,100.0,100.0,100.0,100.0,100.0,True,100.0,100.0,100.0,100.0,100.0,100.0,100.0,100.0,100.0,100.0,100.0,100.0,100.0,100.0,100.0,100.0,100.0,100.0,100.0,100.0,100.0,100.0,100.0,100.0,100.0,100.0,100.0,100.0,100.0,100.0,100.0,100.0,100.0,,,,,,,,,,,,,,,,,,,,,,,,,,,,,,,,,,,,,,,
2014,Pre-COVID (2010-2019),Sí,AFRO,South Sudan,SSD,46.0,100.0,63.0,75.0,37.0,True,100.0,100.0,67.0,60.0,63.0,80.0,70.0,75.0,78.0,50.0,64.0,100.0,80.0,90.0,71.0,71.0,100.0,100.0,75.0,0.0,37.0,9.0,0.0,0.0,3.0,0.0,,0.0,,0.0,,0.0,,,,,,,,,,,,,,,,,,,,,,,,,,,,,,,,,,,,,,,,
2014,Pre-COVID (2010-2019),Sí,EMRO,Sudan,SDN,71.0,50.0,100.0,80.0,61.0,True,50.0,50.0,100.0,100.0,100.0,100.0,60.0,80.0,89.0,38.0,63.0,83.0,80.0,81.0,71.0,71.0,80.0,80.0,83.0,40.0,61.0,91.0,80.0,67.0,79.0,100.0,100.0,40.0,40.0,54.0,54.0,62.0,62.0,,,,,,,,,,,,,,,,,,,,,,,,,,,,,,,,,,,,,,,
2014,Pre-COVID (2010-2019),Sí,AFRO,Togo,TGO,61.0,50.0,90.0,95.0,80.0,True,50.0,50.0,100.0,80.0,90.0,100.0,90.0,95.0,89.0,63.0,76.0,67.0,60.0,63.0,14.0,14.0,80.0,80.0,100.0,60.0,80.0,73.0,0.0,0.0,24.0,89.0,89.0,53.0,53.0,54.0,54.0,23.0,23.0,,,,,,,,,,,,,,,,,,,,,,,,,,,,,,,,,,,,,,,
2014,Pre-COVID (2010-2019),Sí,EMRO,Tunisia,TUN,65.0,75.0,80.0,95.0,47.0,True,75.0,75.0,100.0,60.0,80.0,100.0,90.0,95.0,100.0,88.0,94.0,33.0,0.0,16.0,86.0,86.0,40.0,40.0,75.0,20.0,47.0,55.0,0.0,33.0,29.0,89.0,89.0,80.0,80.0,77.0,77.0,38.0,38.0,,,,,,,,,,,,,,,,,,,,,,,,,,,,,,,,,,,,,,,
2014,Pre-COVID (2010-2019),No,AFRO,Uganda,UGA,,,,,,False,,,,,,,,,,,,,,,,,,,,,,,,,,,,,,,,,,,,,,,,,,,,,,,,,,,,,,,,,,,,,,,,,,,,,,,,
2014,Pre-COVID (2010-2019),Sí,AFRO,United Republic of Tanzania,TZA,58.0,50.0,66.0,80.0,77.0,True,50.0,50.0,33.0,100.0,66.0,100.0,60.0,80.0,89.0,75.0,82.0,50.0,0.0,25.0,57.0,57.0,60.0,60.0,75.0,80.0,77.0,45.0,0.0,17.0,20.0,56.0,56.0,60.0,60.0,69.0,69.0,54.0,54.0,,,,,,,,,,,,,,,,,,,,,,,,,,,,,,,,,,,,,,,
2014,Pre-COVID (2010-2019),Sí,AFRO,Zambia,ZMB,92.0,100.0,100.0,100.0,100.0,True,100.0,100.0,100.0,100.0,100.0,100.0,100.0,100.0,89.0,100.0,94.0,100.0,100.0,100.0,100.0,100.0,100.0,100.0,100.0,100.0,100.0,55.0,40.0,17.0,37.0,100.0,100.0,100.0,100.0,77.0,77.0,92.0,92.0,,,,,,,,,,,,,,,,,,,,,,,,,,,,,,,,,,,,,,,
2014,Pre-COVID (2010-2019),Sí,AFRO,Zimbabwe,ZWE,68.0,50.0,56.0,95.0,86.0,True,50.0,50.0,33.0,80.0,56.0,100.0,90.0,95.0,100.0,75.0,87.0,67.0,60.0,63.0,86.0,86.0,80.0,80.0,92.0,80.0,86.0,55.0,80.0,33.0,56.0,100.0,100.0,60.0,60.0,31.0,31.0,31.0,31.0,,,,,,,,,,,,,,,,,,,,,,,,,,,,,,,,,,,,,,,
2014,Pre-COVID (2010-2019),Sí,WPRO,Australia,AUS,99.0,100.0,100.0,100.0,96.0,True,100.0,100.0,100.0,100.0,100.0,100.0,100.0,100.0,100.0,100.0,100.0,100.0,100.0,100.0,100.0,100.0,100.0,100.0,92.0,100.0,96.0,100.0,100.0,100.0,100.0,100.0,100.0,87.0,87.0,100.0,100.0,100.0,100.0,,,,,,,,,,,,,,,,,,,,,,,,,,,,,,,,,,,,,,,
2014,Pre-COVID (2010-2019),No,WPRO,Cook Islands,COK,,,,,,False,,,,,,,,,,,,,,,,,,,,,,,,,,,,,,,,,,,,,,,,,,,,,,,,,,,,,,,,,,,,,,,,,,,,,,,,
2014,Pre-COVID (2010-2019),Sí,WPRO,Fiji,FJI,98.0,100.0,100.0,95.0,100.0,True,100.0,100.0,100.0,100.0,100.0,100.0,90.0,95.0,100.0,100.0,100.0,100.0,100.0,100.0,100.0,100.0,100.0,100.0,100.0,100.0,100.0,91.0,100.0,100.0,97.0,100.0,100.0,100.0,100.0,92.0,92.0,92.0,92.0,,,,,,,,,,,,,,,,,,,,,,,,,,,,,,,,,,,,,,,
2014,Pre-COVID (2010-2019),Sí,WPRO,Kiribati,KIR,60.0,100.0,73.0,65.0,41.0,True,100.0,100.0,67.0,80.0,73.0,80.0,50.0,65.0,56.0,100.0,78.0,83.0,100.0,91.0,57.0,57.0,40.0,40.0,83.0,0.0,41.0,45.0,80.0,83.0,69.0,56.0,56.0,73.0,73.0,15.0,15.0,23.0,23.0,,,,,,,,,,,,,,,,,,,,,,,,,,,,,,,,,,,,,,,
2014,Pre-COVID (2010-2019),No,WPRO,Marshall Islands,MHL,,,,,,False,,,,,,,,,,,,,,,,,,,,,,,,,,,,,,,,,,,,,,,,,,,,,,,,,,,,,,,,,,,,,,,,,,,,,,,,
2014,Pre-COVID (2010-2019),Sí,WPRO,Micronesia,FSM,62.0,75.0,40.0,40.0,91.0,True,75.0,75.0,0.0,80.0,40.0,60.0,20.0,40.0,67.0,63.0,65.0,100.0,40.0,70.0,100.0,100.0,60.0,60.0,83.0,100.0,91.0,82.0,80.0,100.0,87.0,33.0,33.0,53.0,53.0,54.0,54.0,38.0,38.0,,,,,,,,,,,,,,,,,,,,,,,,,,,,,,,,,,,,,,,
2014,Pre-COVID (2010-2019),Sí,WPRO,Nauru,NRU,42.0,50.0,46.0,90.0,51.0,True,50.0,50.0,33.0,60.0,46.0,100.0,80.0,90.0,33.0,63.0,48.0,33.0,20.0,26.0,14.0,14.0,20.0,20.0,83.0,20.0,51.0,55.0,60.0,67.0,60.0,78.0,78.0,60.0,60.0,0.0,,0.0,,,,,,,,,,,,,,,,,,,,,,,,,,,,,,,,,,,,,,,,
2014,Pre-COVID (2010-2019),Sí,WPRO,New Zealand,NZL,99.0,100.0,100.0,100.0,96.0,True,100.0,100.0,100.0,100.0,100.0,100.0,100.0,100.0,100.0,100.0,100.0,100.0,100.0,100.0,100.0,100.0,100.0,100.0,92.0,100.0,96.0,100.0,100.0,100.0,100.0,89.0,89.0,100.0,100.0,100.0,100.0,100.0,100.0,,,,,,,,,,,,,,,,,,,,,,,,,,,,,,,,,,,,,,,
2014,Pre-COVID (2010-2019),Sí,WPRO,Niue,NIU,61.0,25.0,66.0,95.0,96.0,True,25.0,25.0,33.0,100.0,66.0,100.0,90.0,95.0,100.0,75.0,87.0,67.0,80.0,73.0,100.0,100.0,20.0,20.0,92.0,100.0,96.0,55.0,40.0,33.0,42.0,67.0,67.0,73.0,73.0,46.0,46.0,0.0,,,,,,,,,,,,,,,,,,,,,,,,,,,,,,,,,,,,,,,,
2014,Pre-COVID (2010-2019),Sí,WPRO,Palau,PLW,92.0,100.0,100.0,100.0,80.0,True,100.0,100.0,100.0,100.0,100.0,100.0,100.0,100.0,100.0,88.0,94.0,100.0,100.0,100.0,100.0,100.0,100.0,100.0,100.0,60.0,80.0,91.0,100.0,83.0,91.0,100.0,100.0,100.0,100.0,92.0,92.0,38.0,38.0,,,,,,,,,,,,,,,,,,,,,,,,,,,,,,,,,,,,,,,
2014,Pre-COVID (2010-2019),Sí,WPRO,Papua New Guinea,PNG,64.0,75.0,90.0,80.0,66.0,True,75.0,75.0,100.0,80.0,90.0,80.0,80.0,80.0,100.0,63.0,81.0,100.0,20.0,60.0,100.0,100.0,60.0,60.0,92.0,40.0,66.0,64.0,80.0,0.0,48.0,100.0,100.0,67.0,67.0,8.0,8.0,0.0,,,,,,,,,,,,,,,,,,,,,,,,,,,,,,,,,,,,,,,,
2014,Pre-COVID (2010-2019),Sí,WPRO,Samoa,WSM,76.0,75.0,100.0,95.0,100.0,True,75.0,75.0,100.0,100.0,100.0,100.0,90.0,95.0,56.0,88.0,72.0,83.0,60.0,71.0,71.0,71.0,80.0,80.0,100.0,100.0,100.0,73.0,100.0,33.0,68.0,78.0,78.0,93.0,93.0,54.0,54.0,31.0,31.0,,,,,,,,,,,,,,,,,,,,,,,,,,,,,,,,,,,,,,,
2014,Pre-COVID (2010-2019),Sí,WPRO,Solomon Islands,SLB,56.0,25.0,56.0,85.0,90.0,True,25.0,25.0,33.0,80.0,56.0,100.0,70.0,85.0,100.0,88.0,94.0,67.0,20.0,43.0,86.0,86.0,40.0,40.0,100.0,80.0,90.0,55.0,60.0,67.0,60.0,56.0,56.0,53.0,53.0,15.0,15.0,31.0,31.0,,,,,,,,,,,,,,,,,,,,,,,,,,,,,,,,,,,,,,,
2014,Pre-COVID (2010-2019),No,WPRO,Tonga,TON,,,,,,False,,,,,,,,,,,,,,,,,,,,,,,,,,,,,,,,,,,,,,,,,,,,,,,,,,,,,,,,,,,,,,,,,,,,,,,,
2014,Pre-COVID (2010-2019),No,WPRO,Tuvalu,TUV,,,,,,False,,,,,,,,,,,,,,,,,,,,,,,,,,,,,,,,,,,,,,,,,,,,,,,,,,,,,,,,,,,,,,,,,,,,,,,,
2014,Pre-COVID (2010-2019),No,WPRO,Vanuatu,VUT,,,,,,False,,,,,,,,,,,,,,,,,,,,,,,,,,,,,,,,,,,,,,,,,,,,,,,,,,,,,,,,,,,,,,,,,,,,,,,,
2014,Pre-COVID (2010-2019),Sí,AMRO,Antigua and Barbuda,ATG,85.0,100.0,100.0,100.0,81.0,True,100.0,100.0,100.0,100.0,100.0,100.0,100.0,100.0,89.0,75.0,82.0,67.0,80.0,73.0,71.0,71.0,100.0,100.0,83.0,80.0,81.0,91.0,100.0,67.0,86.0,100.0,100.0,100.0,100.0,85.0,85.0,23.0,23.0,,,,,,,,,,,,,,,,,,,,,,,,,,,,,,,,,,,,,,,
2014,Pre-COVID (2010-2019),Sí,AMRO,Argentina,ARG,80.0,50.0,73.0,80.0,90.0,True,50.0,50.0,67.0,80.0,73.0,80.0,80.0,80.0,78.0,88.0,83.0,100.0,100.0,100.0,86.0,86.0,100.0,100.0,100.0,80.0,90.0,100.0,60.0,100.0,86.0,100.0,100.0,60.0,60.0,69.0,69.0,62.0,62.0,,,,,,,,,,,,,,,,,,,,,,,,,,,,,,,,,,,,,,,
2014,Pre-COVID (2010-2019),Sí,AMRO,Bahamas,BHS,61.0,75.0,83.0,100.0,96.0,True,75.0,75.0,67.0,100.0,83.0,100.0,100.0,100.0,78.0,63.0,70.0,83.0,0.0,41.0,86.0,86.0,40.0,40.0,92.0,100.0,96.0,91.0,100.0,33.0,74.0,44.0,44.0,47.0,47.0,38.0,38.0,0.0,,,,,,,,,,,,,,,,,,,,,,,,,,,,,,,,,,,,,,,,
2014,Pre-COVID (2010-2019),Sí,AMRO,Barbados,BRB,71.0,75.0,53.0,70.0,86.0,True,75.0,75.0,67.0,40.0,53.0,80.0,60.0,70.0,89.0,75.0,82.0,100.0,40.0,70.0,71.0,71.0,80.0,80.0,92.0,80.0,86.0,91.0,100.0,100.0,97.0,89.0,89.0,60.0,60.0,46.0,46.0,38.0,38.0,,,,,,,,,,,,,,,,,,,,,,,,,,,,,,,,,,,,,,,
2014,Pre-COVID (2010-2019),No,AMRO,Belize,BLZ,,,,,,False,,,,,,,,,,,,,,,,,,,,,,,,,,,,,,,,,,,,,,,,,,,,,,,,,,,,,,,,,,,,,,,,,,,,,,,,
2014,Pre-COVID (2010-2019),Sí,AMRO,Bolivia (Plurinational State of),BOL,61.0,100.0,90.0,80.0,71.0,True,100.0,100.0,100.0,80.0,90.0,100.0,60.0,80.0,89.0,63.0,76.0,100.0,20.0,60.0,43.0,43.0,20.0,20.0,83.0,60.0,71.0,73.0,20.0,0.0,31.0,78.0,78.0,53.0,53.0,15.0,15.0,77.0,77.0,,,,,,,,,,,,,,,,,,,,,,,,,,,,,,,,,,,,,,,
2014,Pre-COVID (2010-2019),Sí,AMRO,Brazil,BRA,96.0,100.0,100.0,100.0,96.0,True,100.0,100.0,100.0,100.0,100.0,100.0,100.0,100.0,100.0,100.0,100.0,100.0,100.0,100.0,100.0,100.0,100.0,100.0,92.0,100.0,96.0,91.0,100.0,50.0,80.0,100.0,100.0,100.0,100.0,85.0,85.0,92.0,92.0,,,,,,,,,,,,,,,,,,,,,,,,,,,,,,,,,,,,,,,
2014,Pre-COVID (2010-2019),Sí,AMRO,Canada,CAN,100.0,100.0,100.0,95.0,100.0,True,100.0,100.0,100.0,100.0,100.0,100.0,90.0,95.0,100.0,100.0,100.0,100.0,100.0,100.0,100.0,100.0,100.0,100.0,100.0,100.0,100.0,100.0,100.0,100.0,100.0,100.0,100.0,100.0,100.0,100.0,100.0,100.0,100.0,,,,,,,,,,,,,,,,,,,,,,,,,,,,,,,,,,,,,,,
2014,Pre-COVID (2010-2019),Sí,AMRO,Chile,CHL,72.0,75.0,83.0,95.0,86.0,True,75.0,75.0,67.0,100.0,83.0,100.0,90.0,95.0,89.0,100.0,94.0,83.0,40.0,61.0,71.0,71.0,60.0,60.0,92.0,80.0,86.0,73.0,0.0,33.0,35.0,100.0,100.0,93.0,93.0,23.0,23.0,62.0,62.0,,,,,,,,,,,,,,,,,,,,,,,,,,,,,,,,,,,,,,,
2014,Pre-COVID (2010-2019),Sí,AMRO,Colombia,COL,75.0,100.0,63.0,50.0,76.0,True,100.0,100.0,67.0,60.0,63.0,60.0,40.0,50.0,100.0,88.0,94.0,67.0,0.0,33.0,100.0,100.0,80.0,80.0,92.0,60.0,76.0,91.0,100.0,83.0,91.0,78.0,78.0,67.0,67.0,69.0,69.0,69.0,69.0,,,,,,,,,,,,,,,,,,,,,,,,,,,,,,,,,,,,,,,
2014,Pre-COVID (2010-2019),Sí,AMRO,Costa Rica,CRI,89.0,100.0,100.0,95.0,76.0,True,100.0,100.0,100.0,100.0,100.0,100.0,90.0,95.0,100.0,100.0,100.0,83.0,60.0,71.0,100.0,100.0,80.0,80.0,92.0,60.0,76.0,91.0,100.0,100.0,97.0,100.0,100.0,100.0,100.0,77.0,77.0,62.0,62.0,,,,,,,,,,,,,,,,,,,,,,,,,,,,,,,,,,,,,,,
2014,Pre-COVID (2010-2019),Sí,AMRO,Cuba,CUB,96.0,100.0,100.0,100.0,86.0,True,100.0,100.0,100.0,100.0,100.0,100.0,100.0,100.0,100.0,100.0,100.0,100.0,100.0,100.0,100.0,100.0,100.0,100.0,92.0,80.0,86.0,82.0,100.0,67.0,83.0,100.0,100.0,100.0,100.0,85.0,85.0,100.0,100.0,,,,,,,,,,,,,,,,,,,,,,,,,,,,,,,,,,,,,,,
2014,Pre-COVID (2010-2019),Sí,AMRO,Dominica,DMA,69.0,75.0,100.0,90.0,73.0,True,75.0,75.0,100.0,100.0,100.0,100.0,80.0,90.0,67.0,100.0,83.0,100.0,20.0,60.0,100.0,100.0,20.0,20.0,67.0,80.0,73.0,45.0,80.0,67.0,64.0,89.0,89.0,87.0,87.0,31.0,31.0,23.0,23.0,,,,,,,,,,,,,,,,,,,,,,,,,,,,,,,,,,,,,,,
2014,Pre-COVID (2010-2019),Sí,AMRO,Dominican Republic,DOM,73.0,75.0,90.0,85.0,90.0,True,75.0,75.0,100.0,80.0,90.0,100.0,70.0,85.0,89.0,63.0,76.0,83.0,80.0,81.0,100.0,100.0,100.0,100.0,100.0,80.0,90.0,82.0,60.0,50.0,64.0,56.0,56.0,27.0,27.0,31.0,31.0,69.0,69.0,,,,,,,,,,,,,,,,,,,,,,,,,,,,,,,,,,,,,,,
2014,Pre-COVID (2010-2019),Sí,AMRO,Ecuador,ECU,79.0,75.0,100.0,85.0,71.0,True,75.0,75.0,100.0,100.0,100.0,100.0,70.0,85.0,89.0,63.0,76.0,83.0,60.0,71.0,71.0,71.0,80.0,80.0,83.0,60.0,71.0,73.0,80.0,67.0,73.0,89.0,89.0,80.0,80.0,54.0,54.0,100.0,100.0,,,,,,,,,,,,,,,,,,,,,,,,,,,,,,,,,,,,,,,
2014,Pre-COVID (2010-2019),Sí,AMRO,El Salvador,SLV,93.0,100.0,100.0,100.0,100.0,True,100.0,100.0,100.0,100.0,100.0,100.0,100.0,100.0,100.0,100.0,100.0,100.0,80.0,90.0,86.0,86.0,100.0,100.0,100.0,100.0,100.0,100.0,100.0,100.0,100.0,100.0,100.0,93.0,93.0,62.0,62.0,77.0,77.0,,,,,,,,,,,,,,,,,,,,,,,,,,,,,,,,,,,,,,,
2014,Pre-COVID (2010-2019),No,AMRO,Grenada,GRD,,,,,,False,,,,,,,,,,,,,,,,,,,,,,,,,,,,,,,,,,,,,,,,,,,,,,,,,,,,,,,,,,,,,,,,,,,,,,,,
2014,Pre-COVID (2010-2019),Sí,AMRO,Guatemala,GTM,59.0,,73.0,75.0,75.0,True,0.0,,67.0,80.0,73.0,80.0,70.0,75.0,78.0,75.0,76.0,50.0,40.0,45.0,57.0,57.0,40.0,40.0,50.0,100.0,75.0,73.0,40.0,67.0,60.0,78.0,78.0,100.0,100.0,62.0,62.0,31.0,31.0,,,,,,,,,,,,,,,,,,,,,,,,,,,,,,,,,,,,,,,
2014,Pre-COVID (2010-2019),Sí,AMRO,Guyana,GUY,79.0,100.0,83.0,90.0,100.0,True,100.0,100.0,67.0,100.0,83.0,100.0,80.0,90.0,100.0,100.0,100.0,100.0,100.0,100.0,86.0,86.0,100.0,100.0,100.0,100.0,100.0,55.0,60.0,0.0,38.0,100.0,100.0,73.0,73.0,62.0,62.0,0.0,,,,,,,,,,,,,,,,,,,,,,,,,,,,,,,,,,,,,,,,
2014,Pre-COVID (2010-2019),Sí,AMRO,Haiti,HTI,41.0,,46.0,95.0,96.0,True,0.0,,33.0,60.0,46.0,100.0,90.0,95.0,100.0,38.0,69.0,0.0,40.0,20.0,86.0,86.0,40.0,40.0,92.0,100.0,96.0,18.0,0.0,0.0,6.0,44.0,44.0,27.0,27.0,0.0,,0.0,,,,,,,,,,,,,,,,,,,,,,,,,,,,,,,,,,,,,,,,
2014,Pre-COVID (2010-2019),Sí,AMRO,Honduras,HND,49.0,50.0,53.0,90.0,71.0,True,50.0,50.0,67.0,40.0,53.0,100.0,80.0,90.0,67.0,38.0,52.0,67.0,0.0,33.0,43.0,43.0,40.0,40.0,83.0,60.0,71.0,36.0,40.0,33.0,36.0,78.0,78.0,47.0,47.0,8.0,8.0,31.0,31.0,,,,,,,,,,,,,,,,,,,,,,,,,,,,,,,,,,,,,,,
2014,Pre-COVID (2010-2019),Sí,AMRO,Jamaica,JAM,55.0,50.0,73.0,60.0,53.0,True,50.0,50.0,67.0,80.0,73.0,80.0,40.0,60.0,100.0,50.0,75.0,67.0,80.0,73.0,57.0,57.0,20.0,20.0,67.0,40.0,53.0,45.0,100.0,67.0,70.0,67.0,67.0,47.0,47.0,38.0,38.0,31.0,31.0,,,,,,,,,,,,,,,,,,,,,,,,,,,,,,,,,,,,,,,
2014,Pre-COVID (2010-2019),Sí,AMRO,Mexico,MEX,95.0,100.0,80.0,95.0,100.0,True,100.0,100.0,100.0,60.0,80.0,100.0,90.0,95.0,89.0,100.0,94.0,100.0,80.0,90.0,100.0,100.0,100.0,100.0,100.0,100.0,100.0,100.0,100.0,83.0,94.0,100.0,100.0,100.0,100.0,85.0,85.0,100.0,100.0,,,,,,,,,,,,,,,,,,,,,,,,,,,,,,,,,,,,,,,
2014,Pre-COVID (2010-2019),Sí,AMRO,Nicaragua,NIC,93.0,100.0,83.0,100.0,86.0,True,100.0,100.0,67.0,100.0,83.0,100.0,100.0,100.0,89.0,100.0,94.0,100.0,80.0,90.0,100.0,100.0,100.0,100.0,92.0,80.0,86.0,91.0,80.0,100.0,90.0,100.0,100.0,80.0,80.0,92.0,92.0,100.0,100.0,,,,,,,,,,,,,,,,,,,,,,,,,,,,,,,,,,,,,,,
2014,Pre-COVID (2010-2019),Sí,AMRO,Panama,PAN,68.0,75.0,100.0,95.0,96.0,True,75.0,75.0,100.0,100.0,100.0,100.0,90.0,95.0,89.0,88.0,88.0,100.0,20.0,60.0,71.0,71.0,40.0,40.0,92.0,100.0,96.0,82.0,80.0,33.0,65.0,89.0,89.0,60.0,60.0,15.0,15.0,31.0,31.0,,,,,,,,,,,,,,,,,,,,,,,,,,,,,,,,,,,,,,,
2014,Pre-COVID (2010-2019),No,AMRO,Paraguay,PRY,,,,,,False,,,,,,,,,,,,,,,,,,,,,,,,,,,,,,,,,,,,,,,,,,,,,,,,,,,,,,,,,,,,,,,,,,,,,,,,
2014,Pre-COVID (2010-2019),Sí,AMRO,Peru,PER,85.0,100.0,83.0,100.0,100.0,True,100.0,100.0,67.0,100.0,83.0,100.0,100.0,100.0,100.0,88.0,94.0,100.0,80.0,90.0,100.0,100.0,80.0,80.0,100.0,100.0,100.0,82.0,0.0,0.0,27.0,100.0,100.0,100.0,100.0,46.0,46.0,85.0,85.0,,,,,,,,,,,,,,,,,,,,,,,,,,,,,,,,,,,,,,,
2014,Pre-COVID (2010-2019),No,AMRO,Saint Kitts and Nevis,KNA,,,,,,False,,,,,,,,,,,,,,,,,,,,,,,,,,,,,,,,,,,,,,,,,,,,,,,,,,,,,,,,,,,,,,,,,,,,,,,,
2014,Pre-COVID (2010-2019),Sí,AMRO,Saint Lucia,LCA,44.0,25.0,20.0,65.0,73.0,True,25.0,25.0,0.0,40.0,20.0,100.0,30.0,65.0,67.0,50.0,58.0,50.0,0.0,25.0,86.0,86.0,40.0,40.0,67.0,80.0,73.0,18.0,0.0,0.0,6.0,89.0,89.0,60.0,60.0,23.0,23.0,0.0,,,,,,,,,,,,,,,,,,,,,,,,,,,,,,,,,,,,,,,,
2014,Pre-COVID (2010-2019),Sí,AMRO,Saint Vincent and the Grenadines,VCT,49.0,75.0,73.0,80.0,35.0,True,75.0,75.0,67.0,80.0,73.0,100.0,60.0,80.0,44.0,88.0,66.0,67.0,40.0,53.0,43.0,43.0,20.0,20.0,50.0,20.0,35.0,45.0,100.0,0.0,48.0,100.0,100.0,40.0,40.0,8.0,8.0,0.0,,,,,,,,,,,,,,,,,,,,,,,,,,,,,,,,,,,,,,,,
2014,Pre-COVID (2010-2019),Sí,AMRO,Suriname,SUR,71.0,50.0,83.0,90.0,100.0,True,50.0,50.0,67.0,100.0,83.0,100.0,80.0,90.0,100.0,100.0,100.0,67.0,100.0,83.0,71.0,71.0,40.0,40.0,100.0,100.0,100.0,91.0,80.0,83.0,84.0,67.0,67.0,87.0,87.0,62.0,62.0,0.0,,,,,,,,,,,,,,,,,,,,,,,,,,,,,,,,,,,,,,,,
2014,Pre-COVID (2010-2019),Sí,AMRO,Trinidad and Tobago,TTO,70.0,50.0,56.0,95.0,81.0,True,50.0,50.0,33.0,80.0,56.0,100.0,90.0,95.0,78.0,75.0,76.0,83.0,60.0,71.0,71.0,71.0,20.0,20.0,83.0,80.0,81.0,82.0,100.0,50.0,77.0,89.0,89.0,87.0,87.0,62.0,62.0,77.0,77.0,,,,,,,,,,,,,,,,,,,,,,,,,,,,,,,,,,,,,,,
2014,Pre-COVID (2010-2019),Sí,AMRO,United States of America,USA,97.0,100.0,100.0,100.0,60.0,True,100.0,100.0,100.0,100.0,100.0,100.0,100.0,100.0,100.0,100.0,100.0,100.0,100.0,100.0,100.0,100.0,100.0,100.0,100.0,20.0,60.0,100.0,100.0,100.0,100.0,100.0,100.0,100.0,100.0,100.0,100.0,100.0,100.0,,,,,,,,,,,,,,,,,,,,,,,,,,,,,,,,,,,,,,,
2014,Pre-COVID (2010-2019),No,AMRO,Uruguay,URY,,,,,,False,,,,,,,,,,,,,,,,,,,,,,,,,,,,,,,,,,,,,,,,,,,,,,,,,,,,,,,,,,,,,,,,,,,,,,,,
2014,Pre-COVID (2010-2019),Sí,AMRO,Venezuela (Bolivarian Republic of),VEN,87.0,50.0,90.0,100.0,90.0,True,50.0,50.0,100.0,80.0,90.0,100.0,100.0,100.0,100.0,100.0,100.0,100.0,100.0,100.0,71.0,71.0,100.0,100.0,100.0,80.0,90.0,82.0,80.0,17.0,59.0,100.0,100.0,93.0,93.0,92.0,92.0,85.0,85.0,,,,,,,,,,,,,,,,,,,,,,,,,,,,,,,,,,,,,,,
2014,Pre-COVID (2010-2019),Sí,EMRO,Afghanistan,AFG,46.0,50.0,63.0,90.0,53.0,True,50.0,50.0,67.0,60.0,63.0,100.0,80.0,90.0,78.0,38.0,58.0,33.0,20.0,26.0,71.0,71.0,20.0,20.0,67.0,40.0,53.0,27.0,20.0,0.0,15.0,67.0,67.0,20.0,20.0,23.0,23.0,38.0,38.0,,,,,,,,,,,,,,,,,,,,,,,,,,,,,,,,,,,,,,,
2014,Pre-COVID (2010-2019),Sí,EURO,Armenia,ARM,94.0,100.0,100.0,85.0,96.0,True,100.0,100.0,100.0,100.0,100.0,100.0,70.0,85.0,100.0,100.0,100.0,100.0,100.0,100.0,100.0,100.0,80.0,80.0,92.0,100.0,96.0,82.0,100.0,100.0,94.0,100.0,100.0,93.0,93.0,85.0,85.0,92.0,92.0,,,,,,,,,,,,,,,,,,,,,,,,,,,,,,,,,,,,,,,
2014,Pre-COVID (2010-2019),Sí,EURO,Azerbaijan,AZE,84.0,50.0,83.0,100.0,96.0,True,50.0,50.0,67.0,100.0,83.0,100.0,100.0,100.0,100.0,88.0,94.0,50.0,100.0,75.0,57.0,57.0,100.0,100.0,92.0,100.0,96.0,91.0,100.0,67.0,86.0,100.0,100.0,93.0,93.0,85.0,85.0,77.0,77.0,,,,,,,,,,,,,,,,,,,,,,,,,,,,,,,,,,,,,,,
2014,Pre-COVID (2010-2019),Sí,EMRO,Bahrain,BHR,92.0,100.0,100.0,100.0,100.0,True,100.0,100.0,100.0,100.0,100.0,100.0,100.0,100.0,100.0,75.0,88.0,100.0,100.0,100.0,100.0,100.0,60.0,60.0,100.0,100.0,100.0,100.0,100.0,100.0,100.0,89.0,89.0,100.0,100.0,92.0,92.0,69.0,69.0,,,,,,,,,,,,,,,,,,,,,,,,,,,,,,,,,,,,,,,
2014,Pre-COVID (2010-2019),Sí,SEARO,Bangladesh,BGD,82.0,100.0,83.0,90.0,100.0,True,100.0,100.0,67.0,100.0,83.0,80.0,100.0,90.0,100.0,63.0,82.0,67.0,60.0,63.0,100.0,100.0,100.0,100.0,100.0,100.0,100.0,73.0,60.0,0.0,44.0,89.0,89.0,73.0,73.0,92.0,92.0,46.0,46.0,,,,,,,,,,,,,,,,,,,,,,,,,,,,,,,,,,,,,,,
2014,Pre-COVID (2010-2019),Sí,SEARO,Bhutan,BTN,59.0,75.0,90.0,40.0,66.0,True,75.0,75.0,100.0,80.0,90.0,40.0,40.0,40.0,100.0,88.0,94.0,83.0,40.0,61.0,57.0,57.0,100.0,100.0,92.0,40.0,66.0,45.0,0.0,0.0,15.0,100.0,100.0,53.0,53.0,15.0,15.0,0.0,,,,,,,,,,,,,,,,,,,,,,,,,,,,,,,,,,,,,,,,
2014,Pre-COVID (2010-2019),Sí,WPRO,Brunei Darussalam,BRN,88.0,100.0,100.0,100.0,100.0,True,100.0,100.0,100.0,100.0,100.0,100.0,100.0,100.0,100.0,100.0,100.0,100.0,80.0,90.0,71.0,71.0,100.0,100.0,100.0,100.0,100.0,82.0,100.0,83.0,88.0,100.0,100.0,100.0,100.0,38.0,38.0,54.0,54.0,,,,,,,,,,,,,,,,,,,,,,,,,,,,,,,,,,,,,,,
2014,Pre-COVID (2010-2019),Sí,WPRO,Cambodia,KHM,41.0,50.0,56.0,80.0,39.0,True,50.0,50.0,33.0,80.0,56.0,100.0,60.0,80.0,44.0,50.0,47.0,0.0,0.0,,43.0,43.0,0.0,,58.0,20.0,39.0,64.0,100.0,67.0,77.0,78.0,78.0,67.0,67.0,0.0,,0.0,,,,,,,,,,,,,,,,,,,,,,,,,,,,,,,,,,,,,,,,
2014,Pre-COVID (2010-2019),Sí,WPRO,China,CHN,98.0,100.0,100.0,100.0,100.0,True,100.0,100.0,100.0,100.0,100.0,100.0,100.0,100.0,100.0,100.0,100.0,100.0,100.0,100.0,100.0,100.0,100.0,100.0,100.0,100.0,100.0,100.0,100.0,100.0,100.0,100.0,100.0,87.0,87.0,92.0,92.0,100.0,100.0,,,,,,,,,,,,,,,,,,,,,,,,,,,,,,,,,,,,,,,
2014,Pre-COVID (2010-2019),Sí,EURO,Cyprus,CYP,62.0,75.0,100.0,60.0,14.0,True,75.0,75.0,100.0,100.0,100.0,60.0,60.0,60.0,78.0,100.0,89.0,17.0,40.0,28.0,57.0,57.0,0.0,,8.0,20.0,14.0,91.0,100.0,100.0,97.0,89.0,89.0,100.0,100.0,0.0,,100.0,100.0,,,,,,,,,,,,,,,,,,,,,,,,,,,,,,,,,,,,,,,
2014,Pre-COVID (2010-2019),Sí,SEARO,Democratic People's Republic of Korea,PRK,69.0,100.0,80.0,95.0,79.0,True,100.0,100.0,100.0,60.0,80.0,100.0,90.0,95.0,89.0,63.0,76.0,33.0,80.0,56.0,71.0,71.0,40.0,40.0,58.0,100.0,79.0,64.0,20.0,33.0,39.0,89.0,89.0,73.0,73.0,31.0,31.0,62.0,62.0,,,,,,,,,,,,,,,,,,,,,,,,,,,,,,,,,,,,,,,
2014,Pre-COVID (2010-2019),Sí,EURO,Georgia,GEO,90.0,100.0,100.0,95.0,96.0,True,100.0,100.0,100.0,100.0,100.0,100.0,90.0,95.0,100.0,63.0,81.0,100.0,100.0,100.0,100.0,100.0,60.0,60.0,92.0,100.0,96.0,82.0,100.0,100.0,94.0,100.0,100.0,100.0,100.0,62.0,62.0,77.0,77.0,,,,,,,,,,,,,,,,,,,,,,,,,,,,,,,,,,,,,,,
2014,Pre-COVID (2010-2019),Sí,SEARO,India,IND,88.0,100.0,100.0,100.0,50.0,True,100.0,100.0,100.0,100.0,100.0,100.0,100.0,100.0,100.0,100.0,100.0,100.0,100.0,100.0,57.0,57.0,100.0,100.0,100.0,0.0,50.0,73.0,100.0,50.0,74.0,100.0,100.0,100.0,100.0,69.0,69.0,100.0,100.0,,,,,,,,,,,,,,,,,,,,,,,,,,,,,,,,,,,,,,,
2014,Pre-COVID (2010-2019),Sí,WPRO,Indonesia,IDN,95.0,100.0,100.0,90.0,100.0,True,100.0,100.0,100.0,100.0,100.0,100.0,80.0,90.0,100.0,88.0,94.0,100.0,100.0,100.0,86.0,86.0,80.0,80.0,100.0,100.0,100.0,82.0,100.0,100.0,94.0,100.0,100.0,100.0,100.0,85.0,85.0,100.0,100.0,,,,,,,,,,,,,,,,,,,,,,,,,,,,,,,,,,,,,,,
2014,Pre-COVID (2010-2019),Sí,EMRO,Iran (Islamic Republic of),IRN,84.0,100.0,100.0,100.0,90.0,True,100.0,100.0,100.0,100.0,100.0,100.0,100.0,100.0,100.0,88.0,94.0,83.0,100.0,91.0,71.0,71.0,100.0,100.0,100.0,80.0,90.0,91.0,100.0,100.0,97.0,100.0,100.0,100.0,100.0,46.0,46.0,8.0,8.0,,,,,,,,,,,,,,,,,,,,,,,,,,,,,,,,,,,,,,,
2014,Pre-COVID (2010-2019),Sí,EMRO,Iraq,IRQ,91.0,100.0,90.0,95.0,81.0,True,100.0,100.0,100.0,80.0,90.0,100.0,90.0,95.0,100.0,100.0,100.0,100.0,100.0,100.0,100.0,100.0,100.0,100.0,83.0,80.0,81.0,82.0,100.0,100.0,94.0,100.0,100.0,87.0,87.0,62.0,62.0,77.0,77.0,,,,,,,,,,,,,,,,,,,,,,,,,,,,,,,,,,,,,,,
2014,Pre-COVID (2010-2019),No,EURO,Israel,ISR,,,,,,False,,,,,,,,,,,,,,,,,,,,,,,,,,,,,,,,,,,,,,,,,,,,,,,,,,,,,,,,,,,,,,,,,,,,,,,,
2014,Pre-COVID (2010-2019),Sí,WPRO,Japan,JPN,97.0,75.0,100.0,100.0,100.0,True,75.0,75.0,100.0,100.0,100.0,100.0,100.0,100.0,100.0,75.0,87.0,100.0,100.0,100.0,100.0,100.0,100.0,100.0,100.0,100.0,100.0,100.0,100.0,83.0,94.0,100.0,100.0,100.0,100.0,100.0,100.0,100.0,100.0,,,,,,,,,,,,,,,,,,,,,,,,,,,,,,,,,,,,,,,
2014,Pre-COVID (2010-2019),Sí,EMRO,Jordan,JOR,97.0,100.0,100.0,100.0,100.0,True,100.0,100.0,100.0,100.0,100.0,100.0,100.0,100.0,100.0,88.0,94.0,100.0,100.0,100.0,100.0,100.0,80.0,80.0,100.0,100.0,100.0,91.0,100.0,100.0,97.0,100.0,100.0,100.0,100.0,92.0,92.0,100.0,100.0,,,,,,,,,,,,,,,,,,,,,,,,,,,,,,,,,,,,,,,
2014,Pre-COVID (2010-2019),Sí,EURO,Kazakhstan,KAZ,85.0,100.0,53.0,70.0,96.0,True,100.0,100.0,67.0,40.0,53.0,100.0,40.0,70.0,89.0,63.0,76.0,67.0,100.0,83.0,43.0,43.0,100.0,100.0,92.0,100.0,96.0,82.0,100.0,100.0,94.0,89.0,89.0,100.0,100.0,100.0,100.0,100.0,100.0,,,,,,,,,,,,,,,,,,,,,,,,,,,,,,,,,,,,,,,
2014,Pre-COVID (2010-2019),Sí,EMRO,Kuwait,KWT,85.0,100.0,100.0,60.0,90.0,True,100.0,100.0,100.0,100.0,100.0,80.0,40.0,60.0,100.0,100.0,100.0,100.0,100.0,100.0,100.0,100.0,60.0,60.0,100.0,80.0,90.0,100.0,100.0,100.0,100.0,100.0,100.0,100.0,100.0,0.0,,92.0,92.0,,,,,,,,,,,,,,,,,,,,,,,,,,,,,,,,,,,,,,,
2014,Pre-COVID (2010-2019),No,EURO,Kyrgyzstan,KGZ,,,,,,False,,,,,,,,,,,,,,,,,,,,,,,,,,,,,,,,,,,,,,,,,,,,,,,,,,,,,,,,,,,,,,,,,,,,,,,,
2014,Pre-COVID (2010-2019),Sí,WPRO,Lao People's Democratic Republic,LAO,60.0,100.0,46.0,80.0,81.0,True,100.0,100.0,33.0,60.0,46.0,80.0,80.0,80.0,78.0,38.0,58.0,33.0,60.0,46.0,86.0,86.0,100.0,100.0,83.0,80.0,81.0,36.0,0.0,17.0,17.0,89.0,89.0,80.0,80.0,0.0,,0.0,,,,,,,,,,,,,,,,,,,,,,,,,,,,,,,,,,,,,,,,
2014,Pre-COVID (2010-2019),Sí,EMRO,Lebanon,LBN,76.0,100.0,56.0,80.0,66.0,True,100.0,100.0,33.0,80.0,56.0,80.0,80.0,80.0,89.0,88.0,88.0,100.0,80.0,90.0,57.0,57.0,60.0,60.0,92.0,40.0,66.0,91.0,40.0,17.0,49.0,89.0,89.0,87.0,87.0,69.0,69.0,92.0,92.0,,,,,,,,,,,,,,,,,,,,,,,,,,,,,,,,,,,,,,,
2014,Pre-COVID (2010-2019),Sí,WPRO,Malaysia,MYS,100.0,100.0,100.0,100.0,100.0,True,100.0,100.0,100.0,100.0,100.0,100.0,100.0,100.0,100.0,100.0,100.0,100.0,100.0,100.0,100.0,100.0,100.0,100.0,100.0,100.0,100.0,100.0,100.0,100.0,100.0,100.0,100.0,100.0,100.0,100.0,100.0,100.0,100.0,,,,,,,,,,,,,,,,,,,,,,,,,,,,,,,,,,,,,,,
2014,Pre-COVID (2010-2019),Sí,SEARO,Maldives,MDV,66.0,50.0,90.0,55.0,96.0,True,50.0,50.0,100.0,80.0,90.0,60.0,50.0,55.0,67.0,63.0,65.0,83.0,40.0,61.0,71.0,71.0,40.0,40.0,92.0,100.0,96.0,73.0,60.0,50.0,61.0,100.0,100.0,100.0,100.0,54.0,54.0,15.0,15.0,,,,,,,,,,,,,,,,,,,,,,,,,,,,,,,,,,,,,,,
2014,Pre-COVID (2010-2019),Sí,WPRO,Mongolia,MNG,75.0,100.0,83.0,75.0,100.0,True,100.0,100.0,67.0,100.0,83.0,60.0,90.0,75.0,89.0,100.0,94.0,83.0,40.0,61.0,86.0,86.0,0.0,,100.0,100.0,100.0,91.0,100.0,100.0,97.0,100.0,100.0,53.0,53.0,77.0,77.0,46.0,46.0,,,,,,,,,,,,,,,,,,,,,,,,,,,,,,,,,,,,,,,
2014,Pre-COVID (2010-2019),Sí,SEARO,Myanmar,MMR,84.0,100.0,73.0,100.0,70.0,True,100.0,100.0,67.0,80.0,73.0,100.0,100.0,100.0,100.0,100.0,100.0,100.0,100.0,100.0,100.0,100.0,100.0,100.0,100.0,40.0,70.0,82.0,100.0,100.0,94.0,100.0,100.0,100.0,100.0,46.0,46.0,8.0,8.0,,,,,,,,,,,,,,,,,,,,,,,,,,,,,,,,,,,,,,,
2014,Pre-COVID (2010-2019),Sí,SEARO,Nepal,NPL,66.0,100.0,100.0,90.0,91.0,True,100.0,100.0,100.0,100.0,100.0,100.0,80.0,90.0,78.0,75.0,76.0,100.0,40.0,70.0,86.0,86.0,60.0,60.0,83.0,100.0,91.0,82.0,0.0,0.0,27.0,100.0,100.0,47.0,47.0,8.0,8.0,8.0,8.0,,,,,,,,,,,,,,,,,,,,,,,,,,,,,,,,,,,,,,,
2014,Pre-COVID (2010-2019),Sí,EMRO,Oman,OMN,80.0,100.0,100.0,90.0,81.0,True,100.0,100.0,100.0,100.0,100.0,100.0,80.0,90.0,89.0,100.0,94.0,33.0,40.0,36.0,100.0,100.0,100.0,100.0,83.0,80.0,81.0,82.0,100.0,83.0,88.0,100.0,100.0,80.0,80.0,38.0,38.0,31.0,31.0,,,,,,,,,,,,,,,,,,,,,,,,,,,,,,,,,,,,,,,
2014,Pre-COVID (2010-2019),Sí,EMRO,Pakistan,PAK,43.0,75.0,56.0,45.0,47.0,True,75.0,75.0,33.0,80.0,56.0,60.0,30.0,45.0,67.0,13.0,40.0,33.0,0.0,16.0,29.0,29.0,60.0,60.0,75.0,20.0,47.0,27.0,0.0,0.0,9.0,56.0,56.0,53.0,53.0,23.0,23.0,46.0,46.0,,,,,,,,,,,,,,,,,,,,,,,,,,,,,,,,,,,,,,,
2014,Pre-COVID (2010-2019),Sí,WPRO,Philippines,PHL,84.0,100.0,73.0,90.0,90.0,True,100.0,100.0,67.0,80.0,73.0,100.0,80.0,90.0,100.0,100.0,100.0,100.0,80.0,90.0,86.0,86.0,80.0,80.0,100.0,80.0,90.0,64.0,20.0,0.0,28.0,89.0,89.0,80.0,80.0,85.0,85.0,100.0,100.0,,,,,,,,,,,,,,,,,,,,,,,,,,,,,,,,,,,,,,,
2014,Pre-COVID (2010-2019),Sí,EMRO,Qatar,QAT,97.0,100.0,100.0,90.0,100.0,True,100.0,100.0,100.0,100.0,100.0,100.0,80.0,90.0,100.0,100.0,100.0,100.0,100.0,100.0,100.0,100.0,100.0,100.0,100.0,100.0,100.0,91.0,100.0,100.0,97.0,89.0,89.0,100.0,100.0,85.0,85.0,100.0,100.0,,,,,,,,,,,,,,,,,,,,,,,,,,,,,,,,,,,,,,,
2014,Pre-COVID (2010-2019),Sí,WPRO,Republic of Korea,KOR,100.0,100.0,100.0,100.0,96.0,True,100.0,100.0,100.0,100.0,100.0,100.0,100.0,100.0,100.0,100.0,100.0,100.0,100.0,100.0,100.0,100.0,100.0,100.0,92.0,100.0,96.0,100.0,100.0,100.0,100.0,100.0,100.0,100.0,100.0,100.0,100.0,100.0,100.0,,,,,,,,,,,,,,,,,,,,,,,,,,,,,,,,,,,,,,,
2014,Pre-COVID (2010-2019),Sí,EMRO,Saudi Arabia,SAU,99.0,100.0,100.0,95.0,100.0,True,100.0,100.0,100.0,100.0,100.0,100.0,90.0,95.0,100.0,100.0,100.0,100.0,100.0,100.0,100.0,100.0,100.0,100.0,100.0,100.0,100.0,91.0,100.0,100.0,97.0,100.0,100.0,100.0,100.0,100.0,100.0,92.0,92.0,,,,,,,,,,,,,,,,,,,,,,,,,,,,,,,,,,,,,,,
2014,Pre-COVID (2010-2019),Sí,WPRO,Singapore,SGP,99.0,100.0,100.0,100.0,100.0,True,100.0,100.0,100.0,100.0,100.0,100.0,100.0,100.0,100.0,100.0,100.0,100.0,100.0,100.0,100.0,100.0,100.0,100.0,100.0,100.0,100.0,100.0,100.0,100.0,100.0,100.0,100.0,100.0,100.0,100.0,100.0,92.0,92.0,,,,,,,,,,,,,,,,,,,,,,,,,,,,,,,,,,,,,,,
2014,Pre-COVID (2010-2019),Sí,SEARO,Sri Lanka,LKA,71.0,75.0,90.0,80.0,81.0,True,75.0,75.0,100.0,80.0,90.0,100.0,60.0,80.0,78.0,75.0,76.0,83.0,40.0,61.0,86.0,86.0,80.0,80.0,83.0,80.0,81.0,73.0,100.0,67.0,80.0,100.0,100.0,87.0,87.0,15.0,15.0,15.0,15.0,,,,,,,,,,,,,,,,,,,,,,,,,,,,,,,,,,,,,,,
2014,Pre-COVID (2010-2019),Sí,EMRO,Syrian Arab Republic,SYR,63.0,50.0,63.0,95.0,90.0,True,50.0,50.0,67.0,60.0,63.0,100.0,90.0,95.0,89.0,88.0,88.0,33.0,0.0,16.0,43.0,43.0,20.0,20.0,100.0,80.0,90.0,55.0,100.0,50.0,68.0,78.0,78.0,80.0,80.0,46.0,46.0,85.0,85.0,,,,,,,,,,,,,,,,,,,,,,,,,,,,,,,,,,,,,,,
2014,Pre-COVID (2010-2019),Sí,EURO,Tajikistan,TJK,94.0,100.0,100.0,85.0,96.0,True,100.0,100.0,100.0,100.0,100.0,100.0,70.0,85.0,89.0,100.0,94.0,100.0,100.0,100.0,100.0,100.0,100.0,100.0,92.0,100.0,96.0,73.0,0.0,67.0,46.0,100.0,100.0,100.0,100.0,100.0,100.0,100.0,100.0,,,,,,,,,,,,,,,,,,,,,,,,,,,,,,,,,,,,,,,
2014,Pre-COVID (2010-2019),Sí,SEARO,Thailand,THA,98.0,100.0,90.0,85.0,100.0,True,100.0,100.0,100.0,80.0,90.0,100.0,70.0,85.0,100.0,100.0,100.0,100.0,100.0,100.0,100.0,100.0,100.0,100.0,100.0,100.0,100.0,91.0,100.0,100.0,97.0,100.0,100.0,100.0,100.0,100.0,100.0,100.0,100.0,,,,,,,,,,,,,,,,,,,,,,,,,,,,,,,,,,,,,,,
2014,Pre-COVID (2010-2019),Sí,SEARO,Timor-Leste,TLS,63.0,75.0,70.0,85.0,96.0,True,75.0,75.0,100.0,40.0,70.0,100.0,70.0,85.0,67.0,25.0,46.0,100.0,60.0,80.0,100.0,100.0,40.0,40.0,92.0,100.0,96.0,55.0,20.0,0.0,25.0,78.0,78.0,73.0,73.0,54.0,54.0,0.0,,,,,,,,,,,,,,,,,,,,,,,,,,,,,,,,,,,,,,,,
2014,Pre-COVID (2010-2019),Sí,EURO,Türkiye,TUR,78.0,75.0,73.0,60.0,96.0,True,75.0,75.0,67.0,80.0,73.0,40.0,80.0,60.0,89.0,100.0,94.0,83.0,40.0,61.0,57.0,57.0,100.0,100.0,92.0,100.0,96.0,73.0,80.0,33.0,62.0,89.0,89.0,80.0,80.0,69.0,69.0,92.0,92.0,,,,,,,,,,,,,,,,,,,,,,,,,,,,,,,,,,,,,,,
2014,Pre-COVID (2010-2019),Sí,EURO,Turkmenistan,TKM,84.0,50.0,100.0,85.0,83.0,True,50.0,50.0,100.0,100.0,100.0,100.0,70.0,85.0,89.0,88.0,88.0,83.0,100.0,91.0,57.0,57.0,100.0,100.0,67.0,100.0,83.0,64.0,100.0,100.0,88.0,100.0,100.0,93.0,93.0,92.0,92.0,69.0,69.0,,,,,,,,,,,,,,,,,,,,,,,,,,,,,,,,,,,,,,,
2014,Pre-COVID (2010-2019),Sí,EMRO,United Arab Emirates,ARE,92.0,100.0,100.0,80.0,100.0,True,100.0,100.0,100.0,100.0,100.0,100.0,60.0,80.0,100.0,100.0,100.0,100.0,100.0,100.0,100.0,100.0,80.0,80.0,100.0,100.0,100.0,73.0,20.0,0.0,31.0,100.0,100.0,100.0,100.0,100.0,100.0,100.0,100.0,,,,,,,,,,,,,,,,,,,,,,,,,,,,,,,,,,,,,,,
2014,Pre-COVID (2010-2019),Sí,EURO,Uzbekistan,UZB,83.0,100.0,46.0,85.0,91.0,True,100.0,100.0,33.0,60.0,46.0,100.0,70.0,85.0,89.0,88.0,88.0,83.0,100.0,91.0,86.0,86.0,100.0,100.0,83.0,100.0,91.0,38.0,0.0,0.0,12.0,100.0,100.0,93.0,93.0,92.0,92.0,100.0,100.0,,,,,,,,,,,,,,,,,,,,,,,,,,,,,,,,,,,,,,,
2014,Pre-COVID (2010-2019),Sí,WPRO,Viet Nam,VNM,96.0,100.0,100.0,100.0,100.0,True,100.0,100.0,100.0,100.0,100.0,100.0,100.0,100.0,100.0,88.0,94.0,100.0,100.0,100.0,71.0,71.0,80.0,80.0,100.0,100.0,100.0,91.0,100.0,100.0,97.0,100.0,100.0,100.0,100.0,100.0,100.0,100.0,100.0,,,,,,,,,,,,,,,,,,,,,,,,,,,,,,,,,,,,,,,
2014,Pre-COVID (2010-2019),Sí,EMRO,Yemen,YEM,46.0,75.0,46.0,70.0,86.0,True,75.0,75.0,33.0,60.0,46.0,100.0,40.0,70.0,56.0,13.0,34.0,17.0,20.0,18.0,0.0,,100.0,100.0,92.0,80.0,86.0,55.0,20.0,0.0,25.0,100.0,100.0,33.0,33.0,8.0,8.0,0.0,,,,,,,,,,,,,,,,,,,,,,,,,,,,,,,,,,,,,,,,
2014,Pre-COVID (2010-2019),No,EURO,Albania,ALB,,,,,,False,,,,,,,,,,,,,,,,,,,,,,,,,,,,,,,,,,,,,,,,,,,,,,,,,,,,,,,,,,,,,,,,,,,,,,,,
2014,Pre-COVID (2010-2019),Sí,EURO,Andorra,AND,29.0,75.0,30.0,70.0,25.0,True,75.0,75.0,0.0,60.0,30.0,100.0,40.0,70.0,0.0,88.0,44.0,17.0,0.0,8.0,14.0,14.0,0.0,,50.0,0.0,25.0,0.0,0.0,0.0,,44.0,44.0,67.0,67.0,0.0,,0.0,,,,,,,,,,,,,,,,,,,,,,,,,,,,,,,,,,,,,,,,
2014,Pre-COVID (2010-2019),Sí,EURO,Austria,AUT,91.0,75.0,90.0,80.0,100.0,True,75.0,75.0,100.0,80.0,90.0,100.0,60.0,80.0,100.0,100.0,100.0,67.0,100.0,83.0,100.0,100.0,100.0,100.0,100.0,100.0,100.0,73.0,100.0,100.0,91.0,89.0,89.0,93.0,93.0,92.0,92.0,92.0,92.0,,,,,,,,,,,,,,,,,,,,,,,,,,,,,,,,,,,,,,,
2014,Pre-COVID (2010-2019),Sí,EURO,Belarus,BLR,90.0,100.0,100.0,65.0,96.0,True,100.0,100.0,100.0,100.0,100.0,80.0,50.0,65.0,89.0,100.0,94.0,50.0,100.0,75.0,71.0,71.0,100.0,100.0,92.0,100.0,96.0,91.0,100.0,100.0,97.0,89.0,89.0,93.0,93.0,92.0,92.0,92.0,92.0,,,,,,,,,,,,,,,,,,,,,,,,,,,,,,,,,,,,,,,
2014,Pre-COVID (2010-2019),Sí,EURO,Belgium,BEL,82.0,100.0,63.0,85.0,91.0,True,100.0,100.0,67.0,60.0,63.0,100.0,70.0,85.0,44.0,100.0,72.0,33.0,60.0,46.0,100.0,100.0,60.0,60.0,83.0,100.0,91.0,82.0,80.0,50.0,70.0,89.0,89.0,100.0,100.0,92.0,92.0,100.0,100.0,,,,,,,,,,,,,,,,,,,,,,,,,,,,,,,,,,,,,,,
2014,Pre-COVID (2010-2019),Sí,EURO,Bosnia and Herzegovina,BIH,56.0,75.0,73.0,65.0,59.0,True,75.0,75.0,67.0,80.0,73.0,80.0,50.0,65.0,44.0,63.0,53.0,50.0,0.0,25.0,86.0,86.0,20.0,20.0,58.0,60.0,59.0,0.0,0.0,0.0,,78.0,78.0,100.0,100.0,38.0,38.0,54.0,54.0,,,,,,,,,,,,,,,,,,,,,,,,,,,,,,,,,,,,,,,
2014,Pre-COVID (2010-2019),Sí,EURO,Bulgaria,BGR,69.0,75.0,63.0,70.0,86.0,True,75.0,75.0,67.0,60.0,63.0,80.0,60.0,70.0,67.0,75.0,71.0,83.0,80.0,81.0,43.0,43.0,0.0,,92.0,80.0,86.0,64.0,0.0,0.0,21.0,100.0,100.0,100.0,100.0,92.0,92.0,100.0,100.0,,,,,,,,,,,,,,,,,,,,,,,,,,,,,,,,,,,,,,,
2014,Pre-COVID (2010-2019),Sí,EURO,Croatia,HRV,66.0,50.0,36.0,75.0,76.0,True,50.0,50.0,33.0,40.0,36.0,80.0,70.0,75.0,67.0,100.0,83.0,100.0,80.0,90.0,43.0,43.0,40.0,40.0,92.0,60.0,76.0,64.0,40.0,0.0,34.0,100.0,100.0,87.0,87.0,85.0,85.0,62.0,62.0,,,,,,,,,,,,,,,,,,,,,,,,,,,,,,,,,,,,,,,
2014,Pre-COVID (2010-2019),Sí,EURO,Czech Republic,CZE,88.0,100.0,83.0,95.0,96.0,True,100.0,100.0,67.0,100.0,83.0,100.0,90.0,95.0,100.0,100.0,100.0,50.0,100.0,75.0,86.0,86.0,60.0,60.0,92.0,100.0,96.0,55.0,40.0,50.0,48.0,100.0,100.0,100.0,100.0,100.0,100.0,100.0,100.0,,,,,,,,,,,,,,,,,,,,,,,,,,,,,,,,,,,,,,,
2014,Pre-COVID (2010-2019),Sí,EURO,Denmark,DNK,91.0,100.0,90.0,95.0,91.0,True,100.0,100.0,100.0,80.0,90.0,100.0,90.0,95.0,100.0,100.0,100.0,100.0,100.0,100.0,86.0,86.0,40.0,40.0,83.0,100.0,91.0,100.0,100.0,100.0,100.0,89.0,89.0,100.0,100.0,92.0,92.0,100.0,100.0,,,,,,,,,,,,,,,,,,,,,,,,,,,,,,,,,,,,,,,
2014,Pre-COVID (2010-2019),Sí,EURO,Estonia,EST,77.0,25.0,73.0,95.0,81.0,True,25.0,25.0,67.0,80.0,73.0,100.0,90.0,95.0,78.0,63.0,70.0,50.0,80.0,65.0,86.0,86.0,40.0,40.0,83.0,80.0,81.0,70.0,100.0,100.0,90.0,100.0,100.0,100.0,100.0,85.0,85.0,92.0,92.0,,,,,,,,,,,,,,,,,,,,,,,,,,,,,,,,,,,,,,,
2014,Pre-COVID (2010-2019),Sí,EURO,Finland,FIN,90.0,100.0,90.0,100.0,96.0,True,100.0,100.0,100.0,80.0,90.0,100.0,100.0,100.0,100.0,100.0,100.0,100.0,80.0,90.0,100.0,100.0,80.0,80.0,92.0,100.0,96.0,82.0,100.0,100.0,34.0,100.0,100.0,100.0,100.0,92.0,92.0,92.0,92.0,,,,,,,,,,,,,,,,,,,,,,,,,,,,,,,,,,,,,,,
2014,Pre-COVID (2010-2019),Sí,EURO,France,FRA,86.0,100.0,80.0,95.0,100.0,True,100.0,100.0,100.0,60.0,80.0,100.0,90.0,95.0,100.0,100.0,100.0,100.0,60.0,80.0,86.0,86.0,60.0,60.0,100.0,100.0,100.0,63.0,0.0,0.0,21.0,100.0,100.0,100.0,100.0,92.0,92.0,100.0,100.0,,,,,,,,,,,,,,,,,,,,,,,,,,,,,,,,,,,,,,,
2014,Pre-COVID (2010-2019),Sí,EURO,Germany,DEU,99.0,100.0,100.0,95.0,96.0,True,100.0,100.0,100.0,100.0,100.0,100.0,90.0,95.0,100.0,100.0,100.0,100.0,100.0,100.0,100.0,100.0,100.0,100.0,92.0,100.0,96.0,100.0,100.0,100.0,100.0,100.0,100.0,100.0,100.0,100.0,100.0,100.0,100.0,,,,,,,,,,,,,,,,,,,,,,,,,,,,,,,,,,,,,,,
2014,Pre-COVID (2010-2019),No,EURO,Greece,GRC,,,,,,False,,,,,,,,,,,,,,,,,,,,,,,,,,,,,,,,,,,,,,,,,,,,,,,,,,,,,,,,,,,,,,,,,,,,,,,,
2014,Pre-COVID (2010-2019),No,EURO,Holy See,VAT,,,,,,False,,,,,,,,,,,,,,,,,,,,,,,,,,,,,,,,,,,,,,,,,,,,,,,,,,,,,,,,,,,,,,,,,,,,,,,,
2014,Pre-COVID (2010-2019),Sí,EURO,Hungary,HUN,82.0,75.0,100.0,85.0,96.0,True,75.0,75.0,100.0,100.0,100.0,100.0,70.0,85.0,89.0,100.0,94.0,100.0,100.0,100.0,100.0,100.0,0.0,,92.0,100.0,96.0,64.0,0.0,33.0,32.0,100.0,100.0,93.0,93.0,85.0,85.0,100.0,100.0,,,,,,,,,,,,,,,,,,,,,,,,,,,,,,,,,,,,,,,
2014,Pre-COVID (2010-2019),Sí,EURO,Iceland,ISL,84.0,100.0,83.0,85.0,86.0,True,100.0,100.0,67.0,100.0,83.0,80.0,90.0,85.0,78.0,100.0,89.0,100.0,80.0,90.0,71.0,71.0,60.0,60.0,92.0,80.0,86.0,82.0,100.0,100.0,94.0,100.0,100.0,100.0,100.0,54.0,54.0,77.0,77.0,,,,,,,,,,,,,,,,,,,,,,,,,,,,,,,,,,,,,,,
2014,Pre-COVID (2010-2019),No,EURO,Ireland,IRL,,,,,,False,,,,,,,,,,,,,,,,,,,,,,,,,,,,,,,,,,,,,,,,,,,,,,,,,,,,,,,,,,,,,,,,,,,,,,,,
2014,Pre-COVID (2010-2019),No,EURO,Italy,ITA,,,,,,False,,,,,,,,,,,,,,,,,,,,,,,,,,,,,,,,,,,,,,,,,,,,,,,,,,,,,,,,,,,,,,,,,,,,,,,,
2014,Pre-COVID (2010-2019),Sí,EURO,Latvia,LVA,91.0,100.0,66.0,90.0,100.0,True,100.0,100.0,33.0,100.0,66.0,100.0,80.0,90.0,89.0,88.0,88.0,100.0,100.0,100.0,100.0,100.0,60.0,60.0,100.0,100.0,100.0,82.0,100.0,83.0,88.0,100.0,100.0,100.0,100.0,92.0,92.0,100.0,100.0,,,,,,,,,,,,,,,,,,,,,,,,,,,,,,,,,,,,,,,
2014,Pre-COVID (2010-2019),Sí,EURO,Liechtenstein,LIE,72.0,75.0,90.0,90.0,80.0,True,75.0,75.0,100.0,80.0,90.0,100.0,80.0,90.0,78.0,88.0,83.0,67.0,100.0,83.0,71.0,71.0,0.0,,100.0,60.0,80.0,0.0,0.0,0.0,,100.0,100.0,93.0,93.0,92.0,92.0,85.0,85.0,,,,,,,,,,,,,,,,,,,,,,,,,,,,,,,,,,,,,,,
2014,Pre-COVID (2010-2019),Sí,EURO,Lithuania,LTU,82.0,100.0,83.0,90.0,77.0,True,100.0,100.0,67.0,100.0,83.0,100.0,80.0,90.0,67.0,88.0,77.0,67.0,60.0,63.0,100.0,100.0,0.0,,75.0,80.0,77.0,91.0,100.0,100.0,97.0,89.0,89.0,100.0,100.0,92.0,92.0,100.0,100.0,,,,,,,,,,,,,,,,,,,,,,,,,,,,,,,,,,,,,,,
2014,Pre-COVID (2010-2019),Sí,EURO,Luxembourg,LUX,88.0,100.0,90.0,75.0,96.0,True,100.0,100.0,100.0,80.0,90.0,60.0,90.0,75.0,100.0,100.0,100.0,100.0,80.0,90.0,100.0,100.0,40.0,40.0,92.0,100.0,96.0,82.0,100.0,100.0,94.0,100.0,100.0,80.0,80.0,85.0,85.0,100.0,100.0,,,,,,,,,,,,,,,,,,,,,,,,,,,,,,,,,,,,,,,
2014,Pre-COVID (2010-2019),Sí,EURO,Malta,MLT,76.0,100.0,100.0,100.0,77.0,True,100.0,100.0,100.0,100.0,100.0,100.0,100.0,100.0,78.0,100.0,89.0,50.0,100.0,75.0,71.0,71.0,0.0,,75.0,80.0,77.0,91.0,20.0,17.0,42.0,100.0,100.0,100.0,100.0,77.0,77.0,62.0,62.0,,,,,,,,,,,,,,,,,,,,,,,,,,,,,,,,,,,,,,,
2014,Pre-COVID (2010-2019),Sí,EURO,Monaco,MCO,79.0,75.0,90.0,90.0,57.0,True,75.0,75.0,100.0,80.0,90.0,80.0,100.0,90.0,89.0,100.0,94.0,100.0,100.0,100.0,71.0,71.0,20.0,20.0,75.0,40.0,57.0,100.0,100.0,100.0,100.0,78.0,78.0,100.0,100.0,92.0,92.0,54.0,54.0,,,,,,,,,,,,,,,,,,,,,,,,,,,,,,,,,,,,,,,
2014,Pre-COVID (2010-2019),Sí,EURO,Montenegro,MNE,55.0,25.0,83.0,80.0,77.0,True,25.0,25.0,67.0,100.0,83.0,100.0,60.0,80.0,56.0,63.0,59.0,50.0,80.0,65.0,86.0,86.0,20.0,20.0,75.0,80.0,77.0,27.0,0.0,0.0,9.0,56.0,56.0,67.0,67.0,31.0,31.0,62.0,62.0,,,,,,,,,,,,,,,,,,,,,,,,,,,,,,,,,,,,,,,
2014,Pre-COVID (2010-2019),Sí,EURO,Netherlands (Kingdom of the),NLD,91.0,100.0,100.0,100.0,96.0,True,100.0,100.0,100.0,100.0,100.0,100.0,100.0,100.0,100.0,100.0,100.0,100.0,60.0,80.0,86.0,86.0,60.0,60.0,92.0,100.0,96.0,91.0,60.0,100.0,83.0,78.0,78.0,100.0,100.0,100.0,100.0,100.0,100.0,,,,,,,,,,,,,,,,,,,,,,,,,,,,,,,,,,,,,,,
2014,Pre-COVID (2010-2019),Sí,EURO,North Macedonia,MKD,88.0,100.0,90.0,85.0,76.0,True,100.0,100.0,100.0,80.0,90.0,80.0,90.0,85.0,89.0,100.0,94.0,100.0,60.0,80.0,100.0,100.0,60.0,60.0,92.0,60.0,76.0,100.0,100.0,100.0,100.0,100.0,100.0,100.0,100.0,85.0,85.0,77.0,77.0,,,,,,,,,,,,,,,,,,,,,,,,,,,,,,,,,,,,,,,
2014,Pre-COVID (2010-2019),Sí,EURO,Norway,NOR,98.0,100.0,100.0,100.0,100.0,True,100.0,100.0,100.0,100.0,100.0,100.0,100.0,100.0,100.0,100.0,100.0,100.0,100.0,100.0,100.0,100.0,100.0,100.0,100.0,100.0,100.0,100.0,100.0,100.0,100.0,100.0,100.0,100.0,100.0,85.0,85.0,92.0,92.0,,,,,,,,,,,,,,,,,,,,,,,,,,,,,,,,,,,,,,,
2014,Pre-COVID (2010-2019),Sí,EURO,Poland,POL,74.0,50.0,100.0,95.0,100.0,True,50.0,50.0,100.0,100.0,100.0,100.0,90.0,95.0,100.0,88.0,94.0,83.0,80.0,81.0,43.0,43.0,0.0,,100.0,100.0,100.0,82.0,100.0,67.0,83.0,78.0,78.0,73.0,73.0,62.0,62.0,100.0,100.0,,,,,,,,,,,,,,,,,,,,,,,,,,,,,,,,,,,,,,,
2014,Pre-COVID (2010-2019),Sí,EURO,Portugal,PRT,93.0,100.0,100.0,100.0,96.0,True,100.0,100.0,100.0,100.0,100.0,100.0,100.0,100.0,100.0,100.0,100.0,100.0,100.0,100.0,100.0,100.0,60.0,60.0,92.0,100.0,96.0,91.0,100.0,83.0,91.0,89.0,89.0,100.0,100.0,85.0,85.0,85.0,85.0,,,,,,,,,,,,,,,,,,,,,,,,,,,,,,,,,,,,,,,
2014,Pre-COVID (2010-2019),Sí,EURO,Republic of Moldova,MDA,77.0,100.0,90.0,100.0,96.0,True,100.0,100.0,100.0,80.0,90.0,100.0,100.0,100.0,89.0,88.0,88.0,50.0,20.0,35.0,57.0,57.0,20.0,20.0,92.0,100.0,96.0,82.0,60.0,50.0,64.0,100.0,100.0,80.0,80.0,77.0,77.0,100.0,100.0,,,,,,,,,,,,,,,,,,,,,,,,,,,,,,,,,,,,,,,
2014,Pre-COVID (2010-2019),Sí,EURO,Romania,ROU,76.0,75.0,66.0,80.0,76.0,True,75.0,75.0,33.0,100.0,66.0,100.0,60.0,80.0,78.0,100.0,89.0,83.0,80.0,81.0,71.0,71.0,40.0,40.0,92.0,60.0,76.0,55.0,100.0,33.0,62.0,89.0,89.0,87.0,87.0,85.0,85.0,92.0,92.0,,,,,,,,,,,,,,,,,,,,,,,,,,,,,,,,,,,,,,,
2014,Pre-COVID (2010-2019),Sí,EURO,Russian Federation,RUS,81.0,100.0,90.0,100.0,66.0,True,100.0,100.0,100.0,80.0,90.0,100.0,100.0,100.0,56.0,88.0,72.0,83.0,80.0,81.0,100.0,100.0,80.0,80.0,33.0,100.0,66.0,45.0,0.0,0.0,15.0,100.0,100.0,80.0,80.0,92.0,92.0,77.0,77.0,,,,,,,,,,,,,,,,,,,,,,,,,,,,,,,,,,,,,,,
2014,Pre-COVID (2010-2019),No,EURO,San Marino,SMR,,,,,,False,,,,,,,,,,,,,,,,,,,,,,,,,,,,,,,,,,,,,,,,,,,,,,,,,,,,,,,,,,,,,,,,,,,,,,,,
2014,Pre-COVID (2010-2019),Sí,EURO,Serbia,SRB,47.0,75.0,30.0,85.0,59.0,True,75.0,75.0,0.0,60.0,30.0,100.0,70.0,85.0,33.0,75.0,54.0,33.0,40.0,36.0,43.0,43.0,0.0,,58.0,60.0,59.0,36.0,0.0,0.0,12.0,56.0,56.0,40.0,40.0,46.0,46.0,69.0,69.0,,,,,,,,,,,,,,,,,,,,,,,,,,,,,,,,,,,,,,,
2014,Pre-COVID (2010-2019),Sí,EURO,Slovakia,SVK,95.0,100.0,100.0,100.0,100.0,True,100.0,100.0,100.0,100.0,100.0,100.0,100.0,100.0,100.0,100.0,100.0,100.0,100.0,100.0,86.0,86.0,100.0,100.0,100.0,100.0,100.0,91.0,100.0,100.0,97.0,78.0,78.0,100.0,100.0,100.0,100.0,77.0,77.0,,,,,,,,,,,,,,,,,,,,,,,,,,,,,,,,,,,,,,,
2014,Pre-COVID (2010-2019),Sí,EURO,Slovenia,SVN,68.0,100.0,53.0,95.0,47.0,True,100.0,100.0,67.0,40.0,53.0,100.0,90.0,95.0,33.0,88.0,60.0,33.0,100.0,66.0,43.0,43.0,20.0,20.0,75.0,20.0,47.0,64.0,100.0,0.0,54.0,100.0,100.0,100.0,100.0,69.0,69.0,77.0,77.0,,,,,,,,,,,,,,,,,,,,,,,,,,,,,,,,,,,,,,,
2014,Pre-COVID (2010-2019),Sí,EURO,Spain,ESP,93.0,100.0,100.0,100.0,86.0,True,100.0,100.0,100.0,100.0,100.0,100.0,100.0,100.0,89.0,100.0,94.0,100.0,100.0,100.0,86.0,86.0,100.0,100.0,92.0,80.0,86.0,100.0,80.0,50.0,76.0,100.0,100.0,100.0,100.0,69.0,69.0,100.0,100.0,,,,,,,,,,,,,,,,,,,,,,,,,,,,,,,,,,,,,,,
2014,Pre-COVID (2010-2019),Sí,EURO,Sweden,SWE,92.0,100.0,73.0,95.0,96.0,True,100.0,100.0,67.0,80.0,73.0,100.0,90.0,95.0,89.0,100.0,94.0,67.0,100.0,83.0,100.0,100.0,100.0,100.0,92.0,100.0,96.0,73.0,100.0,83.0,85.0,100.0,100.0,87.0,87.0,85.0,85.0,92.0,92.0,,,,,,,,,,,,,,,,,,,,,,,,,,,,,,,,,,,,,,,
2014,Pre-COVID (2010-2019),Sí,EURO,Switzerland,CHE,91.0,100.0,100.0,90.0,80.0,True,100.0,100.0,100.0,100.0,100.0,100.0,80.0,90.0,100.0,100.0,100.0,100.0,100.0,100.0,100.0,100.0,20.0,20.0,100.0,60.0,80.0,73.0,100.0,100.0,91.0,100.0,100.0,100.0,100.0,100.0,100.0,100.0,100.0,,,,,,,,,,,,,,,,,,,,,,,,,,,,,,,,,,,,,,,
2014,Pre-COVID (2010-2019),No,EURO,Ukraine,UKR,,,,,,False,,,,,,,,,,,,,,,,,,,,,,,,,,,,,,,,,,,,,,,,,,,,,,,,,,,,,,,,,,,,,,,,,,,,,,,,
2014,Pre-COVID (2010-2019),No,EURO,United Kingdom of Great Britain and Northern Ireland,GBR,,,,,,False,,,,,,,,,,,,,,,,,,,,,,,,,,,,,,,,,,,,,,,,,,,,,,,,,,,,,,,,,,,,,,,,,,,,,,,,
2015,Pre-COVID (2010-2019),Sí,AFRO,Algeria,DZA,72.0,100.0,100.0,85.0,76.0,True,100.0,100.0,100.0,100.0,100.0,100.0,70.0,85.0,89.0,100.0,94.0,100.0,60.0,80.0,29.0,29.0,60.0,60.0,92.0,60.0,76.0,73.0,75.0,83.0,77.0,89.0,89.0,60.0,60.0,15.0,15.0,69.0,69.0,,,,,,,,,,,,,,,,,,,,,,,,,,,,,,,,,,,,,,,
2015,Pre-COVID (2010-2019),No,AFRO,Angola,AGO,,,,,,False,,,,,,,,,,,,,,,,,,,,,,,,,,,,,,,,,,,,,,,,,,,,,,,,,,,,,,,,,,,,,,,,,,,,,,,,
2015,Pre-COVID (2010-2019),No,AFRO,Benin,BEN,,,,,,False,,,,,,,,,,,,,,,,,,,,,,,,,,,,,,,,,,,,,,,,,,,,,,,,,,,,,,,,,,,,,,,,,,,,,,,,
2015,Pre-COVID (2010-2019),Sí,AFRO,Botswana,BWA,56.0,100.0,70.0,50.0,100.0,True,100.0,100.0,100.0,40.0,70.0,100.0,0.0,50.0,78.0,88.0,83.0,0.0,0.0,,29.0,29.0,100.0,100.0,100.0,100.0,100.0,36.0,0.0,0.0,12.0,22.0,22.0,67.0,67.0,8.0,8.0,92.0,92.0,,,,,,,,,,,,,,,,,,,,,,,,,,,,,,,,,,,,,,,
2015,Pre-COVID (2010-2019),No,AFRO,Burkina Faso,BFA,,,,,,False,,,,,,,,,,,,,,,,,,,,,,,,,,,,,,,,,,,,,,,,,,,,,,,,,,,,,,,,,,,,,,,,,,,,,,,,
2015,Pre-COVID (2010-2019),Sí,AFRO,Burundi,BDI,56.0,100.0,73.0,100.0,70.0,True,100.0,100.0,67.0,80.0,73.0,100.0,100.0,100.0,100.0,75.0,88.0,100.0,60.0,80.0,86.0,86.0,20.0,20.0,100.0,40.0,70.0,45.0,0.0,0.0,15.0,100.0,100.0,0.0,,0.0,,0.0,,,,,,,,,,,,,,,,,,,,,,,,,,,,,,,,,,,,,,,,
2015,Pre-COVID (2010-2019),No,AFRO,Cabo Verde,CPV,,,,,,False,,,,,,,,,,,,,,,,,,,,,,,,,,,,,,,,,,,,,,,,,,,,,,,,,,,,,,,,,,,,,,,,,,,,,,,,
2015,Pre-COVID (2010-2019),No,AFRO,Cameroon,CMR,,,,,,False,,,,,,,,,,,,,,,,,,,,,,,,,,,,,,,,,,,,,,,,,,,,,,,,,,,,,,,,,,,,,,,,,,,,,,,,
2015,Pre-COVID (2010-2019),No,AFRO,Central African Republic,CAF,,,,,,False,,,,,,,,,,,,,,,,,,,,,,,,,,,,,,,,,,,,,,,,,,,,,,,,,,,,,,,,,,,,,,,,,,,,,,,,
2015,Pre-COVID (2010-2019),Sí,AFRO,Chad,TCD,39.0,,47.0,75.0,52.0,True,0.0,,33.0,60.0,47.0,100.0,50.0,75.0,56.0,62.0,59.0,33.0,20.0,27.0,57.0,57.0,20.0,20.0,83.0,20.0,52.0,45.0,0.0,0.0,15.0,67.0,67.0,47.0,47.0,15.0,15.0,23.0,23.0,,,,,,,,,,,,,,,,,,,,,,,,,,,,,,,,,,,,,,,
2015,Pre-COVID (2010-2019),No,AFRO,Comoros,COM,,,,,,False,,,,,,,,,,,,,,,,,,,,,,,,,,,,,,,,,,,,,,,,,,,,,,,,,,,,,,,,,,,,,,,,,,,,,,,,
2015,Pre-COVID (2010-2019),No,AFRO,Congo,COG,,,,,,False,,,,,,,,,,,,,,,,,,,,,,,,,,,,,,,,,,,,,,,,,,,,,,,,,,,,,,,,,,,,,,,,,,,,,,,,
2015,Pre-COVID (2010-2019),No,AFRO,Côte d'Ivoire,CIV,,,,,,False,,,,,,,,,,,,,,,,,,,,,,,,,,,,,,,,,,,,,,,,,,,,,,,,,,,,,,,,,,,,,,,,,,,,,,,,
2015,Pre-COVID (2010-2019),Sí,AFRO,Democratic Republic of the Congo,COD,72.0,33.0,57.0,85.0,100.0,True,33.0,33.0,33.0,80.0,57.0,80.0,90.0,85.0,78.0,75.0,76.0,100.0,20.0,60.0,100.0,100.0,100.0,100.0,100.0,100.0,100.0,73.0,75.0,33.0,60.0,100.0,100.0,67.0,67.0,0.0,,92.0,92.0,,,,,,,,,,,,,,,,,,,,,,,,,,,,,,,,,,,,,,,
2015,Pre-COVID (2010-2019),No,EMRO,Djibouti,DJI,,,,,,False,,,,,,,,,,,,,,,,,,,,,,,,,,,,,,,,,,,,,,,,,,,,,,,,,,,,,,,,,,,,,,,,,,,,,,,,
2015,Pre-COVID (2010-2019),No,EMRO,Egypt,EGY,,,,,,False,,,,,,,,,,,,,,,,,,,,,,,,,,,,,,,,,,,,,,,,,,,,,,,,,,,,,,,,,,,,,,,,,,,,,,,,
2015,Pre-COVID (2010-2019),No,AFRO,Equatorial Guinea,GNQ,,,,,,False,,,,,,,,,,,,,,,,,,,,,,,,,,,,,,,,,,,,,,,,,,,,,,,,,,,,,,,,,,,,,,,,,,,,,,,,
2015,Pre-COVID (2010-2019),Sí,AFRO,Eritrea,ERI,71.0,100.0,100.0,95.0,86.0,True,100.0,100.0,100.0,100.0,100.0,100.0,90.0,95.0,100.0,100.0,100.0,83.0,100.0,92.0,71.0,71.0,60.0,60.0,92.0,80.0,86.0,82.0,50.0,33.0,55.0,78.0,78.0,33.0,33.0,54.0,54.0,0.0,,,,,,,,,,,,,,,,,,,,,,,,,,,,,,,,,,,,,,,,
2015,Pre-COVID (2010-2019),Sí,AFRO,Eswatini,SWZ,52.0,67.0,47.0,55.0,100.0,True,67.0,67.0,33.0,60.0,47.0,40.0,70.0,55.0,100.0,88.0,94.0,67.0,40.0,53.0,57.0,57.0,40.0,40.0,100.0,100.0,100.0,36.0,25.0,0.0,20.0,78.0,78.0,40.0,40.0,15.0,15.0,8.0,8.0,,,,,,,,,,,,,,,,,,,,,,,,,,,,,,,,,,,,,,,
2015,Pre-COVID (2010-2019),Sí,AFRO,Ethiopia,ETH,78.0,100.0,83.0,95.0,100.0,True,100.0,100.0,67.0,100.0,83.0,100.0,90.0,95.0,100.0,100.0,100.0,100.0,60.0,80.0,100.0,100.0,100.0,100.0,100.0,100.0,100.0,73.0,100.0,100.0,91.0,100.0,100.0,0.0,,0.0,,69.0,69.0,,,,,,,,,,,,,,,,,,,,,,,,,,,,,,,,,,,,,,,
2015,Pre-COVID (2010-2019),No,AFRO,Gabon,GAB,,,,,,False,,,,,,,,,,,,,,,,,,,,,,,,,,,,,,,,,,,,,,,,,,,,,,,,,,,,,,,,,,,,,,,,,,,,,,,,
2015,Pre-COVID (2010-2019),No,AFRO,Gambia,GMB,,,,,,False,,,,,,,,,,,,,,,,,,,,,,,,,,,,,,,,,,,,,,,,,,,,,,,,,,,,,,,,,,,,,,,,,,,,,,,,
2015,Pre-COVID (2010-2019),No,AFRO,Ghana,GHA,,,,,,False,,,,,,,,,,,,,,,,,,,,,,,,,,,,,,,,,,,,,,,,,,,,,,,,,,,,,,,,,,,,,,,,,,,,,,,,
2015,Pre-COVID (2010-2019),Sí,AFRO,Guinea,GIN,51.0,100.0,73.0,90.0,86.0,True,100.0,100.0,67.0,80.0,73.0,100.0,80.0,90.0,78.0,50.0,64.0,67.0,60.0,63.0,43.0,43.0,80.0,80.0,92.0,80.0,86.0,64.0,0.0,0.0,21.0,22.0,22.0,27.0,27.0,0.0,,0.0,,,,,,,,,,,,,,,,,,,,,,,,,,,,,,,,,,,,,,,,
2015,Pre-COVID (2010-2019),Sí,AFRO,Guinea-Bissau,GNB,48.0,100.0,57.0,95.0,48.0,True,100.0,100.0,33.0,80.0,57.0,100.0,90.0,95.0,100.0,75.0,88.0,67.0,20.0,43.0,71.0,71.0,40.0,40.0,75.0,20.0,48.0,27.0,0.0,0.0,9.0,67.0,67.0,0.0,,0.0,,0.0,,,,,,,,,,,,,,,,,,,,,,,,,,,,,,,,,,,,,,,,
2015,Pre-COVID (2010-2019),No,AFRO,Kenya,KEN,,,,,,False,,,,,,,,,,,,,,,,,,,,,,,,,,,,,,,,,,,,,,,,,,,,,,,,,,,,,,,,,,,,,,,,,,,,,,,,
2015,Pre-COVID (2010-2019),No,AFRO,Lesotho,LSO,,,,,,False,,,,,,,,,,,,,,,,,,,,,,,,,,,,,,,,,,,,,,,,,,,,,,,,,,,,,,,,,,,,,,,,,,,,,,,,
2015,Pre-COVID (2010-2019),No,AFRO,Liberia,LBR,,,,,,False,,,,,,,,,,,,,,,,,,,,,,,,,,,,,,,,,,,,,,,,,,,,,,,,,,,,,,,,,,,,,,,,,,,,,,,,
2015,Pre-COVID (2010-2019),Sí,EMRO,Libya,LBY,64.0,67.0,83.0,45.0,66.0,True,67.0,67.0,67.0,100.0,83.0,20.0,70.0,45.0,78.0,88.0,83.0,100.0,20.0,60.0,43.0,43.0,60.0,60.0,92.0,40.0,66.0,55.0,50.0,83.0,63.0,78.0,78.0,93.0,93.0,15.0,15.0,77.0,77.0,,,,,,,,,,,,,,,,,,,,,,,,,,,,,,,,,,,,,,,
2015,Pre-COVID (2010-2019),No,AFRO,Madagascar,MDG,,,,,,False,,,,,,,,,,,,,,,,,,,,,,,,,,,,,,,,,,,,,,,,,,,,,,,,,,,,,,,,,,,,,,,,,,,,,,,,
2015,Pre-COVID (2010-2019),No,AFRO,Malawi,MWI,,,,,,False,,,,,,,,,,,,,,,,,,,,,,,,,,,,,,,,,,,,,,,,,,,,,,,,,,,,,,,,,,,,,,,,,,,,,,,,
2015,Pre-COVID (2010-2019),No,AFRO,Mali,MLI,,,,,,False,,,,,,,,,,,,,,,,,,,,,,,,,,,,,,,,,,,,,,,,,,,,,,,,,,,,,,,,,,,,,,,,,,,,,,,,
2015,Pre-COVID (2010-2019),Sí,AFRO,Mauritania,MRT,28.0,,20.0,45.0,31.0,True,0.0,,0.0,40.0,20.0,80.0,10.0,45.0,33.0,0.0,17.0,33.0,0.0,17.0,0.0,,0.0,,42.0,20.0,31.0,9.0,0.0,0.0,3.0,100.0,100.0,20.0,20.0,46.0,46.0,69.0,69.0,,,,,,,,,,,,,,,,,,,,,,,,,,,,,,,,,,,,,,,
2015,Pre-COVID (2010-2019),Sí,AFRO,Mauritius,MUS,67.0,67.0,83.0,45.0,56.0,True,67.0,67.0,67.0,100.0,83.0,60.0,30.0,45.0,78.0,100.0,89.0,83.0,20.0,52.0,57.0,57.0,40.0,40.0,92.0,20.0,56.0,82.0,100.0,83.0,88.0,100.0,100.0,73.0,73.0,62.0,62.0,62.0,62.0,,,,,,,,,,,,,,,,,,,,,,,,,,,,,,,,,,,,,,,
2015,Pre-COVID (2010-2019),No,EMRO,Morocco,MAR,,,,,,False,,,,,,,,,,,,,,,,,,,,,,,,,,,,,,,,,,,,,,,,,,,,,,,,,,,,,,,,,,,,,,,,,,,,,,,,
2015,Pre-COVID (2010-2019),Sí,AFRO,Mozambique,MOZ,67.0,100.0,80.0,95.0,92.0,True,100.0,100.0,100.0,60.0,80.0,100.0,90.0,95.0,78.0,100.0,89.0,83.0,60.0,72.0,71.0,71.0,60.0,60.0,83.0,100.0,92.0,55.0,50.0,100.0,68.0,100.0,100.0,33.0,33.0,0.0,,15.0,15.0,,,,,,,,,,,,,,,,,,,,,,,,,,,,,,,,,,,,,,,
2015,Pre-COVID (2010-2019),No,AFRO,Namibia,NAM,,,,,,False,,,,,,,,,,,,,,,,,,,,,,,,,,,,,,,,,,,,,,,,,,,,,,,,,,,,,,,,,,,,,,,,,,,,,,,,
2015,Pre-COVID (2010-2019),Sí,AFRO,Niger,NER,73.0,100.0,83.0,95.0,90.0,True,100.0,100.0,67.0,100.0,83.0,100.0,90.0,95.0,100.0,88.0,94.0,100.0,80.0,90.0,100.0,100.0,100.0,100.0,100.0,80.0,90.0,55.0,0.0,0.0,18.0,89.0,89.0,53.0,53.0,15.0,15.0,23.0,23.0,,,,,,,,,,,,,,,,,,,,,,,,,,,,,,,,,,,,,,,
2015,Pre-COVID (2010-2019),Sí,AFRO,Nigeria,NGA,66.0,33.0,83.0,100.0,92.0,True,33.0,33.0,67.0,100.0,83.0,100.0,100.0,100.0,78.0,50.0,64.0,67.0,40.0,53.0,71.0,71.0,60.0,60.0,83.0,100.0,92.0,9.0,0.0,0.0,3.0,56.0,56.0,80.0,80.0,77.0,77.0,85.0,85.0,,,,,,,,,,,,,,,,,,,,,,,,,,,,,,,,,,,,,,,
2015,Pre-COVID (2010-2019),Sí,AFRO,Rwanda,RWA,41.0,,10.0,90.0,96.0,True,0.0,,0.0,20.0,10.0,100.0,80.0,90.0,78.0,62.0,70.0,33.0,20.0,27.0,71.0,71.0,60.0,60.0,92.0,100.0,96.0,18.0,0.0,0.0,6.0,56.0,56.0,27.0,27.0,8.0,8.0,8.0,8.0,,,,,,,,,,,,,,,,,,,,,,,,,,,,,,,,,,,,,,,
2015,Pre-COVID (2010-2019),Sí,AFRO,Sao Tome and Principe,STP,16.0,,47.0,40.0,37.0,True,0.0,,33.0,60.0,47.0,80.0,0.0,40.0,44.0,12.0,28.0,17.0,0.0,8.0,14.0,14.0,0.0,,33.0,40.0,37.0,18.0,25.0,0.0,14.0,22.0,22.0,0.0,,0.0,,0.0,,,,,,,,,,,,,,,,,,,,,,,,,,,,,,,,,,,,,,,,
2015,Pre-COVID (2010-2019),No,AFRO,Senegal,SEN,,,,,,False,,,,,,,,,,,,,,,,,,,,,,,,,,,,,,,,,,,,,,,,,,,,,,,,,,,,,,,,,,,,,,,,,,,,,,,,
2015,Pre-COVID (2010-2019),Sí,AFRO,Seychelles,SYC,82.0,67.0,100.0,100.0,92.0,True,67.0,67.0,100.0,100.0,100.0,100.0,100.0,100.0,100.0,100.0,100.0,100.0,60.0,80.0,100.0,100.0,100.0,100.0,83.0,100.0,92.0,91.0,0.0,0.0,30.0,100.0,100.0,100.0,100.0,69.0,69.0,23.0,23.0,,,,,,,,,,,,,,,,,,,,,,,,,,,,,,,,,,,,,,,
2015,Pre-COVID (2010-2019),No,AFRO,Sierra Leone,SLE,,,,,,False,,,,,,,,,,,,,,,,,,,,,,,,,,,,,,,,,,,,,,,,,,,,,,,,,,,,,,,,,,,,,,,,,,,,,,,,
2015,Pre-COVID (2010-2019),No,EMRO,Somalia,SOM,,,,,,False,,,,,,,,,,,,,,,,,,,,,,,,,,,,,,,,,,,,,,,,,,,,,,,,,,,,,,,,,,,,,,,,,,,,,,,,
2015,Pre-COVID (2010-2019),Sí,AFRO,South Africa,ZAF,100.0,100.0,100.0,100.0,100.0,True,100.0,100.0,100.0,100.0,100.0,100.0,100.0,100.0,100.0,100.0,100.0,100.0,100.0,100.0,100.0,100.0,100.0,100.0,100.0,100.0,100.0,100.0,100.0,100.0,100.0,100.0,100.0,100.0,100.0,100.0,100.0,100.0,100.0,,,,,,,,,,,,,,,,,,,,,,,,,,,,,,,,,,,,,,,
2015,Pre-COVID (2010-2019),Sí,AFRO,South Sudan,SSD,49.0,67.0,80.0,75.0,52.0,True,67.0,67.0,100.0,60.0,80.0,80.0,70.0,75.0,89.0,50.0,69.0,100.0,80.0,90.0,57.0,57.0,100.0,100.0,83.0,20.0,52.0,27.0,25.0,100.0,51.0,0.0,,0.0,,0.0,,0.0,,,,,,,,,,,,,,,,,,,,,,,,,,,,,,,,,,,,,,,,
2015,Pre-COVID (2010-2019),No,EMRO,Sudan,SDN,,,,,,False,,,,,,,,,,,,,,,,,,,,,,,,,,,,,,,,,,,,,,,,,,,,,,,,,,,,,,,,,,,,,,,,,,,,,,,,
2015,Pre-COVID (2010-2019),Sí,AFRO,Togo,TGO,67.0,33.0,100.0,100.0,86.0,True,33.0,33.0,100.0,100.0,100.0,100.0,100.0,100.0,89.0,88.0,88.0,67.0,60.0,63.0,57.0,57.0,80.0,80.0,92.0,80.0,86.0,73.0,0.0,0.0,24.0,100.0,100.0,73.0,73.0,46.0,46.0,23.0,23.0,,,,,,,,,,,,,,,,,,,,,,,,,,,,,,,,,,,,,,,
2015,Pre-COVID (2010-2019),No,EMRO,Tunisia,TUN,,,,,,False,,,,,,,,,,,,,,,,,,,,,,,,,,,,,,,,,,,,,,,,,,,,,,,,,,,,,,,,,,,,,,,,,,,,,,,,
2015,Pre-COVID (2010-2019),No,AFRO,Uganda,UGA,,,,,,False,,,,,,,,,,,,,,,,,,,,,,,,,,,,,,,,,,,,,,,,,,,,,,,,,,,,,,,,,,,,,,,,,,,,,,,,
2015,Pre-COVID (2010-2019),Sí,AFRO,United Republic of Tanzania,TZA,66.0,67.0,57.0,75.0,69.0,True,67.0,67.0,33.0,80.0,57.0,80.0,70.0,75.0,78.0,75.0,76.0,83.0,20.0,52.0,57.0,57.0,80.0,80.0,58.0,80.0,69.0,45.0,75.0,50.0,57.0,56.0,56.0,87.0,87.0,69.0,69.0,62.0,62.0,,,,,,,,,,,,,,,,,,,,,,,,,,,,,,,,,,,,,,,
2015,Pre-COVID (2010-2019),No,AFRO,Zambia,ZMB,,,,,,False,,,,,,,,,,,,,,,,,,,,,,,,,,,,,,,,,,,,,,,,,,,,,,,,,,,,,,,,,,,,,,,,,,,,,,,,
2015,Pre-COVID (2010-2019),No,AFRO,Zimbabwe,ZWE,,,,,,False,,,,,,,,,,,,,,,,,,,,,,,,,,,,,,,,,,,,,,,,,,,,,,,,,,,,,,,,,,,,,,,,,,,,,,,,
2015,Pre-COVID (2010-2019),Sí,WPRO,Australia,AUS,100.0,100.0,100.0,100.0,96.0,True,100.0,100.0,100.0,100.0,100.0,100.0,100.0,100.0,100.0,100.0,100.0,100.0,100.0,100.0,100.0,100.0,100.0,100.0,92.0,100.0,96.0,100.0,100.0,100.0,100.0,100.0,100.0,100.0,100.0,100.0,100.0,100.0,100.0,,,,,,,,,,,,,,,,,,,,,,,,,,,,,,,,,,,,,,,
2015,Pre-COVID (2010-2019),Sí,WPRO,Cook Islands,COK,67.0,100.0,100.0,85.0,52.0,True,100.0,100.0,100.0,100.0,100.0,100.0,70.0,85.0,100.0,75.0,88.0,100.0,60.0,80.0,71.0,71.0,60.0,60.0,83.0,20.0,52.0,91.0,100.0,100.0,97.0,33.0,33.0,73.0,73.0,0.0,,38.0,38.0,,,,,,,,,,,,,,,,,,,,,,,,,,,,,,,,,,,,,,,
2015,Pre-COVID (2010-2019),No,WPRO,Fiji,FJI,,,,,,False,,,,,,,,,,,,,,,,,,,,,,,,,,,,,,,,,,,,,,,,,,,,,,,,,,,,,,,,,,,,,,,,,,,,,,,,
2015,Pre-COVID (2010-2019),No,WPRO,Kiribati,KIR,,,,,,False,,,,,,,,,,,,,,,,,,,,,,,,,,,,,,,,,,,,,,,,,,,,,,,,,,,,,,,,,,,,,,,,,,,,,,,,
2015,Pre-COVID (2010-2019),No,WPRO,Marshall Islands,MHL,,,,,,False,,,,,,,,,,,,,,,,,,,,,,,,,,,,,,,,,,,,,,,,,,,,,,,,,,,,,,,,,,,,,,,,,,,,,,,,
2015,Pre-COVID (2010-2019),Sí,WPRO,Micronesia,FSM,64.0,100.0,100.0,60.0,63.0,True,100.0,100.0,100.0,100.0,100.0,80.0,40.0,60.0,100.0,12.0,56.0,100.0,100.0,100.0,86.0,86.0,60.0,60.0,67.0,60.0,63.0,82.0,100.0,100.0,94.0,44.0,44.0,47.0,47.0,8.0,8.0,15.0,15.0,,,,,,,,,,,,,,,,,,,,,,,,,,,,,,,,,,,,,,,
2015,Pre-COVID (2010-2019),No,WPRO,Nauru,NRU,,,,,,False,,,,,,,,,,,,,,,,,,,,,,,,,,,,,,,,,,,,,,,,,,,,,,,,,,,,,,,,,,,,,,,,,,,,,,,,
2015,Pre-COVID (2010-2019),Sí,WPRO,New Zealand,NZL,98.0,100.0,100.0,100.0,86.0,True,100.0,100.0,100.0,100.0,100.0,100.0,100.0,100.0,100.0,100.0,100.0,100.0,100.0,100.0,100.0,100.0,100.0,100.0,92.0,80.0,86.0,100.0,100.0,100.0,100.0,100.0,100.0,100.0,100.0,92.0,92.0,100.0,100.0,,,,,,,,,,,,,,,,,,,,,,,,,,,,,,,,,,,,,,,
2015,Pre-COVID (2010-2019),No,WPRO,Niue,NIU,,,,,,False,,,,,,,,,,,,,,,,,,,,,,,,,,,,,,,,,,,,,,,,,,,,,,,,,,,,,,,,,,,,,,,,,,,,,,,,
2015,Pre-COVID (2010-2019),Sí,WPRO,Palau,PLW,91.0,100.0,100.0,100.0,63.0,True,100.0,100.0,100.0,100.0,100.0,100.0,100.0,100.0,100.0,88.0,94.0,100.0,100.0,100.0,100.0,100.0,100.0,100.0,67.0,60.0,63.0,91.0,100.0,83.0,91.0,100.0,100.0,100.0,100.0,92.0,92.0,38.0,38.0,,,,,,,,,,,,,,,,,,,,,,,,,,,,,,,,,,,,,,,
2015,Pre-COVID (2010-2019),No,WPRO,Papua New Guinea,PNG,,,,,,False,,,,,,,,,,,,,,,,,,,,,,,,,,,,,,,,,,,,,,,,,,,,,,,,,,,,,,,,,,,,,,,,,,,,,,,,
2015,Pre-COVID (2010-2019),Sí,WPRO,Samoa,WSM,75.0,100.0,100.0,100.0,78.0,True,100.0,100.0,100.0,100.0,100.0,100.0,100.0,100.0,89.0,88.0,88.0,83.0,60.0,72.0,86.0,86.0,80.0,80.0,75.0,80.0,78.0,91.0,100.0,67.0,86.0,56.0,56.0,80.0,80.0,46.0,46.0,0.0,,,,,,,,,,,,,,,,,,,,,,,,,,,,,,,,,,,,,,,,
2015,Pre-COVID (2010-2019),Sí,WPRO,Solomon Islands,SLB,58.0,33.0,57.0,85.0,90.0,True,33.0,33.0,33.0,80.0,57.0,100.0,70.0,85.0,100.0,88.0,94.0,67.0,20.0,43.0,86.0,86.0,40.0,40.0,100.0,80.0,90.0,55.0,75.0,67.0,65.0,56.0,56.0,53.0,53.0,15.0,15.0,31.0,31.0,,,,,,,,,,,,,,,,,,,,,,,,,,,,,,,,,,,,,,,
2015,Pre-COVID (2010-2019),No,WPRO,Tonga,TON,,,,,,False,,,,,,,,,,,,,,,,,,,,,,,,,,,,,,,,,,,,,,,,,,,,,,,,,,,,,,,,,,,,,,,,,,,,,,,,
2015,Pre-COVID (2010-2019),Sí,WPRO,Tuvalu,TUV,89.0,100.0,100.0,75.0,100.0,True,100.0,100.0,100.0,100.0,100.0,100.0,50.0,75.0,89.0,100.0,94.0,100.0,100.0,100.0,86.0,86.0,100.0,100.0,100.0,100.0,100.0,91.0,100.0,100.0,97.0,89.0,89.0,87.0,87.0,77.0,77.0,54.0,54.0,,,,,,,,,,,,,,,,,,,,,,,,,,,,,,,,,,,,,,,
2015,Pre-COVID (2010-2019),Sí,WPRO,Vanuatu,VUT,44.0,67.0,100.0,100.0,82.0,True,67.0,67.0,100.0,100.0,100.0,100.0,100.0,100.0,100.0,25.0,62.0,50.0,20.0,35.0,43.0,43.0,0.0,,83.0,80.0,82.0,45.0,25.0,33.0,35.0,0.0,,40.0,40.0,8.0,8.0,0.0,,,,,,,,,,,,,,,,,,,,,,,,,,,,,,,,,,,,,,,,
2015,Pre-COVID (2010-2019),Sí,AMRO,Antigua and Barbuda,ATG,87.0,100.0,100.0,100.0,100.0,True,100.0,100.0,100.0,100.0,100.0,100.0,100.0,100.0,89.0,75.0,82.0,67.0,80.0,73.0,86.0,86.0,100.0,100.0,100.0,100.0,100.0,91.0,100.0,50.0,80.0,100.0,100.0,100.0,100.0,85.0,85.0,23.0,23.0,,,,,,,,,,,,,,,,,,,,,,,,,,,,,,,,,,,,,,,
2015,Pre-COVID (2010-2019),Sí,AMRO,Argentina,ARG,84.0,67.0,73.0,80.0,90.0,True,67.0,67.0,67.0,80.0,73.0,80.0,80.0,80.0,100.0,100.0,100.0,100.0,100.0,100.0,86.0,86.0,100.0,100.0,100.0,80.0,90.0,100.0,50.0,100.0,83.0,100.0,100.0,80.0,80.0,69.0,69.0,62.0,62.0,,,,,,,,,,,,,,,,,,,,,,,,,,,,,,,,,,,,,,,
2015,Pre-COVID (2010-2019),Sí,AMRO,Bahamas,BHS,58.0,67.0,83.0,100.0,96.0,True,67.0,67.0,67.0,100.0,83.0,100.0,100.0,100.0,78.0,62.0,70.0,0.0,0.0,,71.0,71.0,40.0,40.0,92.0,100.0,96.0,91.0,100.0,33.0,75.0,67.0,67.0,27.0,27.0,54.0,54.0,8.0,8.0,,,,,,,,,,,,,,,,,,,,,,,,,,,,,,,,,,,,,,,
2015,Pre-COVID (2010-2019),Sí,AMRO,Barbados,BRB,90.0,100.0,90.0,95.0,96.0,True,100.0,100.0,100.0,80.0,90.0,100.0,90.0,95.0,89.0,75.0,82.0,100.0,100.0,100.0,100.0,100.0,80.0,80.0,92.0,100.0,96.0,100.0,100.0,100.0,100.0,100.0,100.0,80.0,80.0,77.0,77.0,69.0,69.0,,,,,,,,,,,,,,,,,,,,,,,,,,,,,,,,,,,,,,,
2015,Pre-COVID (2010-2019),Sí,AMRO,Belize,BLZ,56.0,33.0,63.0,75.0,45.0,True,33.0,33.0,67.0,60.0,63.0,80.0,70.0,75.0,89.0,88.0,88.0,83.0,20.0,52.0,57.0,57.0,40.0,40.0,50.0,40.0,45.0,73.0,75.0,100.0,83.0,89.0,89.0,53.0,53.0,38.0,38.0,8.0,8.0,,,,,,,,,,,,,,,,,,,,,,,,,,,,,,,,,,,,,,,
2015,Pre-COVID (2010-2019),Sí,AMRO,Bolivia (Plurinational State of),BOL,67.0,100.0,90.0,75.0,92.0,True,100.0,100.0,100.0,80.0,90.0,80.0,70.0,75.0,89.0,62.0,76.0,67.0,40.0,53.0,57.0,57.0,40.0,40.0,83.0,100.0,92.0,73.0,25.0,0.0,33.0,89.0,89.0,67.0,67.0,23.0,23.0,77.0,77.0,,,,,,,,,,,,,,,,,,,,,,,,,,,,,,,,,,,,,,,
2015,Pre-COVID (2010-2019),Sí,AMRO,Brazil,BRA,97.0,100.0,100.0,100.0,96.0,True,100.0,100.0,100.0,100.0,100.0,100.0,100.0,100.0,100.0,100.0,100.0,100.0,100.0,100.0,100.0,100.0,100.0,100.0,92.0,100.0,96.0,100.0,100.0,0.0,67.0,100.0,100.0,100.0,100.0,92.0,92.0,100.0,100.0,,,,,,,,,,,,,,,,,,,,,,,,,,,,,,,,,,,,,,,
2015,Pre-COVID (2010-2019),Sí,AMRO,Canada,CAN,99.0,100.0,100.0,95.0,100.0,True,100.0,100.0,100.0,100.0,100.0,100.0,90.0,95.0,100.0,100.0,100.0,100.0,100.0,100.0,100.0,100.0,100.0,100.0,100.0,100.0,100.0,100.0,100.0,100.0,100.0,100.0,100.0,93.0,93.0,100.0,100.0,100.0,100.0,,,,,,,,,,,,,,,,,,,,,,,,,,,,,,,,,,,,,,,
2015,Pre-COVID (2010-2019),Sí,AMRO,Chile,CHL,74.0,67.0,83.0,90.0,66.0,True,67.0,67.0,67.0,100.0,83.0,100.0,80.0,90.0,89.0,100.0,94.0,83.0,40.0,62.0,100.0,100.0,40.0,40.0,92.0,40.0,66.0,82.0,25.0,17.0,41.0,100.0,100.0,93.0,93.0,54.0,54.0,77.0,77.0,,,,,,,,,,,,,,,,,,,,,,,,,,,,,,,,,,,,,,,
2015,Pre-COVID (2010-2019),Sí,AMRO,Colombia,COL,85.0,100.0,90.0,85.0,80.0,True,100.0,100.0,100.0,80.0,90.0,80.0,90.0,85.0,100.0,62.0,81.0,100.0,100.0,100.0,100.0,100.0,60.0,60.0,100.0,60.0,80.0,91.0,100.0,83.0,91.0,89.0,89.0,80.0,80.0,77.0,77.0,77.0,77.0,,,,,,,,,,,,,,,,,,,,,,,,,,,,,,,,,,,,,,,
2015,Pre-COVID (2010-2019),Sí,AMRO,Costa Rica,CRI,83.0,100.0,100.0,100.0,86.0,True,100.0,100.0,100.0,100.0,100.0,100.0,100.0,100.0,100.0,38.0,69.0,83.0,60.0,72.0,100.0,100.0,80.0,80.0,92.0,80.0,86.0,82.0,50.0,67.0,66.0,100.0,100.0,100.0,100.0,46.0,46.0,54.0,54.0,,,,,,,,,,,,,,,,,,,,,,,,,,,,,,,,,,,,,,,
2015,Pre-COVID (2010-2019),Sí,AMRO,Cuba,CUB,99.0,100.0,100.0,100.0,100.0,True,100.0,100.0,100.0,100.0,100.0,100.0,100.0,100.0,100.0,100.0,100.0,100.0,100.0,100.0,100.0,100.0,100.0,100.0,100.0,100.0,100.0,91.0,100.0,67.0,86.0,100.0,100.0,100.0,100.0,100.0,100.0,100.0,100.0,,,,,,,,,,,,,,,,,,,,,,,,,,,,,,,,,,,,,,,
2015,Pre-COVID (2010-2019),Sí,AMRO,Dominica,DMA,64.0,67.0,100.0,80.0,43.0,True,67.0,67.0,100.0,100.0,100.0,100.0,60.0,80.0,56.0,100.0,78.0,100.0,20.0,60.0,100.0,100.0,40.0,40.0,67.0,20.0,43.0,91.0,0.0,0.0,30.0,100.0,100.0,100.0,100.0,15.0,15.0,15.0,15.0,,,,,,,,,,,,,,,,,,,,,,,,,,,,,,,,,,,,,,,
2015,Pre-COVID (2010-2019),Sí,AMRO,Dominican Republic,DOM,72.0,100.0,90.0,75.0,80.0,True,100.0,100.0,100.0,80.0,90.0,100.0,50.0,75.0,78.0,38.0,58.0,83.0,80.0,82.0,71.0,71.0,40.0,40.0,100.0,60.0,80.0,91.0,75.0,83.0,83.0,100.0,100.0,47.0,47.0,38.0,38.0,77.0,77.0,,,,,,,,,,,,,,,,,,,,,,,,,,,,,,,,,,,,,,,
2015,Pre-COVID (2010-2019),Sí,AMRO,Ecuador,ECU,89.0,100.0,100.0,95.0,86.0,True,100.0,100.0,100.0,100.0,100.0,100.0,90.0,95.0,78.0,88.0,83.0,83.0,100.0,92.0,86.0,86.0,80.0,80.0,92.0,80.0,86.0,82.0,100.0,50.0,77.0,100.0,100.0,93.0,93.0,62.0,62.0,100.0,100.0,,,,,,,,,,,,,,,,,,,,,,,,,,,,,,,,,,,,,,,
2015,Pre-COVID (2010-2019),Sí,AMRO,El Salvador,SLV,93.0,100.0,100.0,100.0,100.0,True,100.0,100.0,100.0,100.0,100.0,100.0,100.0,100.0,100.0,100.0,100.0,100.0,80.0,90.0,86.0,86.0,100.0,100.0,100.0,100.0,100.0,100.0,100.0,100.0,100.0,100.0,100.0,100.0,100.0,54.0,54.0,85.0,85.0,,,,,,,,,,,,,,,,,,,,,,,,,,,,,,,,,,,,,,,
2015,Pre-COVID (2010-2019),Sí,AMRO,Grenada,GRD,66.0,100.0,83.0,95.0,49.0,True,100.0,100.0,67.0,100.0,83.0,100.0,90.0,95.0,89.0,50.0,69.0,67.0,0.0,33.0,86.0,86.0,60.0,60.0,58.0,40.0,49.0,64.0,75.0,17.0,52.0,100.0,100.0,67.0,67.0,46.0,46.0,15.0,15.0,,,,,,,,,,,,,,,,,,,,,,,,,,,,,,,,,,,,,,,
2015,Pre-COVID (2010-2019),Sí,AMRO,Guatemala,GTM,84.0,33.0,83.0,100.0,100.0,True,33.0,33.0,67.0,100.0,83.0,100.0,100.0,100.0,100.0,88.0,94.0,100.0,60.0,80.0,100.0,100.0,100.0,100.0,100.0,100.0,100.0,64.0,100.0,50.0,71.0,100.0,100.0,87.0,87.0,77.0,77.0,69.0,69.0,,,,,,,,,,,,,,,,,,,,,,,,,,,,,,,,,,,,,,,
2015,Pre-COVID (2010-2019),Sí,AMRO,Guyana,GUY,81.0,100.0,100.0,95.0,100.0,True,100.0,100.0,100.0,100.0,100.0,100.0,90.0,95.0,100.0,100.0,100.0,100.0,100.0,100.0,100.0,100.0,100.0,100.0,100.0,100.0,100.0,64.0,50.0,0.0,38.0,100.0,100.0,53.0,53.0,62.0,62.0,0.0,,,,,,,,,,,,,,,,,,,,,,,,,,,,,,,,,,,,,,,,
2015,Pre-COVID (2010-2019),Sí,AMRO,Haiti,HTI,48.0,,47.0,100.0,96.0,True,0.0,,33.0,60.0,47.0,100.0,100.0,100.0,78.0,62.0,70.0,33.0,20.0,27.0,100.0,100.0,40.0,40.0,92.0,100.0,96.0,18.0,25.0,0.0,14.0,67.0,67.0,27.0,27.0,38.0,38.0,0.0,,,,,,,,,,,,,,,,,,,,,,,,,,,,,,,,,,,,,,,,
2015,Pre-COVID (2010-2019),Sí,AMRO,Honduras,HND,74.0,100.0,80.0,95.0,82.0,True,100.0,100.0,100.0,60.0,80.0,100.0,90.0,95.0,89.0,62.0,76.0,100.0,0.0,50.0,57.0,57.0,60.0,60.0,83.0,80.0,82.0,73.0,100.0,67.0,80.0,100.0,100.0,87.0,87.0,38.0,38.0,62.0,62.0,,,,,,,,,,,,,,,,,,,,,,,,,,,,,,,,,,,,,,,
2015,Pre-COVID (2010-2019),Sí,AMRO,Jamaica,JAM,80.0,33.0,90.0,90.0,86.0,True,33.0,33.0,100.0,80.0,90.0,100.0,80.0,90.0,100.0,100.0,100.0,83.0,100.0,92.0,71.0,71.0,60.0,60.0,92.0,80.0,86.0,82.0,100.0,83.0,88.0,78.0,78.0,87.0,87.0,77.0,77.0,85.0,85.0,,,,,,,,,,,,,,,,,,,,,,,,,,,,,,,,,,,,,,,
2015,Pre-COVID (2010-2019),Sí,AMRO,Mexico,MEX,96.0,100.0,70.0,95.0,100.0,True,100.0,100.0,100.0,40.0,70.0,100.0,90.0,95.0,89.0,100.0,94.0,100.0,100.0,100.0,100.0,100.0,100.0,100.0,100.0,100.0,100.0,100.0,100.0,83.0,94.0,100.0,100.0,100.0,100.0,100.0,100.0,100.0,100.0,,,,,,,,,,,,,,,,,,,,,,,,,,,,,,,,,,,,,,,
2015,Pre-COVID (2010-2019),Sí,AMRO,Nicaragua,NIC,76.0,100.0,83.0,100.0,86.0,True,100.0,100.0,67.0,100.0,83.0,100.0,100.0,100.0,100.0,75.0,88.0,100.0,100.0,100.0,100.0,100.0,100.0,100.0,92.0,80.0,86.0,91.0,25.0,100.0,72.0,100.0,100.0,60.0,60.0,0.0,,0.0,,,,,,,,,,,,,,,,,,,,,,,,,,,,,,,,,,,,,,,,
2015,Pre-COVID (2010-2019),Sí,AMRO,Panama,PAN,70.0,100.0,100.0,95.0,96.0,True,100.0,100.0,100.0,100.0,100.0,100.0,90.0,95.0,89.0,88.0,88.0,100.0,20.0,60.0,71.0,71.0,40.0,40.0,92.0,100.0,96.0,82.0,75.0,33.0,63.0,89.0,89.0,60.0,60.0,15.0,15.0,31.0,31.0,,,,,,,,,,,,,,,,,,,,,,,,,,,,,,,,,,,,,,,
2015,Pre-COVID (2010-2019),Sí,AMRO,Paraguay,PRY,82.0,100.0,100.0,95.0,76.0,True,100.0,100.0,100.0,100.0,100.0,100.0,90.0,95.0,89.0,100.0,94.0,67.0,20.0,43.0,100.0,100.0,80.0,80.0,92.0,60.0,76.0,100.0,75.0,83.0,86.0,89.0,89.0,47.0,47.0,69.0,69.0,92.0,92.0,,,,,,,,,,,,,,,,,,,,,,,,,,,,,,,,,,,,,,,
2015,Pre-COVID (2010-2019),Sí,AMRO,Peru,PER,89.0,100.0,100.0,100.0,100.0,True,100.0,100.0,100.0,100.0,100.0,100.0,100.0,100.0,100.0,88.0,94.0,100.0,80.0,90.0,100.0,100.0,80.0,80.0,100.0,100.0,100.0,73.0,0.0,0.0,24.0,100.0,100.0,100.0,100.0,69.0,69.0,100.0,100.0,,,,,,,,,,,,,,,,,,,,,,,,,,,,,,,,,,,,,,,
2015,Pre-COVID (2010-2019),Sí,AMRO,Saint Kitts and Nevis,KNA,60.0,100.0,100.0,80.0,88.0,True,100.0,100.0,100.0,100.0,100.0,60.0,100.0,80.0,67.0,50.0,58.0,67.0,0.0,33.0,86.0,86.0,20.0,20.0,75.0,100.0,88.0,64.0,100.0,50.0,71.0,67.0,67.0,80.0,80.0,0.0,,0.0,,,,,,,,,,,,,,,,,,,,,,,,,,,,,,,,,,,,,,,,
2015,Pre-COVID (2010-2019),Sí,AMRO,Saint Lucia,LCA,57.0,67.0,57.0,70.0,83.0,True,67.0,67.0,33.0,80.0,57.0,100.0,40.0,70.0,89.0,50.0,69.0,50.0,0.0,25.0,86.0,86.0,40.0,40.0,67.0,100.0,83.0,55.0,100.0,67.0,74.0,89.0,89.0,60.0,60.0,23.0,23.0,0.0,,,,,,,,,,,,,,,,,,,,,,,,,,,,,,,,,,,,,,,,
2015,Pre-COVID (2010-2019),Sí,AMRO,Saint Vincent and the Grenadines,VCT,35.0,67.0,63.0,80.0,,True,67.0,67.0,67.0,60.0,63.0,100.0,60.0,80.0,44.0,88.0,66.0,67.0,40.0,53.0,43.0,43.0,80.0,80.0,0.0,0.0,,0.0,0.0,0.0,,0.0,,0.0,,0.0,,0.0,,,,,,,,,,,,,,,,,,,,,,,,,,,,,,,,,,,,,,,,
2015,Pre-COVID (2010-2019),Sí,AMRO,Suriname,SUR,69.0,33.0,83.0,90.0,86.0,True,33.0,33.0,67.0,100.0,83.0,100.0,80.0,90.0,100.0,100.0,100.0,100.0,100.0,100.0,71.0,71.0,40.0,40.0,92.0,80.0,86.0,91.0,75.0,83.0,83.0,67.0,67.0,87.0,87.0,62.0,62.0,0.0,,,,,,,,,,,,,,,,,,,,,,,,,,,,,,,,,,,,,,,,
2015,Pre-COVID (2010-2019),Sí,AMRO,Trinidad and Tobago,TTO,69.0,33.0,57.0,95.0,82.0,True,33.0,33.0,33.0,80.0,57.0,100.0,90.0,95.0,78.0,75.0,76.0,83.0,60.0,72.0,71.0,71.0,20.0,20.0,83.0,80.0,82.0,82.0,100.0,50.0,77.0,89.0,89.0,87.0,87.0,62.0,62.0,77.0,77.0,,,,,,,,,,,,,,,,,,,,,,,,,,,,,,,,,,,,,,,
2015,Pre-COVID (2010-2019),Sí,AMRO,United States of America,USA,97.0,100.0,100.0,100.0,60.0,True,100.0,100.0,100.0,100.0,100.0,100.0,100.0,100.0,100.0,100.0,100.0,100.0,100.0,100.0,100.0,100.0,100.0,100.0,100.0,20.0,60.0,100.0,100.0,100.0,100.0,100.0,100.0,100.0,100.0,100.0,100.0,100.0,100.0,,,,,,,,,,,,,,,,,,,,,,,,,,,,,,,,,,,,,,,
2015,Pre-COVID (2010-2019),Sí,AMRO,Uruguay,URY,83.0,100.0,100.0,95.0,56.0,True,100.0,100.0,100.0,100.0,100.0,100.0,90.0,95.0,89.0,100.0,94.0,100.0,80.0,90.0,100.0,100.0,20.0,20.0,92.0,20.0,56.0,91.0,100.0,83.0,91.0,100.0,100.0,100.0,100.0,69.0,69.0,62.0,62.0,,,,,,,,,,,,,,,,,,,,,,,,,,,,,,,,,,,,,,,
2015,Pre-COVID (2010-2019),Sí,AMRO,Venezuela (Bolivarian Republic of),VEN,90.0,100.0,90.0,95.0,90.0,True,100.0,100.0,100.0,80.0,90.0,100.0,90.0,95.0,100.0,100.0,100.0,100.0,100.0,100.0,86.0,86.0,100.0,100.0,100.0,80.0,90.0,82.0,0.0,0.0,27.0,100.0,100.0,93.0,93.0,100.0,100.0,85.0,85.0,,,,,,,,,,,,,,,,,,,,,,,,,,,,,,,,,,,,,,,
2015,Pre-COVID (2010-2019),Sí,EMRO,Afghanistan,AFG,42.0,,37.0,75.0,69.0,True,0.0,,33.0,40.0,37.0,100.0,50.0,75.0,67.0,38.0,52.0,17.0,20.0,18.0,57.0,57.0,40.0,40.0,58.0,80.0,69.0,27.0,0.0,0.0,9.0,67.0,67.0,40.0,40.0,23.0,23.0,62.0,62.0,,,,,,,,,,,,,,,,,,,,,,,,,,,,,,,,,,,,,,,
2015,Pre-COVID (2010-2019),Sí,EURO,Armenia,ARM,96.0,100.0,100.0,90.0,100.0,True,100.0,100.0,100.0,100.0,100.0,100.0,80.0,90.0,100.0,100.0,100.0,100.0,100.0,100.0,100.0,100.0,80.0,80.0,100.0,100.0,100.0,91.0,100.0,100.0,97.0,100.0,100.0,93.0,93.0,92.0,92.0,92.0,92.0,,,,,,,,,,,,,,,,,,,,,,,,,,,,,,,,,,,,,,,
2015,Pre-COVID (2010-2019),No,EURO,Azerbaijan,AZE,,,,,,False,,,,,,,,,,,,,,,,,,,,,,,,,,,,,,,,,,,,,,,,,,,,,,,,,,,,,,,,,,,,,,,,,,,,,,,,
2015,Pre-COVID (2010-2019),Sí,EMRO,Bahrain,BHR,96.0,100.0,100.0,100.0,100.0,True,100.0,100.0,100.0,100.0,100.0,100.0,100.0,100.0,100.0,100.0,100.0,100.0,100.0,100.0,100.0,100.0,60.0,60.0,100.0,100.0,100.0,100.0,100.0,100.0,100.0,100.0,100.0,100.0,100.0,92.0,92.0,100.0,100.0,,,,,,,,,,,,,,,,,,,,,,,,,,,,,,,,,,,,,,,
2015,Pre-COVID (2010-2019),Sí,SEARO,Bangladesh,BGD,85.0,100.0,83.0,90.0,100.0,True,100.0,100.0,67.0,100.0,83.0,80.0,100.0,90.0,100.0,62.0,81.0,67.0,60.0,63.0,100.0,100.0,100.0,100.0,100.0,100.0,100.0,73.0,75.0,0.0,49.0,89.0,89.0,93.0,93.0,92.0,92.0,62.0,62.0,,,,,,,,,,,,,,,,,,,,,,,,,,,,,,,,,,,,,,,
2015,Pre-COVID (2010-2019),Sí,SEARO,Bhutan,BTN,64.0,67.0,90.0,80.0,72.0,True,67.0,67.0,100.0,80.0,90.0,100.0,60.0,80.0,89.0,100.0,94.0,50.0,40.0,45.0,86.0,86.0,100.0,100.0,83.0,60.0,72.0,45.0,25.0,0.0,23.0,100.0,100.0,53.0,53.0,23.0,23.0,0.0,,,,,,,,,,,,,,,,,,,,,,,,,,,,,,,,,,,,,,,,
2015,Pre-COVID (2010-2019),Sí,WPRO,Brunei Darussalam,BRN,91.0,100.0,100.0,100.0,100.0,True,100.0,100.0,100.0,100.0,100.0,100.0,100.0,100.0,100.0,100.0,100.0,100.0,100.0,100.0,100.0,100.0,100.0,100.0,100.0,100.0,100.0,82.0,100.0,83.0,88.0,100.0,100.0,100.0,100.0,46.0,46.0,54.0,54.0,,,,,,,,,,,,,,,,,,,,,,,,,,,,,,,,,,,,,,,
2015,Pre-COVID (2010-2019),Sí,WPRO,Cambodia,KHM,50.0,33.0,73.0,85.0,48.0,True,33.0,33.0,67.0,80.0,73.0,100.0,70.0,85.0,56.0,38.0,47.0,0.0,40.0,20.0,71.0,71.0,0.0,,75.0,20.0,48.0,64.0,50.0,67.0,60.0,89.0,89.0,73.0,73.0,23.0,23.0,23.0,23.0,,,,,,,,,,,,,,,,,,,,,,,,,,,,,,,,,,,,,,,
2015,Pre-COVID (2010-2019),Sí,WPRO,China,CHN,99.0,100.0,100.0,100.0,100.0,True,100.0,100.0,100.0,100.0,100.0,100.0,100.0,100.0,100.0,100.0,100.0,100.0,100.0,100.0,100.0,100.0,100.0,100.0,100.0,100.0,100.0,100.0,100.0,100.0,100.0,100.0,100.0,100.0,100.0,92.0,92.0,100.0,100.0,,,,,,,,,,,,,,,,,,,,,,,,,,,,,,,,,,,,,,,
2015,Pre-COVID (2010-2019),No,EURO,Cyprus,CYP,,,,,,False,,,,,,,,,,,,,,,,,,,,,,,,,,,,,,,,,,,,,,,,,,,,,,,,,,,,,,,,,,,,,,,,,,,,,,,,
2015,Pre-COVID (2010-2019),Sí,SEARO,Democratic People's Republic of Korea,PRK,73.0,100.0,70.0,95.0,83.0,True,100.0,100.0,100.0,40.0,70.0,100.0,90.0,95.0,100.0,88.0,94.0,67.0,80.0,73.0,100.0,100.0,20.0,20.0,67.0,100.0,83.0,100.0,25.0,17.0,47.0,89.0,89.0,80.0,80.0,31.0,31.0,62.0,62.0,,,,,,,,,,,,,,,,,,,,,,,,,,,,,,,,,,,,,,,
2015,Pre-COVID (2010-2019),Sí,EURO,Georgia,GEO,81.0,100.0,100.0,90.0,96.0,True,100.0,100.0,100.0,100.0,100.0,100.0,80.0,90.0,78.0,50.0,64.0,83.0,100.0,92.0,86.0,86.0,40.0,40.0,92.0,100.0,96.0,82.0,100.0,100.0,94.0,100.0,100.0,87.0,87.0,38.0,38.0,62.0,62.0,,,,,,,,,,,,,,,,,,,,,,,,,,,,,,,,,,,,,,,
2015,Pre-COVID (2010-2019),No,SEARO,India,IND,,,,,,False,,,,,,,,,,,,,,,,,,,,,,,,,,,,,,,,,,,,,,,,,,,,,,,,,,,,,,,,,,,,,,,,,,,,,,,,
2015,Pre-COVID (2010-2019),Sí,WPRO,Indonesia,IDN,96.0,100.0,100.0,100.0,100.0,True,100.0,100.0,100.0,100.0,100.0,100.0,100.0,100.0,100.0,88.0,94.0,100.0,100.0,100.0,100.0,100.0,80.0,80.0,100.0,100.0,100.0,82.0,100.0,100.0,94.0,100.0,100.0,100.0,100.0,85.0,85.0,100.0,100.0,,,,,,,,,,,,,,,,,,,,,,,,,,,,,,,,,,,,,,,
2015,Pre-COVID (2010-2019),Sí,EMRO,Iran (Islamic Republic of),IRN,85.0,100.0,100.0,100.0,100.0,True,100.0,100.0,100.0,100.0,100.0,100.0,100.0,100.0,100.0,88.0,94.0,83.0,100.0,92.0,71.0,71.0,100.0,100.0,100.0,100.0,100.0,91.0,100.0,100.0,97.0,100.0,100.0,100.0,100.0,46.0,46.0,8.0,8.0,,,,,,,,,,,,,,,,,,,,,,,,,,,,,,,,,,,,,,,
2015,Pre-COVID (2010-2019),No,EMRO,Iraq,IRQ,,,,,,False,,,,,,,,,,,,,,,,,,,,,,,,,,,,,,,,,,,,,,,,,,,,,,,,,,,,,,,,,,,,,,,,,,,,,,,,
2015,Pre-COVID (2010-2019),Sí,EURO,Israel,ISR,71.0,,70.0,50.0,50.0,True,0.0,,100.0,40.0,70.0,100.0,0.0,50.0,100.0,88.0,94.0,100.0,100.0,100.0,100.0,100.0,0.0,,100.0,0.0,50.0,64.0,50.0,100.0,71.0,89.0,89.0,100.0,100.0,100.0,100.0,100.0,100.0,,,,,,,,,,,,,,,,,,,,,,,,,,,,,,,,,,,,,,,
2015,Pre-COVID (2010-2019),Sí,WPRO,Japan,JPN,100.0,100.0,100.0,100.0,100.0,True,100.0,100.0,100.0,100.0,100.0,100.0,100.0,100.0,100.0,100.0,100.0,100.0,100.0,100.0,100.0,100.0,100.0,100.0,100.0,100.0,100.0,100.0,100.0,83.0,94.0,100.0,100.0,100.0,100.0,100.0,100.0,100.0,100.0,,,,,,,,,,,,,,,,,,,,,,,,,,,,,,,,,,,,,,,
2015,Pre-COVID (2010-2019),No,EMRO,Jordan,JOR,,,,,,False,,,,,,,,,,,,,,,,,,,,,,,,,,,,,,,,,,,,,,,,,,,,,,,,,,,,,,,,,,,,,,,,,,,,,,,,
2015,Pre-COVID (2010-2019),Sí,EURO,Kazakhstan,KAZ,78.0,100.0,53.0,70.0,96.0,True,100.0,100.0,67.0,40.0,53.0,100.0,40.0,70.0,89.0,62.0,76.0,67.0,100.0,83.0,43.0,43.0,100.0,100.0,92.0,100.0,96.0,55.0,0.0,0.0,18.0,89.0,89.0,100.0,100.0,85.0,85.0,100.0,100.0,,,,,,,,,,,,,,,,,,,,,,,,,,,,,,,,,,,,,,,
2015,Pre-COVID (2010-2019),Sí,EMRO,Kuwait,KWT,86.0,100.0,100.0,60.0,100.0,True,100.0,100.0,100.0,100.0,100.0,80.0,40.0,60.0,100.0,100.0,100.0,100.0,100.0,100.0,100.0,100.0,60.0,60.0,100.0,100.0,100.0,100.0,100.0,100.0,100.0,100.0,100.0,100.0,100.0,0.0,,92.0,92.0,,,,,,,,,,,,,,,,,,,,,,,,,,,,,,,,,,,,,,,
2015,Pre-COVID (2010-2019),No,EURO,Kyrgyzstan,KGZ,,,,,,False,,,,,,,,,,,,,,,,,,,,,,,,,,,,,,,,,,,,,,,,,,,,,,,,,,,,,,,,,,,,,,,,,,,,,,,,
2015,Pre-COVID (2010-2019),Sí,WPRO,Lao People's Democratic Republic,LAO,63.0,100.0,47.0,80.0,82.0,True,100.0,100.0,33.0,60.0,47.0,80.0,80.0,80.0,44.0,38.0,41.0,33.0,60.0,47.0,86.0,86.0,100.0,100.0,83.0,80.0,82.0,36.0,25.0,17.0,26.0,89.0,89.0,80.0,80.0,46.0,46.0,0.0,,,,,,,,,,,,,,,,,,,,,,,,,,,,,,,,,,,,,,,,
2015,Pre-COVID (2010-2019),No,EMRO,Lebanon,LBN,,,,,,False,,,,,,,,,,,,,,,,,,,,,,,,,,,,,,,,,,,,,,,,,,,,,,,,,,,,,,,,,,,,,,,,,,,,,,,,
2015,Pre-COVID (2010-2019),Sí,WPRO,Malaysia,MYS,100.0,100.0,100.0,100.0,100.0,True,100.0,100.0,100.0,100.0,100.0,100.0,100.0,100.0,100.0,100.0,100.0,100.0,100.0,100.0,100.0,100.0,100.0,100.0,100.0,100.0,100.0,100.0,100.0,100.0,100.0,100.0,100.0,100.0,100.0,100.0,100.0,100.0,100.0,,,,,,,,,,,,,,,,,,,,,,,,,,,,,,,,,,,,,,,
2015,Pre-COVID (2010-2019),Sí,SEARO,Maldives,MDV,59.0,67.0,100.0,55.0,73.0,True,67.0,67.0,100.0,100.0,100.0,60.0,50.0,55.0,56.0,75.0,65.0,67.0,40.0,53.0,57.0,57.0,40.0,40.0,67.0,80.0,73.0,73.0,100.0,17.0,63.0,89.0,89.0,73.0,73.0,23.0,23.0,8.0,8.0,,,,,,,,,,,,,,,,,,,,,,,,,,,,,,,,,,,,,,,
2015,Pre-COVID (2010-2019),Sí,WPRO,Mongolia,MNG,86.0,100.0,100.0,75.0,68.0,True,100.0,100.0,100.0,100.0,100.0,60.0,90.0,75.0,100.0,100.0,100.0,100.0,40.0,70.0,86.0,86.0,100.0,100.0,75.0,60.0,68.0,100.0,100.0,100.0,100.0,89.0,89.0,93.0,93.0,69.0,69.0,69.0,69.0,,,,,,,,,,,,,,,,,,,,,,,,,,,,,,,,,,,,,,,
2015,Pre-COVID (2010-2019),Sí,SEARO,Myanmar,MMR,86.0,100.0,90.0,100.0,90.0,True,100.0,100.0,100.0,80.0,90.0,100.0,100.0,100.0,100.0,100.0,100.0,100.0,80.0,90.0,100.0,100.0,100.0,100.0,100.0,80.0,90.0,91.0,100.0,100.0,97.0,100.0,100.0,100.0,100.0,38.0,38.0,8.0,8.0,,,,,,,,,,,,,,,,,,,,,,,,,,,,,,,,,,,,,,,
2015,Pre-COVID (2010-2019),Sí,SEARO,Nepal,NPL,72.0,100.0,100.0,95.0,100.0,True,100.0,100.0,100.0,100.0,100.0,100.0,90.0,95.0,100.0,88.0,94.0,100.0,60.0,80.0,86.0,86.0,80.0,80.0,100.0,100.0,100.0,82.0,0.0,0.0,27.0,100.0,100.0,53.0,53.0,8.0,8.0,8.0,8.0,,,,,,,,,,,,,,,,,,,,,,,,,,,,,,,,,,,,,,,
2015,Pre-COVID (2010-2019),Sí,EMRO,Oman,OMN,94.0,100.0,100.0,100.0,100.0,True,100.0,100.0,100.0,100.0,100.0,100.0,100.0,100.0,100.0,100.0,100.0,100.0,100.0,100.0,100.0,100.0,100.0,100.0,100.0,100.0,100.0,100.0,75.0,33.0,69.0,100.0,100.0,100.0,100.0,100.0,100.0,54.0,54.0,,,,,,,,,,,,,,,,,,,,,,,,,,,,,,,,,,,,,,,
2015,Pre-COVID (2010-2019),No,EMRO,Pakistan,PAK,,,,,,False,,,,,,,,,,,,,,,,,,,,,,,,,,,,,,,,,,,,,,,,,,,,,,,,,,,,,,,,,,,,,,,,,,,,,,,,
2015,Pre-COVID (2010-2019),Sí,WPRO,Philippines,PHL,84.0,100.0,80.0,95.0,100.0,True,100.0,100.0,100.0,60.0,80.0,100.0,90.0,95.0,100.0,100.0,100.0,100.0,80.0,90.0,100.0,100.0,80.0,80.0,100.0,100.0,100.0,64.0,25.0,0.0,30.0,89.0,89.0,80.0,80.0,77.0,77.0,69.0,69.0,,,,,,,,,,,,,,,,,,,,,,,,,,,,,,,,,,,,,,,
2015,Pre-COVID (2010-2019),No,EMRO,Qatar,QAT,,,,,,False,,,,,,,,,,,,,,,,,,,,,,,,,,,,,,,,,,,,,,,,,,,,,,,,,,,,,,,,,,,,,,,,,,,,,,,,
2015,Pre-COVID (2010-2019),No,WPRO,Republic of Korea,KOR,,,,,,False,,,,,,,,,,,,,,,,,,,,,,,,,,,,,,,,,,,,,,,,,,,,,,,,,,,,,,,,,,,,,,,,,,,,,,,,
2015,Pre-COVID (2010-2019),No,EMRO,Saudi Arabia,SAU,,,,,,False,,,,,,,,,,,,,,,,,,,,,,,,,,,,,,,,,,,,,,,,,,,,,,,,,,,,,,,,,,,,,,,,,,,,,,,,
2015,Pre-COVID (2010-2019),Sí,WPRO,Singapore,SGP,99.0,100.0,100.0,100.0,100.0,True,100.0,100.0,100.0,100.0,100.0,100.0,100.0,100.0,100.0,100.0,100.0,100.0,100.0,100.0,100.0,100.0,100.0,100.0,100.0,100.0,100.0,100.0,100.0,100.0,100.0,100.0,100.0,100.0,100.0,100.0,100.0,92.0,92.0,,,,,,,,,,,,,,,,,,,,,,,,,,,,,,,,,,,,,,,
2015,Pre-COVID (2010-2019),Sí,SEARO,Sri Lanka,LKA,70.0,67.0,100.0,80.0,86.0,True,67.0,67.0,100.0,100.0,100.0,100.0,60.0,80.0,78.0,88.0,83.0,83.0,40.0,62.0,71.0,71.0,60.0,60.0,92.0,80.0,86.0,73.0,100.0,67.0,80.0,100.0,100.0,87.0,87.0,23.0,23.0,15.0,15.0,,,,,,,,,,,,,,,,,,,,,,,,,,,,,,,,,,,,,,,
2015,Pre-COVID (2010-2019),No,EMRO,Syrian Arab Republic,SYR,,,,,,False,,,,,,,,,,,,,,,,,,,,,,,,,,,,,,,,,,,,,,,,,,,,,,,,,,,,,,,,,,,,,,,,,,,,,,,,
2015,Pre-COVID (2010-2019),Sí,EURO,Tajikistan,TJK,91.0,67.0,100.0,90.0,92.0,True,67.0,67.0,100.0,100.0,100.0,100.0,80.0,90.0,100.0,100.0,100.0,100.0,100.0,100.0,100.0,100.0,100.0,100.0,83.0,100.0,92.0,82.0,0.0,33.0,38.0,100.0,100.0,100.0,100.0,92.0,92.0,100.0,100.0,,,,,,,,,,,,,,,,,,,,,,,,,,,,,,,,,,,,,,,
2015,Pre-COVID (2010-2019),No,SEARO,Thailand,THA,,,,,,False,,,,,,,,,,,,,,,,,,,,,,,,,,,,,,,,,,,,,,,,,,,,,,,,,,,,,,,,,,,,,,,,,,,,,,,,
2015,Pre-COVID (2010-2019),Sí,SEARO,Timor-Leste,TLS,65.0,67.0,70.0,90.0,100.0,True,67.0,67.0,100.0,40.0,70.0,100.0,80.0,90.0,78.0,62.0,70.0,100.0,60.0,80.0,100.0,100.0,40.0,40.0,100.0,100.0,100.0,55.0,25.0,0.0,27.0,78.0,78.0,73.0,73.0,54.0,54.0,0.0,,,,,,,,,,,,,,,,,,,,,,,,,,,,,,,,,,,,,,,,
2015,Pre-COVID (2010-2019),No,EURO,Türkiye,TUR,,,,,,False,,,,,,,,,,,,,,,,,,,,,,,,,,,,,,,,,,,,,,,,,,,,,,,,,,,,,,,,,,,,,,,,,,,,,,,,
2015,Pre-COVID (2010-2019),No,EURO,Turkmenistan,TKM,,,,,,False,,,,,,,,,,,,,,,,,,,,,,,,,,,,,,,,,,,,,,,,,,,,,,,,,,,,,,,,,,,,,,,,,,,,,,,,
2015,Pre-COVID (2010-2019),Sí,EMRO,United Arab Emirates,ARE,91.0,100.0,100.0,80.0,100.0,True,100.0,100.0,100.0,100.0,100.0,100.0,60.0,80.0,100.0,100.0,100.0,100.0,100.0,100.0,100.0,100.0,80.0,80.0,100.0,100.0,100.0,73.0,0.0,0.0,24.0,100.0,100.0,100.0,100.0,100.0,100.0,100.0,100.0,,,,,,,,,,,,,,,,,,,,,,,,,,,,,,,,,,,,,,,
2015,Pre-COVID (2010-2019),No,EURO,Uzbekistan,UZB,,,,,,False,,,,,,,,,,,,,,,,,,,,,,,,,,,,,,,,,,,,,,,,,,,,,,,,,,,,,,,,,,,,,,,,,,,,,,,,
2015,Pre-COVID (2010-2019),Sí,WPRO,Viet Nam,VNM,99.0,100.0,100.0,100.0,100.0,True,100.0,100.0,100.0,100.0,100.0,100.0,100.0,100.0,100.0,88.0,94.0,100.0,100.0,100.0,100.0,100.0,100.0,100.0,100.0,100.0,100.0,100.0,100.0,100.0,100.0,100.0,100.0,100.0,100.0,92.0,92.0,100.0,100.0,,,,,,,,,,,,,,,,,,,,,,,,,,,,,,,,,,,,,,,
2015,Pre-COVID (2010-2019),No,EMRO,Yemen,YEM,,,,,,False,,,,,,,,,,,,,,,,,,,,,,,,,,,,,,,,,,,,,,,,,,,,,,,,,,,,,,,,,,,,,,,,,,,,,,,,
2015,Pre-COVID (2010-2019),No,EURO,Albania,ALB,,,,,,False,,,,,,,,,,,,,,,,,,,,,,,,,,,,,,,,,,,,,,,,,,,,,,,,,,,,,,,,,,,,,,,,,,,,,,,,
2015,Pre-COVID (2010-2019),Sí,EURO,Andorra,AND,28.0,67.0,30.0,70.0,25.0,True,67.0,67.0,0.0,60.0,30.0,100.0,40.0,70.0,0.0,88.0,44.0,17.0,0.0,8.0,14.0,14.0,0.0,,50.0,0.0,25.0,0.0,0.0,0.0,,44.0,44.0,67.0,67.0,0.0,,0.0,,,,,,,,,,,,,,,,,,,,,,,,,,,,,,,,,,,,,,,,
2015,Pre-COVID (2010-2019),Sí,EURO,Austria,AUT,86.0,67.0,90.0,100.0,100.0,True,67.0,67.0,100.0,80.0,90.0,100.0,100.0,100.0,89.0,100.0,94.0,83.0,100.0,92.0,100.0,100.0,100.0,100.0,100.0,100.0,100.0,45.0,0.0,0.0,15.0,89.0,89.0,100.0,100.0,85.0,85.0,92.0,92.0,,,,,,,,,,,,,,,,,,,,,,,,,,,,,,,,,,,,,,,
2015,Pre-COVID (2010-2019),No,EURO,Belarus,BLR,,,,,,False,,,,,,,,,,,,,,,,,,,,,,,,,,,,,,,,,,,,,,,,,,,,,,,,,,,,,,,,,,,,,,,,,,,,,,,,
2015,Pre-COVID (2010-2019),Sí,EURO,Belgium,BEL,82.0,100.0,63.0,85.0,92.0,True,100.0,100.0,67.0,60.0,63.0,100.0,70.0,85.0,44.0,100.0,72.0,33.0,60.0,47.0,100.0,100.0,60.0,60.0,83.0,100.0,92.0,82.0,75.0,50.0,69.0,89.0,89.0,100.0,100.0,92.0,92.0,100.0,100.0,,,,,,,,,,,,,,,,,,,,,,,,,,,,,,,,,,,,,,,
2015,Pre-COVID (2010-2019),Sí,EURO,Bosnia and Herzegovina,BIH,55.0,100.0,30.0,80.0,49.0,True,100.0,100.0,0.0,60.0,30.0,80.0,80.0,80.0,44.0,75.0,60.0,50.0,40.0,45.0,57.0,57.0,20.0,20.0,58.0,40.0,49.0,0.0,0.0,0.0,,67.0,67.0,100.0,100.0,38.0,38.0,69.0,69.0,,,,,,,,,,,,,,,,,,,,,,,,,,,,,,,,,,,,,,,
2015,Pre-COVID (2010-2019),No,EURO,Bulgaria,BGR,,,,,,False,,,,,,,,,,,,,,,,,,,,,,,,,,,,,,,,,,,,,,,,,,,,,,,,,,,,,,,,,,,,,,,,,,,,,,,,
2015,Pre-COVID (2010-2019),Sí,EURO,Croatia,HRV,72.0,67.0,37.0,75.0,76.0,True,67.0,67.0,33.0,40.0,37.0,80.0,70.0,75.0,67.0,100.0,83.0,100.0,80.0,90.0,43.0,43.0,40.0,40.0,92.0,60.0,76.0,73.0,100.0,100.0,91.0,100.0,100.0,87.0,87.0,85.0,85.0,62.0,62.0,,,,,,,,,,,,,,,,,,,,,,,,,,,,,,,,,,,,,,,
2015,Pre-COVID (2010-2019),Sí,EURO,Czech Republic,CZE,88.0,100.0,83.0,95.0,96.0,True,100.0,100.0,67.0,100.0,83.0,100.0,90.0,95.0,100.0,100.0,100.0,50.0,100.0,75.0,86.0,86.0,60.0,60.0,92.0,100.0,96.0,55.0,50.0,50.0,52.0,100.0,100.0,100.0,100.0,100.0,100.0,100.0,100.0,,,,,,,,,,,,,,,,,,,,,,,,,,,,,,,,,,,,,,,
2015,Pre-COVID (2010-2019),Sí,EURO,Denmark,DNK,91.0,100.0,90.0,95.0,92.0,True,100.0,100.0,100.0,80.0,90.0,100.0,90.0,95.0,100.0,100.0,100.0,100.0,100.0,100.0,86.0,86.0,40.0,40.0,83.0,100.0,92.0,100.0,100.0,100.0,100.0,89.0,89.0,100.0,100.0,92.0,92.0,100.0,100.0,,,,,,,,,,,,,,,,,,,,,,,,,,,,,,,,,,,,,,,
2015,Pre-COVID (2010-2019),Sí,EURO,Estonia,EST,73.0,33.0,63.0,95.0,82.0,True,33.0,33.0,67.0,60.0,63.0,100.0,90.0,95.0,78.0,62.0,70.0,83.0,80.0,82.0,86.0,86.0,40.0,40.0,83.0,80.0,82.0,45.0,0.0,0.0,15.0,100.0,100.0,100.0,100.0,85.0,85.0,92.0,92.0,,,,,,,,,,,,,,,,,,,,,,,,,,,,,,,,,,,,,,,
2015,Pre-COVID (2010-2019),Sí,EURO,Finland,FIN,96.0,100.0,90.0,100.0,96.0,True,100.0,100.0,100.0,80.0,90.0,100.0,100.0,100.0,100.0,100.0,100.0,100.0,80.0,90.0,100.0,100.0,80.0,80.0,92.0,100.0,96.0,91.0,100.0,100.0,97.0,100.0,100.0,100.0,100.0,92.0,92.0,100.0,100.0,,,,,,,,,,,,,,,,,,,,,,,,,,,,,,,,,,,,,,,
2015,Pre-COVID (2010-2019),Sí,EURO,France,FRA,89.0,100.0,90.0,95.0,100.0,True,100.0,100.0,100.0,80.0,90.0,100.0,90.0,95.0,100.0,100.0,100.0,100.0,60.0,80.0,100.0,100.0,60.0,60.0,100.0,100.0,100.0,82.0,0.0,0.0,27.0,100.0,100.0,100.0,100.0,100.0,100.0,100.0,100.0,,,,,,,,,,,,,,,,,,,,,,,,,,,,,,,,,,,,,,,
2015,Pre-COVID (2010-2019),No,EURO,Germany,DEU,,,,,,False,,,,,,,,,,,,,,,,,,,,,,,,,,,,,,,,,,,,,,,,,,,,,,,,,,,,,,,,,,,,,,,,,,,,,,,,
2015,Pre-COVID (2010-2019),No,EURO,Greece,GRC,,,,,,False,,,,,,,,,,,,,,,,,,,,,,,,,,,,,,,,,,,,,,,,,,,,,,,,,,,,,,,,,,,,,,,,,,,,,,,,
2015,Pre-COVID (2010-2019),No,EURO,Holy See,VAT,,,,,,False,,,,,,,,,,,,,,,,,,,,,,,,,,,,,,,,,,,,,,,,,,,,,,,,,,,,,,,,,,,,,,,,,,,,,,,,
2015,Pre-COVID (2010-2019),Sí,EURO,Hungary,HUN,86.0,100.0,100.0,80.0,100.0,True,100.0,100.0,100.0,100.0,100.0,100.0,60.0,80.0,100.0,100.0,100.0,100.0,100.0,100.0,86.0,86.0,40.0,40.0,100.0,100.0,100.0,45.0,0.0,0.0,15.0,100.0,100.0,100.0,100.0,92.0,92.0,100.0,100.0,,,,,,,,,,,,,,,,,,,,,,,,,,,,,,,,,,,,,,,
2015,Pre-COVID (2010-2019),No,EURO,Iceland,ISL,,,,,,False,,,,,,,,,,,,,,,,,,,,,,,,,,,,,,,,,,,,,,,,,,,,,,,,,,,,,,,,,,,,,,,,,,,,,,,,
2015,Pre-COVID (2010-2019),No,EURO,Ireland,IRL,,,,,,False,,,,,,,,,,,,,,,,,,,,,,,,,,,,,,,,,,,,,,,,,,,,,,,,,,,,,,,,,,,,,,,,,,,,,,,,
2015,Pre-COVID (2010-2019),No,EURO,Italy,ITA,,,,,,False,,,,,,,,,,,,,,,,,,,,,,,,,,,,,,,,,,,,,,,,,,,,,,,,,,,,,,,,,,,,,,,,,,,,,,,,
2015,Pre-COVID (2010-2019),Sí,EURO,Latvia,LVA,90.0,100.0,67.0,90.0,96.0,True,100.0,100.0,33.0,100.0,67.0,100.0,80.0,90.0,89.0,88.0,88.0,83.0,100.0,92.0,86.0,86.0,60.0,60.0,92.0,100.0,96.0,91.0,100.0,100.0,97.0,100.0,100.0,100.0,100.0,92.0,92.0,100.0,100.0,,,,,,,,,,,,,,,,,,,,,,,,,,,,,,,,,,,,,,,
2015,Pre-COVID (2010-2019),Sí,EURO,Liechtenstein,LIE,70.0,67.0,73.0,90.0,80.0,True,67.0,67.0,67.0,80.0,73.0,100.0,80.0,90.0,78.0,88.0,83.0,50.0,100.0,75.0,71.0,71.0,0.0,,100.0,60.0,80.0,0.0,0.0,0.0,,100.0,100.0,93.0,93.0,92.0,92.0,85.0,85.0,,,,,,,,,,,,,,,,,,,,,,,,,,,,,,,,,,,,,,,
2015,Pre-COVID (2010-2019),Sí,EURO,Lithuania,LTU,83.0,100.0,83.0,90.0,82.0,True,100.0,100.0,67.0,100.0,83.0,100.0,80.0,90.0,89.0,88.0,88.0,67.0,60.0,63.0,100.0,100.0,0.0,,83.0,80.0,82.0,91.0,100.0,100.0,97.0,89.0,89.0,100.0,100.0,92.0,92.0,100.0,100.0,,,,,,,,,,,,,,,,,,,,,,,,,,,,,,,,,,,,,,,
2015,Pre-COVID (2010-2019),Sí,EURO,Luxembourg,LUX,88.0,100.0,90.0,75.0,96.0,True,100.0,100.0,100.0,80.0,90.0,60.0,90.0,75.0,100.0,100.0,100.0,100.0,80.0,90.0,100.0,100.0,40.0,40.0,92.0,100.0,96.0,82.0,100.0,100.0,94.0,100.0,100.0,80.0,80.0,85.0,85.0,100.0,100.0,,,,,,,,,,,,,,,,,,,,,,,,,,,,,,,,,,,,,,,
2015,Pre-COVID (2010-2019),No,EURO,Malta,MLT,,,,,,False,,,,,,,,,,,,,,,,,,,,,,,,,,,,,,,,,,,,,,,,,,,,,,,,,,,,,,,,,,,,,,,,,,,,,,,,
2015,Pre-COVID (2010-2019),No,EURO,Monaco,MCO,,,,,,False,,,,,,,,,,,,,,,,,,,,,,,,,,,,,,,,,,,,,,,,,,,,,,,,,,,,,,,,,,,,,,,,,,,,,,,,
2015,Pre-COVID (2010-2019),Sí,EURO,Montenegro,MNE,56.0,33.0,83.0,80.0,78.0,True,33.0,33.0,67.0,100.0,83.0,100.0,60.0,80.0,56.0,62.0,59.0,50.0,80.0,65.0,86.0,86.0,20.0,20.0,75.0,80.0,78.0,27.0,0.0,0.0,9.0,56.0,56.0,67.0,67.0,31.0,31.0,62.0,62.0,,,,,,,,,,,,,,,,,,,,,,,,,,,,,,,,,,,,,,,
2015,Pre-COVID (2010-2019),Sí,EURO,Netherlands (Kingdom of the),NLD,94.0,100.0,100.0,100.0,96.0,True,100.0,100.0,100.0,100.0,100.0,100.0,100.0,100.0,100.0,100.0,100.0,100.0,80.0,90.0,100.0,100.0,60.0,60.0,92.0,100.0,96.0,91.0,75.0,100.0,89.0,100.0,100.0,100.0,100.0,100.0,100.0,92.0,92.0,,,,,,,,,,,,,,,,,,,,,,,,,,,,,,,,,,,,,,,
2015,Pre-COVID (2010-2019),Sí,EURO,North Macedonia,MKD,89.0,100.0,90.0,90.0,76.0,True,100.0,100.0,100.0,80.0,90.0,80.0,100.0,90.0,100.0,100.0,100.0,100.0,60.0,80.0,100.0,100.0,60.0,60.0,92.0,60.0,76.0,100.0,100.0,100.0,100.0,100.0,100.0,100.0,100.0,85.0,85.0,77.0,77.0,,,,,,,,,,,,,,,,,,,,,,,,,,,,,,,,,,,,,,,
2015,Pre-COVID (2010-2019),Sí,EURO,Norway,NOR,98.0,100.0,100.0,100.0,100.0,True,100.0,100.0,100.0,100.0,100.0,100.0,100.0,100.0,100.0,100.0,100.0,100.0,100.0,100.0,100.0,100.0,100.0,100.0,100.0,100.0,100.0,100.0,100.0,100.0,100.0,100.0,100.0,100.0,100.0,85.0,85.0,92.0,92.0,,,,,,,,,,,,,,,,,,,,,,,,,,,,,,,,,,,,,,,
2015,Pre-COVID (2010-2019),No,EURO,Poland,POL,,,,,,False,,,,,,,,,,,,,,,,,,,,,,,,,,,,,,,,,,,,,,,,,,,,,,,,,,,,,,,,,,,,,,,,,,,,,,,,
2015,Pre-COVID (2010-2019),Sí,EURO,Portugal,PRT,94.0,100.0,100.0,100.0,100.0,True,100.0,100.0,100.0,100.0,100.0,100.0,100.0,100.0,100.0,100.0,100.0,100.0,100.0,100.0,100.0,100.0,60.0,60.0,100.0,100.0,100.0,91.0,100.0,83.0,91.0,100.0,100.0,100.0,100.0,85.0,85.0,92.0,92.0,,,,,,,,,,,,,,,,,,,,,,,,,,,,,,,,,,,,,,,
2015,Pre-COVID (2010-2019),Sí,EURO,Republic of Moldova,MDA,78.0,100.0,90.0,100.0,96.0,True,100.0,100.0,100.0,80.0,90.0,100.0,100.0,100.0,89.0,88.0,88.0,50.0,20.0,35.0,57.0,57.0,20.0,20.0,92.0,100.0,96.0,82.0,75.0,50.0,69.0,100.0,100.0,80.0,80.0,77.0,77.0,100.0,100.0,,,,,,,,,,,,,,,,,,,,,,,,,,,,,,,,,,,,,,,
2015,Pre-COVID (2010-2019),Sí,EURO,Romania,ROU,78.0,67.0,83.0,80.0,76.0,True,67.0,67.0,67.0,100.0,83.0,100.0,60.0,80.0,89.0,75.0,82.0,83.0,80.0,82.0,71.0,71.0,40.0,40.0,92.0,60.0,76.0,64.0,75.0,33.0,57.0,89.0,89.0,93.0,93.0,92.0,92.0,100.0,100.0,,,,,,,,,,,,,,,,,,,,,,,,,,,,,,,,,,,,,,,
2015,Pre-COVID (2010-2019),Sí,EURO,Russian Federation,RUS,81.0,100.0,90.0,100.0,67.0,True,100.0,100.0,100.0,80.0,90.0,100.0,100.0,100.0,56.0,88.0,72.0,83.0,80.0,82.0,100.0,100.0,80.0,80.0,33.0,100.0,67.0,45.0,0.0,0.0,15.0,100.0,100.0,80.0,80.0,92.0,92.0,77.0,77.0,,,,,,,,,,,,,,,,,,,,,,,,,,,,,,,,,,,,,,,
2015,Pre-COVID (2010-2019),No,EURO,San Marino,SMR,,,,,,False,,,,,,,,,,,,,,,,,,,,,,,,,,,,,,,,,,,,,,,,,,,,,,,,,,,,,,,,,,,,,,,,,,,,,,,,
2015,Pre-COVID (2010-2019),No,EURO,Serbia,SRB,,,,,,False,,,,,,,,,,,,,,,,,,,,,,,,,,,,,,,,,,,,,,,,,,,,,,,,,,,,,,,,,,,,,,,,,,,,,,,,
2015,Pre-COVID (2010-2019),Sí,EURO,Slovakia,SVK,96.0,100.0,100.0,100.0,100.0,True,100.0,100.0,100.0,100.0,100.0,100.0,100.0,100.0,100.0,100.0,100.0,100.0,100.0,100.0,86.0,86.0,100.0,100.0,100.0,100.0,100.0,91.0,100.0,100.0,97.0,100.0,100.0,100.0,100.0,92.0,92.0,77.0,77.0,,,,,,,,,,,,,,,,,,,,,,,,,,,,,,,,,,,,,,,
2015,Pre-COVID (2010-2019),Sí,EURO,Slovenia,SVN,75.0,100.0,73.0,75.0,88.0,True,100.0,100.0,67.0,80.0,73.0,100.0,50.0,75.0,56.0,100.0,78.0,50.0,100.0,75.0,57.0,57.0,20.0,20.0,75.0,100.0,88.0,82.0,75.0,67.0,74.0,89.0,89.0,100.0,100.0,69.0,69.0,77.0,77.0,,,,,,,,,,,,,,,,,,,,,,,,,,,,,,,,,,,,,,,
2015,Pre-COVID (2010-2019),Sí,EURO,Spain,ESP,90.0,100.0,100.0,95.0,86.0,True,100.0,100.0,100.0,100.0,100.0,100.0,90.0,95.0,78.0,100.0,89.0,100.0,100.0,100.0,86.0,86.0,60.0,60.0,92.0,80.0,86.0,91.0,75.0,67.0,78.0,100.0,100.0,100.0,100.0,77.0,77.0,100.0,100.0,,,,,,,,,,,,,,,,,,,,,,,,,,,,,,,,,,,,,,,
2015,Pre-COVID (2010-2019),Sí,EURO,Sweden,SWE,92.0,100.0,73.0,95.0,96.0,True,100.0,100.0,67.0,80.0,73.0,100.0,90.0,95.0,89.0,100.0,94.0,67.0,100.0,83.0,100.0,100.0,100.0,100.0,92.0,100.0,96.0,73.0,100.0,83.0,85.0,100.0,100.0,87.0,87.0,85.0,85.0,92.0,92.0,,,,,,,,,,,,,,,,,,,,,,,,,,,,,,,,,,,,,,,
2015,Pre-COVID (2010-2019),Sí,EURO,Switzerland,CHE,91.0,100.0,100.0,90.0,100.0,True,100.0,100.0,100.0,100.0,100.0,100.0,80.0,90.0,100.0,100.0,100.0,100.0,100.0,100.0,86.0,86.0,20.0,20.0,100.0,100.0,100.0,73.0,100.0,100.0,91.0,100.0,100.0,100.0,100.0,100.0,100.0,100.0,100.0,,,,,,,,,,,,,,,,,,,,,,,,,,,,,,,,,,,,,,,
2015,Pre-COVID (2010-2019),Sí,EURO,Ukraine,UKR,97.0,100.0,100.0,100.0,100.0,True,100.0,100.0,100.0,100.0,100.0,100.0,100.0,100.0,100.0,100.0,100.0,100.0,100.0,100.0,100.0,100.0,100.0,100.0,100.0,100.0,100.0,91.0,50.0,67.0,69.0,100.0,100.0,100.0,100.0,100.0,100.0,92.0,92.0,,,,,,,,,,,,,,,,,,,,,,,,,,,,,,,,,,,,,,,
2015,Pre-COVID (2010-2019),No,EURO,United Kingdom of Great Britain and Northern Ireland,GBR,,,,,,False,,,,,,,,,,,,,,,,,,,,,,,,,,,,,,,,,,,,,,,,,,,,,,,,,,,,,,,,,,,,,,,,,,,,,,,,
2016,Pre-COVID (2010-2019),Sí,AFRO,Algeria,DZA,73.0,100.0,90.0,55.0,58.0,True,100.0,100.0,100.0,80.0,90.0,60.0,50.0,55.0,67.0,100.0,83.0,67.0,60.0,63.0,29.0,29.0,40.0,40.0,75.0,40.0,58.0,64.0,100.0,100.0,88.0,89.0,89.0,73.0,73.0,100.0,100.0,77.0,77.0,,,,,,,,,,,,,,,,,,,,,,,,,,,,,,,,,,,,,,,
2016,Pre-COVID (2010-2019),No,AFRO,Angola,AGO,,,,,,False,,,,,,,,,,,,,,,,,,,,,,,,,,,,,,,,,,,,,,,,,,,,,,,,,,,,,,,,,,,,,,,,,,,,,,,,
2016,Pre-COVID (2010-2019),Sí,AFRO,Benin,BEN,28.0,,63.0,80.0,62.0,True,0.0,,67.0,60.0,63.0,100.0,60.0,80.0,56.0,12.0,34.0,17.0,20.0,18.0,43.0,43.0,0.0,,83.0,40.0,62.0,18.0,25.0,17.0,20.0,44.0,44.0,0.0,,0.0,,0.0,,,,,,,,,,,,,,,,,,,,,,,,,,,,,,,,,,,,,,,,
2016,Pre-COVID (2010-2019),No,AFRO,Botswana,BWA,,,,,,False,,,,,,,,,,,,,,,,,,,,,,,,,,,,,,,,,,,,,,,,,,,,,,,,,,,,,,,,,,,,,,,,,,,,,,,,
2016,Pre-COVID (2010-2019),No,AFRO,Burkina Faso,BFA,,,,,,False,,,,,,,,,,,,,,,,,,,,,,,,,,,,,,,,,,,,,,,,,,,,,,,,,,,,,,,,,,,,,,,,,,,,,,,,
2016,Pre-COVID (2010-2019),Sí,AFRO,Burundi,BDI,62.0,100.0,83.0,100.0,80.0,True,100.0,100.0,67.0,100.0,83.0,100.0,100.0,100.0,100.0,75.0,88.0,100.0,60.0,80.0,100.0,100.0,20.0,20.0,100.0,60.0,80.0,64.0,0.0,17.0,27.0,100.0,100.0,27.0,27.0,0.0,,0.0,,,,,,,,,,,,,,,,,,,,,,,,,,,,,,,,,,,,,,,,
2016,Pre-COVID (2010-2019),Sí,AFRO,Cabo Verde,CPV,62.0,100.0,100.0,95.0,100.0,True,100.0,100.0,100.0,100.0,100.0,100.0,90.0,95.0,100.0,50.0,75.0,100.0,60.0,80.0,100.0,100.0,0.0,,100.0,100.0,100.0,73.0,0.0,0.0,24.0,89.0,89.0,40.0,40.0,0.0,,0.0,,,,,,,,,,,,,,,,,,,,,,,,,,,,,,,,,,,,,,,,
2016,Pre-COVID (2010-2019),Sí,AFRO,Cameroon,CMR,54.0,,40.0,90.0,76.0,True,0.0,,0.0,80.0,40.0,100.0,80.0,90.0,89.0,38.0,63.0,33.0,40.0,37.0,86.0,86.0,40.0,40.0,92.0,60.0,76.0,36.0,25.0,50.0,37.0,100.0,100.0,27.0,27.0,15.0,15.0,92.0,92.0,,,,,,,,,,,,,,,,,,,,,,,,,,,,,,,,,,,,,,,
2016,Pre-COVID (2010-2019),Sí,AFRO,Central African Republic,CAF,29.0,25.0,27.0,45.0,83.0,True,25.0,25.0,33.0,20.0,27.0,80.0,10.0,45.0,0.0,0.0,,0.0,0.0,,43.0,43.0,60.0,60.0,67.0,100.0,83.0,0.0,0.0,0.0,,78.0,78.0,13.0,13.0,0.0,,0.0,,,,,,,,,,,,,,,,,,,,,,,,,,,,,,,,,,,,,,,,
2016,Pre-COVID (2010-2019),Sí,AFRO,Chad,TCD,40.0,25.0,47.0,75.0,48.0,True,25.0,25.0,33.0,60.0,47.0,100.0,50.0,75.0,56.0,62.0,59.0,33.0,20.0,27.0,57.0,57.0,20.0,20.0,75.0,20.0,48.0,45.0,0.0,0.0,15.0,67.0,67.0,47.0,47.0,15.0,15.0,23.0,23.0,,,,,,,,,,,,,,,,,,,,,,,,,,,,,,,,,,,,,,,
2016,Pre-COVID (2010-2019),No,AFRO,Comoros,COM,,,,,,False,,,,,,,,,,,,,,,,,,,,,,,,,,,,,,,,,,,,,,,,,,,,,,,,,,,,,,,,,,,,,,,,,,,,,,,,
2016,Pre-COVID (2010-2019),Sí,AFRO,Congo,COG,44.0,,73.0,75.0,39.0,True,0.0,,67.0,80.0,73.0,60.0,90.0,75.0,89.0,62.0,76.0,67.0,40.0,53.0,57.0,57.0,40.0,40.0,58.0,20.0,39.0,64.0,0.0,0.0,21.0,56.0,56.0,53.0,53.0,23.0,23.0,0.0,,,,,,,,,,,,,,,,,,,,,,,,,,,,,,,,,,,,,,,,
2016,Pre-COVID (2010-2019),Sí,AFRO,Côte d'Ivoire,CIV,78.0,50.0,80.0,95.0,100.0,True,50.0,50.0,100.0,60.0,80.0,100.0,90.0,95.0,100.0,75.0,88.0,67.0,20.0,43.0,86.0,86.0,100.0,100.0,100.0,100.0,100.0,55.0,50.0,50.0,52.0,100.0,100.0,67.0,67.0,77.0,77.0,77.0,77.0,,,,,,,,,,,,,,,,,,,,,,,,,,,,,,,,,,,,,,,
2016,Pre-COVID (2010-2019),Sí,AFRO,Democratic Republic of the Congo,COD,71.0,50.0,57.0,70.0,86.0,True,50.0,50.0,33.0,80.0,57.0,80.0,60.0,70.0,56.0,75.0,65.0,83.0,40.0,62.0,100.0,100.0,100.0,100.0,92.0,80.0,86.0,73.0,100.0,33.0,69.0,100.0,100.0,67.0,67.0,0.0,,92.0,92.0,,,,,,,,,,,,,,,,,,,,,,,,,,,,,,,,,,,,,,,
2016,Pre-COVID (2010-2019),No,EMRO,Djibouti,DJI,,,,,,False,,,,,,,,,,,,,,,,,,,,,,,,,,,,,,,,,,,,,,,,,,,,,,,,,,,,,,,,,,,,,,,,,,,,,,,,
2016,Pre-COVID (2010-2019),Sí,EMRO,Egypt,EGY,94.0,75.0,83.0,90.0,96.0,True,75.0,75.0,67.0,100.0,83.0,100.0,80.0,90.0,100.0,100.0,100.0,100.0,100.0,100.0,100.0,100.0,100.0,100.0,92.0,100.0,96.0,91.0,100.0,100.0,97.0,100.0,100.0,93.0,93.0,92.0,92.0,100.0,100.0,,,,,,,,,,,,,,,,,,,,,,,,,,,,,,,,,,,,,,,
2016,Pre-COVID (2010-2019),No,AFRO,Equatorial Guinea,GNQ,,,,,,False,,,,,,,,,,,,,,,,,,,,,,,,,,,,,,,,,,,,,,,,,,,,,,,,,,,,,,,,,,,,,,,,,,,,,,,,
2016,Pre-COVID (2010-2019),Sí,AFRO,Eritrea,ERI,49.0,100.0,63.0,90.0,72.0,True,100.0,100.0,67.0,60.0,63.0,100.0,80.0,90.0,100.0,50.0,75.0,50.0,0.0,25.0,29.0,29.0,80.0,80.0,83.0,60.0,72.0,55.0,100.0,67.0,74.0,33.0,33.0,0.0,,0.0,,0.0,,,,,,,,,,,,,,,,,,,,,,,,,,,,,,,,,,,,,,,,
2016,Pre-COVID (2010-2019),No,AFRO,Eswatini,SWZ,,,,,,False,,,,,,,,,,,,,,,,,,,,,,,,,,,,,,,,,,,,,,,,,,,,,,,,,,,,,,,,,,,,,,,,,,,,,,,,
2016,Pre-COVID (2010-2019),Sí,AFRO,Ethiopia,ETH,79.0,100.0,83.0,95.0,100.0,True,100.0,100.0,67.0,100.0,83.0,100.0,90.0,95.0,100.0,100.0,100.0,100.0,80.0,90.0,100.0,100.0,100.0,100.0,100.0,100.0,100.0,73.0,100.0,100.0,91.0,100.0,100.0,0.0,,0.0,,69.0,69.0,,,,,,,,,,,,,,,,,,,,,,,,,,,,,,,,,,,,,,,
2016,Pre-COVID (2010-2019),Sí,AFRO,Gabon,GAB,52.0,75.0,63.0,95.0,52.0,True,75.0,75.0,67.0,60.0,63.0,100.0,90.0,95.0,78.0,38.0,58.0,50.0,0.0,25.0,43.0,43.0,20.0,20.0,83.0,20.0,52.0,36.0,0.0,0.0,12.0,67.0,67.0,93.0,93.0,38.0,38.0,31.0,31.0,,,,,,,,,,,,,,,,,,,,,,,,,,,,,,,,,,,,,,,
2016,Pre-COVID (2010-2019),No,AFRO,Gambia,GMB,,,,,,False,,,,,,,,,,,,,,,,,,,,,,,,,,,,,,,,,,,,,,,,,,,,,,,,,,,,,,,,,,,,,,,,,,,,,,,,
2016,Pre-COVID (2010-2019),Sí,AFRO,Ghana,GHA,74.0,75.0,73.0,80.0,96.0,True,75.0,75.0,67.0,80.0,73.0,100.0,60.0,80.0,89.0,88.0,88.0,83.0,20.0,52.0,86.0,86.0,40.0,40.0,92.0,100.0,96.0,82.0,25.0,0.0,36.0,100.0,100.0,87.0,87.0,46.0,46.0,100.0,100.0,,,,,,,,,,,,,,,,,,,,,,,,,,,,,,,,,,,,,,,
2016,Pre-COVID (2010-2019),No,AFRO,Guinea,GIN,,,,,,False,,,,,,,,,,,,,,,,,,,,,,,,,,,,,,,,,,,,,,,,,,,,,,,,,,,,,,,,,,,,,,,,,,,,,,,,
2016,Pre-COVID (2010-2019),Sí,AFRO,Guinea-Bissau,GNB,49.0,100.0,47.0,80.0,52.0,True,100.0,100.0,33.0,60.0,47.0,60.0,100.0,80.0,100.0,62.0,81.0,100.0,20.0,60.0,71.0,71.0,40.0,40.0,83.0,20.0,52.0,27.0,0.0,0.0,9.0,67.0,67.0,27.0,27.0,0.0,,0.0,,,,,,,,,,,,,,,,,,,,,,,,,,,,,,,,,,,,,,,,
2016,Pre-COVID (2010-2019),No,AFRO,Kenya,KEN,,,,,,False,,,,,,,,,,,,,,,,,,,,,,,,,,,,,,,,,,,,,,,,,,,,,,,,,,,,,,,,,,,,,,,,,,,,,,,,
2016,Pre-COVID (2010-2019),Sí,AFRO,Lesotho,LSO,74.0,100.0,100.0,85.0,100.0,True,100.0,100.0,100.0,100.0,100.0,80.0,90.0,85.0,89.0,88.0,88.0,100.0,60.0,80.0,71.0,71.0,40.0,40.0,100.0,100.0,100.0,73.0,75.0,33.0,60.0,100.0,100.0,93.0,93.0,31.0,31.0,15.0,15.0,,,,,,,,,,,,,,,,,,,,,,,,,,,,,,,,,,,,,,,
2016,Pre-COVID (2010-2019),No,AFRO,Liberia,LBR,,,,,,False,,,,,,,,,,,,,,,,,,,,,,,,,,,,,,,,,,,,,,,,,,,,,,,,,,,,,,,,,,,,,,,,,,,,,,,,
2016,Pre-COVID (2010-2019),Sí,EMRO,Libya,LBY,64.0,75.0,83.0,55.0,66.0,True,75.0,75.0,67.0,100.0,83.0,40.0,70.0,55.0,78.0,88.0,83.0,67.0,20.0,43.0,43.0,43.0,60.0,60.0,92.0,40.0,66.0,55.0,50.0,83.0,63.0,78.0,78.0,93.0,93.0,8.0,8.0,77.0,77.0,,,,,,,,,,,,,,,,,,,,,,,,,,,,,,,,,,,,,,,
2016,Pre-COVID (2010-2019),No,AFRO,Madagascar,MDG,,,,,,False,,,,,,,,,,,,,,,,,,,,,,,,,,,,,,,,,,,,,,,,,,,,,,,,,,,,,,,,,,,,,,,,,,,,,,,,
2016,Pre-COVID (2010-2019),No,AFRO,Malawi,MWI,,,,,,False,,,,,,,,,,,,,,,,,,,,,,,,,,,,,,,,,,,,,,,,,,,,,,,,,,,,,,,,,,,,,,,,,,,,,,,,
2016,Pre-COVID (2010-2019),No,AFRO,Mali,MLI,,,,,,False,,,,,,,,,,,,,,,,,,,,,,,,,,,,,,,,,,,,,,,,,,,,,,,,,,,,,,,,,,,,,,,,,,,,,,,,
2016,Pre-COVID (2010-2019),No,AFRO,Mauritania,MRT,,,,,,False,,,,,,,,,,,,,,,,,,,,,,,,,,,,,,,,,,,,,,,,,,,,,,,,,,,,,,,,,,,,,,,,,,,,,,,,
2016,Pre-COVID (2010-2019),Sí,AFRO,Mauritius,MUS,70.0,75.0,100.0,70.0,56.0,True,75.0,75.0,100.0,100.0,100.0,100.0,40.0,70.0,89.0,100.0,94.0,100.0,60.0,80.0,71.0,71.0,40.0,40.0,92.0,20.0,56.0,82.0,100.0,100.0,94.0,78.0,78.0,80.0,80.0,8.0,8.0,62.0,62.0,,,,,,,,,,,,,,,,,,,,,,,,,,,,,,,,,,,,,,,
2016,Pre-COVID (2010-2019),Sí,EMRO,Morocco,MAR,95.0,100.0,100.0,100.0,90.0,True,100.0,100.0,100.0,100.0,100.0,100.0,100.0,100.0,100.0,100.0,100.0,100.0,100.0,100.0,100.0,100.0,100.0,100.0,100.0,80.0,90.0,82.0,100.0,33.0,72.0,100.0,100.0,100.0,100.0,77.0,77.0,100.0,100.0,,,,,,,,,,,,,,,,,,,,,,,,,,,,,,,,,,,,,,,
2016,Pre-COVID (2010-2019),No,AFRO,Mozambique,MOZ,,,,,,False,,,,,,,,,,,,,,,,,,,,,,,,,,,,,,,,,,,,,,,,,,,,,,,,,,,,,,,,,,,,,,,,,,,,,,,,
2016,Pre-COVID (2010-2019),Sí,AFRO,Namibia,NAM,81.0,100.0,90.0,90.0,100.0,True,100.0,100.0,100.0,80.0,90.0,80.0,100.0,90.0,100.0,75.0,88.0,83.0,20.0,52.0,57.0,57.0,100.0,100.0,100.0,100.0,100.0,91.0,0.0,100.0,64.0,100.0,100.0,100.0,100.0,46.0,46.0,62.0,62.0,,,,,,,,,,,,,,,,,,,,,,,,,,,,,,,,,,,,,,,
2016,Pre-COVID (2010-2019),Sí,AFRO,Niger,NER,75.0,100.0,100.0,95.0,90.0,True,100.0,100.0,100.0,100.0,100.0,100.0,90.0,95.0,100.0,100.0,100.0,100.0,60.0,80.0,100.0,100.0,100.0,100.0,100.0,80.0,90.0,64.0,0.0,0.0,21.0,100.0,100.0,53.0,53.0,8.0,8.0,23.0,23.0,,,,,,,,,,,,,,,,,,,,,,,,,,,,,,,,,,,,,,,
2016,Pre-COVID (2010-2019),Sí,AFRO,Nigeria,NGA,64.0,50.0,67.0,95.0,82.0,True,50.0,50.0,33.0,100.0,67.0,100.0,90.0,95.0,56.0,25.0,40.0,100.0,60.0,80.0,71.0,71.0,80.0,80.0,83.0,80.0,82.0,0.0,0.0,0.0,,89.0,89.0,60.0,60.0,62.0,62.0,62.0,62.0,,,,,,,,,,,,,,,,,,,,,,,,,,,,,,,,,,,,,,,
2016,Pre-COVID (2010-2019),No,AFRO,Rwanda,RWA,,,,,,False,,,,,,,,,,,,,,,,,,,,,,,,,,,,,,,,,,,,,,,,,,,,,,,,,,,,,,,,,,,,,,,,,,,,,,,,
2016,Pre-COVID (2010-2019),Sí,AFRO,Sao Tome and Principe,STP,16.0,,47.0,40.0,37.0,True,0.0,,33.0,60.0,47.0,80.0,0.0,40.0,44.0,12.0,28.0,17.0,0.0,8.0,14.0,14.0,0.0,,33.0,40.0,37.0,18.0,25.0,0.0,14.0,22.0,22.0,0.0,,0.0,,0.0,,,,,,,,,,,,,,,,,,,,,,,,,,,,,,,,,,,,,,,,
2016,Pre-COVID (2010-2019),No,AFRO,Senegal,SEN,,,,,,False,,,,,,,,,,,,,,,,,,,,,,,,,,,,,,,,,,,,,,,,,,,,,,,,,,,,,,,,,,,,,,,,,,,,,,,,
2016,Pre-COVID (2010-2019),Sí,AFRO,Seychelles,SYC,88.0,100.0,100.0,100.0,96.0,True,100.0,100.0,100.0,100.0,100.0,100.0,100.0,100.0,100.0,100.0,100.0,83.0,80.0,82.0,100.0,100.0,100.0,100.0,92.0,100.0,96.0,73.0,0.0,0.0,24.0,100.0,100.0,100.0,100.0,92.0,92.0,46.0,46.0,,,,,,,,,,,,,,,,,,,,,,,,,,,,,,,,,,,,,,,
2016,Pre-COVID (2010-2019),Sí,AFRO,Sierra Leone,SLE,47.0,75.0,27.0,85.0,39.0,True,75.0,75.0,33.0,20.0,27.0,100.0,70.0,85.0,89.0,62.0,76.0,50.0,60.0,55.0,43.0,43.0,0.0,,58.0,20.0,39.0,36.0,0.0,0.0,12.0,44.0,44.0,20.0,20.0,69.0,69.0,69.0,69.0,,,,,,,,,,,,,,,,,,,,,,,,,,,,,,,,,,,,,,,
2016,Pre-COVID (2010-2019),No,EMRO,Somalia,SOM,,,,,,False,,,,,,,,,,,,,,,,,,,,,,,,,,,,,,,,,,,,,,,,,,,,,,,,,,,,,,,,,,,,,,,,,,,,,,,,
2016,Pre-COVID (2010-2019),No,AFRO,South Africa,ZAF,,,,,,False,,,,,,,,,,,,,,,,,,,,,,,,,,,,,,,,,,,,,,,,,,,,,,,,,,,,,,,,,,,,,,,,,,,,,,,,
2016,Pre-COVID (2010-2019),No,AFRO,South Sudan,SSD,,,,,,False,,,,,,,,,,,,,,,,,,,,,,,,,,,,,,,,,,,,,,,,,,,,,,,,,,,,,,,,,,,,,,,,,,,,,,,,
2016,Pre-COVID (2010-2019),No,EMRO,Sudan,SDN,,,,,,False,,,,,,,,,,,,,,,,,,,,,,,,,,,,,,,,,,,,,,,,,,,,,,,,,,,,,,,,,,,,,,,,,,,,,,,,
2016,Pre-COVID (2010-2019),No,AFRO,Togo,TGO,,,,,,False,,,,,,,,,,,,,,,,,,,,,,,,,,,,,,,,,,,,,,,,,,,,,,,,,,,,,,,,,,,,,,,,,,,,,,,,
2016,Pre-COVID (2010-2019),Sí,EMRO,Tunisia,TUN,55.0,75.0,63.0,100.0,62.0,True,75.0,75.0,67.0,60.0,63.0,100.0,100.0,100.0,100.0,0.0,50.0,33.0,20.0,27.0,14.0,14.0,20.0,20.0,83.0,40.0,62.0,73.0,50.0,17.0,46.0,78.0,78.0,53.0,53.0,62.0,62.0,69.0,69.0,,,,,,,,,,,,,,,,,,,,,,,,,,,,,,,,,,,,,,,
2016,Pre-COVID (2010-2019),No,AFRO,Uganda,UGA,,,,,,False,,,,,,,,,,,,,,,,,,,,,,,,,,,,,,,,,,,,,,,,,,,,,,,,,,,,,,,,,,,,,,,,,,,,,,,,
2016,Pre-COVID (2010-2019),No,AFRO,United Republic of Tanzania,TZA,,,,,,False,,,,,,,,,,,,,,,,,,,,,,,,,,,,,,,,,,,,,,,,,,,,,,,,,,,,,,,,,,,,,,,,,,,,,,,,
2016,Pre-COVID (2010-2019),No,AFRO,Zambia,ZMB,,,,,,False,,,,,,,,,,,,,,,,,,,,,,,,,,,,,,,,,,,,,,,,,,,,,,,,,,,,,,,,,,,,,,,,,,,,,,,,
2016,Pre-COVID (2010-2019),Sí,AFRO,Zimbabwe,ZWE,73.0,100.0,73.0,100.0,90.0,True,100.0,100.0,67.0,80.0,73.0,100.0,100.0,100.0,100.0,100.0,100.0,100.0,60.0,80.0,71.0,71.0,60.0,60.0,100.0,80.0,90.0,73.0,75.0,33.0,60.0,67.0,67.0,73.0,73.0,31.0,31.0,46.0,46.0,,,,,,,,,,,,,,,,,,,,,,,,,,,,,,,,,,,,,,,
2016,Pre-COVID (2010-2019),Sí,WPRO,Australia,AUS,100.0,100.0,100.0,100.0,96.0,True,100.0,100.0,100.0,100.0,100.0,100.0,100.0,100.0,100.0,100.0,100.0,100.0,100.0,100.0,100.0,100.0,100.0,100.0,92.0,100.0,96.0,100.0,100.0,100.0,100.0,100.0,100.0,100.0,100.0,100.0,100.0,100.0,100.0,,,,,,,,,,,,,,,,,,,,,,,,,,,,,,,,,,,,,,,
2016,Pre-COVID (2010-2019),Sí,WPRO,Cook Islands,COK,56.0,50.0,100.0,80.0,42.0,True,50.0,50.0,100.0,100.0,100.0,100.0,60.0,80.0,100.0,62.0,81.0,100.0,40.0,70.0,71.0,71.0,60.0,60.0,83.0,0.0,42.0,64.0,75.0,50.0,63.0,33.0,33.0,60.0,60.0,0.0,,15.0,15.0,,,,,,,,,,,,,,,,,,,,,,,,,,,,,,,,,,,,,,,
2016,Pre-COVID (2010-2019),No,WPRO,Fiji,FJI,,,,,,False,,,,,,,,,,,,,,,,,,,,,,,,,,,,,,,,,,,,,,,,,,,,,,,,,,,,,,,,,,,,,,,,,,,,,,,,
2016,Pre-COVID (2010-2019),No,WPRO,Kiribati,KIR,,,,,,False,,,,,,,,,,,,,,,,,,,,,,,,,,,,,,,,,,,,,,,,,,,,,,,,,,,,,,,,,,,,,,,,,,,,,,,,
2016,Pre-COVID (2010-2019),Sí,WPRO,Marshall Islands,MHL,57.0,,47.0,95.0,96.0,True,0.0,,33.0,60.0,47.0,100.0,90.0,95.0,89.0,100.0,94.0,100.0,40.0,70.0,86.0,86.0,80.0,80.0,92.0,100.0,96.0,55.0,0.0,50.0,35.0,0.0,,53.0,53.0,77.0,77.0,8.0,8.0,,,,,,,,,,,,,,,,,,,,,,,,,,,,,,,,,,,,,,,
2016,Pre-COVID (2010-2019),Sí,WPRO,Micronesia,FSM,86.0,100.0,100.0,75.0,96.0,True,100.0,100.0,100.0,100.0,100.0,80.0,70.0,75.0,100.0,50.0,75.0,100.0,100.0,100.0,100.0,100.0,80.0,80.0,92.0,100.0,96.0,91.0,100.0,100.0,97.0,100.0,100.0,100.0,100.0,77.0,77.0,15.0,15.0,,,,,,,,,,,,,,,,,,,,,,,,,,,,,,,,,,,,,,,
2016,Pre-COVID (2010-2019),No,WPRO,Nauru,NRU,,,,,,False,,,,,,,,,,,,,,,,,,,,,,,,,,,,,,,,,,,,,,,,,,,,,,,,,,,,,,,,,,,,,,,,,,,,,,,,
2016,Pre-COVID (2010-2019),Sí,WPRO,New Zealand,NZL,96.0,100.0,100.0,70.0,86.0,True,100.0,100.0,100.0,100.0,100.0,100.0,40.0,70.0,100.0,100.0,100.0,100.0,100.0,100.0,100.0,100.0,100.0,100.0,92.0,80.0,86.0,100.0,100.0,83.0,94.0,100.0,100.0,100.0,100.0,100.0,100.0,100.0,100.0,,,,,,,,,,,,,,,,,,,,,,,,,,,,,,,,,,,,,,,
2016,Pre-COVID (2010-2019),No,WPRO,Niue,NIU,,,,,,False,,,,,,,,,,,,,,,,,,,,,,,,,,,,,,,,,,,,,,,,,,,,,,,,,,,,,,,,,,,,,,,,,,,,,,,,
2016,Pre-COVID (2010-2019),Sí,WPRO,Palau,PLW,91.0,100.0,100.0,100.0,73.0,True,100.0,100.0,100.0,100.0,100.0,100.0,100.0,100.0,100.0,88.0,94.0,100.0,100.0,100.0,100.0,100.0,100.0,100.0,67.0,80.0,73.0,91.0,100.0,83.0,91.0,100.0,100.0,100.0,100.0,92.0,92.0,38.0,38.0,,,,,,,,,,,,,,,,,,,,,,,,,,,,,,,,,,,,,,,
2016,Pre-COVID (2010-2019),No,WPRO,Papua New Guinea,PNG,,,,,,False,,,,,,,,,,,,,,,,,,,,,,,,,,,,,,,,,,,,,,,,,,,,,,,,,,,,,,,,,,,,,,,,,,,,,,,,
2016,Pre-COVID (2010-2019),No,WPRO,Samoa,WSM,,,,,,False,,,,,,,,,,,,,,,,,,,,,,,,,,,,,,,,,,,,,,,,,,,,,,,,,,,,,,,,,,,,,,,,,,,,,,,,
2016,Pre-COVID (2010-2019),No,WPRO,Solomon Islands,SLB,,,,,,False,,,,,,,,,,,,,,,,,,,,,,,,,,,,,,,,,,,,,,,,,,,,,,,,,,,,,,,,,,,,,,,,,,,,,,,,
2016,Pre-COVID (2010-2019),No,WPRO,Tonga,TON,,,,,,False,,,,,,,,,,,,,,,,,,,,,,,,,,,,,,,,,,,,,,,,,,,,,,,,,,,,,,,,,,,,,,,,,,,,,,,,
2016,Pre-COVID (2010-2019),No,WPRO,Tuvalu,TUV,,,,,,False,,,,,,,,,,,,,,,,,,,,,,,,,,,,,,,,,,,,,,,,,,,,,,,,,,,,,,,,,,,,,,,,,,,,,,,,
2016,Pre-COVID (2010-2019),No,WPRO,Vanuatu,VUT,,,,,,False,,,,,,,,,,,,,,,,,,,,,,,,,,,,,,,,,,,,,,,,,,,,,,,,,,,,,,,,,,,,,,,,,,,,,,,,
2016,Pre-COVID (2010-2019),Sí,AMRO,Antigua and Barbuda,ATG,81.0,100.0,73.0,85.0,68.0,True,100.0,100.0,67.0,80.0,73.0,80.0,90.0,85.0,78.0,88.0,83.0,67.0,80.0,73.0,86.0,86.0,100.0,100.0,75.0,60.0,68.0,100.0,100.0,100.0,100.0,89.0,89.0,100.0,100.0,69.0,69.0,23.0,23.0,,,,,,,,,,,,,,,,,,,,,,,,,,,,,,,,,,,,,,,
2016,Pre-COVID (2010-2019),Sí,AMRO,Argentina,ARG,76.0,50.0,67.0,80.0,86.0,True,50.0,50.0,33.0,100.0,67.0,80.0,80.0,80.0,56.0,100.0,78.0,83.0,80.0,82.0,86.0,86.0,40.0,40.0,92.0,80.0,86.0,91.0,75.0,100.0,89.0,89.0,89.0,93.0,93.0,69.0,69.0,77.0,77.0,,,,,,,,,,,,,,,,,,,,,,,,,,,,,,,,,,,,,,,
2016,Pre-COVID (2010-2019),Sí,AMRO,Bahamas,BHS,75.0,75.0,83.0,100.0,96.0,True,75.0,75.0,67.0,100.0,83.0,100.0,100.0,100.0,89.0,62.0,76.0,83.0,40.0,62.0,100.0,100.0,40.0,40.0,92.0,100.0,96.0,100.0,100.0,33.0,78.0,56.0,56.0,87.0,87.0,69.0,69.0,54.0,54.0,,,,,,,,,,,,,,,,,,,,,,,,,,,,,,,,,,,,,,,
2016,Pre-COVID (2010-2019),Sí,AMRO,Barbados,BRB,84.0,75.0,63.0,100.0,96.0,True,75.0,75.0,67.0,60.0,63.0,100.0,100.0,100.0,89.0,62.0,76.0,100.0,40.0,70.0,100.0,100.0,80.0,80.0,92.0,100.0,96.0,100.0,100.0,100.0,100.0,100.0,100.0,80.0,80.0,77.0,77.0,69.0,69.0,,,,,,,,,,,,,,,,,,,,,,,,,,,,,,,,,,,,,,,
2016,Pre-COVID (2010-2019),No,AMRO,Belize,BLZ,,,,,,False,,,,,,,,,,,,,,,,,,,,,,,,,,,,,,,,,,,,,,,,,,,,,,,,,,,,,,,,,,,,,,,,,,,,,,,,
2016,Pre-COVID (2010-2019),Sí,AMRO,Bolivia (Plurinational State of),BOL,77.0,100.0,90.0,90.0,96.0,True,100.0,100.0,100.0,80.0,90.0,100.0,80.0,90.0,89.0,75.0,82.0,67.0,80.0,73.0,57.0,57.0,80.0,80.0,92.0,100.0,96.0,73.0,0.0,0.0,24.0,100.0,100.0,87.0,87.0,23.0,23.0,100.0,100.0,,,,,,,,,,,,,,,,,,,,,,,,,,,,,,,,,,,,,,,
2016,Pre-COVID (2010-2019),Sí,AMRO,Brazil,BRA,97.0,100.0,100.0,100.0,96.0,True,100.0,100.0,100.0,100.0,100.0,100.0,100.0,100.0,100.0,100.0,100.0,100.0,100.0,100.0,100.0,100.0,100.0,100.0,92.0,100.0,96.0,100.0,100.0,0.0,67.0,100.0,100.0,100.0,100.0,100.0,100.0,100.0,100.0,,,,,,,,,,,,,,,,,,,,,,,,,,,,,,,,,,,,,,,
2016,Pre-COVID (2010-2019),Sí,AMRO,Canada,CAN,100.0,100.0,100.0,100.0,100.0,True,100.0,100.0,100.0,100.0,100.0,100.0,100.0,100.0,100.0,100.0,100.0,100.0,100.0,100.0,100.0,100.0,100.0,100.0,100.0,100.0,100.0,100.0,100.0,100.0,100.0,100.0,100.0,100.0,100.0,100.0,100.0,100.0,100.0,,,,,,,,,,,,,,,,,,,,,,,,,,,,,,,,,,,,,,,
2016,Pre-COVID (2010-2019),Sí,AMRO,Chile,CHL,79.0,100.0,100.0,90.0,66.0,True,100.0,100.0,100.0,100.0,100.0,100.0,80.0,90.0,78.0,100.0,89.0,83.0,0.0,42.0,71.0,71.0,60.0,60.0,92.0,40.0,66.0,73.0,100.0,100.0,91.0,100.0,100.0,100.0,100.0,46.0,46.0,77.0,77.0,,,,,,,,,,,,,,,,,,,,,,,,,,,,,,,,,,,,,,,
2016,Pre-COVID (2010-2019),Sí,AMRO,Colombia,COL,89.0,100.0,100.0,95.0,80.0,True,100.0,100.0,100.0,100.0,100.0,100.0,90.0,95.0,100.0,75.0,88.0,100.0,100.0,100.0,100.0,100.0,60.0,60.0,100.0,60.0,80.0,91.0,100.0,100.0,97.0,89.0,89.0,87.0,87.0,85.0,85.0,77.0,77.0,,,,,,,,,,,,,,,,,,,,,,,,,,,,,,,,,,,,,,,
2016,Pre-COVID (2010-2019),Sí,AMRO,Costa Rica,CRI,86.0,100.0,100.0,100.0,90.0,True,100.0,100.0,100.0,100.0,100.0,100.0,100.0,100.0,100.0,100.0,100.0,83.0,60.0,72.0,100.0,100.0,80.0,80.0,100.0,80.0,90.0,91.0,100.0,100.0,97.0,100.0,100.0,100.0,100.0,38.0,38.0,46.0,46.0,,,,,,,,,,,,,,,,,,,,,,,,,,,,,,,,,,,,,,,
2016,Pre-COVID (2010-2019),Sí,AMRO,Cuba,CUB,99.0,100.0,100.0,100.0,90.0,True,100.0,100.0,100.0,100.0,100.0,100.0,100.0,100.0,100.0,100.0,100.0,100.0,100.0,100.0,100.0,100.0,100.0,100.0,100.0,80.0,90.0,100.0,100.0,100.0,100.0,100.0,100.0,100.0,100.0,100.0,100.0,92.0,92.0,,,,,,,,,,,,,,,,,,,,,,,,,,,,,,,,,,,,,,,
2016,Pre-COVID (2010-2019),Sí,AMRO,Dominica,DMA,62.0,50.0,100.0,80.0,43.0,True,50.0,50.0,100.0,100.0,100.0,100.0,60.0,80.0,56.0,100.0,78.0,100.0,20.0,60.0,100.0,100.0,40.0,40.0,67.0,20.0,43.0,91.0,0.0,0.0,30.0,100.0,100.0,100.0,100.0,15.0,15.0,15.0,15.0,,,,,,,,,,,,,,,,,,,,,,,,,,,,,,,,,,,,,,,
2016,Pre-COVID (2010-2019),Sí,AMRO,Dominican Republic,DOM,71.0,75.0,90.0,75.0,80.0,True,75.0,75.0,100.0,80.0,90.0,100.0,50.0,75.0,78.0,38.0,58.0,83.0,80.0,82.0,71.0,71.0,40.0,40.0,100.0,60.0,80.0,91.0,75.0,100.0,89.0,100.0,100.0,47.0,47.0,38.0,38.0,77.0,77.0,,,,,,,,,,,,,,,,,,,,,,,,,,,,,,,,,,,,,,,
2016,Pre-COVID (2010-2019),Sí,AMRO,Ecuador,ECU,81.0,100.0,90.0,90.0,83.0,True,100.0,100.0,100.0,80.0,90.0,100.0,80.0,90.0,100.0,88.0,94.0,100.0,80.0,90.0,86.0,86.0,20.0,20.0,67.0,100.0,83.0,91.0,100.0,67.0,86.0,100.0,100.0,80.0,80.0,31.0,31.0,100.0,100.0,,,,,,,,,,,,,,,,,,,,,,,,,,,,,,,,,,,,,,,
2016,Pre-COVID (2010-2019),Sí,AMRO,El Salvador,SLV,94.0,100.0,100.0,95.0,100.0,True,100.0,100.0,100.0,100.0,100.0,100.0,90.0,95.0,89.0,100.0,94.0,100.0,80.0,90.0,71.0,71.0,100.0,100.0,100.0,100.0,100.0,91.0,100.0,100.0,97.0,100.0,100.0,100.0,100.0,92.0,92.0,85.0,85.0,,,,,,,,,,,,,,,,,,,,,,,,,,,,,,,,,,,,,,,
2016,Pre-COVID (2010-2019),Sí,AMRO,Grenada,GRD,66.0,100.0,83.0,95.0,49.0,True,100.0,100.0,67.0,100.0,83.0,100.0,90.0,95.0,89.0,50.0,69.0,67.0,0.0,33.0,86.0,86.0,60.0,60.0,58.0,40.0,49.0,64.0,75.0,17.0,52.0,100.0,100.0,67.0,67.0,46.0,46.0,15.0,15.0,,,,,,,,,,,,,,,,,,,,,,,,,,,,,,,,,,,,,,,
2016,Pre-COVID (2010-2019),Sí,AMRO,Guatemala,GTM,55.0,50.0,53.0,55.0,29.0,True,50.0,50.0,67.0,40.0,53.0,60.0,50.0,55.0,67.0,88.0,77.0,50.0,20.0,35.0,43.0,43.0,80.0,80.0,58.0,0.0,29.0,45.0,25.0,17.0,29.0,100.0,100.0,60.0,60.0,54.0,54.0,54.0,54.0,,,,,,,,,,,,,,,,,,,,,,,,,,,,,,,,,,,,,,,
2016,Pre-COVID (2010-2019),No,AMRO,Guyana,GUY,,,,,,False,,,,,,,,,,,,,,,,,,,,,,,,,,,,,,,,,,,,,,,,,,,,,,,,,,,,,,,,,,,,,,,,,,,,,,,,
2016,Pre-COVID (2010-2019),Sí,AMRO,Haiti,HTI,56.0,,47.0,85.0,80.0,True,0.0,,33.0,60.0,47.0,100.0,70.0,85.0,78.0,50.0,64.0,67.0,80.0,73.0,71.0,71.0,40.0,40.0,100.0,60.0,80.0,27.0,0.0,0.0,9.0,100.0,100.0,40.0,40.0,69.0,69.0,54.0,54.0,,,,,,,,,,,,,,,,,,,,,,,,,,,,,,,,,,,,,,,
2016,Pre-COVID (2010-2019),Sí,AMRO,Honduras,HND,83.0,100.0,100.0,95.0,80.0,True,100.0,100.0,100.0,100.0,100.0,100.0,90.0,95.0,100.0,100.0,100.0,100.0,40.0,70.0,71.0,71.0,60.0,60.0,100.0,60.0,80.0,100.0,100.0,83.0,94.0,89.0,89.0,93.0,93.0,46.0,46.0,77.0,77.0,,,,,,,,,,,,,,,,,,,,,,,,,,,,,,,,,,,,,,,
2016,Pre-COVID (2010-2019),Sí,AMRO,Jamaica,JAM,83.0,50.0,100.0,90.0,96.0,True,50.0,50.0,100.0,100.0,100.0,100.0,80.0,90.0,100.0,100.0,100.0,83.0,100.0,92.0,71.0,71.0,60.0,60.0,92.0,100.0,96.0,82.0,100.0,83.0,88.0,78.0,78.0,87.0,87.0,77.0,77.0,85.0,85.0,,,,,,,,,,,,,,,,,,,,,,,,,,,,,,,,,,,,,,,
2016,Pre-COVID (2010-2019),Sí,AMRO,Mexico,MEX,97.0,100.0,70.0,95.0,100.0,True,100.0,100.0,100.0,40.0,70.0,100.0,90.0,95.0,89.0,100.0,94.0,100.0,100.0,100.0,100.0,100.0,100.0,100.0,100.0,100.0,100.0,100.0,100.0,100.0,100.0,100.0,100.0,100.0,100.0,100.0,100.0,100.0,100.0,,,,,,,,,,,,,,,,,,,,,,,,,,,,,,,,,,,,,,,
2016,Pre-COVID (2010-2019),Sí,AMRO,Nicaragua,NIC,88.0,75.0,83.0,100.0,86.0,True,75.0,75.0,67.0,100.0,83.0,100.0,100.0,100.0,100.0,75.0,88.0,100.0,100.0,100.0,100.0,100.0,100.0,100.0,92.0,80.0,86.0,82.0,50.0,0.0,44.0,100.0,100.0,80.0,80.0,92.0,92.0,100.0,100.0,,,,,,,,,,,,,,,,,,,,,,,,,,,,,,,,,,,,,,,
2016,Pre-COVID (2010-2019),Sí,AMRO,Panama,PAN,71.0,75.0,100.0,100.0,86.0,True,75.0,75.0,100.0,100.0,100.0,100.0,100.0,100.0,89.0,88.0,88.0,100.0,20.0,60.0,71.0,71.0,40.0,40.0,92.0,80.0,86.0,82.0,100.0,0.0,61.0,100.0,100.0,60.0,60.0,15.0,15.0,62.0,62.0,,,,,,,,,,,,,,,,,,,,,,,,,,,,,,,,,,,,,,,
2016,Pre-COVID (2010-2019),Sí,AMRO,Paraguay,PRY,79.0,100.0,100.0,85.0,76.0,True,100.0,100.0,100.0,100.0,100.0,100.0,70.0,85.0,78.0,100.0,89.0,67.0,20.0,43.0,100.0,100.0,60.0,60.0,92.0,60.0,76.0,100.0,100.0,100.0,100.0,89.0,89.0,67.0,67.0,38.0,38.0,77.0,77.0,,,,,,,,,,,,,,,,,,,,,,,,,,,,,,,,,,,,,,,
2016,Pre-COVID (2010-2019),Sí,AMRO,Peru,PER,70.0,25.0,80.0,90.0,90.0,True,25.0,25.0,100.0,60.0,80.0,100.0,80.0,90.0,56.0,100.0,78.0,83.0,40.0,62.0,57.0,57.0,100.0,100.0,100.0,80.0,90.0,82.0,0.0,0.0,27.0,100.0,100.0,67.0,67.0,31.0,31.0,100.0,100.0,,,,,,,,,,,,,,,,,,,,,,,,,,,,,,,,,,,,,,,
2016,Pre-COVID (2010-2019),No,AMRO,Saint Kitts and Nevis,KNA,,,,,,False,,,,,,,,,,,,,,,,,,,,,,,,,,,,,,,,,,,,,,,,,,,,,,,,,,,,,,,,,,,,,,,,,,,,,,,,
2016,Pre-COVID (2010-2019),Sí,AMRO,Saint Lucia,LCA,77.0,75.0,100.0,80.0,96.0,True,75.0,75.0,100.0,100.0,100.0,100.0,60.0,80.0,100.0,100.0,100.0,100.0,20.0,60.0,100.0,100.0,100.0,100.0,92.0,100.0,96.0,91.0,100.0,100.0,97.0,89.0,89.0,73.0,73.0,23.0,23.0,8.0,8.0,,,,,,,,,,,,,,,,,,,,,,,,,,,,,,,,,,,,,,,
2016,Pre-COVID (2010-2019),Sí,AMRO,Saint Vincent and the Grenadines,VCT,65.0,100.0,67.0,70.0,76.0,True,100.0,100.0,33.0,100.0,67.0,80.0,60.0,70.0,89.0,100.0,94.0,17.0,40.0,28.0,71.0,71.0,80.0,80.0,92.0,60.0,76.0,82.0,100.0,33.0,72.0,100.0,100.0,73.0,73.0,8.0,8.0,0.0,,,,,,,,,,,,,,,,,,,,,,,,,,,,,,,,,,,,,,,,
2016,Pre-COVID (2010-2019),Sí,AMRO,Suriname,SUR,72.0,50.0,83.0,90.0,86.0,True,50.0,50.0,67.0,100.0,83.0,100.0,80.0,90.0,100.0,100.0,100.0,100.0,100.0,100.0,71.0,71.0,40.0,40.0,92.0,80.0,86.0,91.0,75.0,67.0,78.0,78.0,78.0,93.0,93.0,62.0,62.0,0.0,,,,,,,,,,,,,,,,,,,,,,,,,,,,,,,,,,,,,,,,
2016,Pre-COVID (2010-2019),Sí,AMRO,Trinidad and Tobago,TTO,73.0,50.0,57.0,95.0,82.0,True,50.0,50.0,33.0,80.0,57.0,100.0,90.0,95.0,78.0,88.0,83.0,100.0,60.0,80.0,86.0,86.0,20.0,20.0,83.0,80.0,82.0,82.0,100.0,83.0,88.0,78.0,78.0,87.0,87.0,62.0,62.0,77.0,77.0,,,,,,,,,,,,,,,,,,,,,,,,,,,,,,,,,,,,,,,
2016,Pre-COVID (2010-2019),Sí,AMRO,United States of America,USA,96.0,100.0,100.0,100.0,60.0,True,100.0,100.0,100.0,100.0,100.0,100.0,100.0,100.0,100.0,100.0,100.0,100.0,100.0,100.0,100.0,100.0,100.0,100.0,100.0,20.0,60.0,100.0,100.0,100.0,100.0,100.0,100.0,93.0,93.0,100.0,100.0,100.0,100.0,,,,,,,,,,,,,,,,,,,,,,,,,,,,,,,,,,,,,,,
2016,Pre-COVID (2010-2019),Sí,AMRO,Uruguay,URY,82.0,100.0,100.0,95.0,60.0,True,100.0,100.0,100.0,100.0,100.0,100.0,90.0,95.0,78.0,100.0,89.0,100.0,80.0,90.0,71.0,71.0,40.0,40.0,100.0,20.0,60.0,91.0,100.0,83.0,91.0,100.0,100.0,100.0,100.0,69.0,69.0,62.0,62.0,,,,,,,,,,,,,,,,,,,,,,,,,,,,,,,,,,,,,,,
2016,Pre-COVID (2010-2019),Sí,AMRO,Venezuela (Bolivarian Republic of),VEN,94.0,100.0,90.0,95.0,90.0,True,100.0,100.0,100.0,80.0,90.0,100.0,90.0,95.0,100.0,100.0,100.0,100.0,100.0,100.0,86.0,86.0,100.0,100.0,100.0,80.0,90.0,82.0,100.0,100.0,94.0,100.0,100.0,87.0,87.0,100.0,100.0,85.0,85.0,,,,,,,,,,,,,,,,,,,,,,,,,,,,,,,,,,,,,,,
2016,Pre-COVID (2010-2019),Sí,EMRO,Afghanistan,AFG,42.0,,30.0,95.0,76.0,True,0.0,,0.0,60.0,30.0,100.0,90.0,95.0,100.0,75.0,88.0,17.0,40.0,28.0,57.0,57.0,40.0,40.0,92.0,60.0,76.0,36.0,0.0,0.0,12.0,33.0,33.0,7.0,7.0,31.0,31.0,54.0,54.0,,,,,,,,,,,,,,,,,,,,,,,,,,,,,,,,,,,,,,,
2016,Pre-COVID (2010-2019),No,EURO,Armenia,ARM,,,,,,False,,,,,,,,,,,,,,,,,,,,,,,,,,,,,,,,,,,,,,,,,,,,,,,,,,,,,,,,,,,,,,,,,,,,,,,,
2016,Pre-COVID (2010-2019),No,EURO,Azerbaijan,AZE,,,,,,False,,,,,,,,,,,,,,,,,,,,,,,,,,,,,,,,,,,,,,,,,,,,,,,,,,,,,,,,,,,,,,,,,,,,,,,,
2016,Pre-COVID (2010-2019),Sí,EMRO,Bahrain,BHR,96.0,100.0,100.0,100.0,100.0,True,100.0,100.0,100.0,100.0,100.0,100.0,100.0,100.0,100.0,100.0,100.0,100.0,80.0,90.0,100.0,100.0,100.0,100.0,100.0,100.0,100.0,82.0,100.0,100.0,94.0,67.0,67.0,100.0,100.0,92.0,92.0,100.0,100.0,,,,,,,,,,,,,,,,,,,,,,,,,,,,,,,,,,,,,,,
2016,Pre-COVID (2010-2019),Sí,SEARO,Bangladesh,BGD,76.0,100.0,100.0,100.0,96.0,True,100.0,100.0,100.0,100.0,100.0,100.0,100.0,100.0,100.0,38.0,69.0,100.0,40.0,70.0,57.0,57.0,100.0,100.0,92.0,100.0,96.0,91.0,75.0,0.0,55.0,89.0,89.0,93.0,93.0,8.0,8.0,46.0,46.0,,,,,,,,,,,,,,,,,,,,,,,,,,,,,,,,,,,,,,,
2016,Pre-COVID (2010-2019),Sí,SEARO,Bhutan,BTN,76.0,75.0,100.0,80.0,86.0,True,75.0,75.0,100.0,100.0,100.0,100.0,60.0,80.0,100.0,100.0,100.0,83.0,100.0,92.0,100.0,100.0,100.0,100.0,92.0,80.0,86.0,64.0,25.0,33.0,41.0,100.0,100.0,73.0,73.0,38.0,38.0,8.0,8.0,,,,,,,,,,,,,,,,,,,,,,,,,,,,,,,,,,,,,,,
2016,Pre-COVID (2010-2019),No,WPRO,Brunei Darussalam,BRN,,,,,,False,,,,,,,,,,,,,,,,,,,,,,,,,,,,,,,,,,,,,,,,,,,,,,,,,,,,,,,,,,,,,,,,,,,,,,,,
2016,Pre-COVID (2010-2019),Sí,WPRO,Cambodia,KHM,55.0,50.0,90.0,85.0,68.0,True,50.0,50.0,100.0,80.0,90.0,100.0,70.0,85.0,56.0,38.0,47.0,0.0,40.0,20.0,71.0,71.0,40.0,40.0,75.0,60.0,68.0,55.0,0.0,0.0,18.0,89.0,89.0,87.0,87.0,23.0,23.0,23.0,23.0,,,,,,,,,,,,,,,,,,,,,,,,,,,,,,,,,,,,,,,
2016,Pre-COVID (2010-2019),Sí,WPRO,China,CHN,98.0,100.0,100.0,100.0,100.0,True,100.0,100.0,100.0,100.0,100.0,100.0,100.0,100.0,100.0,100.0,100.0,100.0,100.0,100.0,100.0,100.0,80.0,80.0,100.0,100.0,100.0,100.0,100.0,100.0,100.0,100.0,100.0,100.0,100.0,100.0,100.0,100.0,100.0,,,,,,,,,,,,,,,,,,,,,,,,,,,,,,,,,,,,,,,
2016,Pre-COVID (2010-2019),Sí,EURO,Cyprus,CYP,93.0,100.0,100.0,100.0,63.0,True,100.0,100.0,100.0,100.0,100.0,100.0,100.0,100.0,100.0,100.0,100.0,100.0,100.0,100.0,100.0,100.0,60.0,60.0,67.0,60.0,63.0,91.0,100.0,67.0,86.0,100.0,100.0,100.0,100.0,100.0,100.0,100.0,100.0,,,,,,,,,,,,,,,,,,,,,,,,,,,,,,,,,,,,,,,
2016,Pre-COVID (2010-2019),Sí,SEARO,Democratic People's Republic of Korea,PRK,73.0,100.0,70.0,85.0,83.0,True,100.0,100.0,100.0,40.0,70.0,100.0,70.0,85.0,100.0,88.0,94.0,67.0,80.0,73.0,100.0,100.0,40.0,40.0,67.0,100.0,83.0,100.0,50.0,0.0,50.0,78.0,78.0,73.0,73.0,31.0,31.0,69.0,69.0,,,,,,,,,,,,,,,,,,,,,,,,,,,,,,,,,,,,,,,
2016,Pre-COVID (2010-2019),Sí,EURO,Georgia,GEO,82.0,100.0,100.0,95.0,100.0,True,100.0,100.0,100.0,100.0,100.0,100.0,90.0,95.0,78.0,62.0,70.0,100.0,60.0,80.0,71.0,71.0,60.0,60.0,100.0,100.0,100.0,82.0,100.0,100.0,94.0,100.0,100.0,60.0,60.0,77.0,77.0,54.0,54.0,,,,,,,,,,,,,,,,,,,,,,,,,,,,,,,,,,,,,,,
2016,Pre-COVID (2010-2019),Sí,SEARO,India,IND,98.0,100.0,100.0,100.0,100.0,True,100.0,100.0,100.0,100.0,100.0,100.0,100.0,100.0,89.0,100.0,94.0,100.0,100.0,100.0,100.0,100.0,100.0,100.0,100.0,100.0,100.0,100.0,100.0,67.0,89.0,100.0,100.0,93.0,93.0,100.0,100.0,100.0,100.0,,,,,,,,,,,,,,,,,,,,,,,,,,,,,,,,,,,,,,,
2016,Pre-COVID (2010-2019),Sí,WPRO,Indonesia,IDN,99.0,100.0,100.0,100.0,100.0,True,100.0,100.0,100.0,100.0,100.0,100.0,100.0,100.0,100.0,100.0,100.0,100.0,100.0,100.0,100.0,100.0,100.0,100.0,100.0,100.0,100.0,100.0,100.0,100.0,100.0,100.0,100.0,100.0,100.0,92.0,92.0,92.0,92.0,,,,,,,,,,,,,,,,,,,,,,,,,,,,,,,,,,,,,,,
2016,Pre-COVID (2010-2019),No,EMRO,Iran (Islamic Republic of),IRN,,,,,,False,,,,,,,,,,,,,,,,,,,,,,,,,,,,,,,,,,,,,,,,,,,,,,,,,,,,,,,,,,,,,,,,,,,,,,,,
2016,Pre-COVID (2010-2019),No,EMRO,Iraq,IRQ,,,,,,False,,,,,,,,,,,,,,,,,,,,,,,,,,,,,,,,,,,,,,,,,,,,,,,,,,,,,,,,,,,,,,,,,,,,,,,,
2016,Pre-COVID (2010-2019),Sí,EURO,Israel,ISR,71.0,,70.0,50.0,50.0,True,0.0,,100.0,40.0,70.0,100.0,0.0,50.0,100.0,88.0,94.0,100.0,100.0,100.0,100.0,100.0,0.0,,100.0,0.0,50.0,64.0,50.0,100.0,71.0,89.0,89.0,100.0,100.0,100.0,100.0,100.0,100.0,,,,,,,,,,,,,,,,,,,,,,,,,,,,,,,,,,,,,,,
2016,Pre-COVID (2010-2019),Sí,WPRO,Japan,JPN,100.0,100.0,100.0,100.0,100.0,True,100.0,100.0,100.0,100.0,100.0,100.0,100.0,100.0,100.0,100.0,100.0,100.0,100.0,100.0,100.0,100.0,100.0,100.0,100.0,100.0,100.0,100.0,100.0,83.0,94.0,100.0,100.0,100.0,100.0,100.0,100.0,100.0,100.0,,,,,,,,,,,,,,,,,,,,,,,,,,,,,,,,,,,,,,,
2016,Pre-COVID (2010-2019),Sí,EMRO,Jordan,JOR,72.0,75.0,90.0,80.0,88.0,True,75.0,75.0,100.0,80.0,90.0,100.0,60.0,80.0,78.0,88.0,83.0,50.0,60.0,55.0,100.0,100.0,80.0,80.0,75.0,100.0,88.0,64.0,100.0,100.0,88.0,89.0,89.0,67.0,67.0,46.0,46.0,0.0,,,,,,,,,,,,,,,,,,,,,,,,,,,,,,,,,,,,,,,,
2016,Pre-COVID (2010-2019),No,EURO,Kazakhstan,KAZ,,,,,,False,,,,,,,,,,,,,,,,,,,,,,,,,,,,,,,,,,,,,,,,,,,,,,,,,,,,,,,,,,,,,,,,,,,,,,,,
2016,Pre-COVID (2010-2019),Sí,EMRO,Kuwait,KWT,85.0,100.0,100.0,60.0,100.0,True,100.0,100.0,100.0,100.0,100.0,80.0,40.0,60.0,100.0,100.0,100.0,100.0,100.0,100.0,100.0,100.0,60.0,60.0,100.0,100.0,100.0,73.0,100.0,100.0,91.0,100.0,100.0,100.0,100.0,0.0,,92.0,92.0,,,,,,,,,,,,,,,,,,,,,,,,,,,,,,,,,,,,,,,
2016,Pre-COVID (2010-2019),No,EURO,Kyrgyzstan,KGZ,,,,,,False,,,,,,,,,,,,,,,,,,,,,,,,,,,,,,,,,,,,,,,,,,,,,,,,,,,,,,,,,,,,,,,,,,,,,,,,
2016,Pre-COVID (2010-2019),Sí,WPRO,Lao People's Democratic Republic,LAO,75.0,100.0,67.0,90.0,86.0,True,100.0,100.0,33.0,100.0,67.0,100.0,80.0,90.0,100.0,75.0,88.0,100.0,100.0,100.0,86.0,86.0,100.0,100.0,92.0,80.0,86.0,36.0,25.0,17.0,26.0,89.0,89.0,80.0,80.0,54.0,54.0,15.0,15.0,,,,,,,,,,,,,,,,,,,,,,,,,,,,,,,,,,,,,,,
2016,Pre-COVID (2010-2019),No,EMRO,Lebanon,LBN,,,,,,False,,,,,,,,,,,,,,,,,,,,,,,,,,,,,,,,,,,,,,,,,,,,,,,,,,,,,,,,,,,,,,,,,,,,,,,,
2016,Pre-COVID (2010-2019),Sí,WPRO,Malaysia,MYS,100.0,100.0,100.0,100.0,100.0,True,100.0,100.0,100.0,100.0,100.0,100.0,100.0,100.0,100.0,100.0,100.0,100.0,100.0,100.0,100.0,100.0,100.0,100.0,100.0,100.0,100.0,100.0,100.0,100.0,100.0,100.0,100.0,100.0,100.0,100.0,100.0,100.0,100.0,,,,,,,,,,,,,,,,,,,,,,,,,,,,,,,,,,,,,,,
2016,Pre-COVID (2010-2019),Sí,SEARO,Maldives,MDV,61.0,50.0,100.0,85.0,92.0,True,50.0,50.0,100.0,100.0,100.0,100.0,70.0,85.0,89.0,75.0,82.0,67.0,40.0,53.0,71.0,71.0,40.0,40.0,83.0,100.0,92.0,82.0,25.0,17.0,41.0,67.0,67.0,67.0,67.0,31.0,31.0,8.0,8.0,,,,,,,,,,,,,,,,,,,,,,,,,,,,,,,,,,,,,,,
2016,Pre-COVID (2010-2019),No,WPRO,Mongolia,MNG,,,,,,False,,,,,,,,,,,,,,,,,,,,,,,,,,,,,,,,,,,,,,,,,,,,,,,,,,,,,,,,,,,,,,,,,,,,,,,,
2016,Pre-COVID (2010-2019),Sí,SEARO,Myanmar,MMR,84.0,100.0,90.0,100.0,70.0,True,100.0,100.0,100.0,80.0,90.0,100.0,100.0,100.0,100.0,88.0,94.0,100.0,80.0,90.0,100.0,100.0,100.0,100.0,100.0,40.0,70.0,91.0,100.0,100.0,97.0,100.0,100.0,100.0,100.0,38.0,38.0,8.0,8.0,,,,,,,,,,,,,,,,,,,,,,,,,,,,,,,,,,,,,,,
2016,Pre-COVID (2010-2019),Sí,SEARO,Nepal,NPL,72.0,100.0,100.0,95.0,100.0,True,100.0,100.0,100.0,100.0,100.0,100.0,90.0,95.0,100.0,88.0,94.0,100.0,60.0,80.0,86.0,86.0,80.0,80.0,100.0,100.0,100.0,82.0,0.0,0.0,27.0,100.0,100.0,53.0,53.0,8.0,8.0,8.0,8.0,,,,,,,,,,,,,,,,,,,,,,,,,,,,,,,,,,,,,,,
2016,Pre-COVID (2010-2019),Sí,EMRO,Oman,OMN,95.0,100.0,100.0,100.0,100.0,True,100.0,100.0,100.0,100.0,100.0,100.0,100.0,100.0,100.0,100.0,100.0,100.0,100.0,100.0,100.0,100.0,100.0,100.0,100.0,100.0,100.0,91.0,100.0,67.0,86.0,100.0,100.0,100.0,100.0,92.0,92.0,54.0,54.0,,,,,,,,,,,,,,,,,,,,,,,,,,,,,,,,,,,,,,,
2016,Pre-COVID (2010-2019),Sí,EMRO,Pakistan,PAK,53.0,75.0,100.0,70.0,58.0,True,75.0,75.0,100.0,100.0,100.0,80.0,60.0,70.0,89.0,0.0,44.0,33.0,0.0,17.0,29.0,29.0,60.0,60.0,75.0,40.0,58.0,27.0,0.0,0.0,53.0,56.0,56.0,53.0,53.0,23.0,23.0,46.0,46.0,,,,,,,,,,,,,,,,,,,,,,,,,,,,,,,,,,,,,,,
2016,Pre-COVID (2010-2019),Sí,WPRO,Philippines,PHL,87.0,100.0,90.0,95.0,100.0,True,100.0,100.0,100.0,80.0,90.0,100.0,90.0,95.0,100.0,100.0,100.0,100.0,80.0,90.0,100.0,100.0,100.0,100.0,100.0,100.0,100.0,64.0,25.0,0.0,30.0,89.0,89.0,80.0,80.0,77.0,77.0,77.0,77.0,,,,,,,,,,,,,,,,,,,,,,,,,,,,,,,,,,,,,,,
2016,Pre-COVID (2010-2019),No,EMRO,Qatar,QAT,,,,,,False,,,,,,,,,,,,,,,,,,,,,,,,,,,,,,,,,,,,,,,,,,,,,,,,,,,,,,,,,,,,,,,,,,,,,,,,
2016,Pre-COVID (2010-2019),No,WPRO,Republic of Korea,KOR,,,,,,False,,,,,,,,,,,,,,,,,,,,,,,,,,,,,,,,,,,,,,,,,,,,,,,,,,,,,,,,,,,,,,,,,,,,,,,,
2016,Pre-COVID (2010-2019),Sí,EMRO,Saudi Arabia,SAU,97.0,100.0,100.0,100.0,100.0,True,100.0,100.0,100.0,100.0,100.0,100.0,100.0,100.0,100.0,100.0,100.0,100.0,100.0,100.0,100.0,100.0,100.0,100.0,100.0,100.0,100.0,100.0,100.0,100.0,100.0,100.0,100.0,73.0,73.0,100.0,100.0,92.0,92.0,,,,,,,,,,,,,,,,,,,,,,,,,,,,,,,,,,,,,,,
2016,Pre-COVID (2010-2019),Sí,WPRO,Singapore,SGP,99.0,100.0,100.0,100.0,100.0,True,100.0,100.0,100.0,100.0,100.0,100.0,100.0,100.0,100.0,100.0,100.0,100.0,100.0,100.0,100.0,100.0,100.0,100.0,100.0,100.0,100.0,100.0,100.0,100.0,100.0,100.0,100.0,100.0,100.0,100.0,100.0,92.0,92.0,,,,,,,,,,,,,,,,,,,,,,,,,,,,,,,,,,,,,,,
2016,Pre-COVID (2010-2019),Sí,SEARO,Sri Lanka,LKA,79.0,100.0,100.0,95.0,86.0,True,100.0,100.0,100.0,100.0,100.0,100.0,90.0,95.0,89.0,100.0,94.0,83.0,40.0,62.0,86.0,86.0,60.0,60.0,92.0,80.0,86.0,91.0,75.0,33.0,66.0,100.0,100.0,80.0,80.0,46.0,46.0,54.0,54.0,,,,,,,,,,,,,,,,,,,,,,,,,,,,,,,,,,,,,,,
2016,Pre-COVID (2010-2019),No,EMRO,Syrian Arab Republic,SYR,,,,,,False,,,,,,,,,,,,,,,,,,,,,,,,,,,,,,,,,,,,,,,,,,,,,,,,,,,,,,,,,,,,,,,,,,,,,,,,
2016,Pre-COVID (2010-2019),No,EURO,Tajikistan,TJK,,,,,,False,,,,,,,,,,,,,,,,,,,,,,,,,,,,,,,,,,,,,,,,,,,,,,,,,,,,,,,,,,,,,,,,,,,,,,,,
2016,Pre-COVID (2010-2019),Sí,SEARO,Thailand,THA,98.0,100.0,90.0,85.0,100.0,True,100.0,100.0,100.0,80.0,90.0,100.0,70.0,85.0,100.0,100.0,100.0,100.0,100.0,100.0,100.0,100.0,100.0,100.0,100.0,100.0,100.0,91.0,100.0,100.0,97.0,100.0,100.0,100.0,100.0,100.0,100.0,100.0,100.0,,,,,,,,,,,,,,,,,,,,,,,,,,,,,,,,,,,,,,,
2016,Pre-COVID (2010-2019),Sí,SEARO,Timor-Leste,TLS,66.0,75.0,70.0,90.0,100.0,True,75.0,75.0,100.0,40.0,70.0,100.0,80.0,90.0,78.0,62.0,70.0,100.0,60.0,80.0,100.0,100.0,40.0,40.0,100.0,100.0,100.0,55.0,25.0,0.0,27.0,78.0,78.0,73.0,73.0,54.0,54.0,0.0,,,,,,,,,,,,,,,,,,,,,,,,,,,,,,,,,,,,,,,,
2016,Pre-COVID (2010-2019),Sí,EURO,Türkiye,TUR,88.0,75.0,100.0,65.0,100.0,True,75.0,75.0,100.0,100.0,100.0,40.0,90.0,65.0,100.0,100.0,100.0,100.0,60.0,80.0,86.0,86.0,100.0,100.0,100.0,100.0,100.0,91.0,100.0,100.0,97.0,89.0,89.0,93.0,93.0,54.0,54.0,100.0,100.0,,,,,,,,,,,,,,,,,,,,,,,,,,,,,,,,,,,,,,,
2016,Pre-COVID (2010-2019),No,EURO,Turkmenistan,TKM,,,,,,False,,,,,,,,,,,,,,,,,,,,,,,,,,,,,,,,,,,,,,,,,,,,,,,,,,,,,,,,,,,,,,,,,,,,,,,,
2016,Pre-COVID (2010-2019),Sí,EMRO,United Arab Emirates,ARE,91.0,100.0,100.0,80.0,100.0,True,100.0,100.0,100.0,100.0,100.0,100.0,60.0,80.0,100.0,100.0,100.0,100.0,100.0,100.0,100.0,100.0,80.0,80.0,100.0,100.0,100.0,73.0,0.0,0.0,24.0,100.0,100.0,100.0,100.0,100.0,100.0,100.0,100.0,,,,,,,,,,,,,,,,,,,,,,,,,,,,,,,,,,,,,,,
2016,Pre-COVID (2010-2019),No,EURO,Uzbekistan,UZB,,,,,,False,,,,,,,,,,,,,,,,,,,,,,,,,,,,,,,,,,,,,,,,,,,,,,,,,,,,,,,,,,,,,,,,,,,,,,,,
2016,Pre-COVID (2010-2019),Sí,WPRO,Viet Nam,VNM,99.0,100.0,100.0,100.0,100.0,True,100.0,100.0,100.0,100.0,100.0,100.0,100.0,100.0,100.0,88.0,94.0,100.0,100.0,100.0,100.0,100.0,100.0,100.0,100.0,100.0,100.0,100.0,100.0,100.0,100.0,100.0,100.0,100.0,100.0,92.0,92.0,100.0,100.0,,,,,,,,,,,,,,,,,,,,,,,,,,,,,,,,,,,,,,,
2016,Pre-COVID (2010-2019),No,EMRO,Yemen,YEM,,,,,,False,,,,,,,,,,,,,,,,,,,,,,,,,,,,,,,,,,,,,,,,,,,,,,,,,,,,,,,,,,,,,,,,,,,,,,,,
2016,Pre-COVID (2010-2019),No,EURO,Albania,ALB,,,,,,False,,,,,,,,,,,,,,,,,,,,,,,,,,,,,,,,,,,,,,,,,,,,,,,,,,,,,,,,,,,,,,,,,,,,,,,,
2016,Pre-COVID (2010-2019),Sí,EURO,Andorra,AND,29.0,75.0,30.0,70.0,25.0,True,75.0,75.0,0.0,60.0,30.0,100.0,40.0,70.0,0.0,88.0,44.0,17.0,0.0,8.0,14.0,14.0,0.0,,50.0,0.0,25.0,0.0,0.0,0.0,,44.0,44.0,67.0,67.0,0.0,,0.0,,,,,,,,,,,,,,,,,,,,,,,,,,,,,,,,,,,,,,,,
2016,Pre-COVID (2010-2019),Sí,EURO,Austria,AUT,87.0,75.0,90.0,100.0,100.0,True,75.0,75.0,100.0,80.0,90.0,100.0,100.0,100.0,89.0,100.0,94.0,83.0,100.0,92.0,100.0,100.0,100.0,100.0,100.0,100.0,100.0,45.0,0.0,0.0,15.0,100.0,100.0,100.0,100.0,77.0,77.0,92.0,92.0,,,,,,,,,,,,,,,,,,,,,,,,,,,,,,,,,,,,,,,
2016,Pre-COVID (2010-2019),No,EURO,Belarus,BLR,,,,,,False,,,,,,,,,,,,,,,,,,,,,,,,,,,,,,,,,,,,,,,,,,,,,,,,,,,,,,,,,,,,,,,,,,,,,,,,
2016,Pre-COVID (2010-2019),Sí,EURO,Belgium,BEL,82.0,100.0,63.0,85.0,92.0,True,100.0,100.0,67.0,60.0,63.0,100.0,70.0,85.0,44.0,100.0,72.0,33.0,60.0,47.0,100.0,100.0,60.0,60.0,83.0,100.0,92.0,82.0,75.0,50.0,69.0,89.0,89.0,100.0,100.0,92.0,92.0,100.0,100.0,,,,,,,,,,,,,,,,,,,,,,,,,,,,,,,,,,,,,,,
2016,Pre-COVID (2010-2019),Sí,EURO,Bosnia and Herzegovina,BIH,57.0,100.0,30.0,75.0,62.0,True,100.0,100.0,0.0,60.0,30.0,80.0,70.0,75.0,56.0,88.0,72.0,50.0,60.0,55.0,71.0,71.0,20.0,20.0,83.0,40.0,62.0,0.0,0.0,0.0,,44.0,44.0,100.0,100.0,46.0,46.0,62.0,62.0,,,,,,,,,,,,,,,,,,,,,,,,,,,,,,,,,,,,,,,
2016,Pre-COVID (2010-2019),No,EURO,Bulgaria,BGR,,,,,,False,,,,,,,,,,,,,,,,,,,,,,,,,,,,,,,,,,,,,,,,,,,,,,,,,,,,,,,,,,,,,,,,,,,,,,,,
2016,Pre-COVID (2010-2019),Sí,EURO,Croatia,HRV,71.0,50.0,37.0,75.0,76.0,True,50.0,50.0,33.0,40.0,37.0,80.0,70.0,75.0,67.0,100.0,83.0,100.0,80.0,90.0,43.0,43.0,40.0,40.0,92.0,60.0,76.0,73.0,100.0,100.0,91.0,100.0,100.0,87.0,87.0,85.0,85.0,62.0,62.0,,,,,,,,,,,,,,,,,,,,,,,,,,,,,,,,,,,,,,,
2016,Pre-COVID (2010-2019),No,EURO,Czech Republic,CZE,,,,,,False,,,,,,,,,,,,,,,,,,,,,,,,,,,,,,,,,,,,,,,,,,,,,,,,,,,,,,,,,,,,,,,,,,,,,,,,
2016,Pre-COVID (2010-2019),Sí,EURO,Denmark,DNK,89.0,100.0,100.0,80.0,92.0,True,100.0,100.0,100.0,100.0,100.0,100.0,60.0,80.0,100.0,100.0,100.0,100.0,100.0,100.0,100.0,100.0,0.0,,83.0,100.0,92.0,91.0,100.0,100.0,97.0,100.0,100.0,100.0,100.0,92.0,92.0,92.0,92.0,,,,,,,,,,,,,,,,,,,,,,,,,,,,,,,,,,,,,,,
2016,Pre-COVID (2010-2019),Sí,EURO,Estonia,EST,71.0,25.0,63.0,95.0,82.0,True,25.0,25.0,67.0,60.0,63.0,100.0,90.0,95.0,78.0,62.0,70.0,83.0,80.0,82.0,86.0,86.0,40.0,40.0,83.0,80.0,82.0,45.0,0.0,0.0,15.0,100.0,100.0,100.0,100.0,77.0,77.0,92.0,92.0,,,,,,,,,,,,,,,,,,,,,,,,,,,,,,,,,,,,,,,
2016,Pre-COVID (2010-2019),No,EURO,Finland,FIN,,,,,,False,,,,,,,,,,,,,,,,,,,,,,,,,,,,,,,,,,,,,,,,,,,,,,,,,,,,,,,,,,,,,,,,,,,,,,,,
2016,Pre-COVID (2010-2019),Sí,EURO,France,FRA,89.0,100.0,100.0,95.0,100.0,True,100.0,100.0,100.0,100.0,100.0,100.0,90.0,95.0,100.0,100.0,100.0,100.0,60.0,80.0,100.0,100.0,60.0,60.0,100.0,100.0,100.0,82.0,0.0,0.0,27.0,100.0,100.0,100.0,100.0,100.0,100.0,100.0,100.0,,,,,,,,,,,,,,,,,,,,,,,,,,,,,,,,,,,,,,,
2016,Pre-COVID (2010-2019),No,EURO,Germany,DEU,,,,,,False,,,,,,,,,,,,,,,,,,,,,,,,,,,,,,,,,,,,,,,,,,,,,,,,,,,,,,,,,,,,,,,,,,,,,,,,
2016,Pre-COVID (2010-2019),No,EURO,Greece,GRC,,,,,,False,,,,,,,,,,,,,,,,,,,,,,,,,,,,,,,,,,,,,,,,,,,,,,,,,,,,,,,,,,,,,,,,,,,,,,,,
2016,Pre-COVID (2010-2019),Sí,EURO,Holy See,VAT,16.0,,10.0,5.0,8.0,True,0.0,,0.0,20.0,10.0,0.0,10.0,5.0,33.0,38.0,35.0,67.0,100.0,83.0,29.0,29.0,0.0,,17.0,0.0,8.0,0.0,0.0,0.0,,0.0,,20.0,20.0,0.0,,15.0,15.0,,,,,,,,,,,,,,,,,,,,,,,,,,,,,,,,,,,,,,,
2016,Pre-COVID (2010-2019),Sí,EURO,Hungary,HUN,85.0,100.0,100.0,95.0,100.0,True,100.0,100.0,100.0,100.0,100.0,100.0,90.0,95.0,78.0,100.0,89.0,83.0,100.0,92.0,86.0,86.0,40.0,40.0,100.0,100.0,100.0,45.0,0.0,0.0,15.0,100.0,100.0,100.0,100.0,92.0,92.0,100.0,100.0,,,,,,,,,,,,,,,,,,,,,,,,,,,,,,,,,,,,,,,
2016,Pre-COVID (2010-2019),Sí,EURO,Iceland,ISL,72.0,100.0,80.0,65.0,53.0,True,100.0,100.0,100.0,60.0,80.0,60.0,70.0,65.0,67.0,75.0,71.0,100.0,100.0,100.0,86.0,86.0,60.0,60.0,67.0,40.0,53.0,73.0,75.0,50.0,66.0,78.0,78.0,80.0,80.0,54.0,54.0,46.0,46.0,,,,,,,,,,,,,,,,,,,,,,,,,,,,,,,,,,,,,,,
2016,Pre-COVID (2010-2019),No,EURO,Ireland,IRL,,,,,,False,,,,,,,,,,,,,,,,,,,,,,,,,,,,,,,,,,,,,,,,,,,,,,,,,,,,,,,,,,,,,,,,,,,,,,,,
2016,Pre-COVID (2010-2019),Sí,EURO,Italy,ITA,90.0,100.0,67.0,95.0,96.0,True,100.0,100.0,33.0,100.0,67.0,100.0,90.0,95.0,100.0,100.0,100.0,67.0,80.0,73.0,100.0,100.0,60.0,60.0,92.0,100.0,96.0,73.0,100.0,100.0,91.0,100.0,100.0,100.0,100.0,100.0,100.0,92.0,92.0,,,,,,,,,,,,,,,,,,,,,,,,,,,,,,,,,,,,,,,
2016,Pre-COVID (2010-2019),Sí,EURO,Latvia,LVA,91.0,100.0,83.0,90.0,92.0,True,100.0,100.0,67.0,100.0,83.0,100.0,80.0,90.0,89.0,88.0,88.0,83.0,100.0,92.0,86.0,86.0,60.0,60.0,83.0,100.0,92.0,91.0,100.0,100.0,97.0,100.0,100.0,100.0,100.0,92.0,92.0,100.0,100.0,,,,,,,,,,,,,,,,,,,,,,,,,,,,,,,,,,,,,,,
2016,Pre-COVID (2010-2019),Sí,EURO,Liechtenstein,LIE,76.0,100.0,90.0,95.0,86.0,True,100.0,100.0,100.0,80.0,90.0,100.0,90.0,95.0,78.0,100.0,89.0,67.0,100.0,83.0,71.0,71.0,0.0,,92.0,80.0,86.0,0.0,0.0,0.0,,100.0,100.0,93.0,93.0,92.0,92.0,85.0,85.0,,,,,,,,,,,,,,,,,,,,,,,,,,,,,,,,,,,,,,,
2016,Pre-COVID (2010-2019),Sí,EURO,Lithuania,LTU,82.0,100.0,83.0,90.0,82.0,True,100.0,100.0,67.0,100.0,83.0,100.0,80.0,90.0,67.0,75.0,71.0,67.0,60.0,63.0,86.0,86.0,0.0,,83.0,80.0,82.0,91.0,100.0,100.0,97.0,100.0,100.0,100.0,100.0,92.0,92.0,100.0,100.0,,,,,,,,,,,,,,,,,,,,,,,,,,,,,,,,,,,,,,,
2016,Pre-COVID (2010-2019),Sí,EURO,Luxembourg,LUX,88.0,100.0,90.0,75.0,96.0,True,100.0,100.0,100.0,80.0,90.0,60.0,90.0,75.0,100.0,100.0,100.0,100.0,80.0,90.0,100.0,100.0,40.0,40.0,92.0,100.0,96.0,82.0,100.0,100.0,94.0,100.0,100.0,80.0,80.0,85.0,85.0,100.0,100.0,,,,,,,,,,,,,,,,,,,,,,,,,,,,,,,,,,,,,,,
2016,Pre-COVID (2010-2019),Sí,EURO,Malta,MLT,79.0,100.0,100.0,100.0,78.0,True,100.0,100.0,100.0,100.0,100.0,100.0,100.0,100.0,89.0,100.0,94.0,0.0,100.0,50.0,100.0,100.0,0.0,,75.0,80.0,78.0,100.0,75.0,100.0,92.0,100.0,100.0,100.0,100.0,38.0,38.0,69.0,69.0,,,,,,,,,,,,,,,,,,,,,,,,,,,,,,,,,,,,,,,
2016,Pre-COVID (2010-2019),Sí,EURO,Monaco,MCO,79.0,100.0,100.0,80.0,73.0,True,100.0,100.0,100.0,100.0,100.0,80.0,80.0,80.0,78.0,75.0,76.0,83.0,100.0,92.0,29.0,29.0,60.0,60.0,67.0,80.0,73.0,91.0,100.0,100.0,97.0,78.0,78.0,100.0,100.0,54.0,54.0,92.0,92.0,,,,,,,,,,,,,,,,,,,,,,,,,,,,,,,,,,,,,,,
2016,Pre-COVID (2010-2019),Sí,EURO,Montenegro,MNE,56.0,25.0,83.0,80.0,78.0,True,25.0,25.0,67.0,100.0,83.0,100.0,60.0,80.0,56.0,75.0,65.0,50.0,80.0,65.0,86.0,86.0,20.0,20.0,75.0,80.0,78.0,27.0,0.0,0.0,9.0,56.0,56.0,67.0,67.0,31.0,31.0,62.0,62.0,,,,,,,,,,,,,,,,,,,,,,,,,,,,,,,,,,,,,,,
2016,Pre-COVID (2010-2019),Sí,EURO,Netherlands (Kingdom of the),NLD,94.0,100.0,100.0,100.0,96.0,True,100.0,100.0,100.0,100.0,100.0,100.0,100.0,100.0,100.0,100.0,100.0,100.0,80.0,90.0,100.0,100.0,60.0,60.0,92.0,100.0,96.0,91.0,75.0,100.0,89.0,100.0,100.0,100.0,100.0,100.0,100.0,92.0,92.0,,,,,,,,,,,,,,,,,,,,,,,,,,,,,,,,,,,,,,,
2016,Pre-COVID (2010-2019),Sí,EURO,North Macedonia,MKD,90.0,100.0,100.0,90.0,68.0,True,100.0,100.0,100.0,100.0,100.0,80.0,100.0,90.0,100.0,100.0,100.0,100.0,80.0,90.0,100.0,100.0,60.0,60.0,75.0,60.0,68.0,100.0,100.0,100.0,100.0,100.0,100.0,100.0,100.0,85.0,85.0,77.0,77.0,,,,,,,,,,,,,,,,,,,,,,,,,,,,,,,,,,,,,,,
2016,Pre-COVID (2010-2019),Sí,EURO,Norway,NOR,98.0,100.0,100.0,100.0,100.0,True,100.0,100.0,100.0,100.0,100.0,100.0,100.0,100.0,100.0,100.0,100.0,100.0,100.0,100.0,100.0,100.0,100.0,100.0,100.0,100.0,100.0,100.0,100.0,100.0,100.0,100.0,100.0,100.0,100.0,85.0,85.0,92.0,92.0,,,,,,,,,,,,,,,,,,,,,,,,,,,,,,,,,,,,,,,
2016,Pre-COVID (2010-2019),Sí,EURO,Poland,POL,74.0,50.0,100.0,95.0,100.0,True,50.0,50.0,100.0,100.0,100.0,100.0,90.0,95.0,100.0,88.0,94.0,83.0,80.0,82.0,43.0,43.0,0.0,,100.0,100.0,100.0,82.0,100.0,67.0,83.0,78.0,78.0,73.0,73.0,62.0,62.0,100.0,100.0,,,,,,,,,,,,,,,,,,,,,,,,,,,,,,,,,,,,,,,
2016,Pre-COVID (2010-2019),Sí,EURO,Portugal,PRT,93.0,100.0,100.0,95.0,96.0,True,100.0,100.0,100.0,100.0,100.0,100.0,90.0,95.0,100.0,75.0,88.0,100.0,100.0,100.0,100.0,100.0,60.0,60.0,92.0,100.0,96.0,91.0,100.0,50.0,80.0,100.0,100.0,100.0,100.0,85.0,85.0,100.0,100.0,,,,,,,,,,,,,,,,,,,,,,,,,,,,,,,,,,,,,,,
2016,Pre-COVID (2010-2019),Sí,EURO,Republic of Moldova,MDA,81.0,100.0,100.0,95.0,96.0,True,100.0,100.0,100.0,100.0,100.0,100.0,90.0,95.0,100.0,88.0,94.0,67.0,40.0,53.0,57.0,57.0,0.0,,92.0,100.0,96.0,82.0,75.0,50.0,69.0,100.0,100.0,100.0,100.0,92.0,92.0,92.0,92.0,,,,,,,,,,,,,,,,,,,,,,,,,,,,,,,,,,,,,,,
2016,Pre-COVID (2010-2019),Sí,EURO,Romania,ROU,77.0,75.0,83.0,80.0,76.0,True,75.0,75.0,67.0,100.0,83.0,100.0,60.0,80.0,89.0,75.0,82.0,83.0,80.0,82.0,71.0,71.0,40.0,40.0,92.0,60.0,76.0,64.0,75.0,33.0,57.0,89.0,89.0,93.0,93.0,77.0,77.0,100.0,100.0,,,,,,,,,,,,,,,,,,,,,,,,,,,,,,,,,,,,,,,
2016,Pre-COVID (2010-2019),Sí,EURO,Russian Federation,RUS,98.0,100.0,100.0,95.0,100.0,True,100.0,100.0,100.0,100.0,100.0,100.0,90.0,95.0,89.0,100.0,94.0,100.0,100.0,100.0,100.0,100.0,100.0,100.0,100.0,100.0,100.0,91.0,100.0,83.0,91.0,100.0,100.0,100.0,100.0,100.0,100.0,100.0,100.0,,,,,,,,,,,,,,,,,,,,,,,,,,,,,,,,,,,,,,,
2016,Pre-COVID (2010-2019),No,EURO,San Marino,SMR,,,,,,False,,,,,,,,,,,,,,,,,,,,,,,,,,,,,,,,,,,,,,,,,,,,,,,,,,,,,,,,,,,,,,,,,,,,,,,,
2016,Pre-COVID (2010-2019),Sí,EURO,Serbia,SRB,37.0,25.0,20.0,30.0,55.0,True,25.0,25.0,0.0,40.0,20.0,20.0,40.0,30.0,67.0,62.0,65.0,50.0,40.0,45.0,43.0,43.0,0.0,,50.0,60.0,55.0,0.0,0.0,0.0,,100.0,100.0,40.0,40.0,23.0,23.0,38.0,38.0,,,,,,,,,,,,,,,,,,,,,,,,,,,,,,,,,,,,,,,
2016,Pre-COVID (2010-2019),Sí,EURO,Slovakia,SVK,95.0,100.0,100.0,100.0,100.0,True,100.0,100.0,100.0,100.0,100.0,100.0,100.0,100.0,100.0,100.0,100.0,100.0,100.0,100.0,57.0,57.0,100.0,100.0,100.0,100.0,100.0,91.0,100.0,83.0,91.0,100.0,100.0,100.0,100.0,100.0,100.0,85.0,85.0,,,,,,,,,,,,,,,,,,,,,,,,,,,,,,,,,,,,,,,
2016,Pre-COVID (2010-2019),Sí,EURO,Slovenia,SVN,74.0,100.0,73.0,80.0,88.0,True,100.0,100.0,67.0,80.0,73.0,100.0,60.0,80.0,44.0,100.0,72.0,50.0,100.0,75.0,57.0,57.0,20.0,20.0,75.0,100.0,88.0,73.0,75.0,83.0,77.0,78.0,78.0,100.0,100.0,69.0,69.0,77.0,77.0,,,,,,,,,,,,,,,,,,,,,,,,,,,,,,,,,,,,,,,
2016,Pre-COVID (2010-2019),Sí,EURO,Spain,ESP,95.0,100.0,100.0,100.0,100.0,True,100.0,100.0,100.0,100.0,100.0,100.0,100.0,100.0,89.0,100.0,94.0,100.0,100.0,100.0,86.0,86.0,80.0,80.0,100.0,100.0,100.0,91.0,75.0,67.0,78.0,100.0,100.0,100.0,100.0,92.0,92.0,100.0,100.0,,,,,,,,,,,,,,,,,,,,,,,,,,,,,,,,,,,,,,,
2016,Pre-COVID (2010-2019),Sí,EURO,Sweden,SWE,93.0,100.0,73.0,95.0,96.0,True,100.0,100.0,67.0,80.0,73.0,100.0,90.0,95.0,89.0,100.0,94.0,67.0,100.0,83.0,100.0,100.0,100.0,100.0,92.0,100.0,96.0,73.0,100.0,83.0,85.0,100.0,100.0,93.0,93.0,92.0,92.0,92.0,92.0,,,,,,,,,,,,,,,,,,,,,,,,,,,,,,,,,,,,,,,
2016,Pre-COVID (2010-2019),Sí,EURO,Switzerland,CHE,92.0,100.0,100.0,95.0,100.0,True,100.0,100.0,100.0,100.0,100.0,100.0,90.0,95.0,100.0,100.0,100.0,100.0,100.0,100.0,86.0,86.0,20.0,20.0,100.0,100.0,100.0,73.0,100.0,100.0,91.0,100.0,100.0,100.0,100.0,100.0,100.0,100.0,100.0,,,,,,,,,,,,,,,,,,,,,,,,,,,,,,,,,,,,,,,
2016,Pre-COVID (2010-2019),No,EURO,Ukraine,UKR,,,,,,False,,,,,,,,,,,,,,,,,,,,,,,,,,,,,,,,,,,,,,,,,,,,,,,,,,,,,,,,,,,,,,,,,,,,,,,,
2016,Pre-COVID (2010-2019),Sí,EURO,United Kingdom of Great Britain and Northern Ireland,GBR,88.0,100.0,90.0,85.0,96.0,True,100.0,100.0,100.0,80.0,90.0,100.0,70.0,85.0,100.0,100.0,100.0,100.0,100.0,100.0,100.0,100.0,40.0,40.0,92.0,100.0,96.0,36.0,75.0,50.0,54.0,100.0,100.0,93.0,93.0,92.0,92.0,100.0,100.0,,,,,,,,,,,,,,,,,,,,,,,,,,,,,,,,,,,,,,,
2017,Pre-COVID (2010-2019),Sí,AFRO,Algeria,DZA,75.0,100.0,90.0,80.0,62.0,True,100.0,100.0,100.0,80.0,90.0,100.0,60.0,80.0,67.0,100.0,83.0,100.0,60.0,80.0,43.0,43.0,60.0,60.0,83.0,40.0,62.0,64.0,100.0,100.0,88.0,89.0,89.0,73.0,73.0,54.0,54.0,77.0,77.0,,,,,,,,,,,,,,,,,,,,,,,,,,,,,,,,,,,,,,,
2017,Pre-COVID (2010-2019),Sí,AFRO,Angola,AGO,75.0,100.0,100.0,95.0,100.0,True,100.0,100.0,100.0,100.0,100.0,100.0,90.0,95.0,89.0,100.0,94.0,100.0,80.0,90.0,100.0,100.0,60.0,60.0,100.0,100.0,100.0,64.0,0.0,17.0,27.0,100.0,100.0,73.0,73.0,8.0,8.0,31.0,31.0,,,,,,,,,,,,,,,,,,,,,,,,,,,,,,,,,,,,,,,
2017,Pre-COVID (2010-2019),Sí,AFRO,Benin,BEN,30.0,,47.0,75.0,17.0,True,0.0,,33.0,60.0,47.0,100.0,50.0,75.0,67.0,25.0,46.0,33.0,20.0,27.0,29.0,29.0,40.0,40.0,33.0,0.0,17.0,27.0,50.0,0.0,26.0,56.0,56.0,33.0,33.0,0.0,,0.0,,,,,,,,,,,,,,,,,,,,,,,,,,,,,,,,,,,,,,,,
2017,Pre-COVID (2010-2019),Sí,AFRO,Botswana,BWA,42.0,50.0,10.0,60.0,65.0,True,50.0,50.0,0.0,20.0,10.0,100.0,20.0,60.0,78.0,75.0,76.0,33.0,20.0,27.0,29.0,29.0,20.0,20.0,50.0,80.0,65.0,27.0,0.0,0.0,9.0,78.0,78.0,47.0,47.0,8.0,8.0,69.0,69.0,,,,,,,,,,,,,,,,,,,,,,,,,,,,,,,,,,,,,,,
2017,Pre-COVID (2010-2019),Sí,AFRO,Burkina Faso,BFA,45.0,75.0,27.0,70.0,96.0,True,75.0,75.0,33.0,20.0,27.0,100.0,40.0,70.0,56.0,88.0,72.0,33.0,40.0,37.0,14.0,14.0,40.0,40.0,92.0,100.0,96.0,9.0,0.0,0.0,3.0,78.0,78.0,40.0,40.0,15.0,15.0,15.0,15.0,,,,,,,,,,,,,,,,,,,,,,,,,,,,,,,,,,,,,,,
2017,Pre-COVID (2010-2019),Sí,AFRO,Burundi,BDI,25.0,50.0,20.0,85.0,72.0,True,50.0,50.0,0.0,40.0,20.0,100.0,70.0,85.0,11.0,0.0,6.0,0.0,0.0,,14.0,14.0,0.0,,83.0,60.0,72.0,18.0,0.0,0.0,6.0,44.0,44.0,27.0,27.0,0.0,,0.0,,,,,,,,,,,,,,,,,,,,,,,,,,,,,,,,,,,,,,,,
2017,Pre-COVID (2010-2019),Sí,AFRO,Cabo Verde,CPV,65.0,50.0,73.0,100.0,100.0,True,50.0,50.0,67.0,80.0,73.0,100.0,100.0,100.0,100.0,38.0,69.0,100.0,100.0,100.0,100.0,100.0,0.0,,100.0,100.0,100.0,100.0,100.0,100.0,100.0,100.0,100.0,47.0,47.0,0.0,,0.0,,,,,,,,,,,,,,,,,,,,,,,,,,,,,,,,,,,,,,,,
2017,Pre-COVID (2010-2019),Sí,AFRO,Cameroon,CMR,57.0,,20.0,80.0,96.0,True,0.0,,0.0,40.0,20.0,100.0,60.0,80.0,78.0,50.0,64.0,50.0,60.0,55.0,43.0,43.0,100.0,100.0,92.0,100.0,96.0,36.0,25.0,17.0,26.0,100.0,100.0,47.0,47.0,23.0,23.0,92.0,92.0,,,,,,,,,,,,,,,,,,,,,,,,,,,,,,,,,,,,,,,
2017,Pre-COVID (2010-2019),Sí,AFRO,Central African Republic,CAF,27.0,,,45.0,41.0,True,0.0,,0.0,0.0,,60.0,30.0,45.0,33.0,0.0,17.0,50.0,40.0,45.0,29.0,29.0,40.0,40.0,42.0,40.0,41.0,18.0,0.0,0.0,6.0,56.0,56.0,33.0,33.0,8.0,8.0,31.0,31.0,,,,,,,,,,,,,,,,,,,,,,,,,,,,,,,,,,,,,,,
2017,Pre-COVID (2010-2019),Sí,AFRO,Chad,TCD,45.0,25.0,57.0,75.0,52.0,True,25.0,25.0,33.0,80.0,57.0,100.0,50.0,75.0,56.0,62.0,59.0,33.0,20.0,27.0,57.0,57.0,60.0,60.0,83.0,20.0,52.0,45.0,0.0,0.0,15.0,67.0,67.0,47.0,47.0,15.0,15.0,23.0,23.0,,,,,,,,,,,,,,,,,,,,,,,,,,,,,,,,,,,,,,,
2017,Pre-COVID (2010-2019),Sí,AFRO,Comoros,COM,37.0,,20.0,45.0,69.0,True,0.0,,0.0,40.0,20.0,60.0,30.0,45.0,44.0,12.0,28.0,33.0,60.0,47.0,43.0,43.0,60.0,60.0,58.0,80.0,69.0,45.0,0.0,0.0,15.0,67.0,67.0,53.0,53.0,15.0,15.0,23.0,23.0,,,,,,,,,,,,,,,,,,,,,,,,,,,,,,,,,,,,,,,
2017,Pre-COVID (2010-2019),Sí,AFRO,Congo,COG,30.0,,30.0,60.0,33.0,True,0.0,,0.0,60.0,30.0,40.0,80.0,60.0,22.0,12.0,17.0,17.0,20.0,18.0,14.0,14.0,40.0,40.0,67.0,0.0,33.0,45.0,0.0,33.0,26.0,78.0,78.0,53.0,53.0,23.0,23.0,0.0,,,,,,,,,,,,,,,,,,,,,,,,,,,,,,,,,,,,,,,,
2017,Pre-COVID (2010-2019),Sí,AFRO,Côte d'Ivoire,CIV,87.0,100.0,90.0,100.0,100.0,True,100.0,100.0,100.0,80.0,90.0,100.0,100.0,100.0,100.0,38.0,69.0,67.0,80.0,73.0,86.0,86.0,100.0,100.0,100.0,100.0,100.0,73.0,50.0,33.0,52.0,100.0,100.0,87.0,87.0,85.0,85.0,85.0,85.0,,,,,,,,,,,,,,,,,,,,,,,,,,,,,,,,,,,,,,,
2017,Pre-COVID (2010-2019),Sí,AFRO,Democratic Republic of the Congo,COD,65.0,,47.0,85.0,86.0,True,0.0,,33.0,60.0,47.0,80.0,90.0,85.0,89.0,62.0,76.0,100.0,20.0,60.0,100.0,100.0,80.0,80.0,92.0,80.0,86.0,82.0,25.0,33.0,47.0,89.0,89.0,87.0,87.0,0.0,,92.0,92.0,,,,,,,,,,,,,,,,,,,,,,,,,,,,,,,,,,,,,,,
2017,Pre-COVID (2010-2019),Sí,EMRO,Djibouti,DJI,33.0,25.0,53.0,70.0,59.0,True,25.0,25.0,67.0,40.0,53.0,80.0,60.0,70.0,78.0,38.0,58.0,0.0,0.0,,43.0,43.0,0.0,,58.0,60.0,59.0,27.0,0.0,0.0,9.0,44.0,44.0,47.0,47.0,15.0,15.0,8.0,8.0,,,,,,,,,,,,,,,,,,,,,,,,,,,,,,,,,,,,,,,
2017,Pre-COVID (2010-2019),Sí,EMRO,Egypt,EGY,96.0,75.0,100.0,90.0,96.0,True,75.0,75.0,100.0,100.0,100.0,100.0,80.0,90.0,100.0,100.0,100.0,100.0,100.0,100.0,100.0,100.0,100.0,100.0,92.0,100.0,96.0,100.0,100.0,100.0,100.0,100.0,100.0,100.0,100.0,92.0,92.0,100.0,100.0,,,,,,,,,,,,,,,,,,,,,,,,,,,,,,,,,,,,,,,
2017,Pre-COVID (2010-2019),Sí,AFRO,Equatorial Guinea,GNQ,27.0,25.0,20.0,35.0,76.0,True,25.0,25.0,0.0,40.0,20.0,20.0,50.0,35.0,22.0,88.0,55.0,17.0,0.0,8.0,14.0,14.0,60.0,60.0,92.0,60.0,76.0,73.0,0.0,0.0,24.0,11.0,11.0,20.0,20.0,0.0,,0.0,,,,,,,,,,,,,,,,,,,,,,,,,,,,,,,,,,,,,,,,
2017,Pre-COVID (2010-2019),Sí,AFRO,Eritrea,ERI,49.0,100.0,63.0,90.0,72.0,True,100.0,100.0,67.0,60.0,63.0,100.0,80.0,90.0,100.0,50.0,75.0,50.0,0.0,25.0,29.0,29.0,80.0,80.0,83.0,60.0,72.0,55.0,100.0,67.0,74.0,33.0,33.0,0.0,,0.0,,0.0,,,,,,,,,,,,,,,,,,,,,,,,,,,,,,,,,,,,,,,,
2017,Pre-COVID (2010-2019),Sí,AFRO,Eswatini,SWZ,75.0,100.0,100.0,95.0,100.0,True,100.0,100.0,100.0,100.0,100.0,100.0,90.0,95.0,100.0,100.0,100.0,100.0,40.0,70.0,71.0,71.0,60.0,60.0,100.0,100.0,100.0,82.0,25.0,33.0,47.0,100.0,100.0,73.0,73.0,54.0,54.0,0.0,,,,,,,,,,,,,,,,,,,,,,,,,,,,,,,,,,,,,,,,
2017,Pre-COVID (2010-2019),Sí,AFRO,Ethiopia,ETH,79.0,100.0,83.0,95.0,100.0,True,100.0,100.0,67.0,100.0,83.0,100.0,90.0,95.0,100.0,100.0,100.0,100.0,80.0,90.0,100.0,100.0,100.0,100.0,100.0,100.0,100.0,73.0,100.0,100.0,91.0,100.0,100.0,0.0,,0.0,,69.0,69.0,,,,,,,,,,,,,,,,,,,,,,,,,,,,,,,,,,,,,,,
2017,Pre-COVID (2010-2019),Sí,AFRO,Gabon,GAB,52.0,75.0,63.0,95.0,52.0,True,75.0,75.0,67.0,60.0,63.0,100.0,90.0,95.0,78.0,38.0,58.0,50.0,0.0,25.0,43.0,43.0,20.0,20.0,83.0,20.0,52.0,36.0,0.0,0.0,12.0,67.0,67.0,93.0,93.0,38.0,38.0,31.0,31.0,,,,,,,,,,,,,,,,,,,,,,,,,,,,,,,,,,,,,,,
2017,Pre-COVID (2010-2019),Sí,AFRO,Gambia,GMB,27.0,,,75.0,17.0,True,0.0,,0.0,0.0,,80.0,70.0,75.0,67.0,62.0,65.0,50.0,0.0,25.0,14.0,14.0,0.0,,33.0,0.0,17.0,55.0,100.0,33.0,63.0,22.0,22.0,27.0,27.0,46.0,46.0,0.0,,,,,,,,,,,,,,,,,,,,,,,,,,,,,,,,,,,,,,,,
2017,Pre-COVID (2010-2019),Sí,AFRO,Ghana,GHA,74.0,75.0,73.0,80.0,96.0,True,75.0,75.0,67.0,80.0,73.0,100.0,60.0,80.0,89.0,88.0,88.0,83.0,20.0,52.0,86.0,86.0,40.0,40.0,92.0,100.0,96.0,82.0,25.0,0.0,36.0,100.0,100.0,87.0,87.0,46.0,46.0,100.0,100.0,,,,,,,,,,,,,,,,,,,,,,,,,,,,,,,,,,,,,,,
2017,Pre-COVID (2010-2019),Sí,AFRO,Guinea,GIN,60.0,50.0,37.0,90.0,96.0,True,50.0,50.0,33.0,40.0,37.0,100.0,80.0,90.0,78.0,88.0,83.0,67.0,100.0,83.0,29.0,29.0,100.0,100.0,92.0,100.0,96.0,73.0,0.0,17.0,30.0,100.0,100.0,53.0,53.0,15.0,15.0,8.0,8.0,,,,,,,,,,,,,,,,,,,,,,,,,,,,,,,,,,,,,,,
2017,Pre-COVID (2010-2019),Sí,AFRO,Guinea-Bissau,GNB,53.0,100.0,90.0,95.0,52.0,True,100.0,100.0,100.0,80.0,90.0,100.0,90.0,95.0,100.0,75.0,88.0,67.0,20.0,43.0,71.0,71.0,40.0,40.0,83.0,20.0,52.0,27.0,0.0,0.0,9.0,67.0,67.0,40.0,40.0,0.0,,0.0,,,,,,,,,,,,,,,,,,,,,,,,,,,,,,,,,,,,,,,,
2017,Pre-COVID (2010-2019),Sí,AFRO,Kenya,KEN,60.0,,20.0,50.0,72.0,True,0.0,,0.0,40.0,20.0,60.0,40.0,50.0,67.0,88.0,77.0,50.0,60.0,55.0,86.0,86.0,80.0,80.0,83.0,60.0,72.0,64.0,100.0,50.0,71.0,67.0,67.0,100.0,100.0,38.0,38.0,62.0,62.0,,,,,,,,,,,,,,,,,,,,,,,,,,,,,,,,,,,,,,,
2017,Pre-COVID (2010-2019),Sí,AFRO,Lesotho,LSO,62.0,100.0,83.0,55.0,100.0,True,100.0,100.0,67.0,100.0,83.0,40.0,70.0,55.0,89.0,75.0,82.0,67.0,40.0,53.0,71.0,71.0,20.0,20.0,100.0,100.0,100.0,64.0,75.0,0.0,46.0,78.0,78.0,87.0,87.0,15.0,15.0,15.0,15.0,,,,,,,,,,,,,,,,,,,,,,,,,,,,,,,,,,,,,,,
2017,Pre-COVID (2010-2019),Sí,AFRO,Liberia,LBR,76.0,100.0,100.0,100.0,90.0,True,100.0,100.0,100.0,100.0,100.0,100.0,100.0,100.0,100.0,75.0,88.0,100.0,80.0,90.0,100.0,100.0,80.0,80.0,100.0,80.0,90.0,100.0,75.0,17.0,64.0,56.0,56.0,47.0,47.0,38.0,38.0,31.0,31.0,,,,,,,,,,,,,,,,,,,,,,,,,,,,,,,,,,,,,,,
2017,Pre-COVID (2010-2019),Sí,EMRO,Libya,LBY,64.0,75.0,83.0,55.0,66.0,True,75.0,75.0,67.0,100.0,83.0,40.0,70.0,55.0,78.0,88.0,83.0,67.0,20.0,43.0,43.0,43.0,60.0,60.0,92.0,40.0,66.0,55.0,50.0,83.0,63.0,78.0,78.0,93.0,93.0,8.0,8.0,77.0,77.0,,,,,,,,,,,,,,,,,,,,,,,,,,,,,,,,,,,,,,,
2017,Pre-COVID (2010-2019),Sí,AFRO,Madagascar,MDG,43.0,,27.0,70.0,47.0,True,0.0,,33.0,20.0,27.0,80.0,60.0,70.0,56.0,38.0,47.0,50.0,60.0,55.0,57.0,57.0,40.0,40.0,33.0,60.0,47.0,18.0,0.0,0.0,6.0,100.0,100.0,60.0,60.0,23.0,23.0,23.0,23.0,,,,,,,,,,,,,,,,,,,,,,,,,,,,,,,,,,,,,,,
2017,Pre-COVID (2010-2019),Sí,AFRO,Malawi,MWI,56.0,,100.0,75.0,70.0,True,0.0,,100.0,100.0,100.0,80.0,70.0,75.0,78.0,38.0,58.0,67.0,60.0,63.0,86.0,86.0,100.0,100.0,100.0,40.0,70.0,55.0,0.0,0.0,18.0,78.0,78.0,67.0,67.0,8.0,8.0,8.0,8.0,,,,,,,,,,,,,,,,,,,,,,,,,,,,,,,,,,,,,,,
2017,Pre-COVID (2010-2019),Sí,AFRO,Mali,MLI,40.0,50.0,30.0,60.0,80.0,True,50.0,50.0,0.0,60.0,30.0,80.0,40.0,60.0,44.0,12.0,28.0,33.0,0.0,17.0,43.0,43.0,40.0,40.0,100.0,60.0,80.0,45.0,0.0,0.0,15.0,78.0,78.0,73.0,73.0,0.0,,8.0,8.0,,,,,,,,,,,,,,,,,,,,,,,,,,,,,,,,,,,,,,,
2017,Pre-COVID (2010-2019),Sí,AFRO,Mauritania,MRT,32.0,25.0,40.0,55.0,38.0,True,25.0,25.0,0.0,80.0,40.0,80.0,30.0,55.0,44.0,25.0,35.0,33.0,60.0,47.0,0.0,,40.0,40.0,75.0,0.0,38.0,27.0,0.0,0.0,9.0,56.0,56.0,13.0,13.0,23.0,23.0,31.0,31.0,,,,,,,,,,,,,,,,,,,,,,,,,,,,,,,,,,,,,,,
2017,Pre-COVID (2010-2019),Sí,AFRO,Mauritius,MUS,71.0,75.0,100.0,80.0,66.0,True,75.0,75.0,100.0,100.0,100.0,100.0,60.0,80.0,89.0,100.0,94.0,100.0,60.0,80.0,71.0,71.0,40.0,40.0,92.0,40.0,66.0,73.0,0.0,0.0,24.0,78.0,78.0,80.0,80.0,69.0,69.0,62.0,62.0,,,,,,,,,,,,,,,,,,,,,,,,,,,,,,,,,,,,,,,
2017,Pre-COVID (2010-2019),Sí,EMRO,Morocco,MAR,95.0,100.0,100.0,100.0,90.0,True,100.0,100.0,100.0,100.0,100.0,100.0,100.0,100.0,100.0,100.0,100.0,100.0,100.0,100.0,100.0,100.0,100.0,100.0,100.0,80.0,90.0,82.0,100.0,33.0,72.0,100.0,100.0,100.0,100.0,77.0,77.0,100.0,100.0,,,,,,,,,,,,,,,,,,,,,,,,,,,,,,,,,,,,,,,
2017,Pre-COVID (2010-2019),Sí,AFRO,Mozambique,MOZ,69.0,100.0,83.0,90.0,96.0,True,100.0,100.0,67.0,100.0,83.0,100.0,80.0,90.0,67.0,100.0,83.0,100.0,60.0,80.0,86.0,86.0,60.0,60.0,92.0,100.0,96.0,45.0,0.0,0.0,15.0,78.0,78.0,40.0,40.0,31.0,31.0,54.0,54.0,,,,,,,,,,,,,,,,,,,,,,,,,,,,,,,,,,,,,,,
2017,Pre-COVID (2010-2019),Sí,AFRO,Namibia,NAM,78.0,100.0,90.0,90.0,100.0,True,100.0,100.0,100.0,80.0,90.0,80.0,100.0,90.0,100.0,75.0,88.0,67.0,20.0,43.0,71.0,71.0,100.0,100.0,100.0,100.0,100.0,91.0,100.0,83.0,91.0,100.0,100.0,93.0,93.0,54.0,54.0,0.0,,,,,,,,,,,,,,,,,,,,,,,,,,,,,,,,,,,,,,,,
2017,Pre-COVID (2010-2019),Sí,AFRO,Niger,NER,73.0,100.0,83.0,85.0,70.0,True,100.0,100.0,67.0,100.0,83.0,80.0,90.0,85.0,78.0,100.0,89.0,100.0,100.0,100.0,100.0,100.0,100.0,100.0,100.0,40.0,70.0,55.0,0.0,0.0,18.0,100.0,100.0,80.0,80.0,15.0,15.0,15.0,15.0,,,,,,,,,,,,,,,,,,,,,,,,,,,,,,,,,,,,,,,
2017,Pre-COVID (2010-2019),Sí,AFRO,Nigeria,NGA,50.0,50.0,83.0,85.0,73.0,True,50.0,50.0,67.0,100.0,83.0,80.0,90.0,85.0,56.0,25.0,40.0,67.0,0.0,33.0,57.0,57.0,40.0,40.0,67.0,80.0,73.0,9.0,0.0,0.0,3.0,56.0,56.0,60.0,60.0,38.0,38.0,38.0,38.0,,,,,,,,,,,,,,,,,,,,,,,,,,,,,,,,,,,,,,,
2017,Pre-COVID (2010-2019),Sí,AFRO,Rwanda,RWA,66.0,25.0,73.0,80.0,96.0,True,25.0,25.0,67.0,80.0,73.0,100.0,60.0,80.0,100.0,88.0,94.0,100.0,40.0,70.0,43.0,43.0,60.0,60.0,92.0,100.0,96.0,64.0,100.0,33.0,66.0,100.0,100.0,60.0,60.0,54.0,54.0,38.0,38.0,,,,,,,,,,,,,,,,,,,,,,,,,,,,,,,,,,,,,,,
2017,Pre-COVID (2010-2019),Sí,AFRO,Sao Tome and Principe,STP,16.0,,47.0,40.0,32.0,True,0.0,,33.0,60.0,47.0,80.0,0.0,40.0,44.0,12.0,28.0,17.0,0.0,8.0,14.0,14.0,0.0,,25.0,40.0,32.0,18.0,25.0,0.0,14.0,22.0,22.0,0.0,,0.0,,0.0,,,,,,,,,,,,,,,,,,,,,,,,,,,,,,,,,,,,,,,,
2017,Pre-COVID (2010-2019),Sí,AFRO,Senegal,SEN,44.0,50.0,10.0,50.0,43.0,True,50.0,50.0,0.0,20.0,10.0,100.0,0.0,50.0,67.0,38.0,52.0,50.0,20.0,35.0,43.0,43.0,60.0,60.0,67.0,20.0,43.0,18.0,0.0,0.0,6.0,56.0,56.0,33.0,33.0,69.0,69.0,69.0,69.0,,,,,,,,,,,,,,,,,,,,,,,,,,,,,,,,,,,,,,,
2017,Pre-COVID (2010-2019),Sí,AFRO,Seychelles,SYC,87.0,100.0,100.0,100.0,100.0,True,100.0,100.0,100.0,100.0,100.0,100.0,100.0,100.0,100.0,100.0,100.0,100.0,80.0,90.0,100.0,100.0,100.0,100.0,100.0,100.0,100.0,73.0,0.0,0.0,24.0,100.0,100.0,100.0,100.0,92.0,92.0,23.0,23.0,,,,,,,,,,,,,,,,,,,,,,,,,,,,,,,,,,,,,,,
2017,Pre-COVID (2010-2019),Sí,AFRO,Sierra Leone,SLE,70.0,100.0,100.0,90.0,76.0,True,100.0,100.0,100.0,100.0,100.0,100.0,80.0,90.0,100.0,75.0,88.0,100.0,20.0,60.0,100.0,100.0,60.0,60.0,92.0,60.0,76.0,73.0,0.0,0.0,24.0,100.0,100.0,7.0,7.0,46.0,46.0,54.0,54.0,,,,,,,,,,,,,,,,,,,,,,,,,,,,,,,,,,,,,,,
2017,Pre-COVID (2010-2019),Sí,EMRO,Somalia,SOM,28.0,25.0,10.0,95.0,63.0,True,25.0,25.0,0.0,20.0,10.0,100.0,90.0,95.0,56.0,0.0,28.0,0.0,0.0,,14.0,14.0,40.0,40.0,67.0,60.0,63.0,0.0,0.0,0.0,,89.0,89.0,0.0,,0.0,,0.0,,,,,,,,,,,,,,,,,,,,,,,,,,,,,,,,,,,,,,,,
2017,Pre-COVID (2010-2019),Sí,AFRO,South Africa,ZAF,91.0,100.0,100.0,85.0,90.0,True,100.0,100.0,100.0,100.0,100.0,80.0,90.0,85.0,100.0,75.0,88.0,100.0,100.0,100.0,100.0,100.0,100.0,100.0,100.0,80.0,90.0,45.0,0.0,0.0,15.0,100.0,100.0,100.0,100.0,100.0,100.0,100.0,100.0,,,,,,,,,,,,,,,,,,,,,,,,,,,,,,,,,,,,,,,
2017,Pre-COVID (2010-2019),Sí,AFRO,South Sudan,SSD,34.0,,57.0,80.0,66.0,True,0.0,,33.0,80.0,57.0,80.0,80.0,80.0,89.0,38.0,63.0,33.0,60.0,47.0,29.0,29.0,0.0,,92.0,40.0,66.0,45.0,0.0,0.0,15.0,78.0,78.0,13.0,13.0,0.0,,0.0,,,,,,,,,,,,,,,,,,,,,,,,,,,,,,,,,,,,,,,,
2017,Pre-COVID (2010-2019),Sí,EMRO,Sudan,SDN,74.0,75.0,100.0,90.0,100.0,True,75.0,75.0,100.0,100.0,100.0,100.0,80.0,90.0,100.0,50.0,75.0,100.0,60.0,80.0,71.0,71.0,100.0,100.0,100.0,100.0,100.0,91.0,0.0,0.0,30.0,100.0,100.0,53.0,53.0,23.0,23.0,62.0,62.0,,,,,,,,,,,,,,,,,,,,,,,,,,,,,,,,,,,,,,,
2017,Pre-COVID (2010-2019),Sí,AFRO,Togo,TGO,64.0,50.0,83.0,100.0,80.0,True,50.0,50.0,67.0,100.0,83.0,100.0,100.0,100.0,78.0,62.0,70.0,67.0,40.0,53.0,86.0,86.0,80.0,80.0,100.0,60.0,80.0,73.0,0.0,0.0,24.0,89.0,89.0,60.0,60.0,38.0,38.0,23.0,23.0,,,,,,,,,,,,,,,,,,,,,,,,,,,,,,,,,,,,,,,
2017,Pre-COVID (2010-2019),Sí,EMRO,Tunisia,TUN,57.0,75.0,47.0,85.0,53.0,True,75.0,75.0,33.0,60.0,47.0,100.0,70.0,85.0,100.0,25.0,62.0,100.0,20.0,60.0,29.0,29.0,40.0,40.0,67.0,40.0,53.0,73.0,0.0,50.0,41.0,89.0,89.0,73.0,73.0,54.0,54.0,38.0,38.0,,,,,,,,,,,,,,,,,,,,,,,,,,,,,,,,,,,,,,,
2017,Pre-COVID (2010-2019),Sí,AFRO,Uganda,UGA,58.0,50.0,53.0,60.0,100.0,True,50.0,50.0,67.0,40.0,53.0,40.0,80.0,60.0,78.0,75.0,76.0,83.0,80.0,82.0,71.0,71.0,60.0,60.0,100.0,100.0,100.0,0.0,0.0,0.0,,56.0,56.0,20.0,20.0,62.0,62.0,69.0,69.0,,,,,,,,,,,,,,,,,,,,,,,,,,,,,,,,,,,,,,,
2017,Pre-COVID (2010-2019),Sí,AFRO,United Republic of Tanzania,TZA,69.0,75.0,80.0,45.0,78.0,True,75.0,75.0,100.0,60.0,80.0,80.0,10.0,45.0,67.0,62.0,65.0,83.0,80.0,82.0,71.0,71.0,100.0,100.0,75.0,80.0,78.0,64.0,25.0,0.0,30.0,78.0,78.0,73.0,73.0,62.0,62.0,62.0,62.0,,,,,,,,,,,,,,,,,,,,,,,,,,,,,,,,,,,,,,,
2017,Pre-COVID (2010-2019),Sí,AFRO,Zambia,ZMB,64.0,50.0,63.0,65.0,63.0,True,50.0,50.0,67.0,60.0,63.0,80.0,50.0,65.0,78.0,50.0,64.0,67.0,80.0,73.0,71.0,71.0,40.0,40.0,67.0,60.0,63.0,45.0,50.0,50.0,48.0,78.0,78.0,73.0,73.0,62.0,62.0,77.0,77.0,,,,,,,,,,,,,,,,,,,,,,,,,,,,,,,,,,,,,,,
2017,Pre-COVID (2010-2019),Sí,AFRO,Zimbabwe,ZWE,72.0,75.0,67.0,95.0,76.0,True,75.0,75.0,33.0,100.0,67.0,100.0,90.0,95.0,100.0,100.0,100.0,67.0,40.0,53.0,100.0,100.0,60.0,60.0,92.0,60.0,76.0,64.0,100.0,83.0,82.0,67.0,67.0,80.0,80.0,31.0,31.0,54.0,54.0,,,,,,,,,,,,,,,,,,,,,,,,,,,,,,,,,,,,,,,
2017,Pre-COVID (2010-2019),Sí,WPRO,Australia,AUS,100.0,100.0,100.0,100.0,96.0,True,100.0,100.0,100.0,100.0,100.0,100.0,100.0,100.0,100.0,100.0,100.0,100.0,100.0,100.0,100.0,100.0,100.0,100.0,92.0,100.0,96.0,100.0,100.0,100.0,100.0,100.0,100.0,100.0,100.0,100.0,100.0,100.0,100.0,,,,,,,,,,,,,,,,,,,,,,,,,,,,,,,,,,,,,,,
2017,Pre-COVID (2010-2019),Sí,WPRO,Cook Islands,COK,43.0,,63.0,75.0,38.0,True,0.0,,67.0,60.0,63.0,100.0,50.0,75.0,67.0,62.0,65.0,50.0,0.0,25.0,43.0,43.0,20.0,20.0,75.0,0.0,38.0,73.0,100.0,100.0,91.0,22.0,22.0,73.0,73.0,15.0,15.0,31.0,31.0,,,,,,,,,,,,,,,,,,,,,,,,,,,,,,,,,,,,,,,
2017,Pre-COVID (2010-2019),No,WPRO,Fiji,FJI,,,,,,False,,,,,,,,,,,,,,,,,,,,,,,,,,,,,,,,,,,,,,,,,,,,,,,,,,,,,,,,,,,,,,,,,,,,,,,,
2017,Pre-COVID (2010-2019),No,WPRO,Kiribati,KIR,,,,,,False,,,,,,,,,,,,,,,,,,,,,,,,,,,,,,,,,,,,,,,,,,,,,,,,,,,,,,,,,,,,,,,,,,,,,,,,
2017,Pre-COVID (2010-2019),Sí,WPRO,Marshall Islands,MHL,57.0,,47.0,95.0,96.0,True,0.0,,33.0,60.0,47.0,100.0,90.0,95.0,89.0,100.0,94.0,100.0,40.0,70.0,86.0,86.0,80.0,80.0,92.0,100.0,96.0,55.0,0.0,50.0,35.0,0.0,,53.0,53.0,77.0,77.0,8.0,8.0,,,,,,,,,,,,,,,,,,,,,,,,,,,,,,,,,,,,,,,
2017,Pre-COVID (2010-2019),Sí,WPRO,Micronesia,FSM,86.0,100.0,100.0,75.0,96.0,True,100.0,100.0,100.0,100.0,100.0,80.0,70.0,75.0,100.0,50.0,75.0,100.0,100.0,100.0,100.0,100.0,80.0,80.0,92.0,100.0,96.0,91.0,100.0,100.0,97.0,100.0,100.0,100.0,100.0,77.0,77.0,15.0,15.0,,,,,,,,,,,,,,,,,,,,,,,,,,,,,,,,,,,,,,,
2017,Pre-COVID (2010-2019),No,WPRO,Nauru,NRU,,,,,,False,,,,,,,,,,,,,,,,,,,,,,,,,,,,,,,,,,,,,,,,,,,,,,,,,,,,,,,,,,,,,,,,,,,,,,,,
2017,Pre-COVID (2010-2019),Sí,WPRO,New Zealand,NZL,98.0,100.0,100.0,80.0,100.0,True,100.0,100.0,100.0,100.0,100.0,100.0,60.0,80.0,100.0,100.0,100.0,100.0,100.0,100.0,100.0,100.0,100.0,100.0,100.0,100.0,100.0,91.0,100.0,100.0,97.0,100.0,100.0,100.0,100.0,100.0,100.0,100.0,100.0,,,,,,,,,,,,,,,,,,,,,,,,,,,,,,,,,,,,,,,
2017,Pre-COVID (2010-2019),No,WPRO,Niue,NIU,,,,,,False,,,,,,,,,,,,,,,,,,,,,,,,,,,,,,,,,,,,,,,,,,,,,,,,,,,,,,,,,,,,,,,,,,,,,,,,
2017,Pre-COVID (2010-2019),Sí,WPRO,Palau,PLW,91.0,100.0,100.0,100.0,73.0,True,100.0,100.0,100.0,100.0,100.0,100.0,100.0,100.0,100.0,88.0,94.0,100.0,100.0,100.0,100.0,100.0,100.0,100.0,67.0,80.0,73.0,91.0,100.0,83.0,91.0,100.0,100.0,100.0,100.0,92.0,92.0,38.0,38.0,,,,,,,,,,,,,,,,,,,,,,,,,,,,,,,,,,,,,,,
2017,Pre-COVID (2010-2019),No,WPRO,Papua New Guinea,PNG,,,,,,False,,,,,,,,,,,,,,,,,,,,,,,,,,,,,,,,,,,,,,,,,,,,,,,,,,,,,,,,,,,,,,,,,,,,,,,,
2017,Pre-COVID (2010-2019),No,WPRO,Samoa,WSM,,,,,,False,,,,,,,,,,,,,,,,,,,,,,,,,,,,,,,,,,,,,,,,,,,,,,,,,,,,,,,,,,,,,,,,,,,,,,,,
2017,Pre-COVID (2010-2019),Sí,WPRO,Solomon Islands,SLB,57.0,25.0,57.0,85.0,90.0,True,25.0,25.0,33.0,80.0,57.0,100.0,70.0,85.0,100.0,88.0,94.0,67.0,20.0,43.0,86.0,86.0,40.0,40.0,100.0,80.0,90.0,55.0,75.0,67.0,65.0,56.0,56.0,53.0,53.0,15.0,15.0,31.0,31.0,,,,,,,,,,,,,,,,,,,,,,,,,,,,,,,,,,,,,,,
2017,Pre-COVID (2010-2019),No,WPRO,Tonga,TON,,,,,,False,,,,,,,,,,,,,,,,,,,,,,,,,,,,,,,,,,,,,,,,,,,,,,,,,,,,,,,,,,,,,,,,,,,,,,,,
2017,Pre-COVID (2010-2019),Sí,WPRO,Tuvalu,TUV,54.0,50.0,83.0,85.0,69.0,True,50.0,50.0,67.0,100.0,83.0,100.0,70.0,85.0,89.0,75.0,82.0,50.0,60.0,55.0,86.0,86.0,20.0,20.0,58.0,80.0,69.0,73.0,100.0,0.0,58.0,11.0,11.0,67.0,67.0,38.0,38.0,0.0,,,,,,,,,,,,,,,,,,,,,,,,,,,,,,,,,,,,,,,,
2017,Pre-COVID (2010-2019),Sí,WPRO,Vanuatu,VUT,35.0,,50.0,90.0,88.0,True,0.0,,0.0,100.0,50.0,100.0,80.0,90.0,56.0,0.0,28.0,67.0,100.0,83.0,29.0,29.0,0.0,,75.0,100.0,88.0,36.0,25.0,17.0,26.0,11.0,11.0,47.0,47.0,0.0,,0.0,,,,,,,,,,,,,,,,,,,,,,,,,,,,,,,,,,,,,,,,
2017,Pre-COVID (2010-2019),Sí,AMRO,Antigua and Barbuda,ATG,71.0,75.0,40.0,90.0,88.0,True,75.0,75.0,0.0,80.0,40.0,100.0,80.0,90.0,67.0,88.0,77.0,50.0,60.0,55.0,71.0,71.0,80.0,80.0,75.0,100.0,88.0,100.0,75.0,83.0,86.0,89.0,89.0,100.0,100.0,46.0,46.0,23.0,23.0,,,,,,,,,,,,,,,,,,,,,,,,,,,,,,,,,,,,,,,
2017,Pre-COVID (2010-2019),Sí,AMRO,Argentina,ARG,70.0,50.0,57.0,70.0,96.0,True,50.0,50.0,33.0,80.0,57.0,40.0,100.0,70.0,22.0,75.0,49.0,50.0,60.0,55.0,57.0,57.0,40.0,40.0,92.0,100.0,96.0,91.0,100.0,100.0,97.0,78.0,78.0,93.0,93.0,85.0,85.0,85.0,85.0,,,,,,,,,,,,,,,,,,,,,,,,,,,,,,,,,,,,,,,
2017,Pre-COVID (2010-2019),No,AMRO,Bahamas,BHS,,,,,,False,,,,,,,,,,,,,,,,,,,,,,,,,,,,,,,,,,,,,,,,,,,,,,,,,,,,,,,,,,,,,,,,,,,,,,,,
2017,Pre-COVID (2010-2019),Sí,AMRO,Barbados,BRB,92.0,100.0,100.0,95.0,92.0,True,100.0,100.0,100.0,100.0,100.0,100.0,90.0,95.0,100.0,88.0,94.0,100.0,100.0,100.0,100.0,100.0,80.0,80.0,83.0,100.0,92.0,100.0,100.0,100.0,100.0,100.0,100.0,73.0,73.0,85.0,85.0,77.0,77.0,,,,,,,,,,,,,,,,,,,,,,,,,,,,,,,,,,,,,,,
2017,Pre-COVID (2010-2019),No,AMRO,Belize,BLZ,,,,,,False,,,,,,,,,,,,,,,,,,,,,,,,,,,,,,,,,,,,,,,,,,,,,,,,,,,,,,,,,,,,,,,,,,,,,,,,
2017,Pre-COVID (2010-2019),Sí,AMRO,Bolivia (Plurinational State of),BOL,76.0,100.0,63.0,100.0,90.0,True,100.0,100.0,67.0,60.0,63.0,100.0,100.0,100.0,100.0,62.0,81.0,100.0,60.0,80.0,43.0,43.0,40.0,40.0,100.0,80.0,90.0,64.0,100.0,100.0,88.0,100.0,100.0,100.0,100.0,15.0,15.0,92.0,92.0,,,,,,,,,,,,,,,,,,,,,,,,,,,,,,,,,,,,,,,
2017,Pre-COVID (2010-2019),Sí,AMRO,Brazil,BRA,96.0,100.0,90.0,90.0,92.0,True,100.0,100.0,100.0,80.0,90.0,80.0,100.0,90.0,100.0,100.0,100.0,100.0,100.0,100.0,100.0,100.0,100.0,100.0,83.0,100.0,92.0,91.0,100.0,100.0,97.0,89.0,89.0,100.0,100.0,92.0,92.0,100.0,100.0,,,,,,,,,,,,,,,,,,,,,,,,,,,,,,,,,,,,,,,
2017,Pre-COVID (2010-2019),Sí,AMRO,Canada,CAN,100.0,100.0,100.0,100.0,100.0,True,100.0,100.0,100.0,100.0,100.0,100.0,100.0,100.0,100.0,100.0,100.0,100.0,100.0,100.0,100.0,100.0,100.0,100.0,100.0,100.0,100.0,100.0,100.0,100.0,100.0,100.0,100.0,100.0,100.0,100.0,100.0,100.0,100.0,,,,,,,,,,,,,,,,,,,,,,,,,,,,,,,,,,,,,,,
2017,Pre-COVID (2010-2019),Sí,AMRO,Chile,CHL,84.0,100.0,100.0,90.0,70.0,True,100.0,100.0,100.0,100.0,100.0,100.0,80.0,90.0,100.0,100.0,100.0,100.0,80.0,90.0,71.0,71.0,60.0,60.0,100.0,40.0,70.0,82.0,100.0,67.0,83.0,100.0,100.0,100.0,100.0,54.0,54.0,69.0,69.0,,,,,,,,,,,,,,,,,,,,,,,,,,,,,,,,,,,,,,,
2017,Pre-COVID (2010-2019),Sí,AMRO,Colombia,COL,88.0,100.0,100.0,95.0,80.0,True,100.0,100.0,100.0,100.0,100.0,100.0,90.0,95.0,100.0,62.0,81.0,100.0,100.0,100.0,100.0,100.0,60.0,60.0,100.0,60.0,80.0,100.0,75.0,100.0,92.0,89.0,89.0,80.0,80.0,85.0,85.0,85.0,85.0,,,,,,,,,,,,,,,,,,,,,,,,,,,,,,,,,,,,,,,
2017,Pre-COVID (2010-2019),Sí,AMRO,Costa Rica,CRI,87.0,75.0,100.0,95.0,76.0,True,75.0,75.0,100.0,100.0,100.0,100.0,90.0,95.0,67.0,100.0,83.0,83.0,80.0,82.0,100.0,100.0,80.0,80.0,92.0,60.0,76.0,82.0,100.0,83.0,88.0,100.0,100.0,100.0,100.0,77.0,77.0,77.0,77.0,,,,,,,,,,,,,,,,,,,,,,,,,,,,,,,,,,,,,,,
2017,Pre-COVID (2010-2019),Sí,AMRO,Cuba,CUB,99.0,100.0,100.0,100.0,100.0,True,100.0,100.0,100.0,100.0,100.0,100.0,100.0,100.0,100.0,100.0,100.0,100.0,100.0,100.0,100.0,100.0,100.0,100.0,100.0,100.0,100.0,73.0,100.0,83.0,85.0,100.0,100.0,100.0,100.0,100.0,100.0,100.0,100.0,,,,,,,,,,,,,,,,,,,,,,,,,,,,,,,,,,,,,,,
2017,Pre-COVID (2010-2019),Sí,AMRO,Dominica,DMA,62.0,50.0,100.0,65.0,58.0,True,50.0,50.0,100.0,100.0,100.0,100.0,30.0,65.0,67.0,100.0,83.0,100.0,20.0,60.0,100.0,100.0,40.0,40.0,75.0,40.0,58.0,91.0,0.0,0.0,30.0,100.0,100.0,100.0,100.0,8.0,8.0,8.0,8.0,,,,,,,,,,,,,,,,,,,,,,,,,,,,,,,,,,,,,,,
2017,Pre-COVID (2010-2019),Sí,AMRO,Dominican Republic,DOM,55.0,75.0,47.0,90.0,62.0,True,75.0,75.0,33.0,60.0,47.0,100.0,80.0,90.0,78.0,12.0,45.0,50.0,60.0,55.0,100.0,100.0,40.0,40.0,83.0,40.0,62.0,73.0,50.0,67.0,63.0,22.0,22.0,53.0,53.0,0.0,,62.0,62.0,,,,,,,,,,,,,,,,,,,,,,,,,,,,,,,,,,,,,,,
2017,Pre-COVID (2010-2019),Sí,AMRO,Ecuador,ECU,81.0,100.0,100.0,90.0,83.0,True,100.0,100.0,100.0,100.0,100.0,100.0,80.0,90.0,78.0,38.0,58.0,67.0,40.0,53.0,100.0,100.0,40.0,40.0,67.0,100.0,83.0,91.0,100.0,67.0,86.0,100.0,100.0,73.0,73.0,69.0,69.0,100.0,100.0,,,,,,,,,,,,,,,,,,,,,,,,,,,,,,,,,,,,,,,
2017,Pre-COVID (2010-2019),Sí,AMRO,El Salvador,SLV,93.0,100.0,100.0,100.0,100.0,True,100.0,100.0,100.0,100.0,100.0,100.0,100.0,100.0,100.0,100.0,100.0,83.0,60.0,72.0,57.0,57.0,100.0,100.0,100.0,100.0,100.0,91.0,100.0,100.0,97.0,100.0,100.0,100.0,100.0,92.0,92.0,85.0,85.0,,,,,,,,,,,,,,,,,,,,,,,,,,,,,,,,,,,,,,,
2017,Pre-COVID (2010-2019),No,AMRO,Grenada,GRD,,,,,,False,,,,,,,,,,,,,,,,,,,,,,,,,,,,,,,,,,,,,,,,,,,,,,,,,,,,,,,,,,,,,,,,,,,,,,,,
2017,Pre-COVID (2010-2019),Sí,AMRO,Guatemala,GTM,57.0,,37.0,90.0,66.0,True,0.0,,33.0,40.0,37.0,100.0,80.0,90.0,89.0,75.0,82.0,83.0,60.0,72.0,14.0,14.0,60.0,60.0,92.0,40.0,66.0,64.0,25.0,17.0,35.0,100.0,100.0,60.0,60.0,38.0,38.0,92.0,92.0,,,,,,,,,,,,,,,,,,,,,,,,,,,,,,,,,,,,,,,
2017,Pre-COVID (2010-2019),Sí,AMRO,Guyana,GUY,89.0,100.0,100.0,95.0,100.0,True,100.0,100.0,100.0,100.0,100.0,100.0,90.0,95.0,100.0,100.0,100.0,100.0,100.0,100.0,100.0,100.0,100.0,100.0,100.0,100.0,100.0,64.0,75.0,0.0,46.0,100.0,100.0,80.0,80.0,77.0,77.0,54.0,54.0,,,,,,,,,,,,,,,,,,,,,,,,,,,,,,,,,,,,,,,
2017,Pre-COVID (2010-2019),No,AMRO,Haiti,HTI,,,,,,False,,,,,,,,,,,,,,,,,,,,,,,,,,,,,,,,,,,,,,,,,,,,,,,,,,,,,,,,,,,,,,,,,,,,,,,,
2017,Pre-COVID (2010-2019),Sí,AMRO,Honduras,HND,70.0,50.0,73.0,90.0,68.0,True,50.0,50.0,67.0,80.0,73.0,100.0,80.0,90.0,100.0,88.0,94.0,67.0,20.0,43.0,71.0,71.0,60.0,60.0,75.0,60.0,68.0,45.0,25.0,17.0,29.0,89.0,89.0,67.0,67.0,77.0,77.0,100.0,100.0,,,,,,,,,,,,,,,,,,,,,,,,,,,,,,,,,,,,,,,
2017,Pre-COVID (2010-2019),No,AMRO,Jamaica,JAM,,,,,,False,,,,,,,,,,,,,,,,,,,,,,,,,,,,,,,,,,,,,,,,,,,,,,,,,,,,,,,,,,,,,,,,,,,,,,,,
2017,Pre-COVID (2010-2019),Sí,AMRO,Mexico,MEX,94.0,100.0,70.0,95.0,96.0,True,100.0,100.0,100.0,40.0,70.0,100.0,90.0,95.0,89.0,100.0,94.0,100.0,100.0,100.0,100.0,100.0,100.0,100.0,92.0,100.0,96.0,82.0,100.0,83.0,88.0,100.0,100.0,100.0,100.0,85.0,85.0,100.0,100.0,,,,,,,,,,,,,,,,,,,,,,,,,,,,,,,,,,,,,,,
2017,Pre-COVID (2010-2019),Sí,AMRO,Nicaragua,NIC,91.0,75.0,83.0,100.0,90.0,True,75.0,75.0,67.0,100.0,83.0,100.0,100.0,100.0,100.0,75.0,88.0,100.0,100.0,100.0,100.0,100.0,100.0,100.0,100.0,80.0,90.0,100.0,25.0,100.0,75.0,100.0,100.0,80.0,80.0,92.0,92.0,100.0,100.0,,,,,,,,,,,,,,,,,,,,,,,,,,,,,,,,,,,,,,,
2017,Pre-COVID (2010-2019),Sí,AMRO,Panama,PAN,76.0,100.0,100.0,100.0,96.0,True,100.0,100.0,100.0,100.0,100.0,100.0,100.0,100.0,89.0,88.0,88.0,100.0,20.0,60.0,71.0,71.0,60.0,60.0,92.0,100.0,96.0,82.0,100.0,33.0,72.0,100.0,100.0,60.0,60.0,15.0,15.0,62.0,62.0,,,,,,,,,,,,,,,,,,,,,,,,,,,,,,,,,,,,,,,
2017,Pre-COVID (2010-2019),Sí,AMRO,Paraguay,PRY,77.0,100.0,100.0,85.0,76.0,True,100.0,100.0,100.0,100.0,100.0,100.0,70.0,85.0,78.0,100.0,89.0,67.0,20.0,43.0,100.0,100.0,60.0,60.0,92.0,60.0,76.0,100.0,100.0,100.0,100.0,78.0,78.0,67.0,67.0,38.0,38.0,69.0,69.0,,,,,,,,,,,,,,,,,,,,,,,,,,,,,,,,,,,,,,,
2017,Pre-COVID (2010-2019),Sí,AMRO,Peru,PER,66.0,50.0,100.0,100.0,100.0,True,50.0,50.0,100.0,100.0,100.0,100.0,100.0,100.0,67.0,88.0,77.0,50.0,20.0,35.0,71.0,71.0,60.0,60.0,100.0,100.0,100.0,27.0,0.0,0.0,9.0,100.0,100.0,53.0,53.0,8.0,8.0,92.0,92.0,,,,,,,,,,,,,,,,,,,,,,,,,,,,,,,,,,,,,,,
2017,Pre-COVID (2010-2019),Sí,AMRO,Saint Kitts and Nevis,KNA,52.0,,20.0,45.0,92.0,True,0.0,,0.0,40.0,20.0,40.0,50.0,45.0,89.0,100.0,94.0,83.0,100.0,92.0,100.0,100.0,0.0,,83.0,100.0,92.0,55.0,75.0,0.0,43.0,67.0,67.0,80.0,80.0,15.0,15.0,23.0,23.0,,,,,,,,,,,,,,,,,,,,,,,,,,,,,,,,,,,,,,,
2017,Pre-COVID (2010-2019),No,AMRO,Saint Lucia,LCA,,,,,,False,,,,,,,,,,,,,,,,,,,,,,,,,,,,,,,,,,,,,,,,,,,,,,,,,,,,,,,,,,,,,,,,,,,,,,,,
2017,Pre-COVID (2010-2019),No,AMRO,Saint Vincent and the Grenadines,VCT,,,,,,False,,,,,,,,,,,,,,,,,,,,,,,,,,,,,,,,,,,,,,,,,,,,,,,,,,,,,,,,,,,,,,,,,,,,,,,,
2017,Pre-COVID (2010-2019),Sí,AMRO,Suriname,SUR,71.0,50.0,83.0,90.0,86.0,True,50.0,50.0,67.0,100.0,83.0,100.0,80.0,90.0,89.0,100.0,94.0,100.0,40.0,70.0,86.0,86.0,40.0,40.0,92.0,80.0,86.0,91.0,75.0,83.0,83.0,100.0,100.0,93.0,93.0,54.0,54.0,0.0,,,,,,,,,,,,,,,,,,,,,,,,,,,,,,,,,,,,,,,,
2017,Pre-COVID (2010-2019),Sí,AMRO,Trinidad and Tobago,TTO,72.0,50.0,63.0,70.0,78.0,True,50.0,50.0,67.0,60.0,63.0,80.0,60.0,70.0,67.0,88.0,77.0,100.0,100.0,100.0,86.0,86.0,0.0,,75.0,80.0,78.0,82.0,100.0,83.0,88.0,78.0,78.0,80.0,80.0,69.0,69.0,92.0,92.0,,,,,,,,,,,,,,,,,,,,,,,,,,,,,,,,,,,,,,,
2017,Pre-COVID (2010-2019),Sí,AMRO,United States of America,USA,100.0,100.0,100.0,100.0,100.0,True,100.0,100.0,100.0,100.0,100.0,100.0,100.0,100.0,100.0,100.0,100.0,100.0,100.0,100.0,100.0,100.0,100.0,100.0,100.0,100.0,100.0,100.0,100.0,100.0,100.0,100.0,100.0,100.0,100.0,100.0,100.0,100.0,100.0,,,,,,,,,,,,,,,,,,,,,,,,,,,,,,,,,,,,,,,
2017,Pre-COVID (2010-2019),Sí,AMRO,Uruguay,URY,87.0,100.0,100.0,95.0,56.0,True,100.0,100.0,100.0,100.0,100.0,100.0,90.0,95.0,89.0,100.0,94.0,100.0,100.0,100.0,100.0,100.0,60.0,60.0,92.0,20.0,56.0,91.0,100.0,67.0,86.0,100.0,100.0,100.0,100.0,77.0,77.0,62.0,62.0,,,,,,,,,,,,,,,,,,,,,,,,,,,,,,,,,,,,,,,
2017,Pre-COVID (2010-2019),Sí,AMRO,Venezuela (Bolivarian Republic of),VEN,94.0,100.0,90.0,95.0,90.0,True,100.0,100.0,100.0,80.0,90.0,100.0,90.0,95.0,100.0,100.0,100.0,100.0,100.0,100.0,86.0,86.0,100.0,100.0,100.0,80.0,90.0,82.0,100.0,100.0,94.0,100.0,100.0,87.0,87.0,100.0,100.0,85.0,85.0,,,,,,,,,,,,,,,,,,,,,,,,,,,,,,,,,,,,,,,
2017,Pre-COVID (2010-2019),Sí,EMRO,Afghanistan,AFG,42.0,50.0,37.0,70.0,37.0,True,50.0,50.0,33.0,40.0,37.0,100.0,40.0,70.0,56.0,0.0,28.0,50.0,60.0,55.0,29.0,29.0,40.0,40.0,33.0,40.0,37.0,27.0,0.0,0.0,9.0,89.0,89.0,47.0,47.0,15.0,15.0,38.0,38.0,,,,,,,,,,,,,,,,,,,,,,,,,,,,,,,,,,,,,,,
2017,Pre-COVID (2010-2019),Sí,EURO,Armenia,ARM,95.0,100.0,100.0,90.0,100.0,True,100.0,100.0,100.0,100.0,100.0,100.0,80.0,90.0,100.0,100.0,100.0,100.0,100.0,100.0,100.0,100.0,80.0,80.0,100.0,100.0,100.0,91.0,100.0,83.0,91.0,100.0,100.0,93.0,93.0,92.0,92.0,92.0,92.0,,,,,,,,,,,,,,,,,,,,,,,,,,,,,,,,,,,,,,,
2017,Pre-COVID (2010-2019),No,EURO,Azerbaijan,AZE,,,,,,False,,,,,,,,,,,,,,,,,,,,,,,,,,,,,,,,,,,,,,,,,,,,,,,,,,,,,,,,,,,,,,,,,,,,,,,,
2017,Pre-COVID (2010-2019),Sí,EMRO,Bahrain,BHR,93.0,100.0,100.0,70.0,100.0,True,100.0,100.0,100.0,100.0,100.0,100.0,40.0,70.0,100.0,88.0,94.0,100.0,60.0,80.0,100.0,100.0,100.0,100.0,100.0,100.0,100.0,100.0,100.0,100.0,100.0,89.0,89.0,100.0,100.0,77.0,77.0,100.0,100.0,,,,,,,,,,,,,,,,,,,,,,,,,,,,,,,,,,,,,,,
2017,Pre-COVID (2010-2019),Sí,SEARO,Bangladesh,BGD,78.0,100.0,100.0,100.0,96.0,True,100.0,100.0,100.0,100.0,100.0,100.0,100.0,100.0,78.0,50.0,64.0,50.0,40.0,45.0,86.0,86.0,100.0,100.0,92.0,100.0,96.0,91.0,75.0,67.0,78.0,89.0,89.0,100.0,100.0,15.0,15.0,38.0,38.0,,,,,,,,,,,,,,,,,,,,,,,,,,,,,,,,,,,,,,,
2017,Pre-COVID (2010-2019),Sí,SEARO,Bhutan,BTN,73.0,75.0,100.0,60.0,90.0,True,75.0,75.0,100.0,100.0,100.0,60.0,60.0,60.0,100.0,62.0,81.0,100.0,100.0,100.0,86.0,86.0,60.0,60.0,100.0,80.0,90.0,73.0,75.0,83.0,77.0,100.0,100.0,87.0,87.0,38.0,38.0,0.0,,,,,,,,,,,,,,,,,,,,,,,,,,,,,,,,,,,,,,,,
2017,Pre-COVID (2010-2019),Sí,WPRO,Brunei Darussalam,BRN,67.0,25.0,100.0,85.0,58.0,True,25.0,25.0,100.0,100.0,100.0,100.0,70.0,85.0,89.0,100.0,94.0,83.0,40.0,62.0,71.0,71.0,40.0,40.0,75.0,40.0,58.0,64.0,100.0,83.0,82.0,78.0,78.0,93.0,93.0,15.0,15.0,69.0,69.0,,,,,,,,,,,,,,,,,,,,,,,,,,,,,,,,,,,,,,,
2017,Pre-COVID (2010-2019),Sí,WPRO,Cambodia,KHM,81.0,100.0,100.0,85.0,92.0,True,100.0,100.0,100.0,100.0,100.0,100.0,70.0,85.0,100.0,88.0,94.0,50.0,20.0,35.0,100.0,100.0,100.0,100.0,83.0,100.0,92.0,82.0,50.0,67.0,66.0,100.0,100.0,100.0,100.0,54.0,54.0,23.0,23.0,,,,,,,,,,,,,,,,,,,,,,,,,,,,,,,,,,,,,,,
2017,Pre-COVID (2010-2019),Sí,WPRO,China,CHN,100.0,100.0,100.0,100.0,100.0,True,100.0,100.0,100.0,100.0,100.0,100.0,100.0,100.0,100.0,100.0,100.0,100.0,100.0,100.0,100.0,100.0,100.0,100.0,100.0,100.0,100.0,100.0,100.0,100.0,100.0,100.0,100.0,100.0,100.0,100.0,100.0,100.0,100.0,,,,,,,,,,,,,,,,,,,,,,,,,,,,,,,,,,,,,,,
2017,Pre-COVID (2010-2019),Sí,EURO,Cyprus,CYP,96.0,100.0,100.0,100.0,63.0,True,100.0,100.0,100.0,100.0,100.0,100.0,100.0,100.0,100.0,100.0,100.0,100.0,100.0,100.0,100.0,100.0,80.0,80.0,67.0,60.0,63.0,100.0,100.0,100.0,100.0,100.0,100.0,100.0,100.0,100.0,100.0,100.0,100.0,,,,,,,,,,,,,,,,,,,,,,,,,,,,,,,,,,,,,,,
2017,Pre-COVID (2010-2019),Sí,SEARO,Democratic People's Republic of Korea,PRK,67.0,100.0,70.0,100.0,92.0,True,100.0,100.0,100.0,40.0,70.0,100.0,100.0,100.0,100.0,100.0,100.0,83.0,40.0,62.0,57.0,57.0,60.0,60.0,83.0,100.0,92.0,73.0,0.0,0.0,24.0,78.0,78.0,80.0,80.0,31.0,31.0,15.0,15.0,,,,,,,,,,,,,,,,,,,,,,,,,,,,,,,,,,,,,,,
2017,Pre-COVID (2010-2019),Sí,EURO,Georgia,GEO,74.0,75.0,73.0,70.0,100.0,True,75.0,75.0,67.0,80.0,73.0,100.0,40.0,70.0,89.0,75.0,82.0,67.0,100.0,83.0,57.0,57.0,40.0,40.0,100.0,100.0,100.0,82.0,100.0,67.0,83.0,100.0,100.0,93.0,93.0,31.0,31.0,69.0,69.0,,,,,,,,,,,,,,,,,,,,,,,,,,,,,,,,,,,,,,,
2017,Pre-COVID (2010-2019),Sí,SEARO,India,IND,95.0,100.0,100.0,100.0,70.0,True,100.0,100.0,100.0,100.0,100.0,100.0,100.0,100.0,100.0,75.0,88.0,100.0,100.0,100.0,100.0,100.0,100.0,100.0,100.0,40.0,70.0,100.0,100.0,83.0,94.0,100.0,100.0,87.0,87.0,100.0,100.0,100.0,100.0,,,,,,,,,,,,,,,,,,,,,,,,,,,,,,,,,,,,,,,
2017,Pre-COVID (2010-2019),Sí,WPRO,Indonesia,IDN,99.0,100.0,100.0,100.0,100.0,True,100.0,100.0,100.0,100.0,100.0,100.0,100.0,100.0,100.0,88.0,94.0,100.0,100.0,100.0,100.0,100.0,100.0,100.0,100.0,100.0,100.0,100.0,100.0,100.0,100.0,100.0,100.0,100.0,100.0,92.0,92.0,100.0,100.0,,,,,,,,,,,,,,,,,,,,,,,,,,,,,,,,,,,,,,,
2017,Pre-COVID (2010-2019),Sí,EMRO,Iran (Islamic Republic of),IRN,76.0,75.0,83.0,90.0,100.0,True,75.0,75.0,67.0,100.0,83.0,100.0,80.0,90.0,100.0,88.0,94.0,83.0,80.0,82.0,43.0,43.0,100.0,100.0,100.0,100.0,100.0,91.0,100.0,100.0,97.0,89.0,89.0,100.0,100.0,31.0,31.0,8.0,8.0,,,,,,,,,,,,,,,,,,,,,,,,,,,,,,,,,,,,,,,
2017,Pre-COVID (2010-2019),Sí,EMRO,Iraq,IRQ,89.0,100.0,100.0,80.0,90.0,True,100.0,100.0,100.0,100.0,100.0,100.0,60.0,80.0,89.0,75.0,82.0,100.0,80.0,90.0,86.0,86.0,100.0,100.0,100.0,80.0,90.0,82.0,100.0,100.0,94.0,100.0,100.0,80.0,80.0,77.0,77.0,77.0,77.0,,,,,,,,,,,,,,,,,,,,,,,,,,,,,,,,,,,,,,,
2017,Pre-COVID (2010-2019),No,EURO,Israel,ISR,,,,,,False,,,,,,,,,,,,,,,,,,,,,,,,,,,,,,,,,,,,,,,,,,,,,,,,,,,,,,,,,,,,,,,,,,,,,,,,
2017,Pre-COVID (2010-2019),Sí,WPRO,Japan,JPN,100.0,100.0,100.0,100.0,100.0,True,100.0,100.0,100.0,100.0,100.0,100.0,100.0,100.0,100.0,100.0,100.0,100.0,100.0,100.0,100.0,100.0,100.0,100.0,100.0,100.0,100.0,100.0,100.0,83.0,94.0,100.0,100.0,100.0,100.0,100.0,100.0,100.0,100.0,,,,,,,,,,,,,,,,,,,,,,,,,,,,,,,,,,,,,,,
2017,Pre-COVID (2010-2019),Sí,EMRO,Jordan,JOR,72.0,75.0,90.0,80.0,88.0,True,75.0,75.0,100.0,80.0,90.0,100.0,60.0,80.0,78.0,88.0,83.0,50.0,60.0,55.0,100.0,100.0,80.0,80.0,75.0,100.0,88.0,64.0,100.0,100.0,88.0,89.0,89.0,67.0,67.0,46.0,46.0,0.0,,,,,,,,,,,,,,,,,,,,,,,,,,,,,,,,,,,,,,,,
2017,Pre-COVID (2010-2019),No,EURO,Kazakhstan,KAZ,,,,,,False,,,,,,,,,,,,,,,,,,,,,,,,,,,,,,,,,,,,,,,,,,,,,,,,,,,,,,,,,,,,,,,,,,,,,,,,
2017,Pre-COVID (2010-2019),Sí,EMRO,Kuwait,KWT,85.0,100.0,100.0,60.0,100.0,True,100.0,100.0,100.0,100.0,100.0,80.0,40.0,60.0,100.0,100.0,100.0,100.0,100.0,100.0,100.0,100.0,60.0,60.0,100.0,100.0,100.0,73.0,100.0,100.0,91.0,100.0,100.0,100.0,100.0,0.0,,92.0,92.0,,,,,,,,,,,,,,,,,,,,,,,,,,,,,,,,,,,,,,,
2017,Pre-COVID (2010-2019),No,EURO,Kyrgyzstan,KGZ,,,,,,False,,,,,,,,,,,,,,,,,,,,,,,,,,,,,,,,,,,,,,,,,,,,,,,,,,,,,,,,,,,,,,,,,,,,,,,,
2017,Pre-COVID (2010-2019),No,WPRO,Lao People's Democratic Republic,LAO,,,,,,False,,,,,,,,,,,,,,,,,,,,,,,,,,,,,,,,,,,,,,,,,,,,,,,,,,,,,,,,,,,,,,,,,,,,,,,,
2017,Pre-COVID (2010-2019),Sí,EMRO,Lebanon,LBN,80.0,100.0,57.0,80.0,66.0,True,100.0,100.0,33.0,80.0,57.0,80.0,80.0,80.0,100.0,88.0,94.0,100.0,100.0,100.0,57.0,57.0,60.0,60.0,92.0,40.0,66.0,91.0,75.0,33.0,66.0,89.0,89.0,87.0,87.0,92.0,92.0,92.0,92.0,,,,,,,,,,,,,,,,,,,,,,,,,,,,,,,,,,,,,,,
2017,Pre-COVID (2010-2019),No,WPRO,Malaysia,MYS,,,,,,False,,,,,,,,,,,,,,,,,,,,,,,,,,,,,,,,,,,,,,,,,,,,,,,,,,,,,,,,,,,,,,,,,,,,,,,,
2017,Pre-COVID (2010-2019),Sí,SEARO,Maldives,MDV,63.0,75.0,100.0,95.0,92.0,True,75.0,75.0,100.0,100.0,100.0,100.0,90.0,95.0,89.0,75.0,82.0,67.0,40.0,53.0,71.0,71.0,40.0,40.0,83.0,100.0,92.0,82.0,0.0,17.0,33.0,67.0,67.0,67.0,67.0,31.0,31.0,8.0,8.0,,,,,,,,,,,,,,,,,,,,,,,,,,,,,,,,,,,,,,,
2017,Pre-COVID (2010-2019),Sí,WPRO,Mongolia,MNG,87.0,100.0,100.0,85.0,96.0,True,100.0,100.0,100.0,100.0,100.0,100.0,70.0,85.0,89.0,100.0,94.0,100.0,60.0,80.0,86.0,86.0,40.0,40.0,92.0,100.0,96.0,100.0,100.0,100.0,100.0,100.0,100.0,100.0,100.0,77.0,77.0,69.0,69.0,,,,,,,,,,,,,,,,,,,,,,,,,,,,,,,,,,,,,,,
2017,Pre-COVID (2010-2019),Sí,SEARO,Myanmar,MMR,62.0,100.0,47.0,95.0,80.0,True,100.0,100.0,33.0,60.0,47.0,100.0,90.0,95.0,78.0,62.0,70.0,50.0,20.0,35.0,57.0,57.0,40.0,40.0,100.0,60.0,80.0,64.0,0.0,0.0,21.0,89.0,89.0,67.0,67.0,54.0,54.0,54.0,54.0,,,,,,,,,,,,,,,,,,,,,,,,,,,,,,,,,,,,,,,
2017,Pre-COVID (2010-2019),Sí,SEARO,Nepal,NPL,22.0,,10.0,25.0,69.0,True,0.0,,0.0,20.0,10.0,20.0,30.0,25.0,67.0,12.0,40.0,0.0,40.0,20.0,29.0,29.0,0.0,,58.0,80.0,69.0,27.0,50.0,100.0,59.0,33.0,33.0,7.0,7.0,0.0,,0.0,,,,,,,,,,,,,,,,,,,,,,,,,,,,,,,,,,,,,,,,
2017,Pre-COVID (2010-2019),Sí,EMRO,Oman,OMN,90.0,100.0,100.0,90.0,100.0,True,100.0,100.0,100.0,100.0,100.0,100.0,80.0,90.0,100.0,100.0,100.0,100.0,100.0,100.0,100.0,100.0,100.0,100.0,100.0,100.0,100.0,91.0,100.0,50.0,80.0,100.0,100.0,100.0,100.0,69.0,69.0,31.0,31.0,,,,,,,,,,,,,,,,,,,,,,,,,,,,,,,,,,,,,,,
2017,Pre-COVID (2010-2019),Sí,EMRO,Pakistan,PAK,51.0,75.0,100.0,70.0,68.0,True,75.0,75.0,100.0,100.0,100.0,80.0,60.0,70.0,89.0,0.0,44.0,33.0,0.0,17.0,29.0,29.0,60.0,60.0,75.0,60.0,68.0,36.0,0.0,0.0,12.0,67.0,67.0,53.0,53.0,23.0,23.0,46.0,46.0,,,,,,,,,,,,,,,,,,,,,,,,,,,,,,,,,,,,,,,
2017,Pre-COVID (2010-2019),Sí,WPRO,Philippines,PHL,81.0,100.0,90.0,90.0,100.0,True,100.0,100.0,100.0,80.0,90.0,100.0,80.0,90.0,100.0,75.0,88.0,100.0,80.0,90.0,100.0,100.0,40.0,40.0,100.0,100.0,100.0,64.0,25.0,0.0,30.0,89.0,89.0,80.0,80.0,85.0,85.0,77.0,77.0,,,,,,,,,,,,,,,,,,,,,,,,,,,,,,,,,,,,,,,
2017,Pre-COVID (2010-2019),Sí,EMRO,Qatar,QAT,76.0,100.0,100.0,75.0,96.0,True,100.0,100.0,100.0,100.0,100.0,60.0,90.0,75.0,89.0,75.0,82.0,100.0,100.0,100.0,57.0,57.0,0.0,,92.0,100.0,96.0,82.0,50.0,50.0,61.0,100.0,100.0,73.0,73.0,46.0,46.0,92.0,92.0,,,,,,,,,,,,,,,,,,,,,,,,,,,,,,,,,,,,,,,
2017,Pre-COVID (2010-2019),Sí,WPRO,Republic of Korea,KOR,98.0,100.0,90.0,100.0,100.0,True,100.0,100.0,100.0,80.0,90.0,100.0,100.0,100.0,100.0,88.0,94.0,100.0,100.0,100.0,100.0,100.0,100.0,100.0,100.0,100.0,100.0,100.0,100.0,67.0,89.0,100.0,100.0,100.0,100.0,100.0,100.0,100.0,100.0,,,,,,,,,,,,,,,,,,,,,,,,,,,,,,,,,,,,,,,
2017,Pre-COVID (2010-2019),Sí,EMRO,Saudi Arabia,SAU,99.0,100.0,100.0,95.0,100.0,True,100.0,100.0,100.0,100.0,100.0,100.0,90.0,95.0,100.0,100.0,100.0,100.0,100.0,100.0,100.0,100.0,100.0,100.0,100.0,100.0,100.0,91.0,100.0,100.0,97.0,100.0,100.0,100.0,100.0,100.0,100.0,92.0,92.0,,,,,,,,,,,,,,,,,,,,,,,,,,,,,,,,,,,,,,,
2017,Pre-COVID (2010-2019),Sí,WPRO,Singapore,SGP,99.0,100.0,100.0,100.0,100.0,True,100.0,100.0,100.0,100.0,100.0,100.0,100.0,100.0,100.0,100.0,100.0,100.0,100.0,100.0,100.0,100.0,100.0,100.0,100.0,100.0,100.0,100.0,100.0,100.0,100.0,100.0,100.0,100.0,100.0,100.0,100.0,92.0,92.0,,,,,,,,,,,,,,,,,,,,,,,,,,,,,,,,,,,,,,,
2017,Pre-COVID (2010-2019),Sí,SEARO,Sri Lanka,LKA,76.0,100.0,100.0,95.0,58.0,True,100.0,100.0,100.0,100.0,100.0,100.0,90.0,95.0,89.0,100.0,94.0,50.0,40.0,45.0,57.0,57.0,80.0,80.0,75.0,40.0,58.0,91.0,100.0,100.0,97.0,56.0,56.0,80.0,80.0,62.0,62.0,62.0,62.0,,,,,,,,,,,,,,,,,,,,,,,,,,,,,,,,,,,,,,,
2017,Pre-COVID (2010-2019),Sí,EMRO,Syrian Arab Republic,SYR,64.0,50.0,43.0,50.0,90.0,True,50.0,50.0,67.0,20.0,43.0,100.0,0.0,50.0,89.0,100.0,94.0,33.0,40.0,37.0,43.0,43.0,40.0,40.0,100.0,80.0,90.0,73.0,100.0,100.0,91.0,100.0,100.0,87.0,87.0,38.0,38.0,69.0,69.0,,,,,,,,,,,,,,,,,,,,,,,,,,,,,,,,,,,,,,,
2017,Pre-COVID (2010-2019),No,EURO,Tajikistan,TJK,,,,,,False,,,,,,,,,,,,,,,,,,,,,,,,,,,,,,,,,,,,,,,,,,,,,,,,,,,,,,,,,,,,,,,,,,,,,,,,
2017,Pre-COVID (2010-2019),Sí,SEARO,Thailand,THA,97.0,100.0,80.0,85.0,100.0,True,100.0,100.0,100.0,60.0,80.0,100.0,70.0,85.0,100.0,100.0,100.0,100.0,100.0,100.0,100.0,100.0,100.0,100.0,100.0,100.0,100.0,91.0,100.0,100.0,97.0,100.0,100.0,100.0,100.0,100.0,100.0,100.0,100.0,,,,,,,,,,,,,,,,,,,,,,,,,,,,,,,,,,,,,,,
2017,Pre-COVID (2010-2019),Sí,SEARO,Timor-Leste,TLS,73.0,100.0,100.0,95.0,100.0,True,100.0,100.0,100.0,100.0,100.0,100.0,90.0,95.0,78.0,62.0,70.0,100.0,60.0,80.0,100.0,100.0,40.0,40.0,100.0,100.0,100.0,55.0,0.0,0.0,18.0,89.0,89.0,100.0,100.0,54.0,54.0,0.0,,,,,,,,,,,,,,,,,,,,,,,,,,,,,,,,,,,,,,,,
2017,Pre-COVID (2010-2019),Sí,EURO,Türkiye,TUR,88.0,75.0,100.0,65.0,100.0,True,75.0,75.0,100.0,100.0,100.0,40.0,90.0,65.0,100.0,100.0,100.0,100.0,60.0,80.0,86.0,86.0,100.0,100.0,100.0,100.0,100.0,91.0,100.0,100.0,97.0,89.0,89.0,93.0,93.0,54.0,54.0,100.0,100.0,,,,,,,,,,,,,,,,,,,,,,,,,,,,,,,,,,,,,,,
2017,Pre-COVID (2010-2019),No,EURO,Turkmenistan,TKM,,,,,,False,,,,,,,,,,,,,,,,,,,,,,,,,,,,,,,,,,,,,,,,,,,,,,,,,,,,,,,,,,,,,,,,,,,,,,,,
2017,Pre-COVID (2010-2019),Sí,EMRO,United Arab Emirates,ARE,97.0,100.0,100.0,90.0,100.0,True,100.0,100.0,100.0,100.0,100.0,100.0,80.0,90.0,100.0,88.0,94.0,100.0,100.0,100.0,100.0,100.0,80.0,80.0,100.0,100.0,100.0,100.0,100.0,83.0,94.0,100.0,100.0,100.0,100.0,100.0,100.0,100.0,100.0,,,,,,,,,,,,,,,,,,,,,,,,,,,,,,,,,,,,,,,
2017,Pre-COVID (2010-2019),No,EURO,Uzbekistan,UZB,,,,,,False,,,,,,,,,,,,,,,,,,,,,,,,,,,,,,,,,,,,,,,,,,,,,,,,,,,,,,,,,,,,,,,,,,,,,,,,
2017,Pre-COVID (2010-2019),Sí,WPRO,Viet Nam,VNM,95.0,100.0,100.0,100.0,96.0,True,100.0,100.0,100.0,100.0,100.0,100.0,100.0,100.0,100.0,88.0,94.0,83.0,100.0,92.0,100.0,100.0,100.0,100.0,92.0,100.0,96.0,82.0,100.0,100.0,94.0,100.0,100.0,93.0,93.0,85.0,85.0,85.0,85.0,,,,,,,,,,,,,,,,,,,,,,,,,,,,,,,,,,,,,,,
2017,Pre-COVID (2010-2019),Sí,EMRO,Yemen,YEM,48.0,75.0,47.0,75.0,86.0,True,75.0,75.0,33.0,60.0,47.0,100.0,50.0,75.0,33.0,0.0,17.0,0.0,20.0,10.0,0.0,,100.0,100.0,92.0,80.0,86.0,55.0,50.0,83.0,63.0,100.0,100.0,33.0,33.0,23.0,23.0,0.0,,,,,,,,,,,,,,,,,,,,,,,,,,,,,,,,,,,,,,,,
2017,Pre-COVID (2010-2019),Sí,EURO,Albania,ALB,46.0,75.0,57.0,60.0,63.0,True,75.0,75.0,33.0,80.0,57.0,60.0,60.0,60.0,44.0,25.0,35.0,33.0,0.0,17.0,57.0,57.0,40.0,40.0,67.0,60.0,63.0,45.0,0.0,0.0,15.0,67.0,67.0,33.0,33.0,23.0,23.0,62.0,62.0,,,,,,,,,,,,,,,,,,,,,,,,,,,,,,,,,,,,,,,
2017,Pre-COVID (2010-2019),Sí,EURO,Andorra,AND,29.0,75.0,30.0,70.0,25.0,True,75.0,75.0,0.0,60.0,30.0,100.0,40.0,70.0,0.0,88.0,44.0,17.0,0.0,8.0,14.0,14.0,0.0,,50.0,0.0,25.0,0.0,0.0,0.0,,44.0,44.0,67.0,67.0,0.0,,0.0,,,,,,,,,,,,,,,,,,,,,,,,,,,,,,,,,,,,,,,,
2017,Pre-COVID (2010-2019),Sí,EURO,Austria,AUT,68.0,50.0,53.0,90.0,58.0,True,50.0,50.0,67.0,40.0,53.0,100.0,80.0,90.0,33.0,100.0,67.0,33.0,100.0,67.0,86.0,86.0,40.0,40.0,75.0,40.0,58.0,0.0,0.0,0.0,,100.0,100.0,100.0,100.0,85.0,85.0,92.0,92.0,,,,,,,,,,,,,,,,,,,,,,,,,,,,,,,,,,,,,,,
2017,Pre-COVID (2010-2019),No,EURO,Belarus,BLR,,,,,,False,,,,,,,,,,,,,,,,,,,,,,,,,,,,,,,,,,,,,,,,,,,,,,,,,,,,,,,,,,,,,,,,,,,,,,,,
2017,Pre-COVID (2010-2019),Sí,EURO,Belgium,BEL,83.0,100.0,63.0,85.0,92.0,True,100.0,100.0,67.0,60.0,63.0,100.0,70.0,85.0,44.0,100.0,72.0,33.0,60.0,47.0,100.0,100.0,60.0,60.0,83.0,100.0,92.0,73.0,100.0,50.0,74.0,100.0,100.0,100.0,100.0,85.0,85.0,100.0,100.0,,,,,,,,,,,,,,,,,,,,,,,,,,,,,,,,,,,,,,,
2017,Pre-COVID (2010-2019),Sí,EURO,Bosnia and Herzegovina,BIH,58.0,100.0,30.0,75.0,62.0,True,100.0,100.0,0.0,60.0,30.0,80.0,70.0,75.0,56.0,88.0,72.0,67.0,60.0,63.0,71.0,71.0,20.0,20.0,83.0,40.0,62.0,0.0,0.0,0.0,,44.0,44.0,93.0,93.0,54.0,54.0,69.0,69.0,,,,,,,,,,,,,,,,,,,,,,,,,,,,,,,,,,,,,,,
2017,Pre-COVID (2010-2019),No,EURO,Bulgaria,BGR,,,,,,False,,,,,,,,,,,,,,,,,,,,,,,,,,,,,,,,,,,,,,,,,,,,,,,,,,,,,,,,,,,,,,,,,,,,,,,,
2017,Pre-COVID (2010-2019),Sí,EURO,Croatia,HRV,71.0,50.0,37.0,75.0,76.0,True,50.0,50.0,33.0,40.0,37.0,80.0,70.0,75.0,67.0,100.0,83.0,100.0,80.0,90.0,43.0,43.0,40.0,40.0,92.0,60.0,76.0,73.0,100.0,100.0,91.0,100.0,100.0,87.0,87.0,85.0,85.0,62.0,62.0,,,,,,,,,,,,,,,,,,,,,,,,,,,,,,,,,,,,,,,
2017,Pre-COVID (2010-2019),Sí,EURO,Czech Republic,CZE,94.0,100.0,100.0,100.0,96.0,True,100.0,100.0,100.0,100.0,100.0,100.0,100.0,100.0,100.0,100.0,100.0,83.0,100.0,92.0,86.0,86.0,100.0,100.0,92.0,100.0,96.0,73.0,0.0,67.0,46.0,100.0,100.0,100.0,100.0,100.0,100.0,100.0,100.0,,,,,,,,,,,,,,,,,,,,,,,,,,,,,,,,,,,,,,,
2017,Pre-COVID (2010-2019),Sí,EURO,Denmark,DNK,90.0,100.0,100.0,60.0,100.0,True,100.0,100.0,100.0,100.0,100.0,60.0,60.0,60.0,100.0,88.0,94.0,100.0,100.0,100.0,100.0,100.0,40.0,40.0,100.0,100.0,100.0,82.0,100.0,100.0,94.0,100.0,100.0,100.0,100.0,92.0,92.0,85.0,85.0,,,,,,,,,,,,,,,,,,,,,,,,,,,,,,,,,,,,,,,
2017,Pre-COVID (2010-2019),Sí,EURO,Estonia,EST,70.0,25.0,47.0,95.0,82.0,True,25.0,25.0,33.0,60.0,47.0,100.0,90.0,95.0,78.0,62.0,70.0,83.0,80.0,82.0,86.0,86.0,40.0,40.0,83.0,80.0,82.0,45.0,0.0,0.0,15.0,100.0,100.0,100.0,100.0,77.0,77.0,92.0,92.0,,,,,,,,,,,,,,,,,,,,,,,,,,,,,,,,,,,,,,,
2017,Pre-COVID (2010-2019),No,EURO,Finland,FIN,,,,,,False,,,,,,,,,,,,,,,,,,,,,,,,,,,,,,,,,,,,,,,,,,,,,,,,,,,,,,,,,,,,,,,,,,,,,,,,
2017,Pre-COVID (2010-2019),Sí,EURO,France,FRA,89.0,100.0,100.0,95.0,100.0,True,100.0,100.0,100.0,100.0,100.0,100.0,90.0,95.0,100.0,100.0,100.0,100.0,60.0,80.0,100.0,100.0,60.0,60.0,100.0,100.0,100.0,82.0,0.0,0.0,27.0,100.0,100.0,100.0,100.0,100.0,100.0,100.0,100.0,,,,,,,,,,,,,,,,,,,,,,,,,,,,,,,,,,,,,,,
2017,Pre-COVID (2010-2019),Sí,EURO,Germany,DEU,97.0,100.0,100.0,95.0,100.0,True,100.0,100.0,100.0,100.0,100.0,100.0,90.0,95.0,100.0,100.0,100.0,100.0,100.0,100.0,100.0,100.0,60.0,60.0,100.0,100.0,100.0,100.0,100.0,100.0,100.0,100.0,100.0,100.0,100.0,100.0,100.0,100.0,100.0,,,,,,,,,,,,,,,,,,,,,,,,,,,,,,,,,,,,,,,
2017,Pre-COVID (2010-2019),No,EURO,Greece,GRC,,,,,,False,,,,,,,,,,,,,,,,,,,,,,,,,,,,,,,,,,,,,,,,,,,,,,,,,,,,,,,,,,,,,,,,,,,,,,,,
2017,Pre-COVID (2010-2019),No,EURO,Holy See,VAT,,,,,,False,,,,,,,,,,,,,,,,,,,,,,,,,,,,,,,,,,,,,,,,,,,,,,,,,,,,,,,,,,,,,,,,,,,,,,,,
2017,Pre-COVID (2010-2019),Sí,EURO,Hungary,HUN,82.0,100.0,100.0,95.0,96.0,True,100.0,100.0,100.0,100.0,100.0,100.0,90.0,95.0,78.0,100.0,89.0,83.0,100.0,92.0,86.0,86.0,0.0,,92.0,100.0,96.0,45.0,0.0,0.0,15.0,100.0,100.0,100.0,100.0,92.0,92.0,100.0,100.0,,,,,,,,,,,,,,,,,,,,,,,,,,,,,,,,,,,,,,,
2017,Pre-COVID (2010-2019),Sí,EURO,Iceland,ISL,72.0,100.0,80.0,65.0,53.0,True,100.0,100.0,100.0,60.0,80.0,60.0,70.0,65.0,67.0,75.0,71.0,100.0,100.0,100.0,86.0,86.0,60.0,60.0,67.0,40.0,53.0,73.0,75.0,50.0,66.0,78.0,78.0,80.0,80.0,54.0,54.0,46.0,46.0,,,,,,,,,,,,,,,,,,,,,,,,,,,,,,,,,,,,,,,
2017,Pre-COVID (2010-2019),No,EURO,Ireland,IRL,,,,,,False,,,,,,,,,,,,,,,,,,,,,,,,,,,,,,,,,,,,,,,,,,,,,,,,,,,,,,,,,,,,,,,,,,,,,,,,
2017,Pre-COVID (2010-2019),No,EURO,Italy,ITA,,,,,,False,,,,,,,,,,,,,,,,,,,,,,,,,,,,,,,,,,,,,,,,,,,,,,,,,,,,,,,,,,,,,,,,,,,,,,,,
2017,Pre-COVID (2010-2019),Sí,EURO,Latvia,LVA,90.0,100.0,100.0,90.0,92.0,True,100.0,100.0,100.0,100.0,100.0,100.0,80.0,90.0,89.0,88.0,88.0,83.0,100.0,92.0,86.0,86.0,40.0,40.0,83.0,100.0,92.0,91.0,75.0,100.0,89.0,100.0,100.0,100.0,100.0,92.0,92.0,100.0,100.0,,,,,,,,,,,,,,,,,,,,,,,,,,,,,,,,,,,,,,,
2017,Pre-COVID (2010-2019),Sí,EURO,Liechtenstein,LIE,70.0,100.0,73.0,95.0,86.0,True,100.0,100.0,67.0,80.0,73.0,100.0,90.0,95.0,78.0,75.0,76.0,67.0,60.0,63.0,71.0,71.0,0.0,,92.0,80.0,86.0,0.0,0.0,0.0,,100.0,100.0,87.0,87.0,92.0,92.0,62.0,62.0,,,,,,,,,,,,,,,,,,,,,,,,,,,,,,,,,,,,,,,
2017,Pre-COVID (2010-2019),Sí,EURO,Lithuania,LTU,77.0,100.0,83.0,95.0,35.0,True,100.0,100.0,67.0,100.0,83.0,100.0,90.0,95.0,67.0,75.0,71.0,67.0,60.0,63.0,86.0,86.0,0.0,,50.0,20.0,35.0,91.0,50.0,100.0,80.0,100.0,100.0,93.0,93.0,92.0,92.0,100.0,100.0,,,,,,,,,,,,,,,,,,,,,,,,,,,,,,,,,,,,,,,
2017,Pre-COVID (2010-2019),Sí,EURO,Luxembourg,LUX,88.0,100.0,90.0,75.0,96.0,True,100.0,100.0,100.0,80.0,90.0,60.0,90.0,75.0,100.0,100.0,100.0,100.0,80.0,90.0,100.0,100.0,40.0,40.0,92.0,100.0,96.0,82.0,100.0,100.0,94.0,100.0,100.0,80.0,80.0,85.0,85.0,100.0,100.0,,,,,,,,,,,,,,,,,,,,,,,,,,,,,,,,,,,,,,,
2017,Pre-COVID (2010-2019),Sí,EURO,Malta,MLT,79.0,100.0,100.0,100.0,78.0,True,100.0,100.0,100.0,100.0,100.0,100.0,100.0,100.0,89.0,100.0,94.0,0.0,100.0,50.0,100.0,100.0,0.0,,75.0,80.0,78.0,100.0,75.0,100.0,92.0,100.0,100.0,100.0,100.0,38.0,38.0,69.0,69.0,,,,,,,,,,,,,,,,,,,,,,,,,,,,,,,,,,,,,,,
2017,Pre-COVID (2010-2019),Sí,EURO,Monaco,MCO,81.0,100.0,100.0,80.0,88.0,True,100.0,100.0,100.0,100.0,100.0,80.0,80.0,80.0,100.0,75.0,88.0,83.0,100.0,92.0,29.0,29.0,60.0,60.0,75.0,100.0,88.0,91.0,100.0,100.0,97.0,78.0,78.0,100.0,100.0,54.0,54.0,92.0,92.0,,,,,,,,,,,,,,,,,,,,,,,,,,,,,,,,,,,,,,,
2017,Pre-COVID (2010-2019),Sí,EURO,Montenegro,MNE,56.0,25.0,83.0,80.0,78.0,True,25.0,25.0,67.0,100.0,83.0,100.0,60.0,80.0,56.0,75.0,65.0,50.0,80.0,65.0,86.0,86.0,20.0,20.0,75.0,80.0,78.0,27.0,0.0,0.0,9.0,56.0,56.0,67.0,67.0,31.0,31.0,62.0,62.0,,,,,,,,,,,,,,,,,,,,,,,,,,,,,,,,,,,,,,,
2017,Pre-COVID (2010-2019),Sí,EURO,Netherlands (Kingdom of the),NLD,95.0,100.0,100.0,100.0,96.0,True,100.0,100.0,100.0,100.0,100.0,100.0,100.0,100.0,100.0,100.0,100.0,100.0,80.0,90.0,100.0,100.0,60.0,60.0,92.0,100.0,96.0,100.0,75.0,100.0,92.0,100.0,100.0,100.0,100.0,100.0,100.0,92.0,92.0,,,,,,,,,,,,,,,,,,,,,,,,,,,,,,,,,,,,,,,
2017,Pre-COVID (2010-2019),Sí,EURO,North Macedonia,MKD,90.0,100.0,100.0,100.0,63.0,True,100.0,100.0,100.0,100.0,100.0,100.0,100.0,100.0,100.0,100.0,100.0,100.0,80.0,90.0,100.0,100.0,60.0,60.0,67.0,60.0,63.0,91.0,100.0,100.0,97.0,100.0,100.0,100.0,100.0,85.0,85.0,77.0,77.0,,,,,,,,,,,,,,,,,,,,,,,,,,,,,,,,,,,,,,,
2017,Pre-COVID (2010-2019),Sí,EURO,Norway,NOR,99.0,100.0,100.0,100.0,100.0,True,100.0,100.0,100.0,100.0,100.0,100.0,100.0,100.0,100.0,100.0,100.0,100.0,100.0,100.0,100.0,100.0,100.0,100.0,100.0,100.0,100.0,100.0,100.0,100.0,100.0,100.0,100.0,100.0,100.0,92.0,92.0,100.0,100.0,,,,,,,,,,,,,,,,,,,,,,,,,,,,,,,,,,,,,,,
2017,Pre-COVID (2010-2019),Sí,EURO,Poland,POL,74.0,50.0,100.0,95.0,100.0,True,50.0,50.0,100.0,100.0,100.0,100.0,90.0,95.0,100.0,88.0,94.0,83.0,80.0,82.0,43.0,43.0,0.0,,100.0,100.0,100.0,82.0,100.0,67.0,83.0,78.0,78.0,73.0,73.0,62.0,62.0,100.0,100.0,,,,,,,,,,,,,,,,,,,,,,,,,,,,,,,,,,,,,,,
2017,Pre-COVID (2010-2019),Sí,EURO,Portugal,PRT,91.0,100.0,100.0,95.0,100.0,True,100.0,100.0,100.0,100.0,100.0,100.0,90.0,95.0,89.0,88.0,88.0,100.0,100.0,100.0,86.0,86.0,60.0,60.0,100.0,100.0,100.0,82.0,100.0,50.0,77.0,89.0,89.0,93.0,93.0,100.0,100.0,92.0,92.0,,,,,,,,,,,,,,,,,,,,,,,,,,,,,,,,,,,,,,,
2017,Pre-COVID (2010-2019),No,EURO,Republic of Moldova,MDA,,,,,,False,,,,,,,,,,,,,,,,,,,,,,,,,,,,,,,,,,,,,,,,,,,,,,,,,,,,,,,,,,,,,,,,,,,,,,,,
2017,Pre-COVID (2010-2019),Sí,EURO,Romania,ROU,76.0,75.0,83.0,80.0,76.0,True,75.0,75.0,67.0,100.0,83.0,100.0,60.0,80.0,100.0,75.0,88.0,83.0,80.0,82.0,71.0,71.0,40.0,40.0,92.0,60.0,76.0,73.0,50.0,33.0,52.0,89.0,89.0,93.0,93.0,77.0,77.0,85.0,85.0,,,,,,,,,,,,,,,,,,,,,,,,,,,,,,,,,,,,,,,
2017,Pre-COVID (2010-2019),No,EURO,Russian Federation,RUS,,,,,,False,,,,,,,,,,,,,,,,,,,,,,,,,,,,,,,,,,,,,,,,,,,,,,,,,,,,,,,,,,,,,,,,,,,,,,,,
2017,Pre-COVID (2010-2019),Sí,EURO,San Marino,SMR,61.0,50.0,37.0,25.0,69.0,True,50.0,50.0,33.0,40.0,37.0,20.0,30.0,25.0,44.0,75.0,60.0,50.0,0.0,25.0,43.0,43.0,40.0,40.0,58.0,80.0,69.0,73.0,50.0,33.0,52.0,100.0,100.0,93.0,93.0,100.0,100.0,100.0,100.0,,,,,,,,,,,,,,,,,,,,,,,,,,,,,,,,,,,,,,,
2017,Pre-COVID (2010-2019),Sí,EURO,Serbia,SRB,44.0,25.0,20.0,40.0,55.0,True,25.0,25.0,0.0,40.0,20.0,20.0,60.0,40.0,67.0,62.0,65.0,67.0,60.0,63.0,43.0,43.0,0.0,,50.0,60.0,55.0,0.0,0.0,0.0,,100.0,100.0,60.0,60.0,62.0,62.0,38.0,38.0,,,,,,,,,,,,,,,,,,,,,,,,,,,,,,,,,,,,,,,
2017,Pre-COVID (2010-2019),Sí,EURO,Slovakia,SVK,95.0,100.0,100.0,100.0,100.0,True,100.0,100.0,100.0,100.0,100.0,100.0,100.0,100.0,100.0,100.0,100.0,100.0,100.0,100.0,57.0,57.0,100.0,100.0,100.0,100.0,100.0,91.0,100.0,83.0,91.0,100.0,100.0,100.0,100.0,100.0,100.0,85.0,85.0,,,,,,,,,,,,,,,,,,,,,,,,,,,,,,,,,,,,,,,
2017,Pre-COVID (2010-2019),Sí,EURO,Slovenia,SVN,77.0,100.0,90.0,80.0,96.0,True,100.0,100.0,100.0,80.0,90.0,100.0,60.0,80.0,56.0,100.0,78.0,50.0,100.0,75.0,57.0,57.0,0.0,,92.0,100.0,96.0,91.0,75.0,83.0,83.0,100.0,100.0,100.0,100.0,69.0,69.0,77.0,77.0,,,,,,,,,,,,,,,,,,,,,,,,,,,,,,,,,,,,,,,
2017,Pre-COVID (2010-2019),Sí,EURO,Spain,ESP,95.0,100.0,100.0,100.0,100.0,True,100.0,100.0,100.0,100.0,100.0,100.0,100.0,100.0,89.0,100.0,94.0,100.0,100.0,100.0,86.0,86.0,80.0,80.0,100.0,100.0,100.0,100.0,75.0,67.0,81.0,100.0,100.0,100.0,100.0,92.0,92.0,100.0,100.0,,,,,,,,,,,,,,,,,,,,,,,,,,,,,,,,,,,,,,,
2017,Pre-COVID (2010-2019),Sí,EURO,Sweden,SWE,93.0,100.0,73.0,95.0,96.0,True,100.0,100.0,67.0,80.0,73.0,100.0,90.0,95.0,89.0,100.0,94.0,67.0,100.0,83.0,100.0,100.0,100.0,100.0,92.0,100.0,96.0,73.0,100.0,83.0,85.0,100.0,100.0,93.0,93.0,92.0,92.0,92.0,92.0,,,,,,,,,,,,,,,,,,,,,,,,,,,,,,,,,,,,,,,
2017,Pre-COVID (2010-2019),Sí,EURO,Switzerland,CHE,91.0,100.0,100.0,90.0,100.0,True,100.0,100.0,100.0,100.0,100.0,100.0,80.0,90.0,100.0,100.0,100.0,100.0,100.0,100.0,86.0,86.0,20.0,20.0,100.0,100.0,100.0,73.0,100.0,100.0,91.0,100.0,100.0,100.0,100.0,100.0,100.0,100.0,100.0,,,,,,,,,,,,,,,,,,,,,,,,,,,,,,,,,,,,,,,
2017,Pre-COVID (2010-2019),Sí,EURO,Ukraine,UKR,50.0,75.0,30.0,65.0,66.0,True,75.0,75.0,0.0,60.0,30.0,80.0,50.0,65.0,44.0,25.0,35.0,50.0,60.0,55.0,0.0,,40.0,40.0,92.0,40.0,66.0,55.0,50.0,0.0,35.0,67.0,67.0,53.0,53.0,54.0,54.0,69.0,69.0,,,,,,,,,,,,,,,,,,,,,,,,,,,,,,,,,,,,,,,
2017,Pre-COVID (2010-2019),Sí,EURO,United Kingdom of Great Britain and Northern Ireland,GBR,89.0,100.0,90.0,90.0,96.0,True,100.0,100.0,100.0,80.0,90.0,100.0,80.0,90.0,100.0,100.0,100.0,100.0,100.0,100.0,100.0,100.0,40.0,40.0,92.0,100.0,96.0,36.0,75.0,50.0,54.0,100.0,100.0,100.0,100.0,92.0,92.0,100.0,100.0,,,,,,,,,,,,,,,,,,,,,,,,,,,,,,,,,,,,,,,
2018,Pre-COVID (2010-2019),Sí,AFRO,Algeria,DZA,80.0,100.0,90.0,80.0,60.0,True,,100.0,,,90.0,,,80.0,,,80.0,,,60.0,,80.0,,80.0,,,53.0,,,,93.0,,60.0,,60.0,,100.0,,100.0,100.0,100.0,100.0,80.0,100.0,80.0,80.0,60.0,20.0,100.0,80.0,80.0,80.0,60.0,20.0,80.0,80.0,100.0,100.0,60.0,80.0,40.0,100.0,100.0,,,,,,,,,,,,,,,
2018,Pre-COVID (2010-2019),Sí,AFRO,Angola,AGO,59.0,47.0,80.0,90.0,60.0,True,,47.0,,,80.0,,,80.0,,,20.0,,,60.0,,90.0,,60.0,,,60.0,,,,47.0,,80.0,,40.0,,40.0,,60.0,20.0,40.0,80.0,60.0,100.0,80.0,20.0,60.0,40.0,80.0,80.0,100.0,60.0,40.0,60.0,80.0,40.0,40.0,60.0,80.0,40.0,40.0,40.0,60.0,,,,,,,,,,,,,,,
2018,Pre-COVID (2010-2019),Sí,AFRO,Benin,BEN,35.0,33.0,60.0,50.0,60.0,True,,33.0,,,60.0,,,20.0,,,40.0,,,60.0,,50.0,,60.0,,,27.0,,,,20.0,,40.0,,0.0,,20.0,,20.0,20.0,60.0,20.0,40.0,80.0,20.0,40.0,60.0,40.0,80.0,80.0,20.0,60.0,40.0,40.0,0.0,40.0,0.0,20.0,40.0,0.0,0.0,20.0,20.0,,,,,,,,,,,,,,,
2018,Pre-COVID (2010-2019),Sí,AFRO,Botswana,BWA,26.0,27.0,10.0,40.0,67.0,True,,27.0,,,10.0,,,20.0,,,40.0,,,67.0,,40.0,,20.0,,,13.0,,,,47.0,,20.0,,0.0,,20.0,,20.0,40.0,20.0,20.0,20.0,0.0,20.0,40.0,80.0,40.0,80.0,60.0,20.0,20.0,20.0,20.0,0.0,40.0,40.0,60.0,20.0,0.0,0.0,20.0,20.0,,,,,,,,,,,,,,,
2018,Pre-COVID (2010-2019),Sí,AFRO,Burkina Faso,BFA,29.0,33.0,30.0,50.0,27.0,True,,33.0,,,30.0,,,40.0,,,40.0,,,27.0,,50.0,,60.0,,,20.0,,,,13.0,,20.0,,0.0,,20.0,,20.0,20.0,40.0,40.0,20.0,40.0,40.0,40.0,20.0,20.0,40.0,60.0,40.0,60.0,20.0,20.0,20.0,0.0,0.0,40.0,20.0,0.0,0.0,20.0,20.0,,,,,,,,,,,,,,,
2018,Pre-COVID (2010-2019),Sí,AFRO,Burundi,BDI,23.0,7.0,30.0,50.0,40.0,True,,7.0,,,30.0,,,20.0,,,40.0,,,40.0,,50.0,,40.0,,,13.0,,,,27.0,,20.0,,10.0,,0.0,,0.0,0.0,20.0,0.0,40.0,20.0,20.0,40.0,80.0,0.0,40.0,60.0,40.0,40.0,20.0,20.0,0.0,40.0,20.0,20.0,20.0,20.0,0.0,0.0,0.0,,,,,,,,,,,,,,,
2018,Pre-COVID (2010-2019),Sí,AFRO,Cabo Verde,CPV,46.0,60.0,50.0,60.0,73.0,True,,60.0,,,50.0,,,60.0,,,80.0,,,73.0,,60.0,,40.0,,,20.0,,,,53.0,,20.0,,40.0,,20.0,,20.0,60.0,40.0,80.0,40.0,60.0,60.0,80.0,100.0,20.0,100.0,60.0,60.0,40.0,20.0,20.0,20.0,40.0,40.0,80.0,20.0,40.0,40.0,20.0,20.0,,,,,,,,,,,,,,,
2018,Pre-COVID (2010-2019),Sí,AFRO,Cameroon,CMR,38.0,27.0,40.0,50.0,47.0,True,,27.0,,,40.0,,,60.0,,,40.0,,,47.0,,50.0,,60.0,,,33.0,,,,33.0,,20.0,,20.0,,20.0,,40.0,20.0,40.0,20.0,40.0,40.0,60.0,40.0,20.0,40.0,80.0,60.0,40.0,60.0,40.0,40.0,20.0,40.0,40.0,20.0,20.0,20.0,20.0,20.0,40.0,,,,,,,,,,,,,,,
2018,Pre-COVID (2010-2019),Sí,AFRO,Central African Republic,CAF,13.0,0.0,0.0,30.0,27.0,True,,0.0,,,0.0,,,20.0,,,0.0,,,27.0,,30.0,,20.0,,,27.0,,,,7.0,,20.0,,0.0,,0.0,,20.0,0.0,0.0,0.0,0.0,0.0,20.0,0.0,40.0,0.0,40.0,40.0,20.0,20.0,0.0,40.0,40.0,0.0,0.0,20.0,20.0,0.0,0.0,0.0,20.0,,,,,,,,,,,,,,,
2018,Pre-COVID (2010-2019),Sí,AFRO,Chad,TCD,29.0,27.0,30.0,70.0,33.0,True,,27.0,,,30.0,,,20.0,,,20.0,,,33.0,,70.0,,40.0,,,27.0,,,,27.0,,20.0,,20.0,,20.0,,20.0,20.0,20.0,40.0,40.0,20.0,20.0,20.0,40.0,20.0,40.0,80.0,60.0,40.0,40.0,20.0,20.0,40.0,20.0,20.0,20.0,20.0,20.0,20.0,20.0,,,,,,,,,,,,,,,
2018,Pre-COVID (2010-2019),Sí,AFRO,Comoros,COM,19.0,20.0,40.0,40.0,13.0,True,,20.0,,,40.0,,,40.0,,,20.0,,,13.0,,40.0,,20.0,,,13.0,,,,20.0,,20.0,,0.0,,0.0,,0.0,20.0,40.0,0.0,60.0,20.0,40.0,20.0,20.0,0.0,20.0,60.0,20.0,20.0,20.0,20.0,0.0,40.0,0.0,20.0,20.0,0.0,0.0,0.0,0.0,,,,,,,,,,,,,,,
2018,Pre-COVID (2010-2019),Sí,AFRO,Congo,COG,47.0,53.0,60.0,80.0,33.0,True,,53.0,,,60.0,,,40.0,,,40.0,,,33.0,,80.0,,80.0,,,47.0,,,,40.0,,40.0,,40.0,,20.0,,40.0,20.0,60.0,80.0,80.0,40.0,40.0,40.0,60.0,20.0,20.0,80.0,80.0,80.0,60.0,20.0,60.0,60.0,20.0,40.0,40.0,40.0,40.0,20.0,40.0,,,,,,,,,,,,,,,
2018,Pre-COVID (2010-2019),Sí,AFRO,Côte d'Ivoire,CIV,44.0,33.0,20.0,30.0,73.0,True,,33.0,,,20.0,,,60.0,,,20.0,,,73.0,,30.0,,80.0,,,33.0,,,,27.0,,20.0,,40.0,,100.0,,40.0,20.0,60.0,20.0,20.0,20.0,60.0,20.0,80.0,40.0,100.0,40.0,20.0,80.0,20.0,60.0,20.0,40.0,20.0,20.0,20.0,40.0,40.0,100.0,40.0,,,,,,,,,,,,,,,
2018,Pre-COVID (2010-2019),Sí,AFRO,Democratic Republic of the Congo,COD,34.0,27.0,60.0,40.0,40.0,True,,27.0,,,60.0,,,60.0,,,20.0,,,40.0,,40.0,,60.0,,,33.0,,,,27.0,,20.0,,20.0,,20.0,,20.0,40.0,40.0,0.0,80.0,40.0,60.0,20.0,40.0,40.0,40.0,60.0,20.0,60.0,40.0,20.0,40.0,40.0,20.0,20.0,20.0,40.0,0.0,20.0,20.0,,,,,,,,,,,,,,,
2018,Pre-COVID (2010-2019),Sí,EMRO,Djibouti,DJI,37.0,27.0,50.0,100.0,33.0,True,,27.0,,,50.0,,,40.0,,,80.0,,,33.0,,100.0,,60.0,,,20.0,,,,27.0,,20.0,,30.0,,0.0,,0.0,40.0,20.0,20.0,40.0,60.0,40.0,80.0,20.0,20.0,60.0,100.0,100.0,60.0,20.0,20.0,20.0,40.0,0.0,40.0,20.0,40.0,20.0,0.0,0.0,,,,,,,,,,,,,,,
2018,Pre-COVID (2010-2019),Sí,EMRO,Egypt,EGY,82.0,93.0,90.0,90.0,87.0,True,,93.0,,,90.0,,,80.0,,,80.0,,,87.0,,90.0,,80.0,,,100.0,,,,73.0,,60.0,,90.0,,60.0,,80.0,80.0,100.0,100.0,80.0,100.0,80.0,80.0,100.0,60.0,100.0,100.0,80.0,80.0,100.0,100.0,100.0,100.0,60.0,60.0,60.0,100.0,80.0,60.0,80.0,,,,,,,,,,,,,,,
2018,Pre-COVID (2010-2019),Sí,AFRO,Equatorial Guinea,GNQ,22.0,33.0,0.0,20.0,53.0,True,,33.0,,,0.0,,,20.0,,,0.0,,,53.0,,20.0,,40.0,,,20.0,,,,40.0,,20.0,,40.0,,0.0,,0.0,20.0,60.0,20.0,0.0,0.0,20.0,0.0,60.0,60.0,40.0,20.0,20.0,40.0,20.0,20.0,20.0,40.0,40.0,40.0,20.0,40.0,40.0,0.0,0.0,,,,,,,,,,,,,,,
2018,Pre-COVID (2010-2019),Sí,AFRO,Eritrea,ERI,35.0,20.0,50.0,50.0,47.0,True,,20.0,,,50.0,,,20.0,,,20.0,,,47.0,,50.0,,80.0,,,20.0,,,,33.0,,40.0,,40.0,,20.0,,20.0,20.0,20.0,20.0,80.0,20.0,20.0,20.0,60.0,40.0,40.0,80.0,20.0,80.0,20.0,20.0,20.0,20.0,20.0,60.0,40.0,60.0,20.0,20.0,20.0,,,,,,,,,,,,,,,
2018,Pre-COVID (2010-2019),Sí,AFRO,Eswatini,SWZ,42.0,40.0,30.0,80.0,80.0,True,,40.0,,,30.0,,,20.0,,,40.0,,,80.0,,80.0,,40.0,,,33.0,,,,33.0,,40.0,,30.0,,60.0,,20.0,60.0,20.0,40.0,40.0,20.0,20.0,40.0,80.0,100.0,60.0,80.0,80.0,40.0,20.0,60.0,20.0,20.0,40.0,40.0,40.0,40.0,20.0,60.0,20.0,,,,,,,,,,,,,,,
2018,Pre-COVID (2010-2019),Sí,AFRO,Ethiopia,ETH,58.0,67.0,60.0,70.0,73.0,True,,67.0,,,60.0,,,60.0,,,20.0,,,73.0,,70.0,,80.0,,,73.0,,,,67.0,,80.0,,40.0,,20.0,,40.0,60.0,40.0,100.0,80.0,40.0,60.0,20.0,80.0,60.0,80.0,60.0,80.0,80.0,80.0,60.0,80.0,80.0,60.0,60.0,80.0,40.0,40.0,20.0,40.0,,,,,,,,,,,,,,,
2018,Pre-COVID (2010-2019),Sí,AFRO,Gabon,GAB,40.0,13.0,50.0,50.0,53.0,True,,13.0,,,50.0,,,100.0,,,20.0,,,53.0,,50.0,,60.0,,,27.0,,,,33.0,,20.0,,10.0,,40.0,,40.0,20.0,20.0,0.0,80.0,20.0,100.0,20.0,60.0,40.0,60.0,80.0,20.0,60.0,40.0,20.0,20.0,40.0,20.0,40.0,20.0,20.0,0.0,40.0,40.0,,,,,,,,,,,,,,,
2018,Pre-COVID (2010-2019),Sí,AFRO,Gambia,GMB,35.0,33.0,30.0,50.0,47.0,True,,33.0,,,30.0,,,20.0,,,40.0,,,47.0,,50.0,,60.0,,,33.0,,,,47.0,,20.0,,30.0,,20.0,,20.0,40.0,20.0,40.0,40.0,20.0,20.0,40.0,60.0,20.0,60.0,60.0,40.0,60.0,40.0,20.0,40.0,40.0,40.0,60.0,20.0,40.0,20.0,20.0,20.0,,,,,,,,,,,,,,,
2018,Pre-COVID (2010-2019),Sí,AFRO,Ghana,GHA,47.0,27.0,50.0,80.0,47.0,True,,27.0,,,50.0,,,60.0,,,40.0,,,47.0,,80.0,,20.0,,,27.0,,,,40.0,,80.0,,40.0,,40.0,,60.0,40.0,20.0,20.0,60.0,40.0,60.0,40.0,60.0,20.0,60.0,80.0,80.0,20.0,40.0,20.0,20.0,40.0,40.0,40.0,80.0,40.0,40.0,40.0,60.0,,,,,,,,,,,,,,,
2018,Pre-COVID (2010-2019),Sí,AFRO,Guinea,GIN,55.0,47.0,60.0,80.0,67.0,True,,47.0,,,60.0,,,80.0,,,40.0,,,67.0,,80.0,,80.0,,,73.0,,,,53.0,,40.0,,60.0,,20.0,,20.0,40.0,40.0,60.0,80.0,40.0,80.0,40.0,80.0,40.0,80.0,80.0,80.0,80.0,40.0,80.0,100.0,80.0,40.0,40.0,40.0,80.0,40.0,20.0,20.0,,,,,,,,,,,,,,,
2018,Pre-COVID (2010-2019),Sí,AFRO,Guinea-Bissau,GNB,40.0,27.0,40.0,70.0,40.0,True,,27.0,,,40.0,,,80.0,,,20.0,,,40.0,,70.0,,60.0,,,53.0,,,,33.0,,40.0,,20.0,,20.0,,20.0,20.0,40.0,20.0,40.0,40.0,80.0,20.0,60.0,20.0,40.0,80.0,60.0,60.0,40.0,60.0,60.0,20.0,20.0,60.0,40.0,20.0,20.0,20.0,20.0,,,,,,,,,,,,,,,
2018,Pre-COVID (2010-2019),Sí,AFRO,Kenya,KEN,35.0,20.0,20.0,50.0,53.0,True,,20.0,,,20.0,,,60.0,,,20.0,,,53.0,,50.0,,20.0,,,33.0,,,,33.0,,20.0,,40.0,,40.0,,40.0,40.0,20.0,0.0,40.0,0.0,60.0,20.0,20.0,60.0,80.0,80.0,20.0,20.0,20.0,60.0,20.0,40.0,40.0,20.0,20.0,40.0,40.0,40.0,40.0,,,,,,,,,,,,,,,
2018,Pre-COVID (2010-2019),Sí,AFRO,Lesotho,LSO,33.0,53.0,40.0,60.0,53.0,True,,53.0,,,40.0,,,40.0,,,40.0,,,53.0,,60.0,,40.0,,,13.0,,,,27.0,,40.0,,20.0,,0.0,,0.0,40.0,60.0,60.0,80.0,0.0,40.0,40.0,80.0,0.0,80.0,80.0,40.0,40.0,0.0,0.0,40.0,0.0,40.0,40.0,40.0,40.0,0.0,0.0,0.0,,,,,,,,,,,,,,,
2018,Pre-COVID (2010-2019),Sí,AFRO,Liberia,LBR,46.0,27.0,70.0,80.0,67.0,True,,27.0,,,70.0,,,60.0,,,20.0,,,67.0,,80.0,,40.0,,,47.0,,,,33.0,,60.0,,60.0,,20.0,,20.0,40.0,20.0,20.0,80.0,60.0,60.0,20.0,100.0,20.0,80.0,80.0,80.0,40.0,20.0,100.0,20.0,20.0,40.0,40.0,60.0,60.0,60.0,20.0,20.0,,,,,,,,,,,,,,,
2018,Pre-COVID (2010-2019),Sí,EMRO,Libya,LBY,41.0,33.0,40.0,80.0,60.0,True,,33.0,,,40.0,,,60.0,,,20.0,,,60.0,,80.0,,80.0,,,27.0,,,,27.0,,20.0,,0.0,,40.0,,40.0,40.0,0.0,60.0,40.0,40.0,60.0,20.0,80.0,20.0,80.0,80.0,80.0,80.0,0.0,0.0,80.0,20.0,20.0,40.0,20.0,0.0,0.0,40.0,40.0,,,,,,,,,,,,,,,
2018,Pre-COVID (2010-2019),Sí,AFRO,Madagascar,MDG,26.0,20.0,30.0,40.0,53.0,True,,20.0,,,30.0,,,20.0,,,40.0,,,53.0,,40.0,,20.0,,,27.0,,,,33.0,,20.0,,20.0,,20.0,,0.0,20.0,20.0,20.0,40.0,20.0,20.0,40.0,40.0,40.0,80.0,60.0,20.0,20.0,20.0,40.0,20.0,40.0,40.0,20.0,20.0,20.0,20.0,20.0,0.0,,,,,,,,,,,,,,,
2018,Pre-COVID (2010-2019),Sí,AFRO,Malawi,MWI,42.0,40.0,40.0,70.0,53.0,True,,40.0,,,40.0,,,60.0,,,40.0,,,53.0,,70.0,,80.0,,,33.0,,,,40.0,,20.0,,30.0,,20.0,,20.0,20.0,40.0,60.0,40.0,40.0,60.0,40.0,80.0,40.0,40.0,80.0,60.0,80.0,40.0,20.0,40.0,40.0,40.0,40.0,20.0,40.0,20.0,20.0,20.0,,,,,,,,,,,,,,,
2018,Pre-COVID (2010-2019),Sí,AFRO,Mali,MLI,49.0,47.0,50.0,70.0,53.0,True,,47.0,,,50.0,,,80.0,,,80.0,,,53.0,,70.0,,40.0,,,53.0,,,,33.0,,60.0,,30.0,,20.0,,20.0,60.0,40.0,40.0,40.0,60.0,80.0,80.0,60.0,20.0,80.0,80.0,60.0,40.0,60.0,60.0,40.0,20.0,40.0,40.0,60.0,40.0,20.0,20.0,20.0,,,,,,,,,,,,,,,
2018,Pre-COVID (2010-2019),Sí,AFRO,Mauritania,MRT,26.0,27.0,40.0,30.0,33.0,True,,27.0,,,40.0,,,20.0,,,20.0,,,33.0,,30.0,,20.0,,,20.0,,,,27.0,,20.0,,20.0,,20.0,,40.0,40.0,20.0,20.0,40.0,40.0,20.0,20.0,20.0,20.0,60.0,40.0,20.0,20.0,20.0,20.0,20.0,20.0,20.0,40.0,20.0,20.0,20.0,20.0,40.0,,,,,,,,,,,,,,,
2018,Pre-COVID (2010-2019),Sí,AFRO,Mauritius,MUS,62.0,53.0,90.0,60.0,53.0,True,,53.0,,,90.0,,,20.0,,,80.0,,,53.0,,60.0,,60.0,,,60.0,,,,67.0,,80.0,,80.0,,80.0,,20.0,80.0,40.0,40.0,80.0,100.0,20.0,80.0,100.0,20.0,40.0,60.0,60.0,60.0,60.0,80.0,40.0,60.0,40.0,100.0,80.0,80.0,80.0,80.0,20.0,,,,,,,,,,,,,,,
2018,Pre-COVID (2010-2019),Sí,EMRO,Morocco,MAR,75.0,87.0,50.0,80.0,80.0,True,,87.0,,,50.0,,,80.0,,,80.0,,,80.0,,80.0,,80.0,,,80.0,,,,67.0,,80.0,,70.0,,80.0,,60.0,80.0,80.0,100.0,40.0,60.0,80.0,80.0,100.0,40.0,100.0,80.0,80.0,80.0,80.0,80.0,80.0,60.0,60.0,80.0,80.0,80.0,60.0,80.0,60.0,,,,,,,,,,,,,,,
2018,Pre-COVID (2010-2019),Sí,AFRO,Mozambique,MOZ,53.0,40.0,50.0,60.0,60.0,True,,40.0,,,50.0,,,60.0,,,60.0,,,60.0,,60.0,,60.0,,,47.0,,,,47.0,,80.0,,40.0,,40.0,,40.0,40.0,40.0,40.0,60.0,40.0,60.0,60.0,60.0,60.0,60.0,60.0,60.0,60.0,60.0,40.0,40.0,40.0,60.0,40.0,80.0,40.0,40.0,40.0,40.0,,,,,,,,,,,,,,,
2018,Pre-COVID (2010-2019),Sí,AFRO,Namibia,NAM,47.0,60.0,60.0,70.0,73.0,True,,60.0,,,60.0,,,80.0,,,60.0,,,73.0,,70.0,,20.0,,,20.0,,,,33.0,,20.0,,40.0,,40.0,,40.0,60.0,60.0,60.0,60.0,60.0,80.0,60.0,100.0,60.0,60.0,80.0,60.0,20.0,20.0,20.0,20.0,40.0,60.0,0.0,20.0,40.0,40.0,40.0,40.0,,,,,,,,,,,,,,,
2018,Pre-COVID (2010-2019),Sí,AFRO,Niger,NER,44.0,20.0,60.0,70.0,60.0,True,,20.0,,,60.0,,,80.0,,,40.0,,,60.0,,70.0,,80.0,,,47.0,,,,33.0,,20.0,,20.0,,20.0,,20.0,20.0,20.0,20.0,80.0,40.0,80.0,40.0,80.0,20.0,80.0,80.0,60.0,80.0,80.0,20.0,40.0,40.0,40.0,20.0,20.0,20.0,20.0,20.0,20.0,,,,,,,,,,,,,,,
2018,Pre-COVID (2010-2019),Sí,AFRO,Nigeria,NGA,52.0,60.0,100.0,80.0,27.0,True,,60.0,,,100.0,,,60.0,,,80.0,,,27.0,,80.0,,60.0,,,40.0,,,,33.0,,40.0,,40.0,,20.0,,40.0,80.0,40.0,60.0,100.0,100.0,60.0,80.0,40.0,20.0,20.0,80.0,80.0,60.0,40.0,60.0,20.0,40.0,40.0,20.0,40.0,40.0,40.0,20.0,40.0,,,,,,,,,,,,,,,
2018,Pre-COVID (2010-2019),Sí,AFRO,Rwanda,RWA,67.0,93.0,90.0,70.0,93.0,True,,93.0,,,90.0,,,80.0,,,80.0,,,93.0,,70.0,,40.0,,,40.0,,,,67.0,,100.0,,40.0,,40.0,,40.0,100.0,80.0,100.0,80.0,100.0,80.0,80.0,100.0,80.0,100.0,80.0,60.0,40.0,20.0,40.0,60.0,60.0,60.0,80.0,100.0,40.0,40.0,40.0,40.0,,,,,,,,,,,,,,,
2018,Pre-COVID (2010-2019),Sí,AFRO,Sao Tome and Principe,STP,39.0,40.0,50.0,20.0,33.0,True,,40.0,,,50.0,,,60.0,,,0.0,,,33.0,,20.0,,80.0,,,7.0,,,,53.0,,80.0,,40.0,,40.0,,0.0,40.0,20.0,60.0,60.0,40.0,60.0,0.0,100.0,0.0,0.0,40.0,0.0,80.0,20.0,0.0,0.0,80.0,20.0,60.0,80.0,80.0,0.0,40.0,0.0,,,,,,,,,,,,,,,
2018,Pre-COVID (2010-2019),Sí,AFRO,Senegal,SEN,45.0,60.0,70.0,40.0,60.0,True,,60.0,,,70.0,,,60.0,,,40.0,,,60.0,,40.0,,40.0,,,53.0,,,,40.0,,20.0,,20.0,,40.0,,40.0,40.0,80.0,60.0,60.0,80.0,60.0,40.0,60.0,40.0,80.0,60.0,20.0,40.0,40.0,60.0,60.0,40.0,40.0,40.0,20.0,20.0,20.0,40.0,40.0,,,,,,,,,,,,,,,
2018,Pre-COVID (2010-2019),Sí,AFRO,Seychelles,SYC,48.0,73.0,20.0,80.0,80.0,True,,73.0,,,20.0,,,60.0,,,80.0,,,80.0,,80.0,,20.0,,,20.0,,,,53.0,,60.0,,40.0,,20.0,,20.0,60.0,100.0,60.0,40.0,0.0,60.0,80.0,100.0,40.0,100.0,80.0,80.0,20.0,20.0,20.0,20.0,20.0,60.0,80.0,60.0,40.0,40.0,20.0,20.0,,,,,,,,,,,,,,,
2018,Pre-COVID (2010-2019),Sí,AFRO,Sierra Leone,SLE,38.0,33.0,50.0,70.0,33.0,True,,33.0,,,50.0,,,20.0,,,20.0,,,33.0,,70.0,,20.0,,,53.0,,,,33.0,,80.0,,40.0,,20.0,,20.0,60.0,20.0,20.0,40.0,60.0,20.0,20.0,60.0,0.0,40.0,80.0,60.0,20.0,40.0,80.0,40.0,40.0,40.0,20.0,80.0,40.0,40.0,20.0,20.0,,,,,,,,,,,,,,,
2018,Pre-COVID (2010-2019),Sí,EMRO,Somalia,SOM,31.0,20.0,50.0,50.0,27.0,True,,20.0,,,50.0,,,60.0,,,20.0,,,27.0,,50.0,,20.0,,,20.0,,,,53.0,,20.0,,20.0,,20.0,,20.0,20.0,20.0,20.0,60.0,40.0,60.0,20.0,40.0,20.0,20.0,80.0,20.0,20.0,20.0,20.0,20.0,100.0,20.0,40.0,20.0,20.0,20.0,20.0,20.0,,,,,,,,,,,,,,,
2018,Pre-COVID (2010-2019),Sí,AFRO,South Africa,ZAF,66.0,80.0,50.0,60.0,100.0,True,,80.0,,,50.0,,,100.0,,,80.0,,,100.0,,60.0,,60.0,,,40.0,,,,53.0,,20.0,,60.0,,80.0,,80.0,40.0,100.0,100.0,40.0,60.0,100.0,80.0,100.0,100.0,100.0,80.0,40.0,60.0,20.0,80.0,20.0,40.0,20.0,100.0,20.0,60.0,60.0,80.0,80.0,,,,,,,,,,,,,,,
2018,Pre-COVID (2010-2019),Sí,AFRO,South Sudan,SSD,39.0,20.0,40.0,80.0,47.0,True,,20.0,,,40.0,,,60.0,,,20.0,,,47.0,,80.0,,40.0,,,40.0,,,,47.0,,40.0,,30.0,,20.0,,20.0,20.0,20.0,20.0,60.0,20.0,60.0,20.0,40.0,40.0,60.0,80.0,80.0,40.0,40.0,60.0,20.0,80.0,20.0,40.0,40.0,40.0,20.0,20.0,20.0,,,,,,,,,,,,,,,
2018,Pre-COVID (2010-2019),Sí,EMRO,Sudan,SDN,65.0,60.0,90.0,70.0,67.0,True,,60.0,,,90.0,,,80.0,,,80.0,,,67.0,,70.0,,60.0,,,93.0,,,,53.0,,80.0,,30.0,,40.0,,40.0,100.0,20.0,60.0,80.0,100.0,80.0,80.0,100.0,40.0,60.0,80.0,60.0,60.0,80.0,100.0,100.0,80.0,40.0,40.0,80.0,40.0,20.0,40.0,40.0,,,,,,,,,,,,,,,
2018,Pre-COVID (2010-2019),Sí,AFRO,Togo,TGO,32.0,27.0,30.0,60.0,60.0,True,,27.0,,,30.0,,,20.0,,,40.0,,,60.0,,60.0,,20.0,,,40.0,,,,20.0,,20.0,,40.0,,20.0,,20.0,20.0,40.0,20.0,40.0,20.0,20.0,40.0,60.0,40.0,80.0,80.0,40.0,20.0,40.0,60.0,20.0,20.0,20.0,20.0,20.0,40.0,40.0,20.0,20.0,,,,,,,,,,,,,,,
2018,Pre-COVID (2010-2019),Sí,EMRO,Tunisia,TUN,66.0,60.0,70.0,80.0,93.0,True,,60.0,,,70.0,,,80.0,,,60.0,,,93.0,,80.0,,60.0,,,67.0,,,,67.0,,60.0,,60.0,,60.0,,40.0,40.0,60.0,80.0,80.0,60.0,80.0,60.0,100.0,80.0,100.0,80.0,80.0,60.0,40.0,80.0,80.0,60.0,80.0,60.0,60.0,80.0,40.0,60.0,40.0,,,,,,,,,,,,,,,
2018,Pre-COVID (2010-2019),Sí,AFRO,Uganda,UGA,51.0,47.0,50.0,80.0,87.0,True,,47.0,,,50.0,,,40.0,,,20.0,,,87.0,,80.0,,80.0,,,67.0,,,,53.0,,0.0,,20.0,,80.0,,40.0,40.0,60.0,40.0,60.0,40.0,40.0,20.0,100.0,60.0,100.0,80.0,80.0,80.0,60.0,80.0,60.0,100.0,60.0,0.0,0.0,20.0,20.0,80.0,40.0,,,,,,,,,,,,,,,
2018,Pre-COVID (2010-2019),Sí,AFRO,United Republic of Tanzania,TZA,47.0,53.0,60.0,40.0,53.0,True,,53.0,,,60.0,,,60.0,,,60.0,,,53.0,,40.0,,20.0,,,47.0,,,,40.0,,60.0,,40.0,,40.0,,40.0,60.0,40.0,60.0,80.0,40.0,60.0,60.0,60.0,20.0,80.0,60.0,20.0,20.0,60.0,60.0,20.0,40.0,20.0,60.0,60.0,40.0,40.0,40.0,40.0,,,,,,,,,,,,,,,
2018,Pre-COVID (2010-2019),Sí,AFRO,Zambia,ZMB,31.0,40.0,40.0,50.0,33.0,True,,40.0,,,40.0,,,20.0,,,20.0,,,33.0,,50.0,,40.0,,,33.0,,,,47.0,,20.0,,20.0,,20.0,,20.0,40.0,40.0,40.0,40.0,40.0,20.0,20.0,40.0,20.0,40.0,60.0,40.0,40.0,20.0,60.0,20.0,40.0,60.0,40.0,20.0,20.0,20.0,20.0,20.0,,,,,,,,,,,,,,,
2018,Pre-COVID (2010-2019),Sí,AFRO,Zimbabwe,ZWE,55.0,73.0,50.0,70.0,67.0,True,,73.0,,,50.0,,,80.0,,,80.0,,,67.0,,70.0,,60.0,,,33.0,,,,40.0,,60.0,,20.0,,40.0,,40.0,100.0,40.0,80.0,40.0,60.0,80.0,80.0,80.0,60.0,60.0,60.0,80.0,60.0,40.0,40.0,20.0,20.0,60.0,40.0,60.0,20.0,20.0,40.0,40.0,,,,,,,,,,,,,,,
2018,Pre-COVID (2010-2019),Sí,WPRO,Australia,AUS,90.0,100.0,100.0,60.0,100.0,True,,100.0,,,100.0,,,20.0,,,100.0,,,100.0,,60.0,,100.0,,,100.0,,,,87.0,,100.0,,100.0,,100.0,,100.0,100.0,100.0,100.0,100.0,100.0,20.0,100.0,100.0,100.0,100.0,100.0,20.0,100.0,100.0,100.0,100.0,100.0,100.0,60.0,100.0,100.0,100.0,100.0,100.0,,,,,,,,,,,,,,,
2018,Pre-COVID (2010-2019),Sí,WPRO,Cook Islands,COK,65.0,80.0,50.0,80.0,100.0,True,,80.0,,,50.0,,,20.0,,,60.0,,,100.0,,80.0,,80.0,,,67.0,,,,87.0,,60.0,,80.0,,20.0,,60.0,60.0,80.0,100.0,80.0,20.0,20.0,60.0,100.0,100.0,100.0,80.0,80.0,80.0,40.0,80.0,80.0,100.0,60.0,100.0,60.0,80.0,80.0,20.0,60.0,,,,,,,,,,,,,,,
2018,Pre-COVID (2010-2019),Sí,WPRO,Fiji,FJI,63.0,100.0,100.0,80.0,80.0,True,,100.0,,,100.0,,,60.0,,,80.0,,,80.0,,80.0,,40.0,,,53.0,,,,60.0,,20.0,,90.0,,20.0,,40.0,100.0,100.0,100.0,100.0,100.0,60.0,80.0,100.0,40.0,100.0,80.0,80.0,40.0,60.0,60.0,40.0,80.0,40.0,60.0,20.0,80.0,100.0,20.0,40.0,,,,,,,,,,,,,,,
2018,Pre-COVID (2010-2019),Sí,WPRO,Kiribati,KIR,51.0,60.0,60.0,70.0,93.0,True,,60.0,,,60.0,,,40.0,,,80.0,,,93.0,,70.0,,60.0,,,33.0,,,,33.0,,20.0,,70.0,,20.0,,20.0,80.0,60.0,40.0,40.0,80.0,40.0,80.0,100.0,80.0,100.0,100.0,40.0,60.0,60.0,20.0,20.0,40.0,20.0,40.0,20.0,60.0,80.0,20.0,20.0,,,,,,,,,,,,,,,
2018,Pre-COVID (2010-2019),Sí,WPRO,Marshall Islands,MHL,49.0,53.0,20.0,100.0,73.0,True,,53.0,,,20.0,,,20.0,,,40.0,,,73.0,,100.0,,20.0,,,80.0,,,,40.0,,80.0,,30.0,,20.0,,60.0,20.0,40.0,100.0,20.0,20.0,20.0,40.0,100.0,20.0,100.0,100.0,100.0,20.0,40.0,100.0,100.0,40.0,40.0,40.0,80.0,20.0,40.0,20.0,60.0,,,,,,,,,,,,,,,
2018,Pre-COVID (2010-2019),Sí,WPRO,Micronesia,FSM,,,,,,False,,,,,,,,,,,,,,,,,,,,,,,,,,,,,,,,,,,,,,,,,,,,,,,,,,,,,,,,,,,,,,,,,,,,,,,,
2018,Pre-COVID (2010-2019),Sí,WPRO,Nauru,NRU,34.0,7.0,50.0,40.0,100.0,True,,7.0,,,50.0,,,20.0,,,80.0,,,100.0,,40.0,,20.0,,,0.0,,,,47.0,,20.0,,20.0,,40.0,,0.0,20.0,0.0,0.0,40.0,60.0,20.0,80.0,100.0,100.0,100.0,60.0,20.0,20.0,0.0,0.0,0.0,40.0,20.0,80.0,20.0,40.0,0.0,40.0,0.0,,,,,,,,,,,,,,,
2018,Pre-COVID (2010-2019),Sí,WPRO,New Zealand,NZL,90.0,87.0,100.0,80.0,93.0,True,,87.0,,,100.0,,,60.0,,,100.0,,,93.0,,80.0,,80.0,,,100.0,,,,93.0,,100.0,,100.0,,100.0,,80.0,100.0,80.0,80.0,100.0,100.0,60.0,100.0,100.0,80.0,100.0,80.0,80.0,80.0,100.0,100.0,100.0,80.0,100.0,100.0,100.0,100.0,100.0,100.0,80.0,,,,,,,,,,,,,,,
2018,Pre-COVID (2010-2019),Sí,WPRO,Niue,NIU,71.0,53.0,80.0,80.0,87.0,True,,53.0,,,80.0,,,80.0,,,80.0,,,87.0,,80.0,,80.0,,,67.0,,,,67.0,,80.0,,70.0,,40.0,,60.0,60.0,20.0,80.0,100.0,60.0,80.0,80.0,100.0,100.0,60.0,80.0,80.0,80.0,40.0,80.0,80.0,60.0,60.0,80.0,80.0,80.0,60.0,40.0,60.0,,,,,,,,,,,,,,,
2018,Pre-COVID (2010-2019),Sí,WPRO,Palau,PLW,60.0,47.0,60.0,80.0,73.0,True,,47.0,,,60.0,,,20.0,,,80.0,,,73.0,,80.0,,80.0,,,87.0,,,,67.0,,80.0,,70.0,,20.0,,20.0,60.0,20.0,60.0,100.0,20.0,20.0,80.0,100.0,20.0,100.0,80.0,80.0,80.0,80.0,100.0,80.0,80.0,60.0,60.0,80.0,80.0,60.0,20.0,20.0,,,,,,,,,,,,,,,
2018,Pre-COVID (2010-2019),Sí,WPRO,Papua New Guinea,PNG,36.0,20.0,70.0,80.0,47.0,True,,20.0,,,70.0,,,20.0,,,20.0,,,47.0,,80.0,,60.0,,,40.0,,,,20.0,,20.0,,30.0,,20.0,,20.0,20.0,20.0,20.0,80.0,60.0,20.0,20.0,60.0,40.0,40.0,80.0,80.0,60.0,40.0,60.0,20.0,20.0,20.0,20.0,20.0,40.0,20.0,20.0,20.0,,,,,,,,,,,,,,,
2018,Pre-COVID (2010-2019),Sí,WPRO,Samoa,WSM,73.0,100.0,70.0,80.0,100.0,True,,100.0,,,70.0,,,20.0,,,100.0,,,100.0,,80.0,,80.0,,,80.0,,,,80.0,,80.0,,60.0,,80.0,,20.0,100.0,100.0,100.0,40.0,100.0,20.0,100.0,100.0,100.0,100.0,80.0,80.0,80.0,80.0,80.0,80.0,80.0,60.0,100.0,80.0,80.0,40.0,80.0,20.0,,,,,,,,,,,,,,,
2018,Pre-COVID (2010-2019),Sí,WPRO,Solomon Islands,SLB,34.0,33.0,50.0,60.0,47.0,True,,33.0,,,50.0,,,20.0,,,20.0,,,47.0,,60.0,,40.0,,,33.0,,,,33.0,,20.0,,20.0,,40.0,,20.0,40.0,40.0,20.0,80.0,20.0,20.0,20.0,60.0,20.0,60.0,80.0,40.0,40.0,20.0,60.0,20.0,20.0,20.0,60.0,20.0,20.0,20.0,40.0,20.0,,,,,,,,,,,,,,,
2018,Pre-COVID (2010-2019),Sí,WPRO,Tonga,TON,57.0,60.0,50.0,90.0,100.0,True,,60.0,,,50.0,,,20.0,,,80.0,,,100.0,,90.0,,40.0,,,60.0,,,,67.0,,80.0,,20.0,,0.0,,80.0,40.0,40.0,100.0,40.0,60.0,20.0,80.0,100.0,100.0,100.0,80.0,100.0,40.0,40.0,60.0,80.0,80.0,60.0,60.0,80.0,40.0,0.0,0.0,80.0,,,,,,,,,,,,,,,
2018,Pre-COVID (2010-2019),Sí,WPRO,Tuvalu,TUV,54.0,80.0,30.0,40.0,67.0,True,,80.0,,,30.0,,,20.0,,,20.0,,,67.0,,40.0,,80.0,,,93.0,,,,67.0,,60.0,,50.0,,100.0,,0.0,100.0,60.0,80.0,40.0,20.0,20.0,20.0,100.0,20.0,80.0,60.0,20.0,80.0,100.0,100.0,80.0,40.0,60.0,100.0,60.0,80.0,20.0,100.0,0.0,,,,,,,,,,,,,,,
2018,Pre-COVID (2010-2019),Sí,WPRO,Vanuatu,VUT,34.0,27.0,30.0,80.0,27.0,True,,27.0,,,30.0,,,20.0,,,20.0,,,27.0,,80.0,,40.0,,,53.0,,,,27.0,,60.0,,20.0,,20.0,,20.0,20.0,40.0,20.0,40.0,20.0,20.0,20.0,20.0,20.0,40.0,100.0,60.0,40.0,20.0,60.0,80.0,20.0,20.0,40.0,60.0,20.0,20.0,20.0,20.0,,,,,,,,,,,,,,,
2018,Pre-COVID (2010-2019),Sí,AMRO,Antigua and Barbuda,ATG,42.0,27.0,30.0,60.0,47.0,True,,27.0,,,30.0,,,20.0,,,80.0,,,47.0,,60.0,,60.0,,,60.0,,,,40.0,,40.0,,20.0,,20.0,,40.0,20.0,0.0,60.0,40.0,20.0,20.0,80.0,100.0,20.0,20.0,80.0,40.0,60.0,20.0,80.0,80.0,20.0,20.0,80.0,40.0,20.0,20.0,20.0,40.0,,,,,,,,,,,,,,,
2018,Pre-COVID (2010-2019),Sí,AMRO,Argentina,ARG,64.0,80.0,80.0,80.0,67.0,True,,80.0,,,80.0,,,60.0,,,80.0,,,67.0,,80.0,,60.0,,,40.0,,,,60.0,,40.0,,70.0,,60.0,,60.0,100.0,60.0,80.0,60.0,100.0,60.0,80.0,80.0,20.0,100.0,80.0,80.0,60.0,40.0,40.0,40.0,40.0,60.0,80.0,40.0,100.0,40.0,60.0,60.0,,,,,,,,,,,,,,,
2018,Pre-COVID (2010-2019),Sí,AMRO,Bahamas,BHS,50.0,60.0,80.0,40.0,73.0,True,,60.0,,,80.0,,,0.0,,,80.0,,,73.0,,40.0,,60.0,,,73.0,,,,40.0,,60.0,,40.0,,20.0,,20.0,60.0,40.0,80.0,80.0,80.0,0.0,80.0,100.0,20.0,100.0,80.0,0.0,60.0,60.0,80.0,80.0,40.0,20.0,60.0,60.0,40.0,40.0,20.0,20.0,,,,,,,,,,,,,,,
2018,Pre-COVID (2010-2019),No,AMRO,Barbados,BRB,,,,,,False,,,,,,,,,,,,,,,,,,,,,,,,,,,,,,,,,,,,,,,,,,,,,,,,,,,,,,,,,,,,,,,,,,,,,,,,
2018,Pre-COVID (2010-2019),Sí,AMRO,Belize,BLZ,33.0,20.0,20.0,30.0,67.0,True,,20.0,,,20.0,,,20.0,,,40.0,,,67.0,,30.0,,40.0,,,67.0,,,,47.0,,60.0,,20.0,,0.0,,0.0,20.0,20.0,20.0,20.0,20.0,20.0,40.0,100.0,80.0,20.0,20.0,40.0,40.0,40.0,80.0,80.0,40.0,60.0,40.0,60.0,20.0,20.0,0.0,0.0,,,,,,,,,,,,,,,
2018,Pre-COVID (2010-2019),Sí,AMRO,Bolivia (Plurinational State of),BOL,,,,,,False,,,,,,,,,,,,,,,,,,,,,,,,,,,,,,,,,,,,,,,,,,,,,,,,,,,,,,,,,,,,,,,,,,,,,,,,
2018,Pre-COVID (2010-2019),Sí,AMRO,Brazil,BRA,87.0,93.0,100.0,100.0,100.0,True,,93.0,,,100.0,,,80.0,,,80.0,,,100.0,,100.0,,100.0,,,87.0,,,,47.0,,80.0,,60.0,,100.0,,100.0,100.0,100.0,80.0,100.0,100.0,80.0,80.0,100.0,100.0,100.0,100.0,100.0,100.0,100.0,60.0,100.0,40.0,40.0,60.0,80.0,60.0,60.0,100.0,100.0,,,,,,,,,,,,,,,
2018,Pre-COVID (2010-2019),Sí,AMRO,Canada,CAN,99.0,93.0,100.0,100.0,100.0,True,,93.0,,,100.0,,,100.0,,,100.0,,,100.0,,100.0,,100.0,,,100.0,,,,100.0,,100.0,,100.0,,100.0,,100.0,100.0,100.0,80.0,100.0,100.0,100.0,100.0,100.0,100.0,100.0,100.0,100.0,100.0,100.0,100.0,100.0,100.0,100.0,100.0,100.0,100.0,100.0,100.0,100.0,,,,,,,,,,,,,,,
2018,Pre-COVID (2010-2019),Sí,AMRO,Chile,CHL,74.0,73.0,80.0,80.0,80.0,True,,73.0,,,80.0,,,100.0,,,100.0,,,80.0,,80.0,,60.0,,,73.0,,,,47.0,,20.0,,70.0,,100.0,,80.0,80.0,60.0,80.0,80.0,80.0,100.0,100.0,100.0,40.0,100.0,80.0,80.0,60.0,60.0,80.0,80.0,40.0,60.0,40.0,20.0,100.0,40.0,100.0,80.0,,,,,,,,,,,,,,,
2018,Pre-COVID (2010-2019),Sí,AMRO,Colombia,COL,66.0,80.0,70.0,60.0,73.0,True,,80.0,,,70.0,,,80.0,,,80.0,,,73.0,,60.0,,60.0,,,73.0,,,,47.0,,60.0,,80.0,,60.0,,40.0,100.0,60.0,80.0,80.0,60.0,80.0,80.0,100.0,20.0,100.0,80.0,40.0,60.0,40.0,100.0,80.0,60.0,40.0,40.0,60.0,80.0,80.0,60.0,40.0,,,,,,,,,,,,,,,
2018,Pre-COVID (2010-2019),Sí,AMRO,Costa Rica,CRI,70.0,93.0,70.0,70.0,93.0,True,,93.0,,,70.0,,,60.0,,,80.0,,,93.0,,70.0,,80.0,,,27.0,,,,73.0,,80.0,,60.0,,100.0,,20.0,100.0,80.0,100.0,80.0,60.0,60.0,80.0,100.0,100.0,80.0,80.0,60.0,80.0,20.0,40.0,20.0,80.0,60.0,80.0,80.0,60.0,60.0,100.0,20.0,,,,,,,,,,,,,,,
2018,Pre-COVID (2010-2019),Sí,AMRO,Cuba,CUB,100.0,100.0,100.0,100.0,100.0,True,,100.0,,,100.0,,,100.0,,,100.0,,,100.0,,100.0,,100.0,,,100.0,,,,100.0,,100.0,,100.0,,100.0,,100.0,100.0,100.0,100.0,100.0,100.0,100.0,100.0,100.0,100.0,100.0,100.0,100.0,100.0,100.0,100.0,100.0,100.0,100.0,100.0,100.0,100.0,100.0,100.0,100.0,,,,,,,,,,,,,,,
2018,Pre-COVID (2010-2019),Sí,AMRO,Dominica,DMA,70.0,80.0,90.0,60.0,73.0,True,,80.0,,,90.0,,,80.0,,,100.0,,,73.0,,60.0,,60.0,,,80.0,,,,60.0,,80.0,,90.0,,20.0,,40.0,80.0,60.0,100.0,80.0,100.0,80.0,100.0,100.0,80.0,40.0,80.0,40.0,60.0,80.0,80.0,80.0,80.0,40.0,60.0,80.0,100.0,80.0,20.0,40.0,,,,,,,,,,,,,,,
2018,Pre-COVID (2010-2019),Sí,AMRO,Dominican Republic,DOM,48.0,40.0,40.0,60.0,53.0,True,,40.0,,,40.0,,,20.0,,,20.0,,,53.0,,60.0,,40.0,,,53.0,,,,33.0,,100.0,,40.0,,40.0,,80.0,60.0,40.0,20.0,80.0,0.0,20.0,20.0,20.0,60.0,80.0,80.0,40.0,40.0,20.0,40.0,100.0,20.0,20.0,60.0,100.0,60.0,20.0,40.0,80.0,,,,,,,,,,,,,,,
2018,Pre-COVID (2010-2019),Sí,AMRO,Ecuador,ECU,73.0,87.0,80.0,80.0,73.0,True,,87.0,,,80.0,,,80.0,,,60.0,,,73.0,,80.0,,80.0,,,80.0,,,,47.0,,60.0,,80.0,,80.0,,60.0,100.0,80.0,80.0,80.0,80.0,80.0,60.0,80.0,60.0,80.0,80.0,80.0,80.0,60.0,100.0,80.0,60.0,40.0,40.0,60.0,80.0,80.0,80.0,60.0,,,,,,,,,,,,,,,
2018,Pre-COVID (2010-2019),Sí,AMRO,El Salvador,SLV,75.0,100.0,100.0,100.0,100.0,True,,100.0,,,100.0,,,100.0,,,20.0,,,100.0,,100.0,,100.0,,,60.0,,,,60.0,,40.0,,100.0,,40.0,,60.0,100.0,100.0,100.0,100.0,100.0,100.0,20.0,100.0,100.0,100.0,100.0,100.0,100.0,80.0,80.0,20.0,40.0,40.0,100.0,40.0,100.0,100.0,40.0,60.0,,,,,,,,,,,,,,,
2018,Pre-COVID (2010-2019),No,AMRO,Grenada,GRD,,,,,,False,,,,,,,,,,,,,,,,,,,,,,,,,,,,,,,,,,,,,,,,,,,,,,,,,,,,,,,,,,,,,,,,,,,,,,,,
2018,Pre-COVID (2010-2019),Sí,AMRO,Guatemala,GTM,62.0,67.0,30.0,70.0,80.0,True,,67.0,,,30.0,,,60.0,,,20.0,,,80.0,,70.0,,80.0,,,80.0,,,,33.0,,60.0,,60.0,,60.0,,100.0,100.0,40.0,60.0,40.0,20.0,60.0,20.0,100.0,40.0,100.0,80.0,60.0,80.0,80.0,80.0,80.0,40.0,40.0,20.0,60.0,60.0,60.0,60.0,100.0,,,,,,,,,,,,,,,
2018,Pre-COVID (2010-2019),Sí,AMRO,Guyana,GUY,,,,,,False,,,,,,,,,,,,,,,,,,,,,,,,,,,,,,,,,,,,,,,,,,,,,,,,,,,,,,,,,,,,,,,,,,,,,,,,
2018,Pre-COVID (2010-2019),Sí,AMRO,Haiti,HTI,39.0,27.0,60.0,90.0,60.0,True,,27.0,,,60.0,,,60.0,,,20.0,,,60.0,,90.0,,40.0,,,47.0,,,,27.0,,20.0,,10.0,,40.0,,0.0,20.0,20.0,40.0,80.0,40.0,60.0,20.0,40.0,40.0,100.0,100.0,80.0,40.0,20.0,100.0,20.0,20.0,40.0,20.0,20.0,20.0,0.0,40.0,0.0,,,,,,,,,,,,,,,
2018,Pre-COVID (2010-2019),Sí,AMRO,Honduras,HND,34.0,7.0,80.0,80.0,60.0,True,,7.0,,,80.0,,,80.0,,,20.0,,,60.0,,80.0,,20.0,,,20.0,,,,0.0,,40.0,,40.0,,0.0,,0.0,20.0,0.0,0.0,80.0,80.0,80.0,20.0,80.0,20.0,80.0,80.0,80.0,20.0,0.0,40.0,20.0,0.0,0.0,0.0,40.0,40.0,40.0,0.0,0.0,,,,,,,,,,,,,,,
2018,Pre-COVID (2010-2019),Sí,AMRO,Jamaica,JAM,76.0,80.0,90.0,80.0,80.0,True,,80.0,,,90.0,,,80.0,,,80.0,,,80.0,,80.0,,60.0,,,80.0,,,,73.0,,80.0,,90.0,,40.0,,80.0,80.0,60.0,100.0,80.0,100.0,80.0,80.0,100.0,60.0,80.0,80.0,80.0,60.0,80.0,80.0,80.0,80.0,60.0,80.0,80.0,100.0,80.0,40.0,80.0,,,,,,,,,,,,,,,
2018,Pre-COVID (2010-2019),Sí,AMRO,Mexico,MEX,86.0,100.0,100.0,100.0,80.0,True,,100.0,,,100.0,,,80.0,,,80.0,,,80.0,,100.0,,100.0,,,87.0,,,,87.0,,60.0,,80.0,,80.0,,80.0,100.0,100.0,100.0,100.0,100.0,80.0,80.0,80.0,60.0,100.0,100.0,100.0,100.0,100.0,100.0,60.0,100.0,60.0,100.0,60.0,80.0,80.0,80.0,80.0,,,,,,,,,,,,,,,
2018,Pre-COVID (2010-2019),Sí,AMRO,Nicaragua,NIC,73.0,100.0,30.0,60.0,87.0,True,,100.0,,,30.0,,,60.0,,,80.0,,,87.0,,60.0,,60.0,,,73.0,,,,73.0,,80.0,,80.0,,60.0,,100.0,100.0,100.0,100.0,40.0,20.0,60.0,80.0,100.0,60.0,100.0,60.0,60.0,60.0,60.0,80.0,80.0,60.0,60.0,100.0,80.0,80.0,80.0,60.0,100.0,,,,,,,,,,,,,,,
2018,Pre-COVID (2010-2019),Sí,AMRO,Panama,PAN,71.0,53.0,80.0,80.0,73.0,True,,53.0,,,80.0,,,80.0,,,80.0,,,73.0,,80.0,,80.0,,,80.0,,,,73.0,,40.0,,60.0,,80.0,,60.0,40.0,60.0,60.0,80.0,80.0,80.0,80.0,60.0,60.0,100.0,80.0,80.0,80.0,80.0,80.0,80.0,80.0,80.0,60.0,40.0,60.0,60.0,80.0,60.0,,,,,,,,,,,,,,,
2018,Pre-COVID (2010-2019),Sí,AMRO,Paraguay,PRY,62.0,40.0,90.0,80.0,53.0,True,,40.0,,,90.0,,,80.0,,,80.0,,,53.0,,80.0,,80.0,,,40.0,,,,47.0,,80.0,,60.0,,60.0,,20.0,60.0,40.0,20.0,100.0,80.0,80.0,80.0,20.0,60.0,80.0,80.0,80.0,80.0,40.0,40.0,40.0,40.0,60.0,40.0,80.0,60.0,60.0,60.0,20.0,,,,,,,,,,,,,,,
2018,Pre-COVID (2010-2019),Sí,AMRO,Peru,PER,55.0,53.0,50.0,70.0,47.0,True,,53.0,,,50.0,,,60.0,,,40.0,,,47.0,,70.0,,40.0,,,60.0,,,,33.0,,40.0,,40.0,,80.0,,100.0,80.0,40.0,40.0,40.0,60.0,60.0,40.0,60.0,40.0,40.0,80.0,60.0,40.0,40.0,80.0,60.0,20.0,40.0,40.0,40.0,40.0,40.0,80.0,100.0,,,,,,,,,,,,,,,
2018,Pre-COVID (2010-2019),Sí,AMRO,Saint Kitts and Nevis,KNA,48.0,7.0,70.0,60.0,67.0,True,,7.0,,,70.0,,,60.0,,,80.0,,,67.0,,60.0,,40.0,,,47.0,,,,60.0,,40.0,,30.0,,40.0,,20.0,0.0,20.0,0.0,80.0,60.0,60.0,80.0,80.0,60.0,60.0,80.0,40.0,40.0,20.0,60.0,60.0,40.0,60.0,80.0,40.0,40.0,20.0,40.0,20.0,,,,,,,,,,,,,,,
2018,Pre-COVID (2010-2019),Sí,AMRO,Saint Lucia,LCA,60.0,47.0,90.0,40.0,87.0,True,,47.0,,,90.0,,,80.0,,,80.0,,,87.0,,40.0,,80.0,,,47.0,,,,47.0,,60.0,,80.0,,40.0,,0.0,60.0,40.0,40.0,80.0,100.0,80.0,80.0,100.0,60.0,100.0,60.0,20.0,80.0,40.0,80.0,20.0,40.0,40.0,60.0,60.0,60.0,100.0,40.0,0.0,,,,,,,,,,,,,,,
2018,Pre-COVID (2010-2019),Sí,AMRO,Saint Vincent and the Grenadines,VCT,45.0,40.0,70.0,60.0,73.0,True,,40.0,,,70.0,,,20.0,,,80.0,,,73.0,,60.0,,80.0,,,20.0,,,,47.0,,20.0,,30.0,,20.0,,20.0,20.0,20.0,80.0,40.0,100.0,20.0,80.0,100.0,20.0,100.0,100.0,20.0,80.0,20.0,20.0,20.0,0.0,60.0,80.0,20.0,40.0,20.0,20.0,20.0,,,,,,,,,,,,,,,
2018,Pre-COVID (2010-2019),Sí,AMRO,Suriname,SUR,73.0,80.0,90.0,90.0,73.0,True,,80.0,,,90.0,,,80.0,,,80.0,,,73.0,,90.0,,80.0,,,87.0,,,,53.0,,80.0,,100.0,,40.0,,20.0,60.0,100.0,80.0,100.0,80.0,80.0,80.0,100.0,60.0,60.0,100.0,80.0,80.0,80.0,100.0,80.0,60.0,40.0,60.0,80.0,100.0,100.0,40.0,20.0,,,,,,,,,,,,,,,
2018,Pre-COVID (2010-2019),Sí,AMRO,Trinidad and Tobago,TTO,49.0,53.0,100.0,40.0,80.0,True,,53.0,,,100.0,,,20.0,,,40.0,,,80.0,,40.0,,20.0,,,40.0,,,,80.0,,40.0,,40.0,,60.0,,20.0,20.0,60.0,80.0,100.0,100.0,20.0,40.0,100.0,40.0,100.0,60.0,20.0,20.0,40.0,60.0,20.0,60.0,80.0,100.0,40.0,40.0,40.0,60.0,20.0,,,,,,,,,,,,,,,
2018,Pre-COVID (2010-2019),Sí,AMRO,United States of America,USA,91.0,100.0,100.0,100.0,93.0,True,,100.0,,,100.0,,,80.0,,,100.0,,,93.0,,100.0,,60.0,,,100.0,,,,100.0,,100.0,,90.0,,80.0,,80.0,100.0,100.0,100.0,100.0,100.0,80.0,100.0,100.0,80.0,100.0,100.0,100.0,60.0,100.0,100.0,100.0,100.0,100.0,100.0,100.0,100.0,80.0,80.0,80.0,,,,,,,,,,,,,,,
2018,Pre-COVID (2010-2019),Sí,AMRO,Uruguay,URY,85.0,100.0,90.0,90.0,87.0,True,,100.0,,,90.0,,,80.0,,,80.0,,,87.0,,90.0,,80.0,,,93.0,,,,80.0,,100.0,,80.0,,60.0,,80.0,100.0,100.0,100.0,80.0,100.0,80.0,80.0,100.0,80.0,80.0,100.0,80.0,80.0,100.0,100.0,80.0,80.0,60.0,100.0,100.0,80.0,80.0,60.0,80.0,,,,,,,,,,,,,,,
2018,Pre-COVID (2010-2019),Sí,AMRO,Venezuela (Bolivarian Republic of),VEN,74.0,73.0,90.0,80.0,53.0,True,,73.0,,,90.0,,,80.0,,,80.0,,,53.0,,80.0,,80.0,,,73.0,,,,60.0,,80.0,,90.0,,40.0,,80.0,100.0,60.0,60.0,80.0,100.0,80.0,80.0,60.0,40.0,60.0,80.0,80.0,80.0,80.0,80.0,60.0,80.0,60.0,40.0,80.0,100.0,80.0,40.0,80.0,,,,,,,,,,,,,,,
2018,Pre-COVID (2010-2019),Sí,EMRO,Afghanistan,AFG,35.0,13.0,60.0,80.0,40.0,True,,13.0,,,60.0,,,80.0,,,20.0,,,40.0,,80.0,,40.0,,,27.0,,,,40.0,,20.0,,20.0,,0.0,,20.0,20.0,20.0,0.0,60.0,60.0,80.0,20.0,40.0,20.0,60.0,80.0,80.0,40.0,20.0,20.0,40.0,60.0,20.0,40.0,20.0,20.0,20.0,0.0,20.0,,,,,,,,,,,,,,,
2018,Pre-COVID (2010-2019),Sí,EURO,Armenia,ARM,83.0,80.0,100.0,90.0,67.0,True,,80.0,,,100.0,,,100.0,,,40.0,,,67.0,,90.0,,100.0,,,73.0,,,,73.0,,100.0,,80.0,,80.0,,100.0,100.0,80.0,60.0,100.0,100.0,100.0,40.0,60.0,60.0,80.0,100.0,80.0,100.0,60.0,80.0,80.0,60.0,60.0,100.0,100.0,80.0,80.0,80.0,100.0,,,,,,,,,,,,,,,
2018,Pre-COVID (2010-2019),Sí,EURO,Azerbaijan,AZE,83.0,80.0,90.0,90.0,87.0,True,,80.0,,,90.0,,,80.0,,,60.0,,,87.0,,90.0,,80.0,,,73.0,,,,93.0,,100.0,,70.0,,100.0,,80.0,100.0,80.0,60.0,80.0,100.0,80.0,60.0,100.0,80.0,80.0,100.0,80.0,80.0,60.0,80.0,80.0,80.0,100.0,100.0,100.0,80.0,60.0,100.0,80.0,,,,,,,,,,,,,,,
2018,Pre-COVID (2010-2019),Sí,EMRO,Bahrain,BHR,88.0,87.0,100.0,60.0,67.0,True,,87.0,,,100.0,,,100.0,,,100.0,,,67.0,,60.0,,100.0,,,87.0,,,,87.0,,100.0,,100.0,,80.0,,80.0,80.0,80.0,100.0,100.0,100.0,100.0,100.0,100.0,40.0,60.0,100.0,20.0,100.0,100.0,80.0,80.0,80.0,80.0,100.0,100.0,100.0,100.0,80.0,80.0,,,,,,,,,,,,,,,
2018,Pre-COVID (2010-2019),Sí,SEARO,Bangladesh,BGD,58.0,60.0,80.0,80.0,73.0,True,,60.0,,,80.0,,,80.0,,,40.0,,,73.0,,80.0,,40.0,,,47.0,,,,60.0,,60.0,,60.0,,40.0,,40.0,60.0,40.0,80.0,100.0,60.0,80.0,40.0,100.0,40.0,80.0,80.0,80.0,40.0,40.0,60.0,40.0,40.0,60.0,80.0,60.0,60.0,60.0,40.0,40.0,,,,,,,,,,,,,,,
2018,Pre-COVID (2010-2019),Sí,SEARO,Bhutan,BTN,53.0,53.0,70.0,80.0,60.0,True,,53.0,,,70.0,,,80.0,,,40.0,,,60.0,,80.0,,60.0,,,47.0,,,,67.0,,60.0,,50.0,,20.0,,0.0,60.0,20.0,80.0,80.0,60.0,80.0,40.0,80.0,40.0,60.0,80.0,80.0,60.0,40.0,60.0,40.0,60.0,60.0,80.0,60.0,60.0,40.0,20.0,0.0,,,,,,,,,,,,,,,
2018,Pre-COVID (2010-2019),No,WPRO,Brunei Darussalam,BRN,,,,,,False,,,,,,,,,,,,,,,,,,,,,,,,,,,,,,,,,,,,,,,,,,,,,,,,,,,,,,,,,,,,,,,,,,,,,,,,
2018,Pre-COVID (2010-2019),Sí,WPRO,Cambodia,KHM,46.0,47.0,60.0,80.0,40.0,True,,47.0,,,60.0,,,60.0,,,40.0,,,40.0,,80.0,,20.0,,,33.0,,,,33.0,,40.0,,60.0,,60.0,,20.0,40.0,80.0,20.0,100.0,20.0,60.0,40.0,40.0,40.0,40.0,80.0,80.0,20.0,20.0,60.0,20.0,20.0,40.0,40.0,40.0,60.0,60.0,60.0,20.0,,,,,,,,,,,,,,,
2018,Pre-COVID (2010-2019),Sí,WPRO,China,CHN,94.0,93.0,100.0,100.0,100.0,True,,93.0,,,100.0,,,100.0,,,100.0,,,100.0,,100.0,,80.0,,,80.0,,,,93.0,,80.0,,100.0,,100.0,,100.0,100.0,100.0,80.0,100.0,100.0,100.0,100.0,100.0,100.0,100.0,100.0,100.0,80.0,80.0,80.0,80.0,80.0,100.0,100.0,80.0,100.0,100.0,100.0,100.0,,,,,,,,,,,,,,,
2018,Pre-COVID (2010-2019),Sí,EURO,Cyprus,CYP,74.0,67.0,70.0,50.0,73.0,True,,67.0,,,70.0,,,80.0,,,100.0,,,73.0,,50.0,,100.0,,,87.0,,,,60.0,,60.0,,70.0,,100.0,,40.0,100.0,20.0,80.0,40.0,100.0,80.0,100.0,100.0,40.0,80.0,60.0,40.0,100.0,80.0,100.0,80.0,40.0,60.0,80.0,60.0,60.0,80.0,100.0,40.0,,,,,,,,,,,,,,,
2018,Pre-COVID (2010-2019),Sí,SEARO,Democratic People's Republic of Korea,PRK,63.0,60.0,40.0,70.0,80.0,True,,60.0,,,40.0,,,60.0,,,40.0,,,80.0,,70.0,,80.0,,,80.0,,,,67.0,,80.0,,60.0,,60.0,,40.0,60.0,60.0,60.0,20.0,60.0,60.0,40.0,100.0,60.0,80.0,100.0,40.0,80.0,80.0,80.0,80.0,80.0,60.0,60.0,80.0,60.0,60.0,60.0,40.0,,,,,,,,,,,,,,,
2018,Pre-COVID (2010-2019),Sí,EURO,Georgia,GEO,66.0,80.0,80.0,80.0,93.0,True,,80.0,,,80.0,,,80.0,,,60.0,,,93.0,,80.0,,60.0,,,67.0,,,,60.0,,20.0,,40.0,,100.0,,40.0,80.0,60.0,100.0,100.0,60.0,80.0,60.0,80.0,100.0,100.0,80.0,80.0,60.0,80.0,60.0,60.0,60.0,40.0,80.0,20.0,40.0,40.0,100.0,40.0,,,,,,,,,,,,,,,
2018,Pre-COVID (2010-2019),Sí,SEARO,India,IND,75.0,80.0,90.0,100.0,47.0,True,,80.0,,,90.0,,,60.0,,,60.0,,,47.0,,100.0,,100.0,,,67.0,,,,33.0,,80.0,,80.0,,80.0,,100.0,100.0,60.0,80.0,80.0,100.0,60.0,60.0,80.0,20.0,40.0,100.0,100.0,100.0,60.0,60.0,80.0,40.0,20.0,40.0,80.0,80.0,80.0,80.0,100.0,,,,,,,,,,,,,,,
2018,Pre-COVID (2010-2019),Sí,WPRO,Indonesia,IDN,63.0,73.0,60.0,70.0,67.0,True,,73.0,,,60.0,,,60.0,,,60.0,,,67.0,,70.0,,80.0,,,53.0,,,,53.0,,60.0,,80.0,,40.0,,60.0,100.0,60.0,60.0,60.0,60.0,60.0,60.0,80.0,60.0,60.0,80.0,60.0,80.0,60.0,60.0,40.0,40.0,60.0,60.0,60.0,80.0,80.0,40.0,60.0,,,,,,,,,,,,,,,
2018,Pre-COVID (2010-2019),Sí,EMRO,Iran (Islamic Republic of),IRN,85.0,100.0,80.0,80.0,100.0,True,,100.0,,,80.0,,,60.0,,,80.0,,,100.0,,80.0,,80.0,,,100.0,,,,100.0,,80.0,,60.0,,100.0,,80.0,100.0,100.0,100.0,100.0,60.0,60.0,80.0,100.0,100.0,100.0,60.0,100.0,80.0,100.0,100.0,100.0,100.0,100.0,100.0,80.0,80.0,40.0,100.0,80.0,,,,,,,,,,,,,,,
2018,Pre-COVID (2010-2019),Sí,EMRO,Iraq,IRQ,82.0,53.0,90.0,100.0,73.0,True,,53.0,,,90.0,,,100.0,,,60.0,,,73.0,,100.0,,100.0,,,87.0,,,,80.0,,100.0,,80.0,,40.0,,100.0,60.0,60.0,40.0,100.0,80.0,100.0,60.0,100.0,40.0,80.0,100.0,100.0,100.0,80.0,80.0,100.0,100.0,100.0,40.0,100.0,80.0,80.0,40.0,100.0,,,,,,,,,,,,,,,
2018,Pre-COVID (2010-2019),Sí,EURO,Israel,ISR,91.0,93.0,90.0,80.0,100.0,True,,93.0,,,90.0,,,80.0,,,100.0,,,100.0,,80.0,,80.0,,,100.0,,,,100.0,,100.0,,60.0,,100.0,,100.0,100.0,100.0,80.0,80.0,100.0,80.0,100.0,100.0,100.0,100.0,60.0,100.0,80.0,100.0,100.0,100.0,100.0,100.0,100.0,100.0,100.0,20.0,100.0,100.0,,,,,,,,,,,,,,,
2018,Pre-COVID (2010-2019),Sí,WPRO,Japan,JPN,,,,,,False,,,,,,,,,,,,,,,,,,,,,,,,,,,,,,,,,,,,,,,,,,,,,,,,,,,,,,,,,,,,,,,,,,,,,,,,
2018,Pre-COVID (2010-2019),Sí,EMRO,Jordan,JOR,48.0,20.0,30.0,80.0,47.0,True,,20.0,,,30.0,,,60.0,,,40.0,,,47.0,,80.0,,80.0,,,80.0,,,,47.0,,40.0,,40.0,,40.0,,20.0,20.0,20.0,20.0,40.0,20.0,60.0,40.0,40.0,40.0,60.0,80.0,80.0,80.0,80.0,80.0,80.0,40.0,60.0,40.0,40.0,40.0,40.0,40.0,20.0,,,,,,,,,,,,,,,
2018,Pre-COVID (2010-2019),Sí,EURO,Kazakhstan,KAZ,71.0,67.0,40.0,90.0,67.0,True,,67.0,,,40.0,,,80.0,,,20.0,,,67.0,,90.0,,80.0,,,40.0,,,,80.0,,80.0,,100.0,,80.0,,100.0,80.0,60.0,60.0,40.0,40.0,80.0,20.0,80.0,60.0,60.0,80.0,100.0,80.0,20.0,20.0,80.0,40.0,100.0,100.0,80.0,100.0,100.0,80.0,100.0,,,,,,,,,,,,,,,
2018,Pre-COVID (2010-2019),Sí,EMRO,Kuwait,KWT,56.0,33.0,80.0,50.0,80.0,True,,33.0,,,80.0,,,40.0,,,80.0,,,80.0,,50.0,,60.0,,,47.0,,,,53.0,,20.0,,60.0,,40.0,,80.0,40.0,20.0,40.0,80.0,80.0,40.0,80.0,100.0,60.0,80.0,60.0,40.0,60.0,40.0,60.0,40.0,40.0,60.0,60.0,20.0,60.0,60.0,40.0,80.0,,,,,,,,,,,,,,,
2018,Pre-COVID (2010-2019),Sí,EURO,Kyrgyzstan,KGZ,57.0,53.0,60.0,80.0,60.0,True,,53.0,,,60.0,,,80.0,,,40.0,,,60.0,,80.0,,60.0,,,73.0,,,,53.0,,40.0,,40.0,,40.0,,60.0,60.0,40.0,60.0,60.0,60.0,80.0,40.0,80.0,40.0,60.0,80.0,80.0,60.0,60.0,80.0,80.0,40.0,60.0,60.0,40.0,20.0,60.0,40.0,60.0,,,,,,,,,,,,,,,
2018,Pre-COVID (2010-2019),Sí,WPRO,Lao People's Democratic Republic,LAO,35.0,47.0,50.0,80.0,47.0,True,,47.0,,,50.0,,,20.0,,,40.0,,,47.0,,80.0,,20.0,,,40.0,,,,20.0,,20.0,,30.0,,20.0,,20.0,60.0,40.0,40.0,40.0,60.0,20.0,40.0,100.0,20.0,20.0,80.0,80.0,20.0,40.0,40.0,40.0,20.0,20.0,20.0,20.0,20.0,40.0,20.0,20.0,,,,,,,,,,,,,,,
2018,Pre-COVID (2010-2019),Sí,EMRO,Lebanon,LBN,58.0,87.0,100.0,60.0,80.0,True,,87.0,,,100.0,,,80.0,,,40.0,,,80.0,,60.0,,40.0,,,60.0,,,,60.0,,40.0,,30.0,,40.0,,40.0,100.0,80.0,80.0,100.0,100.0,80.0,40.0,100.0,40.0,100.0,80.0,40.0,40.0,60.0,60.0,60.0,40.0,80.0,60.0,40.0,40.0,20.0,40.0,40.0,,,,,,,,,,,,,,,
2018,Pre-COVID (2010-2019),Sí,WPRO,Malaysia,MYS,95.0,100.0,100.0,100.0,93.0,True,,100.0,,,100.0,,,100.0,,,80.0,,,93.0,,100.0,,100.0,,,100.0,,,,100.0,,100.0,,100.0,,80.0,,80.0,100.0,100.0,100.0,100.0,100.0,100.0,80.0,100.0,80.0,100.0,100.0,100.0,100.0,100.0,100.0,100.0,100.0,100.0,100.0,100.0,100.0,100.0,80.0,80.0,,,,,,,,,,,,,,,
2018,Pre-COVID (2010-2019),Sí,SEARO,Maldives,MDV,43.0,67.0,70.0,70.0,73.0,True,,67.0,,,70.0,,,20.0,,,80.0,,,73.0,,70.0,,20.0,,,53.0,,,,60.0,,20.0,,20.0,,0.0,,0.0,60.0,40.0,100.0,80.0,60.0,20.0,80.0,100.0,80.0,40.0,80.0,60.0,20.0,80.0,60.0,20.0,40.0,40.0,100.0,20.0,20.0,20.0,0.0,0.0,,,,,,,,,,,,,,,
2018,Pre-COVID (2010-2019),Sí,WPRO,Mongolia,MNG,86.0,80.0,100.0,90.0,73.0,True,,80.0,,,100.0,,,100.0,,,60.0,,,73.0,,90.0,,80.0,,,87.0,,,,93.0,,80.0,,100.0,,80.0,,100.0,80.0,80.0,80.0,100.0,100.0,100.0,60.0,20.0,100.0,100.0,100.0,80.0,80.0,100.0,80.0,80.0,80.0,100.0,100.0,80.0,100.0,100.0,80.0,100.0,,,,,,,,,,,,,,,
2018,Pre-COVID (2010-2019),Sí,SEARO,Myanmar,MMR,66.0,53.0,70.0,80.0,67.0,True,,53.0,,,70.0,,,80.0,,,40.0,,,67.0,,80.0,,60.0,,,60.0,,,,67.0,,60.0,,60.0,,80.0,,80.0,40.0,60.0,60.0,80.0,60.0,80.0,40.0,60.0,60.0,80.0,80.0,80.0,60.0,40.0,60.0,80.0,60.0,60.0,80.0,60.0,60.0,60.0,80.0,80.0,,,,,,,,,,,,,,,
2018,Pre-COVID (2010-2019),Sí,SEARO,Nepal,NPL,23.0,27.0,20.0,40.0,33.0,True,,27.0,,,20.0,,,20.0,,,20.0,,,33.0,,40.0,,40.0,,,40.0,,,,20.0,,20.0,,20.0,,0.0,,0.0,20.0,40.0,20.0,40.0,0.0,20.0,20.0,20.0,40.0,40.0,60.0,20.0,40.0,20.0,60.0,40.0,20.0,20.0,20.0,20.0,20.0,20.0,0.0,0.0,,,,,,,,,,,,,,,
2018,Pre-COVID (2010-2019),Sí,EMRO,Oman,OMN,100.0,100.0,100.0,100.0,100.0,True,,100.0,,,100.0,,,100.0,,,100.0,,,100.0,,100.0,,100.0,,,100.0,,,,100.0,,100.0,,100.0,,100.0,,100.0,100.0,100.0,100.0,100.0,100.0,100.0,100.0,100.0,100.0,100.0,100.0,100.0,100.0,100.0,100.0,100.0,100.0,100.0,100.0,100.0,100.0,100.0,100.0,100.0,,,,,,,,,,,,,,,
2018,Pre-COVID (2010-2019),Sí,EMRO,Pakistan,PAK,51.0,27.0,80.0,60.0,60.0,True,,27.0,,,80.0,,,60.0,,,40.0,,,60.0,,60.0,,60.0,,,47.0,,,,33.0,,20.0,,40.0,,40.0,,100.0,20.0,20.0,40.0,60.0,100.0,60.0,40.0,60.0,40.0,80.0,60.0,60.0,60.0,40.0,40.0,60.0,40.0,20.0,40.0,20.0,40.0,40.0,40.0,100.0,,,,,,,,,,,,,,,
2018,Pre-COVID (2010-2019),Sí,WPRO,Philippines,PHL,,,,,,False,,,,,,,,,,,,,,,,,,,,,,,,,,,,,,,,,,,,,,,,,,,,,,,,,,,,,,,,,,,,,,,,,,,,,,,,
2018,Pre-COVID (2010-2019),Sí,EMRO,Qatar,QAT,87.0,87.0,80.0,100.0,100.0,True,,87.0,,,80.0,,,100.0,,,100.0,,,100.0,,100.0,,100.0,,,100.0,,,,100.0,,80.0,,50.0,,60.0,,80.0,80.0,80.0,100.0,80.0,80.0,100.0,100.0,100.0,100.0,100.0,100.0,100.0,100.0,100.0,100.0,100.0,100.0,100.0,100.0,80.0,60.0,40.0,60.0,80.0,,,,,,,,,,,,,,,
2018,Pre-COVID (2010-2019),Sí,WPRO,Republic of Korea,KOR,94.0,93.0,80.0,100.0,100.0,True,,93.0,,,80.0,,,100.0,,,100.0,,,100.0,,100.0,,100.0,,,100.0,,,,100.0,,80.0,,90.0,,80.0,,100.0,100.0,100.0,80.0,100.0,60.0,100.0,100.0,100.0,100.0,100.0,100.0,100.0,100.0,100.0,100.0,100.0,100.0,100.0,100.0,80.0,100.0,80.0,80.0,100.0,,,,,,,,,,,,,,,
2018,Pre-COVID (2010-2019),Sí,EMRO,Saudi Arabia,SAU,69.0,73.0,70.0,40.0,60.0,True,,73.0,,,70.0,,,40.0,,,80.0,,,60.0,,40.0,,80.0,,,80.0,,,,60.0,,80.0,,70.0,,80.0,,80.0,100.0,60.0,60.0,80.0,60.0,40.0,80.0,60.0,60.0,60.0,60.0,20.0,80.0,80.0,80.0,80.0,40.0,60.0,80.0,80.0,80.0,60.0,80.0,80.0,,,,,,,,,,,,,,,
2018,Pre-COVID (2010-2019),Sí,WPRO,Singapore,SGP,91.0,100.0,100.0,100.0,100.0,True,,100.0,,,100.0,,,80.0,,,80.0,,,100.0,,100.0,,100.0,,,80.0,,,,93.0,,100.0,,90.0,,80.0,,80.0,100.0,100.0,100.0,100.0,100.0,80.0,80.0,100.0,100.0,100.0,100.0,100.0,100.0,80.0,80.0,80.0,80.0,100.0,100.0,100.0,100.0,80.0,80.0,80.0,,,,,,,,,,,,,,,
2018,Pre-COVID (2010-2019),Sí,SEARO,Sri Lanka,LKA,46.0,60.0,40.0,70.0,53.0,True,,60.0,,,40.0,,,20.0,,,20.0,,,53.0,,70.0,,60.0,,,33.0,,,,47.0,,60.0,,50.0,,40.0,,40.0,40.0,40.0,100.0,60.0,20.0,20.0,20.0,60.0,40.0,60.0,80.0,60.0,60.0,20.0,60.0,20.0,40.0,20.0,80.0,60.0,40.0,60.0,40.0,40.0,,,,,,,,,,,,,,,
2018,Pre-COVID (2010-2019),Sí,EMRO,Syrian Arab Republic,SYR,75.0,80.0,90.0,80.0,67.0,True,,80.0,,,90.0,,,80.0,,,40.0,,,67.0,,80.0,,80.0,,,53.0,,,,80.0,,80.0,,80.0,,80.0,,80.0,100.0,60.0,80.0,80.0,100.0,80.0,40.0,80.0,60.0,60.0,80.0,80.0,80.0,40.0,60.0,60.0,80.0,60.0,100.0,80.0,80.0,80.0,80.0,80.0,,,,,,,,,,,,,,,
2018,Pre-COVID (2010-2019),Sí,EURO,Tajikistan,TJK,58.0,53.0,40.0,70.0,60.0,True,,53.0,,,40.0,,,80.0,,,60.0,,,60.0,,70.0,,60.0,,,80.0,,,,60.0,,60.0,,30.0,,40.0,,60.0,60.0,20.0,80.0,40.0,40.0,80.0,60.0,60.0,60.0,60.0,80.0,60.0,60.0,80.0,80.0,80.0,80.0,40.0,60.0,60.0,40.0,20.0,40.0,60.0,,,,,,,,,,,,,,,
2018,Pre-COVID (2010-2019),Sí,SEARO,Thailand,THA,79.0,53.0,90.0,80.0,73.0,True,,53.0,,,90.0,,,100.0,,,80.0,,,73.0,,80.0,,80.0,,,60.0,,,,87.0,,100.0,,70.0,,80.0,,80.0,60.0,60.0,40.0,80.0,100.0,100.0,80.0,80.0,60.0,80.0,80.0,80.0,80.0,60.0,60.0,60.0,100.0,60.0,100.0,100.0,80.0,60.0,80.0,80.0,,,,,,,,,,,,,,,
2018,Pre-COVID (2010-2019),Sí,SEARO,Timor-Leste,TLS,44.0,60.0,70.0,50.0,47.0,True,,60.0,,,70.0,,,20.0,,,40.0,,,47.0,,50.0,,20.0,,,27.0,,,,53.0,,60.0,,80.0,,20.0,,20.0,60.0,60.0,60.0,80.0,60.0,20.0,40.0,60.0,20.0,60.0,80.0,20.0,20.0,20.0,20.0,40.0,80.0,40.0,40.0,60.0,80.0,80.0,20.0,20.0,,,,,,,,,,,,,,,
2018,Pre-COVID (2010-2019),Sí,EURO,Türkiye,TUR,73.0,100.0,70.0,90.0,93.0,True,,100.0,,,70.0,,,80.0,,,60.0,,,93.0,,90.0,,60.0,,,60.0,,,,87.0,,40.0,,90.0,,60.0,,60.0,100.0,100.0,100.0,80.0,60.0,80.0,60.0,100.0,80.0,100.0,100.0,80.0,60.0,20.0,80.0,80.0,60.0,100.0,100.0,40.0,80.0,100.0,60.0,60.0,,,,,,,,,,,,,,,
2018,Pre-COVID (2010-2019),Sí,EURO,Turkmenistan,TKM,67.0,60.0,70.0,70.0,73.0,True,,60.0,,,70.0,,,100.0,,,60.0,,,73.0,,70.0,,60.0,,,73.0,,,,67.0,,60.0,,80.0,,60.0,,40.0,60.0,60.0,60.0,40.0,100.0,100.0,60.0,60.0,80.0,80.0,80.0,60.0,60.0,80.0,80.0,60.0,60.0,60.0,80.0,60.0,100.0,60.0,60.0,40.0,,,,,,,,,,,,,,,
2018,Pre-COVID (2010-2019),Sí,EMRO,United Arab Emirates,ARE,95.0,100.0,100.0,90.0,100.0,True,,100.0,,,100.0,,,100.0,,,100.0,,,100.0,,90.0,,60.0,,,100.0,,,,100.0,,100.0,,80.0,,100.0,,100.0,100.0,100.0,100.0,100.0,100.0,100.0,100.0,100.0,100.0,100.0,100.0,80.0,60.0,100.0,100.0,100.0,100.0,100.0,100.0,100.0,80.0,80.0,100.0,100.0,,,,,,,,,,,,,,,
2018,Pre-COVID (2010-2019),Sí,EURO,Uzbekistan,UZB,44.0,47.0,30.0,60.0,67.0,True,,47.0,,,30.0,,,60.0,,,0.0,,,67.0,,60.0,,40.0,,,53.0,,,,73.0,,60.0,,0.0,,40.0,,40.0,20.0,60.0,60.0,60.0,0.0,60.0,0.0,60.0,60.0,80.0,60.0,60.0,40.0,60.0,60.0,40.0,60.0,60.0,100.0,60.0,0.0,0.0,40.0,40.0,,,,,,,,,,,,,,,
2018,Pre-COVID (2010-2019),Sí,WPRO,Viet Nam,VNM,61.0,87.0,80.0,50.0,67.0,True,,87.0,,,80.0,,,60.0,,,60.0,,,67.0,,50.0,,60.0,,,47.0,,,,60.0,,60.0,,40.0,,60.0,,60.0,100.0,60.0,100.0,60.0,100.0,60.0,60.0,60.0,60.0,80.0,60.0,40.0,60.0,40.0,60.0,40.0,60.0,60.0,60.0,60.0,40.0,40.0,60.0,60.0,,,,,,,,,,,,,,,
2018,Pre-COVID (2010-2019),Sí,EMRO,Yemen,YEM,49.0,47.0,40.0,80.0,67.0,True,,47.0,,,40.0,,,80.0,,,40.0,,,67.0,,80.0,,80.0,,,60.0,,,,47.0,,60.0,,0.0,,20.0,,20.0,40.0,40.0,60.0,40.0,40.0,80.0,40.0,60.0,40.0,100.0,80.0,80.0,80.0,60.0,60.0,60.0,60.0,40.0,40.0,60.0,0.0,0.0,20.0,20.0,,,,,,,,,,,,,,,
2018,Pre-COVID (2010-2019),Sí,EURO,Albania,ALB,,,,,,False,,,,,,,,,,,,,,,,,,,,,,,,,,,,,,,,,,,,,,,,,,,,,,,,,,,,,,,,,,,,,,,,,,,,,,,,
2018,Pre-COVID (2010-2019),Sí,EURO,Andorra,AND,37.0,47.0,50.0,20.0,67.0,True,,47.0,,,50.0,,,60.0,,,80.0,,,67.0,,20.0,,20.0,,,0.0,,,,53.0,,60.0,,20.0,,0.0,,0.0,60.0,20.0,60.0,40.0,60.0,60.0,80.0,100.0,0.0,100.0,20.0,20.0,20.0,0.0,0.0,0.0,40.0,60.0,60.0,60.0,20.0,20.0,0.0,0.0,,,,,,,,,,,,,,,
2018,Pre-COVID (2010-2019),Sí,EURO,Austria,AUT,59.0,60.0,90.0,80.0,67.0,True,,60.0,,,90.0,,,100.0,,,80.0,,,67.0,,80.0,,20.0,,,33.0,,,,53.0,,20.0,,0.0,,60.0,,100.0,100.0,0.0,80.0,80.0,100.0,100.0,80.0,100.0,20.0,80.0,80.0,80.0,20.0,40.0,40.0,20.0,0.0,60.0,100.0,20.0,0.0,0.0,60.0,100.0,,,,,,,,,,,,,,,
2018,Pre-COVID (2010-2019),Sí,EURO,Belarus,BLR,96.0,93.0,100.0,100.0,93.0,True,,93.0,,,100.0,,,80.0,,,100.0,,,93.0,,100.0,,100.0,,,87.0,,,,100.0,,100.0,,100.0,,100.0,,100.0,100.0,80.0,100.0,100.0,100.0,80.0,100.0,80.0,100.0,100.0,100.0,100.0,100.0,100.0,80.0,80.0,100.0,100.0,100.0,100.0,100.0,100.0,100.0,100.0,,,,,,,,,,,,,,,
2018,Pre-COVID (2010-2019),Sí,EURO,Belgium,BEL,80.0,47.0,80.0,90.0,100.0,True,,47.0,,,80.0,,,100.0,,,100.0,,,100.0,,90.0,,40.0,,,87.0,,,,80.0,,80.0,,70.0,,60.0,,100.0,60.0,20.0,60.0,60.0,100.0,100.0,100.0,100.0,100.0,100.0,100.0,80.0,40.0,100.0,80.0,80.0,100.0,60.0,80.0,80.0,80.0,60.0,60.0,100.0,,,,,,,,,,,,,,,
2018,Pre-COVID (2010-2019),Sí,EURO,Bosnia and Herzegovina,BIH,33.0,60.0,30.0,20.0,33.0,True,,60.0,,,30.0,,,20.0,,,80.0,,,33.0,,20.0,,20.0,,,27.0,,,,33.0,,20.0,,0.0,,20.0,,60.0,40.0,60.0,80.0,40.0,20.0,20.0,80.0,60.0,40.0,0.0,20.0,20.0,20.0,20.0,40.0,20.0,20.0,20.0,60.0,20.0,0.0,0.0,20.0,60.0,,,,,,,,,,,,,,,
2018,Pre-COVID (2010-2019),Sí,EURO,Bulgaria,BGR,64.0,67.0,70.0,50.0,87.0,True,,67.0,,,70.0,,,80.0,,,80.0,,,87.0,,50.0,,60.0,,,53.0,,,,73.0,,40.0,,50.0,,40.0,,80.0,100.0,60.0,40.0,40.0,100.0,80.0,80.0,100.0,60.0,100.0,60.0,40.0,60.0,40.0,40.0,80.0,80.0,80.0,60.0,40.0,60.0,40.0,40.0,80.0,,,,,,,,,,,,,,,
2018,Pre-COVID (2010-2019),Sí,EURO,Croatia,HRV,73.0,80.0,70.0,80.0,87.0,True,,80.0,,,70.0,,,80.0,,,80.0,,,87.0,,80.0,,80.0,,,47.0,,,,67.0,,60.0,,80.0,,60.0,,80.0,100.0,60.0,80.0,40.0,100.0,80.0,80.0,100.0,60.0,100.0,80.0,80.0,80.0,40.0,60.0,40.0,80.0,60.0,60.0,60.0,80.0,80.0,60.0,80.0,,,,,,,,,,,,,,,
2018,Pre-COVID (2010-2019),Sí,EURO,Czech Republic,CZE,67.0,53.0,60.0,60.0,87.0,True,,53.0,,,60.0,,,80.0,,,60.0,,,87.0,,60.0,,80.0,,,67.0,,,,93.0,,40.0,,30.0,,60.0,,100.0,100.0,20.0,40.0,40.0,80.0,80.0,60.0,100.0,60.0,100.0,100.0,20.0,80.0,40.0,80.0,80.0,80.0,100.0,100.0,40.0,40.0,20.0,60.0,100.0,,,,,,,,,,,,,,,
2018,Pre-COVID (2010-2019),Sí,EURO,Denmark,DNK,96.0,93.0,100.0,100.0,100.0,True,,93.0,,,100.0,,,100.0,,,100.0,,,100.0,,100.0,,100.0,,,100.0,,,,100.0,,100.0,,100.0,,100.0,,60.0,100.0,100.0,80.0,100.0,100.0,100.0,100.0,100.0,100.0,100.0,100.0,100.0,100.0,100.0,100.0,100.0,100.0,100.0,100.0,100.0,100.0,100.0,100.0,60.0,,,,,,,,,,,,,,,
2018,Pre-COVID (2010-2019),Sí,EURO,Estonia,EST,74.0,87.0,70.0,80.0,80.0,True,,87.0,,,70.0,,,80.0,,,80.0,,,80.0,,80.0,,60.0,,,73.0,,,,80.0,,60.0,,50.0,,80.0,,80.0,100.0,80.0,80.0,80.0,60.0,80.0,80.0,80.0,80.0,80.0,80.0,80.0,60.0,60.0,80.0,80.0,60.0,80.0,100.0,60.0,60.0,40.0,80.0,80.0,,,,,,,,,,,,,,,
2018,Pre-COVID (2010-2019),Sí,EURO,Finland,FIN,94.0,100.0,100.0,80.0,87.0,True,,100.0,,,100.0,,,100.0,,,100.0,,,87.0,,80.0,,80.0,,,93.0,,,,100.0,,80.0,,100.0,,100.0,,100.0,100.0,100.0,100.0,100.0,100.0,100.0,100.0,100.0,60.0,100.0,80.0,80.0,80.0,80.0,100.0,100.0,100.0,100.0,100.0,80.0,100.0,100.0,100.0,100.0,,,,,,,,,,,,,,,
2018,Pre-COVID (2010-2019),Sí,EURO,France,FRA,82.0,67.0,100.0,100.0,73.0,True,,67.0,,,100.0,,,80.0,,,80.0,,,73.0,,100.0,,80.0,,,73.0,,,,93.0,,80.0,,40.0,,100.0,,100.0,100.0,80.0,20.0,100.0,100.0,80.0,80.0,20.0,100.0,100.0,100.0,100.0,80.0,100.0,100.0,20.0,80.0,100.0,100.0,80.0,40.0,40.0,100.0,100.0,,,,,,,,,,,,,,,
2018,Pre-COVID (2010-2019),Sí,EURO,Germany,DEU,91.0,93.0,100.0,100.0,100.0,True,,93.0,,,100.0,,,100.0,,,80.0,,,100.0,,100.0,,80.0,,,93.0,,,,100.0,,60.0,,80.0,,100.0,,100.0,100.0,100.0,80.0,100.0,100.0,100.0,80.0,100.0,100.0,100.0,100.0,100.0,80.0,80.0,100.0,100.0,100.0,100.0,100.0,60.0,80.0,80.0,100.0,100.0,,,,,,,,,,,,,,,
2018,Pre-COVID (2010-2019),No,EURO,Greece,GRC,,,,,,False,,,,,,,,,,,,,,,,,,,,,,,,,,,,,,,,,,,,,,,,,,,,,,,,,,,,,,,,,,,,,,,,,,,,,,,,
2018,Pre-COVID (2010-2019),Sí,EURO,Holy See,VAT,41.0,27.0,20.0,50.0,47.0,True,,27.0,,,20.0,,,100.0,,,60.0,,,47.0,,50.0,,20.0,,,40.0,,,,33.0,,40.0,,20.0,,40.0,,40.0,60.0,0.0,20.0,20.0,20.0,100.0,60.0,20.0,20.0,100.0,60.0,40.0,20.0,40.0,40.0,40.0,40.0,0.0,60.0,40.0,20.0,20.0,40.0,40.0,,,,,,,,,,,,,,,
2018,Pre-COVID (2010-2019),Sí,EURO,Hungary,HUN,67.0,87.0,90.0,90.0,67.0,True,,87.0,,,90.0,,,80.0,,,80.0,,,67.0,,90.0,,20.0,,,60.0,,,,53.0,,40.0,,50.0,,60.0,,100.0,100.0,80.0,80.0,80.0,100.0,80.0,80.0,60.0,40.0,100.0,100.0,80.0,20.0,40.0,80.0,60.0,40.0,60.0,60.0,40.0,60.0,40.0,60.0,100.0,,,,,,,,,,,,,,,
2018,Pre-COVID (2010-2019),Sí,EURO,Iceland,ISL,84.0,87.0,100.0,80.0,87.0,True,,87.0,,,100.0,,,80.0,,,80.0,,,87.0,,80.0,,60.0,,,100.0,,,,93.0,,100.0,,80.0,,60.0,,80.0,80.0,80.0,100.0,100.0,100.0,80.0,80.0,100.0,100.0,60.0,80.0,80.0,60.0,100.0,100.0,100.0,100.0,80.0,100.0,100.0,80.0,80.0,60.0,80.0,,,,,,,,,,,,,,,
2018,Pre-COVID (2010-2019),Sí,EURO,Ireland,IRL,67.0,40.0,70.0,80.0,100.0,True,,40.0,,,70.0,,,60.0,,,100.0,,,100.0,,80.0,,60.0,,,80.0,,,,67.0,,100.0,,0.0,,60.0,,60.0,60.0,40.0,20.0,80.0,60.0,60.0,100.0,100.0,100.0,100.0,80.0,80.0,60.0,80.0,100.0,60.0,40.0,60.0,100.0,100.0,0.0,0.0,60.0,60.0,,,,,,,,,,,,,,,
2018,Pre-COVID (2010-2019),Sí,EURO,Italy,ITA,85.0,87.0,90.0,90.0,100.0,True,,87.0,,,90.0,,,100.0,,,80.0,,,100.0,,90.0,,80.0,,,100.0,,,,93.0,,60.0,,80.0,,60.0,,80.0,100.0,80.0,80.0,100.0,80.0,100.0,80.0,100.0,100.0,100.0,100.0,80.0,80.0,100.0,100.0,100.0,100.0,80.0,100.0,60.0,80.0,80.0,60.0,80.0,,,,,,,,,,,,,,,
2018,Pre-COVID (2010-2019),Sí,EURO,Latvia,LVA,75.0,80.0,90.0,80.0,73.0,True,,80.0,,,90.0,,,80.0,,,80.0,,,73.0,,80.0,,80.0,,,80.0,,,,87.0,,60.0,,80.0,,40.0,,60.0,100.0,80.0,60.0,80.0,100.0,80.0,80.0,60.0,60.0,100.0,80.0,80.0,80.0,100.0,80.0,60.0,80.0,80.0,100.0,60.0,80.0,80.0,40.0,60.0,,,,,,,,,,,,,,,
2018,Pre-COVID (2010-2019),Sí,EURO,Liechtenstein,LIE,,,,,,False,,,,,,,,,,,,,,,,,,,,,,,,,,,,,,,,,,,,,,,,,,,,,,,,,,,,,,,,,,,,,,,,,,,,,,,,
2018,Pre-COVID (2010-2019),Sí,EURO,Lithuania,LTU,82.0,87.0,90.0,70.0,80.0,True,,87.0,,,90.0,,,80.0,,,80.0,,,80.0,,70.0,,80.0,,,93.0,,,,100.0,,60.0,,60.0,,80.0,,100.0,100.0,80.0,80.0,80.0,100.0,80.0,80.0,100.0,60.0,80.0,60.0,80.0,80.0,100.0,100.0,80.0,100.0,100.0,100.0,60.0,60.0,60.0,80.0,100.0,,,,,,,,,,,,,,,
2018,Pre-COVID (2010-2019),Sí,EURO,Luxembourg,LUX,76.0,100.0,90.0,70.0,87.0,True,,100.0,,,90.0,,,80.0,,,80.0,,,87.0,,70.0,,80.0,,,80.0,,,,60.0,,80.0,,60.0,,40.0,,80.0,100.0,100.0,100.0,80.0,100.0,80.0,80.0,100.0,80.0,80.0,80.0,60.0,80.0,80.0,80.0,80.0,80.0,40.0,60.0,80.0,60.0,60.0,40.0,80.0,,,,,,,,,,,,,,,
2018,Pre-COVID (2010-2019),Sí,EURO,Malta,MLT,60.0,100.0,70.0,70.0,73.0,True,,100.0,,,70.0,,,80.0,,,80.0,,,73.0,,70.0,,100.0,,,20.0,,,,53.0,,20.0,,60.0,,20.0,,40.0,100.0,100.0,100.0,80.0,60.0,80.0,80.0,100.0,20.0,100.0,60.0,80.0,100.0,20.0,20.0,20.0,40.0,60.0,60.0,20.0,80.0,40.0,20.0,40.0,,,,,,,,,,,,,,,
2018,Pre-COVID (2010-2019),Sí,EURO,Monaco,MCO,82.0,80.0,90.0,80.0,100.0,True,,80.0,,,90.0,,,100.0,,,80.0,,,100.0,,80.0,,80.0,,,100.0,,,,100.0,,40.0,,90.0,,40.0,,80.0,80.0,80.0,80.0,80.0,100.0,100.0,80.0,100.0,100.0,100.0,80.0,80.0,80.0,100.0,100.0,100.0,100.0,100.0,100.0,40.0,100.0,80.0,40.0,80.0,,,,,,,,,,,,,,,
2018,Pre-COVID (2010-2019),Sí,EURO,Montenegro,MNE,47.0,47.0,50.0,60.0,27.0,True,,47.0,,,50.0,,,20.0,,,20.0,,,27.0,,60.0,,80.0,,,53.0,,,,53.0,,80.0,,20.0,,20.0,,80.0,80.0,20.0,40.0,40.0,60.0,20.0,20.0,20.0,20.0,40.0,60.0,60.0,80.0,80.0,40.0,40.0,60.0,40.0,60.0,80.0,20.0,20.0,20.0,80.0,,,,,,,,,,,,,,,
2018,Pre-COVID (2010-2019),Sí,EURO,Netherlands (Kingdom of the),NLD,89.0,93.0,100.0,80.0,93.0,True,,93.0,,,100.0,,,100.0,,,80.0,,,93.0,,80.0,,100.0,,,93.0,,,,93.0,,80.0,,60.0,,80.0,,100.0,100.0,80.0,100.0,100.0,100.0,100.0,80.0,100.0,80.0,100.0,80.0,80.0,100.0,100.0,100.0,80.0,80.0,100.0,100.0,80.0,60.0,60.0,80.0,100.0,,,,,,,,,,,,,,,
2018,Pre-COVID (2010-2019),Sí,EURO,North Macedonia,MKD,63.0,73.0,90.0,80.0,67.0,True,,73.0,,,90.0,,,40.0,,,60.0,,,67.0,,80.0,,80.0,,,47.0,,,,67.0,,40.0,,100.0,,40.0,,40.0,100.0,40.0,80.0,80.0,100.0,40.0,60.0,100.0,20.0,80.0,80.0,80.0,80.0,60.0,60.0,20.0,60.0,60.0,80.0,40.0,100.0,100.0,40.0,40.0,,,,,,,,,,,,,,,
2018,Pre-COVID (2010-2019),Sí,EURO,Norway,NOR,92.0,100.0,100.0,100.0,87.0,True,,100.0,,,100.0,,,100.0,,,100.0,,,87.0,,100.0,,100.0,,,93.0,,,,100.0,,100.0,,60.0,,80.0,,80.0,100.0,100.0,100.0,100.0,100.0,100.0,100.0,100.0,60.0,100.0,100.0,100.0,100.0,100.0,100.0,80.0,100.0,100.0,100.0,100.0,60.0,60.0,80.0,80.0,,,,,,,,,,,,,,,
2018,Pre-COVID (2010-2019),No,EURO,Poland,POL,,,,,,False,,,,,,,,,,,,,,,,,,,,,,,,,,,,,,,,,,,,,,,,,,,,,,,,,,,,,,,,,,,,,,,,,,,,,,,,
2018,Pre-COVID (2010-2019),Sí,EURO,Portugal,PRT,77.0,87.0,100.0,80.0,100.0,True,,87.0,,,100.0,,,20.0,,,80.0,,,100.0,,80.0,,80.0,,,80.0,,,,93.0,,80.0,,80.0,,80.0,,40.0,100.0,80.0,80.0,100.0,100.0,20.0,80.0,100.0,100.0,100.0,80.0,80.0,80.0,80.0,80.0,80.0,80.0,100.0,100.0,80.0,80.0,80.0,80.0,40.0,,,,,,,,,,,,,,,
2018,Pre-COVID (2010-2019),Sí,EURO,Republic of Moldova,MDA,60.0,80.0,70.0,80.0,53.0,True,,80.0,,,70.0,,,60.0,,,80.0,,,53.0,,80.0,,40.0,,,53.0,,,,60.0,,60.0,,60.0,,40.0,,40.0,100.0,60.0,80.0,80.0,60.0,60.0,80.0,60.0,40.0,60.0,80.0,80.0,40.0,20.0,80.0,60.0,40.0,60.0,80.0,60.0,40.0,80.0,40.0,40.0,,,,,,,,,,,,,,,
2018,Pre-COVID (2010-2019),Sí,EURO,Romania,ROU,72.0,80.0,80.0,70.0,80.0,True,,80.0,,,80.0,,,20.0,,,80.0,,,80.0,,70.0,,60.0,,,100.0,,,,80.0,,100.0,,40.0,,40.0,,100.0,100.0,60.0,80.0,60.0,100.0,20.0,80.0,80.0,80.0,80.0,60.0,80.0,60.0,100.0,100.0,100.0,80.0,100.0,60.0,100.0,40.0,40.0,40.0,100.0,,,,,,,,,,,,,,,
2018,Pre-COVID (2010-2019),Sí,EURO,Russian Federation,RUS,100.0,100.0,100.0,100.0,100.0,True,,100.0,,,100.0,,,100.0,,,100.0,,,100.0,,100.0,,100.0,,,100.0,,,,100.0,,100.0,,100.0,,100.0,,100.0,100.0,100.0,100.0,100.0,100.0,100.0,100.0,100.0,100.0,100.0,100.0,100.0,100.0,100.0,100.0,100.0,100.0,100.0,100.0,100.0,100.0,100.0,100.0,100.0,,,,,,,,,,,,,,,
2018,Pre-COVID (2010-2019),Sí,EURO,San Marino,SMR,33.0,20.0,40.0,20.0,67.0,True,,20.0,,,40.0,,,20.0,,,40.0,,,67.0,,20.0,,60.0,,,27.0,,,,53.0,,40.0,,0.0,,20.0,,20.0,20.0,20.0,20.0,20.0,60.0,20.0,40.0,80.0,20.0,100.0,20.0,20.0,60.0,20.0,20.0,40.0,20.0,60.0,80.0,40.0,0.0,0.0,20.0,20.0,,,,,,,,,,,,,,,
2018,Pre-COVID (2010-2019),Sí,EURO,Serbia,SRB,69.0,87.0,80.0,60.0,53.0,True,,87.0,,,80.0,,,80.0,,,80.0,,,53.0,,60.0,,80.0,,,80.0,,,,73.0,,80.0,,0.0,,80.0,,60.0,100.0,80.0,80.0,80.0,80.0,80.0,80.0,60.0,40.0,60.0,80.0,40.0,80.0,80.0,80.0,80.0,40.0,80.0,100.0,80.0,0.0,0.0,80.0,60.0,,,,,,,,,,,,,,,
2018,Pre-COVID (2010-2019),Sí,EURO,Slovakia,SVK,69.0,100.0,70.0,80.0,60.0,True,,100.0,,,70.0,,,60.0,,,60.0,,,60.0,,80.0,,60.0,,,80.0,,,,67.0,,60.0,,80.0,,60.0,,60.0,100.0,100.0,100.0,40.0,100.0,60.0,60.0,20.0,60.0,100.0,100.0,60.0,60.0,40.0,100.0,100.0,40.0,100.0,60.0,60.0,80.0,80.0,60.0,60.0,,,,,,,,,,,,,,,
2018,Pre-COVID (2010-2019),Sí,EURO,Slovenia,SVN,82.0,87.0,90.0,80.0,93.0,True,,87.0,,,90.0,,,80.0,,,100.0,,,93.0,,80.0,,60.0,,,80.0,,,,87.0,,60.0,,70.0,,80.0,,100.0,100.0,80.0,80.0,100.0,80.0,80.0,100.0,100.0,80.0,100.0,80.0,80.0,60.0,80.0,60.0,100.0,80.0,100.0,80.0,60.0,80.0,60.0,80.0,100.0,,,,,,,,,,,,,,,
2018,Pre-COVID (2010-2019),Sí,EURO,Spain,ESP,84.0,93.0,100.0,80.0,93.0,True,,93.0,,,100.0,,,80.0,,,80.0,,,93.0,,80.0,,80.0,,,87.0,,,,100.0,,60.0,,80.0,,80.0,,80.0,100.0,100.0,80.0,100.0,100.0,80.0,80.0,100.0,100.0,80.0,80.0,80.0,80.0,100.0,80.0,80.0,100.0,100.0,100.0,60.0,80.0,80.0,80.0,80.0,,,,,,,,,,,,,,,
2018,Pre-COVID (2010-2019),Sí,EURO,Sweden,SWE,92.0,100.0,100.0,100.0,100.0,True,,100.0,,,100.0,,,100.0,,,80.0,,,100.0,,100.0,,80.0,,,80.0,,,,93.0,,80.0,,100.0,,80.0,,100.0,100.0,100.0,100.0,100.0,100.0,100.0,80.0,100.0,100.0,100.0,100.0,100.0,80.0,80.0,80.0,80.0,80.0,100.0,100.0,80.0,100.0,100.0,80.0,100.0,,,,,,,,,,,,,,,
2018,Pre-COVID (2010-2019),Sí,EURO,Switzerland,CHE,,,,,,False,,,,,,,,,,,,,,,,,,,,,,,,,,,,,,,,,,,,,,,,,,,,,,,,,,,,,,,,,,,,,,,,,,,,,,,,
2018,Pre-COVID (2010-2019),Sí,EURO,Ukraine,UKR,75.0,100.0,90.0,80.0,93.0,True,,100.0,,,90.0,,,80.0,,,80.0,,,93.0,,80.0,,80.0,,,60.0,,,,53.0,,60.0,,20.0,,100.0,,80.0,100.0,100.0,100.0,80.0,100.0,80.0,80.0,100.0,80.0,100.0,80.0,80.0,80.0,20.0,80.0,80.0,80.0,20.0,60.0,60.0,20.0,20.0,100.0,80.0,,,,,,,,,,,,,,,
2018,Pre-COVID (2010-2019),Sí,EURO,United Kingdom of Great Britain and Northern Ireland,GBR,93.0,100.0,90.0,100.0,100.0,True,,100.0,,,90.0,,,100.0,,,100.0,,,100.0,,100.0,,100.0,,,100.0,,,,100.0,,100.0,,40.0,,80.0,,100.0,100.0,100.0,100.0,80.0,100.0,100.0,100.0,100.0,100.0,100.0,100.0,100.0,100.0,100.0,100.0,100.0,100.0,100.0,100.0,100.0,40.0,40.0,80.0,100.0,,,,,,,,,,,,,,,
2019,Pre-COVID (2010-2019),Sí,AFRO,Algeria,DZA,80.0,100.0,90.0,80.0,60.0,True,,100.0,,,90.0,,,80.0,,,80.0,,,60.0,,80.0,,80.0,,,53.0,,,,93.0,,60.0,,60.0,,100.0,,100.0,100.0,100.0,100.0,80.0,100.0,80.0,80.0,60.0,20.0,100.0,80.0,80.0,80.0,60.0,20.0,80.0,80.0,100.0,100.0,60.0,80.0,40.0,100.0,100.0,,,,,,,,,,,,,,,
2019,Pre-COVID (2010-2019),Sí,AFRO,Angola,AGO,63.0,47.0,90.0,100.0,67.0,True,,47.0,,,90.0,,,80.0,,,40.0,,,67.0,,100.0,,60.0,,,73.0,,,,53.0,,80.0,,30.0,,40.0,,60.0,20.0,40.0,80.0,80.0,100.0,80.0,40.0,80.0,40.0,80.0,100.0,100.0,60.0,60.0,80.0,80.0,60.0,40.0,60.0,80.0,40.0,20.0,40.0,60.0,,,,,,,,,,,,,,,
2019,Pre-COVID (2010-2019),Sí,AFRO,Benin,BEN,35.0,33.0,60.0,50.0,60.0,True,,33.0,,,60.0,,,20.0,,,40.0,,,60.0,,50.0,,60.0,,,27.0,,,,27.0,,40.0,,0.0,,20.0,,20.0,20.0,40.0,40.0,40.0,80.0,20.0,40.0,60.0,40.0,80.0,80.0,20.0,60.0,40.0,40.0,0.0,20.0,40.0,20.0,40.0,0.0,0.0,20.0,20.0,,,,,,,,,,,,,,,
2019,Pre-COVID (2010-2019),Sí,AFRO,Botswana,BWA,30.0,40.0,20.0,40.0,67.0,True,,40.0,,,20.0,,,20.0,,,40.0,,,67.0,,40.0,,20.0,,,13.0,,,,47.0,,20.0,,0.0,,20.0,,40.0,40.0,40.0,40.0,20.0,20.0,20.0,40.0,80.0,40.0,80.0,60.0,20.0,20.0,20.0,20.0,0.0,40.0,40.0,60.0,20.0,0.0,0.0,20.0,40.0,,,,,,,,,,,,,,,
2019,Pre-COVID (2010-2019),Sí,AFRO,Burkina Faso,BFA,44.0,67.0,40.0,70.0,53.0,True,,67.0,,,40.0,,,40.0,,,20.0,,,53.0,,70.0,,80.0,,,33.0,,,,40.0,,40.0,,30.0,,20.0,,40.0,100.0,60.0,40.0,60.0,20.0,40.0,20.0,60.0,40.0,60.0,80.0,60.0,80.0,20.0,60.0,20.0,40.0,20.0,60.0,40.0,40.0,20.0,20.0,40.0,,,,,,,,,,,,,,,
2019,Pre-COVID (2010-2019),Sí,AFRO,Burundi,BDI,47.0,33.0,50.0,70.0,60.0,True,,33.0,,,50.0,,,60.0,,,40.0,,,60.0,,70.0,,60.0,,,20.0,,,,40.0,,40.0,,40.0,,40.0,,60.0,20.0,40.0,40.0,40.0,60.0,60.0,40.0,100.0,20.0,60.0,80.0,60.0,60.0,40.0,20.0,0.0,40.0,40.0,40.0,40.0,40.0,40.0,40.0,60.0,,,,,,,,,,,,,,,
2019,Pre-COVID (2010-2019),Sí,AFRO,Cabo Verde,CPV,48.0,60.0,40.0,60.0,67.0,True,,60.0,,,40.0,,,40.0,,,80.0,,,67.0,,60.0,,40.0,,,40.0,,,,53.0,,40.0,,40.0,,40.0,,20.0,60.0,60.0,60.0,40.0,40.0,40.0,80.0,80.0,20.0,100.0,60.0,60.0,40.0,40.0,40.0,40.0,40.0,40.0,80.0,40.0,40.0,40.0,40.0,20.0,,,,,,,,,,,,,,,
2019,Pre-COVID (2010-2019),Sí,AFRO,Cameroon,CMR,42.0,27.0,50.0,60.0,47.0,True,,27.0,,,50.0,,,80.0,,,40.0,,,47.0,,60.0,,60.0,,,33.0,,,,33.0,,20.0,,30.0,,20.0,,40.0,20.0,40.0,20.0,40.0,60.0,80.0,40.0,20.0,40.0,80.0,60.0,60.0,60.0,40.0,40.0,20.0,40.0,40.0,20.0,20.0,40.0,20.0,20.0,40.0,,,,,,,,,,,,,,,
2019,Pre-COVID (2010-2019),Sí,AFRO,Central African Republic,CAF,17.0,0.0,20.0,40.0,40.0,True,,0.0,,,20.0,,,20.0,,,0.0,,,40.0,,40.0,,0.0,,,20.0,,,,20.0,,0.0,,20.0,,20.0,,20.0,0.0,0.0,0.0,40.0,0.0,20.0,0.0,40.0,40.0,40.0,60.0,20.0,0.0,20.0,40.0,0.0,40.0,0.0,20.0,0.0,20.0,20.0,20.0,20.0,,,,,,,,,,,,,,,
2019,Pre-COVID (2010-2019),Sí,AFRO,Chad,TCD,30.0,27.0,30.0,70.0,33.0,True,,27.0,,,30.0,,,40.0,,,20.0,,,33.0,,70.0,,40.0,,,27.0,,,,27.0,,20.0,,20.0,,20.0,,20.0,20.0,20.0,40.0,40.0,20.0,40.0,20.0,40.0,20.0,40.0,80.0,60.0,40.0,40.0,20.0,20.0,40.0,20.0,20.0,20.0,20.0,20.0,20.0,20.0,,,,,,,,,,,,,,,
2019,Pre-COVID (2010-2019),Sí,AFRO,Comoros,COM,27.0,27.0,20.0,40.0,27.0,True,,27.0,,,20.0,,,60.0,,,60.0,,,27.0,,40.0,,20.0,,,33.0,,,,0.0,,40.0,,10.0,,20.0,,0.0,20.0,60.0,0.0,20.0,20.0,60.0,60.0,20.0,40.0,20.0,60.0,20.0,20.0,60.0,40.0,0.0,0.0,0.0,0.0,40.0,20.0,0.0,20.0,0.0,,,,,,,,,,,,,,,
2019,Pre-COVID (2010-2019),Sí,AFRO,Congo,COG,33.0,33.0,60.0,50.0,20.0,True,,33.0,,,60.0,,,20.0,,,40.0,,,20.0,,50.0,,60.0,,,20.0,,,,20.0,,40.0,,20.0,,20.0,,20.0,20.0,60.0,20.0,80.0,40.0,20.0,40.0,20.0,20.0,20.0,60.0,40.0,60.0,20.0,20.0,20.0,20.0,20.0,20.0,40.0,20.0,20.0,20.0,20.0,,,,,,,,,,,,,,,
2019,Pre-COVID (2010-2019),Sí,AFRO,Côte d'Ivoire,CIV,44.0,33.0,20.0,30.0,73.0,True,,33.0,,,20.0,,,60.0,,,20.0,,,73.0,,30.0,,80.0,,,33.0,,,,27.0,,20.0,,30.0,,100.0,,40.0,20.0,60.0,20.0,20.0,20.0,60.0,20.0,80.0,40.0,100.0,40.0,20.0,80.0,20.0,60.0,20.0,40.0,20.0,20.0,20.0,40.0,20.0,100.0,40.0,,,,,,,,,,,,,,,
2019,Pre-COVID (2010-2019),Sí,AFRO,Democratic Republic of the Congo,COD,35.0,27.0,60.0,40.0,40.0,True,,27.0,,,60.0,,,60.0,,,20.0,,,40.0,,40.0,,60.0,,,33.0,,,,27.0,,20.0,,30.0,,20.0,,20.0,40.0,40.0,0.0,80.0,40.0,60.0,20.0,40.0,40.0,40.0,60.0,20.0,60.0,40.0,20.0,40.0,40.0,20.0,20.0,20.0,40.0,20.0,20.0,20.0,,,,,,,,,,,,,,,
2019,Pre-COVID (2010-2019),Sí,EMRO,Djibouti,DJI,32.0,27.0,50.0,60.0,33.0,True,,27.0,,,50.0,,,40.0,,,40.0,,,33.0,,60.0,,20.0,,,20.0,,,,33.0,,20.0,,30.0,,40.0,,0.0,40.0,20.0,20.0,40.0,60.0,40.0,40.0,20.0,20.0,60.0,60.0,60.0,20.0,20.0,20.0,20.0,40.0,20.0,40.0,20.0,40.0,20.0,40.0,0.0,,,,,,,,,,,,,,,
2019,Pre-COVID (2010-2019),Sí,EMRO,Egypt,EGY,83.0,93.0,90.0,100.0,73.0,True,,93.0,,,90.0,,,80.0,,,80.0,,,73.0,,100.0,,80.0,,,100.0,,,,93.0,,60.0,,90.0,,60.0,,80.0,80.0,100.0,100.0,80.0,100.0,80.0,80.0,80.0,60.0,80.0,100.0,100.0,80.0,100.0,100.0,100.0,100.0,80.0,100.0,60.0,100.0,80.0,60.0,80.0,,,,,,,,,,,,,,,
2019,Pre-COVID (2010-2019),Sí,AFRO,Equatorial Guinea,GNQ,22.0,20.0,20.0,40.0,20.0,True,,20.0,,,20.0,,,20.0,,,20.0,,,20.0,,40.0,,20.0,,,20.0,,,,27.0,,20.0,,20.0,,20.0,,20.0,20.0,20.0,20.0,20.0,20.0,20.0,20.0,20.0,20.0,20.0,40.0,40.0,20.0,20.0,20.0,20.0,20.0,20.0,40.0,20.0,20.0,20.0,20.0,20.0,,,,,,,,,,,,,,,
2019,Pre-COVID (2010-2019),Sí,AFRO,Eritrea,ERI,49.0,20.0,60.0,50.0,53.0,True,,20.0,,,60.0,,,80.0,,,20.0,,,53.0,,50.0,,80.0,,,20.0,,,,80.0,,80.0,,50.0,,20.0,,20.0,20.0,20.0,20.0,80.0,40.0,80.0,20.0,80.0,40.0,40.0,80.0,20.0,80.0,20.0,20.0,20.0,100.0,60.0,80.0,80.0,60.0,40.0,20.0,20.0,,,,,,,,,,,,,,,
2019,Pre-COVID (2010-2019),Sí,AFRO,Eswatini,SWZ,40.0,40.0,20.0,70.0,87.0,True,,40.0,,,20.0,,,20.0,,,40.0,,,87.0,,70.0,,20.0,,,27.0,,,,33.0,,20.0,,80.0,,40.0,,20.0,60.0,20.0,40.0,20.0,20.0,20.0,40.0,80.0,100.0,80.0,80.0,60.0,20.0,20.0,40.0,20.0,20.0,40.0,40.0,20.0,80.0,80.0,40.0,20.0,,,,,,,,,,,,,,,
2019,Pre-COVID (2010-2019),Sí,AFRO,Ethiopia,ETH,63.0,87.0,80.0,70.0,80.0,True,,87.0,,,80.0,,,40.0,,,40.0,,,80.0,,70.0,,80.0,,,73.0,,,,73.0,,80.0,,40.0,,40.0,,40.0,100.0,60.0,100.0,80.0,80.0,40.0,40.0,80.0,60.0,100.0,60.0,80.0,80.0,80.0,60.0,80.0,80.0,80.0,60.0,80.0,40.0,40.0,40.0,40.0,,,,,,,,,,,,,,,
2019,Pre-COVID (2010-2019),Sí,AFRO,Gabon,GAB,27.0,20.0,50.0,40.0,47.0,True,,20.0,,,50.0,,,20.0,,,20.0,,,47.0,,40.0,,40.0,,,20.0,,,,27.0,,20.0,,10.0,,20.0,,20.0,20.0,20.0,20.0,80.0,20.0,20.0,20.0,20.0,40.0,80.0,40.0,40.0,40.0,20.0,20.0,20.0,20.0,20.0,40.0,20.0,20.0,0.0,20.0,20.0,,,,,,,,,,,,,,,
2019,Pre-COVID (2010-2019),Sí,AFRO,Gambia,GMB,38.0,27.0,40.0,60.0,33.0,True,,27.0,,,40.0,,,20.0,,,20.0,,,33.0,,60.0,,80.0,,,47.0,,,,33.0,,60.0,,40.0,,20.0,,20.0,40.0,20.0,20.0,60.0,20.0,20.0,20.0,20.0,40.0,40.0,80.0,40.0,80.0,60.0,60.0,20.0,20.0,40.0,40.0,60.0,40.0,40.0,20.0,20.0,,,,,,,,,,,,,,,
2019,Pre-COVID (2010-2019),Sí,AFRO,Ghana,GHA,49.0,33.0,60.0,80.0,53.0,True,,33.0,,,60.0,,,60.0,,,40.0,,,53.0,,80.0,,20.0,,,33.0,,,,40.0,,80.0,,40.0,,40.0,,60.0,40.0,20.0,40.0,60.0,60.0,60.0,40.0,60.0,40.0,60.0,80.0,80.0,20.0,40.0,40.0,20.0,40.0,40.0,40.0,80.0,40.0,40.0,40.0,60.0,,,,,,,,,,,,,,,
2019,Pre-COVID (2010-2019),Sí,AFRO,Guinea,GIN,44.0,53.0,60.0,80.0,60.0,True,,53.0,,,60.0,,,60.0,,,20.0,,,60.0,,80.0,,40.0,,,47.0,,,,33.0,,40.0,,40.0,,20.0,,20.0,60.0,40.0,60.0,80.0,40.0,60.0,20.0,80.0,20.0,80.0,80.0,80.0,40.0,40.0,60.0,40.0,40.0,20.0,40.0,40.0,40.0,40.0,20.0,20.0,,,,,,,,,,,,,,,
2019,Pre-COVID (2010-2019),Sí,AFRO,Guinea-Bissau,GNB,25.0,27.0,20.0,30.0,20.0,True,,27.0,,,20.0,,,40.0,,,20.0,,,20.0,,30.0,,20.0,,,27.0,,,,27.0,,40.0,,20.0,,20.0,,20.0,40.0,20.0,20.0,20.0,20.0,40.0,20.0,20.0,20.0,20.0,20.0,40.0,20.0,20.0,20.0,40.0,20.0,20.0,40.0,40.0,20.0,20.0,20.0,20.0,,,,,,,,,,,,,,,
2019,Pre-COVID (2010-2019),Sí,AFRO,Kenya,KEN,41.0,40.0,20.0,50.0,60.0,True,,40.0,,,20.0,,,60.0,,,60.0,,,60.0,,50.0,,20.0,,,33.0,,,,40.0,,40.0,,50.0,,40.0,,20.0,60.0,40.0,20.0,40.0,0.0,60.0,60.0,40.0,60.0,80.0,80.0,20.0,20.0,20.0,60.0,20.0,40.0,40.0,40.0,40.0,60.0,40.0,40.0,20.0,,,,,,,,,,,,,,,
2019,Pre-COVID (2010-2019),Sí,AFRO,Lesotho,LSO,25.0,27.0,40.0,40.0,53.0,True,,27.0,,,40.0,,,40.0,,,20.0,,,53.0,,40.0,,20.0,,,7.0,,,,27.0,,20.0,,30.0,,0.0,,0.0,40.0,40.0,0.0,80.0,0.0,40.0,20.0,80.0,0.0,80.0,60.0,20.0,20.0,20.0,0.0,0.0,0.0,40.0,40.0,20.0,40.0,20.0,0.0,0.0,,,,,,,,,,,,,,,
2019,Pre-COVID (2010-2019),Sí,AFRO,Liberia,LBR,46.0,40.0,70.0,80.0,47.0,True,,40.0,,,70.0,,,60.0,,,20.0,,,47.0,,80.0,,40.0,,,47.0,,,,33.0,,60.0,,60.0,,20.0,,20.0,40.0,40.0,40.0,80.0,60.0,60.0,20.0,60.0,20.0,60.0,80.0,80.0,40.0,20.0,100.0,20.0,20.0,40.0,40.0,60.0,60.0,60.0,20.0,20.0,,,,,,,,,,,,,,,
2019,Pre-COVID (2010-2019),Sí,EMRO,Libya,LBY,54.0,73.0,80.0,70.0,53.0,True,,73.0,,,80.0,,,80.0,,,40.0,,,53.0,,70.0,,80.0,,,20.0,,,,53.0,,20.0,,30.0,,20.0,,80.0,100.0,60.0,60.0,60.0,100.0,80.0,40.0,80.0,20.0,60.0,80.0,60.0,80.0,20.0,20.0,20.0,80.0,20.0,60.0,20.0,40.0,20.0,20.0,80.0,,,,,,,,,,,,,,,
2019,Pre-COVID (2010-2019),Sí,AFRO,Madagascar,MDG,29.0,27.0,30.0,60.0,47.0,True,,27.0,,,30.0,,,20.0,,,40.0,,,47.0,,60.0,,20.0,,,27.0,,,,20.0,,20.0,,30.0,,20.0,,20.0,20.0,40.0,20.0,40.0,20.0,20.0,40.0,40.0,40.0,60.0,60.0,60.0,20.0,20.0,40.0,20.0,20.0,20.0,20.0,20.0,40.0,20.0,20.0,20.0,,,,,,,,,,,,,,,
2019,Pre-COVID (2010-2019),Sí,AFRO,Malawi,MWI,35.0,20.0,40.0,80.0,40.0,True,,20.0,,,40.0,,,40.0,,,40.0,,,40.0,,80.0,,80.0,,,27.0,,,,53.0,,20.0,,20.0,,0.0,,0.0,20.0,20.0,20.0,40.0,40.0,40.0,40.0,80.0,20.0,20.0,80.0,80.0,80.0,20.0,20.0,40.0,40.0,60.0,60.0,20.0,20.0,20.0,0.0,0.0,,,,,,,,,,,,,,,
2019,Pre-COVID (2010-2019),Sí,AFRO,Mali,MLI,48.0,47.0,50.0,70.0,53.0,True,,47.0,,,50.0,,,80.0,,,80.0,,,53.0,,70.0,,40.0,,,53.0,,,,33.0,,60.0,,20.0,,20.0,,20.0,60.0,40.0,40.0,40.0,60.0,80.0,80.0,60.0,20.0,80.0,80.0,60.0,40.0,60.0,60.0,40.0,20.0,40.0,40.0,60.0,20.0,20.0,20.0,20.0,,,,,,,,,,,,,,,
2019,Pre-COVID (2010-2019),Sí,AFRO,Mauritania,MRT,35.0,33.0,60.0,40.0,47.0,True,,33.0,,,60.0,,,80.0,,,20.0,,,47.0,,40.0,,20.0,,,27.0,,,,33.0,,20.0,,20.0,,20.0,,40.0,40.0,40.0,20.0,80.0,40.0,80.0,20.0,60.0,20.0,60.0,60.0,20.0,20.0,40.0,20.0,20.0,40.0,20.0,40.0,20.0,20.0,20.0,20.0,40.0,,,,,,,,,,,,,,,
2019,Pre-COVID (2010-2019),Sí,AFRO,Mauritius,MUS,64.0,60.0,90.0,70.0,53.0,True,,60.0,,,90.0,,,20.0,,,80.0,,,53.0,,70.0,,80.0,,,67.0,,,,73.0,,80.0,,80.0,,40.0,,40.0,100.0,40.0,40.0,80.0,100.0,20.0,80.0,100.0,20.0,40.0,60.0,80.0,80.0,80.0,80.0,40.0,80.0,40.0,100.0,80.0,80.0,80.0,40.0,40.0,,,,,,,,,,,,,,,
2019,Pre-COVID (2010-2019),Sí,EMRO,Morocco,MAR,75.0,87.0,50.0,80.0,80.0,True,,87.0,,,50.0,,,80.0,,,80.0,,,80.0,,80.0,,80.0,,,80.0,,,,67.0,,80.0,,70.0,,80.0,,60.0,80.0,80.0,100.0,40.0,60.0,80.0,80.0,100.0,40.0,100.0,80.0,80.0,80.0,80.0,80.0,80.0,60.0,60.0,80.0,80.0,80.0,60.0,80.0,60.0,,,,,,,,,,,,,,,
2019,Pre-COVID (2010-2019),Sí,AFRO,Mozambique,MOZ,60.0,47.0,40.0,80.0,73.0,True,,47.0,,,40.0,,,80.0,,,60.0,,,73.0,,80.0,,80.0,,,67.0,,,,53.0,,80.0,,40.0,,40.0,,40.0,40.0,40.0,60.0,40.0,40.0,80.0,60.0,80.0,80.0,60.0,80.0,80.0,80.0,80.0,60.0,60.0,60.0,60.0,40.0,80.0,40.0,40.0,40.0,40.0,,,,,,,,,,,,,,,
2019,Pre-COVID (2010-2019),Sí,AFRO,Namibia,NAM,59.0,60.0,60.0,80.0,80.0,True,,60.0,,,60.0,,,80.0,,,60.0,,,80.0,,80.0,,60.0,,,33.0,,,,73.0,,40.0,,60.0,,40.0,,40.0,60.0,60.0,60.0,60.0,60.0,80.0,60.0,100.0,80.0,60.0,80.0,80.0,60.0,20.0,60.0,20.0,60.0,60.0,100.0,40.0,60.0,60.0,40.0,40.0,,,,,,,,,,,,,,,
2019,Pre-COVID (2010-2019),Sí,AFRO,Niger,NER,39.0,20.0,70.0,80.0,60.0,True,,20.0,,,70.0,,,20.0,,,20.0,,,60.0,,80.0,,80.0,,,27.0,,,,27.0,,20.0,,20.0,,40.0,,20.0,20.0,20.0,20.0,80.0,60.0,20.0,20.0,80.0,20.0,80.0,80.0,80.0,80.0,40.0,20.0,20.0,40.0,20.0,20.0,20.0,20.0,20.0,40.0,20.0,,,,,,,,,,,,,,,
2019,Pre-COVID (2010-2019),Sí,AFRO,Nigeria,NGA,51.0,53.0,100.0,70.0,47.0,True,,53.0,,,100.0,,,60.0,,,40.0,,,47.0,,70.0,,60.0,,,47.0,,,,33.0,,20.0,,50.0,,20.0,,60.0,40.0,60.0,60.0,100.0,100.0,60.0,40.0,40.0,40.0,60.0,60.0,80.0,60.0,40.0,60.0,40.0,40.0,40.0,20.0,20.0,60.0,40.0,20.0,60.0,,,,,,,,,,,,,,,
2019,Pre-COVID (2010-2019),Sí,AFRO,Rwanda,RWA,71.0,93.0,90.0,70.0,93.0,True,,93.0,,,90.0,,,80.0,,,100.0,,,93.0,,70.0,,60.0,,,47.0,,,,67.0,,100.0,,40.0,,40.0,,40.0,100.0,80.0,100.0,80.0,100.0,80.0,100.0,100.0,80.0,100.0,80.0,60.0,60.0,40.0,40.0,60.0,60.0,60.0,80.0,100.0,40.0,40.0,40.0,40.0,,,,,,,,,,,,,,,
2019,Pre-COVID (2010-2019),Sí,AFRO,Sao Tome and Principe,STP,32.0,27.0,40.0,40.0,20.0,True,,27.0,,,40.0,,,20.0,,,40.0,,,20.0,,40.0,,40.0,,,40.0,,,,47.0,,20.0,,40.0,,20.0,,20.0,40.0,20.0,20.0,40.0,40.0,20.0,40.0,20.0,20.0,20.0,40.0,40.0,40.0,40.0,60.0,20.0,40.0,40.0,60.0,20.0,40.0,40.0,20.0,20.0,,,,,,,,,,,,,,,
2019,Pre-COVID (2010-2019),Sí,AFRO,Senegal,SEN,54.0,53.0,80.0,50.0,60.0,True,,53.0,,,80.0,,,60.0,,,80.0,,,60.0,,50.0,,60.0,,,53.0,,,,40.0,,40.0,,40.0,,60.0,,20.0,40.0,60.0,60.0,80.0,80.0,60.0,80.0,60.0,40.0,80.0,60.0,40.0,60.0,40.0,60.0,60.0,40.0,40.0,40.0,40.0,40.0,40.0,60.0,20.0,,,,,,,,,,,,,,,
2019,Pre-COVID (2010-2019),Sí,AFRO,Seychelles,SYC,51.0,80.0,20.0,80.0,80.0,True,,80.0,,,20.0,,,80.0,,,80.0,,,80.0,,80.0,,20.0,,,27.0,,,,60.0,,60.0,,40.0,,20.0,,20.0,60.0,100.0,80.0,40.0,0.0,80.0,80.0,100.0,40.0,100.0,80.0,80.0,20.0,20.0,20.0,40.0,20.0,60.0,100.0,60.0,40.0,40.0,20.0,20.0,,,,,,,,,,,,,,,
2019,Pre-COVID (2010-2019),Sí,AFRO,Sierra Leone,SLE,40.0,33.0,50.0,60.0,40.0,True,,33.0,,,50.0,,,40.0,,,20.0,,,40.0,,60.0,,20.0,,,67.0,,,,33.0,,80.0,,40.0,,20.0,,20.0,60.0,20.0,20.0,60.0,40.0,40.0,20.0,60.0,20.0,40.0,80.0,40.0,20.0,60.0,80.0,60.0,40.0,40.0,20.0,80.0,40.0,40.0,20.0,20.0,,,,,,,,,,,,,,,
2019,Pre-COVID (2010-2019),No,EMRO,Somalia,SOM,,,,,,False,,,,,,,,,,,,,,,,,,,,,,,,,,,,,,,,,,,,,,,,,,,,,,,,,,,,,,,,,,,,,,,,,,,,,,,,
2019,Pre-COVID (2010-2019),Sí,AFRO,South Africa,ZAF,70.0,93.0,50.0,40.0,100.0,True,,93.0,,,50.0,,,60.0,,,100.0,,,100.0,,40.0,,60.0,,,73.0,,,,33.0,,60.0,,60.0,,80.0,,100.0,80.0,100.0,100.0,40.0,60.0,60.0,100.0,100.0,100.0,100.0,20.0,60.0,60.0,60.0,80.0,80.0,40.0,20.0,40.0,60.0,60.0,60.0,80.0,100.0,,,,,,,,,,,,,,,
2019,Pre-COVID (2010-2019),Sí,AFRO,South Sudan,SSD,34.0,33.0,40.0,80.0,60.0,True,,33.0,,,40.0,,,20.0,,,20.0,,,60.0,,80.0,,40.0,,,40.0,,,,20.0,,20.0,,30.0,,20.0,,20.0,20.0,40.0,40.0,60.0,20.0,20.0,20.0,60.0,40.0,80.0,100.0,60.0,40.0,40.0,60.0,20.0,20.0,20.0,20.0,20.0,40.0,20.0,20.0,20.0,,,,,,,,,,,,,,,
2019,Pre-COVID (2010-2019),Sí,EMRO,Sudan,SDN,57.0,40.0,90.0,80.0,40.0,True,,40.0,,,90.0,,,80.0,,,80.0,,,40.0,,80.0,,60.0,,,40.0,,,,33.0,,60.0,,60.0,,40.0,,40.0,60.0,20.0,40.0,80.0,100.0,80.0,80.0,40.0,40.0,40.0,80.0,80.0,60.0,60.0,40.0,20.0,40.0,20.0,40.0,60.0,80.0,40.0,40.0,40.0,,,,,,,,,,,,,,,
2019,Pre-COVID (2010-2019),Sí,AFRO,Togo,TGO,39.0,27.0,40.0,70.0,60.0,True,,27.0,,,40.0,,,60.0,,,40.0,,,60.0,,70.0,,20.0,,,40.0,,,,27.0,,60.0,,40.0,,0.0,,20.0,20.0,40.0,20.0,40.0,40.0,60.0,40.0,80.0,20.0,80.0,60.0,80.0,20.0,40.0,60.0,20.0,40.0,20.0,20.0,60.0,40.0,40.0,0.0,20.0,,,,,,,,,,,,,,,
2019,Pre-COVID (2010-2019),Sí,EMRO,Tunisia,TUN,71.0,73.0,70.0,80.0,100.0,True,,73.0,,,70.0,,,100.0,,,60.0,,,100.0,,80.0,,60.0,,,73.0,,,,73.0,,60.0,,50.0,,80.0,,40.0,60.0,80.0,80.0,80.0,60.0,100.0,60.0,100.0,100.0,100.0,80.0,80.0,60.0,40.0,100.0,80.0,60.0,100.0,60.0,60.0,80.0,20.0,80.0,40.0,,,,,,,,,,,,,,,
2019,Pre-COVID (2010-2019),Sí,AFRO,Uganda,UGA,66.0,53.0,50.0,80.0,87.0,True,,53.0,,,50.0,,,60.0,,,40.0,,,87.0,,80.0,,80.0,,,80.0,,,,67.0,,80.0,,40.0,,80.0,,60.0,60.0,60.0,40.0,60.0,40.0,60.0,40.0,100.0,60.0,100.0,80.0,80.0,80.0,60.0,100.0,80.0,100.0,40.0,60.0,80.0,40.0,40.0,80.0,60.0,,,,,,,,,,,,,,,
2019,Pre-COVID (2010-2019),Sí,AFRO,United Republic of Tanzania,TZA,51.0,53.0,60.0,40.0,53.0,True,,53.0,,,60.0,,,60.0,,,60.0,,,53.0,,40.0,,40.0,,,53.0,,,,53.0,,60.0,,50.0,,40.0,,40.0,60.0,40.0,60.0,80.0,40.0,60.0,60.0,60.0,20.0,80.0,60.0,20.0,40.0,60.0,60.0,40.0,60.0,40.0,60.0,60.0,60.0,40.0,40.0,40.0,,,,,,,,,,,,,,,
2019,Pre-COVID (2010-2019),Sí,AFRO,Zambia,ZMB,60.0,67.0,80.0,70.0,47.0,True,,67.0,,,80.0,,,60.0,,,40.0,,,47.0,,70.0,,80.0,,,67.0,,,,67.0,,40.0,,80.0,,40.0,,40.0,80.0,40.0,80.0,80.0,80.0,60.0,40.0,60.0,20.0,60.0,60.0,80.0,80.0,60.0,60.0,80.0,80.0,60.0,60.0,40.0,80.0,80.0,40.0,40.0,,,,,,,,,,,,,,,
2019,Pre-COVID (2010-2019),Sí,AFRO,Zimbabwe,ZWE,50.0,53.0,50.0,70.0,60.0,True,,53.0,,,50.0,,,80.0,,,80.0,,,60.0,,70.0,,60.0,,,27.0,,,,40.0,,20.0,,30.0,,40.0,,40.0,40.0,40.0,80.0,40.0,60.0,80.0,80.0,80.0,40.0,60.0,60.0,80.0,60.0,20.0,40.0,20.0,40.0,40.0,40.0,20.0,40.0,20.0,40.0,40.0,,,,,,,,,,,,,,,
2019,Pre-COVID (2010-2019),Sí,WPRO,Australia,AUS,92.0,93.0,100.0,90.0,100.0,True,,93.0,,,100.0,,,60.0,,,100.0,,,100.0,,90.0,,100.0,,,100.0,,,,87.0,,100.0,,100.0,,100.0,,60.0,80.0,100.0,100.0,100.0,100.0,60.0,100.0,100.0,100.0,100.0,100.0,80.0,100.0,100.0,100.0,100.0,100.0,100.0,60.0,100.0,100.0,100.0,100.0,60.0,,,,,,,,,,,,,,,
2019,Pre-COVID (2010-2019),Sí,WPRO,Cook Islands,COK,68.0,80.0,60.0,80.0,100.0,True,,80.0,,,60.0,,,20.0,,,60.0,,,100.0,,80.0,,100.0,,,73.0,,,,87.0,,60.0,,80.0,,20.0,,60.0,60.0,80.0,100.0,80.0,40.0,20.0,60.0,100.0,100.0,100.0,80.0,80.0,100.0,40.0,100.0,80.0,100.0,60.0,100.0,60.0,80.0,80.0,20.0,60.0,,,,,,,,,,,,,,,
2019,Pre-COVID (2010-2019),No,WPRO,Fiji,FJI,,,,,,False,,,,,,,,,,,,,,,,,,,,,,,,,,,,,,,,,,,,,,,,,,,,,,,,,,,,,,,,,,,,,,,,,,,,,,,,
2019,Pre-COVID (2010-2019),No,WPRO,Kiribati,KIR,,,,,,False,,,,,,,,,,,,,,,,,,,,,,,,,,,,,,,,,,,,,,,,,,,,,,,,,,,,,,,,,,,,,,,,,,,,,,,,
2019,Pre-COVID (2010-2019),No,WPRO,Marshall Islands,MHL,,,,,,False,,,,,,,,,,,,,,,,,,,,,,,,,,,,,,,,,,,,,,,,,,,,,,,,,,,,,,,,,,,,,,,,,,,,,,,,
2019,Pre-COVID (2010-2019),Sí,WPRO,Micronesia,FSM,32.0,33.0,10.0,80.0,87.0,True,,33.0,,,10.0,,,20.0,,,40.0,,,87.0,,80.0,,20.0,,,47.0,,,,33.0,,20.0,,20.0,,0.0,,0.0,60.0,40.0,0.0,20.0,0.0,20.0,40.0,100.0,80.0,80.0,80.0,80.0,20.0,0.0,80.0,60.0,40.0,20.0,40.0,20.0,20.0,20.0,0.0,0.0,,,,,,,,,,,,,,,
2019,Pre-COVID (2010-2019),No,WPRO,Nauru,NRU,,,,,,False,,,,,,,,,,,,,,,,,,,,,,,,,,,,,,,,,,,,,,,,,,,,,,,,,,,,,,,,,,,,,,,,,,,,,,,,
2019,Pre-COVID (2010-2019),Sí,WPRO,New Zealand,NZL,83.0,87.0,100.0,80.0,93.0,True,,87.0,,,100.0,,,60.0,,,80.0,,,93.0,,80.0,,80.0,,,100.0,,,,73.0,,60.0,,90.0,,100.0,,80.0,100.0,80.0,80.0,100.0,100.0,60.0,80.0,100.0,80.0,100.0,80.0,80.0,80.0,100.0,100.0,100.0,80.0,100.0,40.0,60.0,100.0,80.0,100.0,80.0,,,,,,,,,,,,,,,
2019,Pre-COVID (2010-2019),Sí,WPRO,Niue,NIU,67.0,93.0,80.0,80.0,100.0,True,,93.0,,,80.0,,,20.0,,,80.0,,,100.0,,80.0,,80.0,,,80.0,,,,67.0,,80.0,,70.0,,20.0,,20.0,80.0,100.0,100.0,80.0,80.0,20.0,80.0,100.0,100.0,100.0,80.0,80.0,80.0,80.0,80.0,80.0,40.0,60.0,100.0,80.0,40.0,100.0,20.0,20.0,,,,,,,,,,,,,,,
2019,Pre-COVID (2010-2019),Sí,WPRO,Palau,PLW,63.0,60.0,30.0,70.0,87.0,True,,60.0,,,30.0,,,20.0,,,80.0,,,87.0,,70.0,,80.0,,,87.0,,,,60.0,,80.0,,70.0,,60.0,,40.0,60.0,40.0,80.0,40.0,20.0,20.0,80.0,100.0,60.0,100.0,80.0,60.0,80.0,80.0,100.0,80.0,80.0,40.0,60.0,80.0,80.0,60.0,60.0,40.0,,,,,,,,,,,,,,,
2019,Pre-COVID (2010-2019),Sí,WPRO,Papua New Guinea,PNG,21.0,27.0,10.0,40.0,33.0,True,,27.0,,,10.0,,,20.0,,,40.0,,,33.0,,40.0,,20.0,,,40.0,,,,27.0,,20.0,,0.0,,0.0,,0.0,60.0,20.0,0.0,20.0,0.0,20.0,40.0,60.0,20.0,20.0,60.0,20.0,20.0,20.0,60.0,40.0,20.0,20.0,40.0,20.0,0.0,0.0,0.0,0.0,,,,,,,,,,,,,,,
2019,Pre-COVID (2010-2019),No,WPRO,Samoa,WSM,,,,,,False,,,,,,,,,,,,,,,,,,,,,,,,,,,,,,,,,,,,,,,,,,,,,,,,,,,,,,,,,,,,,,,,,,,,,,,,
2019,Pre-COVID (2010-2019),No,WPRO,Solomon Islands,SLB,,,,,,False,,,,,,,,,,,,,,,,,,,,,,,,,,,,,,,,,,,,,,,,,,,,,,,,,,,,,,,,,,,,,,,,,,,,,,,,
2019,Pre-COVID (2010-2019),No,WPRO,Tonga,TON,,,,,,False,,,,,,,,,,,,,,,,,,,,,,,,,,,,,,,,,,,,,,,,,,,,,,,,,,,,,,,,,,,,,,,,,,,,,,,,
2019,Pre-COVID (2010-2019),No,WPRO,Tuvalu,TUV,,,,,,False,,,,,,,,,,,,,,,,,,,,,,,,,,,,,,,,,,,,,,,,,,,,,,,,,,,,,,,,,,,,,,,,,,,,,,,,
2019,Pre-COVID (2010-2019),No,WPRO,Vanuatu,VUT,,,,,,False,,,,,,,,,,,,,,,,,,,,,,,,,,,,,,,,,,,,,,,,,,,,,,,,,,,,,,,,,,,,,,,,,,,,,,,,
2019,Pre-COVID (2010-2019),No,AMRO,Antigua and Barbuda,ATG,,,,,,False,,,,,,,,,,,,,,,,,,,,,,,,,,,,,,,,,,,,,,,,,,,,,,,,,,,,,,,,,,,,,,,,,,,,,,,,
2019,Pre-COVID (2010-2019),Sí,AMRO,Argentina,ARG,61.0,67.0,70.0,80.0,67.0,True,,67.0,,,70.0,,,80.0,,,80.0,,,67.0,,80.0,,60.0,,,27.0,,,,53.0,,40.0,,50.0,,60.0,,60.0,60.0,60.0,80.0,40.0,100.0,80.0,80.0,80.0,20.0,100.0,80.0,80.0,60.0,20.0,40.0,20.0,40.0,40.0,80.0,40.0,60.0,40.0,60.0,60.0,,,,,,,,,,,,,,,
2019,Pre-COVID (2010-2019),Sí,AMRO,Bahamas,BHS,62.0,67.0,80.0,80.0,80.0,True,,67.0,,,80.0,,,80.0,,,80.0,,,80.0,,80.0,,60.0,,,73.0,,,,40.0,,60.0,,40.0,,40.0,,20.0,60.0,60.0,80.0,80.0,80.0,80.0,80.0,60.0,80.0,100.0,80.0,80.0,60.0,60.0,80.0,80.0,40.0,20.0,60.0,60.0,40.0,40.0,40.0,20.0,,,,,,,,,,,,,,,
2019,Pre-COVID (2010-2019),No,AMRO,Barbados,BRB,,,,,,False,,,,,,,,,,,,,,,,,,,,,,,,,,,,,,,,,,,,,,,,,,,,,,,,,,,,,,,,,,,,,,,,,,,,,,,,
2019,Pre-COVID (2010-2019),No,AMRO,Belize,BLZ,,,,,,False,,,,,,,,,,,,,,,,,,,,,,,,,,,,,,,,,,,,,,,,,,,,,,,,,,,,,,,,,,,,,,,,,,,,,,,,
2019,Pre-COVID (2010-2019),No,AMRO,Bolivia (Plurinational State of),BOL,,,,,,False,,,,,,,,,,,,,,,,,,,,,,,,,,,,,,,,,,,,,,,,,,,,,,,,,,,,,,,,,,,,,,,,,,,,,,,,
2019,Pre-COVID (2010-2019),Sí,AMRO,Brazil,BRA,87.0,100.0,100.0,100.0,100.0,True,,100.0,,,100.0,,,100.0,,,80.0,,,100.0,,100.0,,100.0,,,73.0,,,,40.0,,80.0,,60.0,,100.0,,100.0,100.0,100.0,100.0,100.0,100.0,100.0,80.0,100.0,100.0,100.0,100.0,100.0,100.0,100.0,20.0,100.0,40.0,20.0,60.0,80.0,60.0,60.0,100.0,100.0,,,,,,,,,,,,,,,
2019,Pre-COVID (2010-2019),Sí,AMRO,Canada,CAN,99.0,93.0,100.0,100.0,100.0,True,,93.0,,,100.0,,,100.0,,,100.0,,,100.0,,100.0,,100.0,,,100.0,,,,100.0,,100.0,,100.0,,100.0,,100.0,100.0,100.0,80.0,100.0,100.0,100.0,100.0,100.0,100.0,100.0,100.0,100.0,100.0,100.0,100.0,100.0,100.0,100.0,100.0,100.0,100.0,100.0,100.0,100.0,,,,,,,,,,,,,,,
2019,Pre-COVID (2010-2019),Sí,AMRO,Chile,CHL,76.0,80.0,80.0,80.0,80.0,True,,80.0,,,80.0,,,80.0,,,100.0,,,80.0,,80.0,,60.0,,,73.0,,,,67.0,,60.0,,70.0,,80.0,,80.0,80.0,60.0,100.0,80.0,80.0,80.0,100.0,100.0,40.0,100.0,80.0,80.0,60.0,60.0,80.0,80.0,40.0,60.0,100.0,60.0,100.0,40.0,80.0,80.0,,,,,,,,,,,,,,,
2019,Pre-COVID (2010-2019),Sí,AMRO,Colombia,COL,69.0,80.0,70.0,60.0,67.0,True,,80.0,,,70.0,,,80.0,,,80.0,,,67.0,,60.0,,60.0,,,67.0,,,,67.0,,40.0,,100.0,,60.0,,60.0,100.0,60.0,80.0,80.0,60.0,80.0,80.0,100.0,20.0,80.0,80.0,40.0,60.0,40.0,80.0,80.0,80.0,80.0,40.0,40.0,100.0,100.0,60.0,60.0,,,,,,,,,,,,,,,
2019,Pre-COVID (2010-2019),Sí,AMRO,Costa Rica,CRI,77.0,93.0,90.0,70.0,93.0,True,,93.0,,,90.0,,,80.0,,,80.0,,,93.0,,70.0,,80.0,,,67.0,,,,73.0,,80.0,,60.0,,80.0,,60.0,100.0,80.0,100.0,80.0,100.0,80.0,80.0,100.0,80.0,100.0,60.0,80.0,80.0,40.0,80.0,80.0,80.0,60.0,80.0,80.0,60.0,60.0,80.0,60.0,,,,,,,,,,,,,,,
2019,Pre-COVID (2010-2019),Sí,AMRO,Cuba,CUB,78.0,53.0,20.0,80.0,100.0,True,,53.0,,,20.0,,,60.0,,,100.0,,,100.0,,80.0,,80.0,,,100.0,,,,100.0,,100.0,,100.0,,60.0,,60.0,20.0,80.0,60.0,20.0,20.0,60.0,100.0,100.0,100.0,100.0,80.0,80.0,80.0,100.0,100.0,100.0,100.0,100.0,100.0,100.0,100.0,100.0,60.0,60.0,,,,,,,,,,,,,,,
2019,Pre-COVID (2010-2019),Sí,AMRO,Dominica,DMA,71.0,80.0,90.0,60.0,73.0,True,,80.0,,,90.0,,,80.0,,,100.0,,,73.0,,60.0,,60.0,,,80.0,,,,67.0,,80.0,,90.0,,20.0,,40.0,80.0,60.0,100.0,80.0,100.0,80.0,100.0,100.0,80.0,40.0,80.0,40.0,60.0,80.0,80.0,80.0,80.0,40.0,80.0,80.0,100.0,80.0,20.0,40.0,,,,,,,,,,,,,,,
2019,Pre-COVID (2010-2019),Sí,AMRO,Dominican Republic,DOM,55.0,47.0,60.0,70.0,53.0,True,,47.0,,,60.0,,,40.0,,,40.0,,,53.0,,70.0,,40.0,,,67.0,,,,27.0,,100.0,,50.0,,40.0,,80.0,60.0,40.0,40.0,100.0,20.0,40.0,40.0,20.0,60.0,80.0,80.0,60.0,40.0,40.0,60.0,100.0,20.0,20.0,40.0,100.0,60.0,40.0,40.0,80.0,,,,,,,,,,,,,,,
2019,Pre-COVID (2010-2019),Sí,AMRO,Ecuador,ECU,77.0,87.0,90.0,80.0,80.0,True,,87.0,,,90.0,,,80.0,,,80.0,,,80.0,,80.0,,80.0,,,87.0,,,,60.0,,60.0,,80.0,,80.0,,60.0,100.0,80.0,80.0,80.0,100.0,80.0,80.0,100.0,60.0,80.0,80.0,80.0,80.0,60.0,100.0,100.0,60.0,60.0,60.0,60.0,80.0,80.0,80.0,60.0,,,,,,,,,,,,,,,
2019,Pre-COVID (2010-2019),Sí,AMRO,El Salvador,SLV,89.0,100.0,100.0,100.0,100.0,True,,100.0,,,100.0,,,100.0,,,80.0,,,100.0,,100.0,,100.0,,,100.0,,,,100.0,,40.0,,100.0,,40.0,,100.0,100.0,100.0,100.0,100.0,100.0,100.0,80.0,100.0,100.0,100.0,100.0,100.0,100.0,100.0,100.0,100.0,100.0,100.0,100.0,40.0,100.0,100.0,40.0,100.0,,,,,,,,,,,,,,,
2019,Pre-COVID (2010-2019),No,AMRO,Grenada,GRD,,,,,,False,,,,,,,,,,,,,,,,,,,,,,,,,,,,,,,,,,,,,,,,,,,,,,,,,,,,,,,,,,,,,,,,,,,,,,,,
2019,Pre-COVID (2010-2019),Sí,AMRO,Guatemala,GTM,53.0,67.0,40.0,70.0,80.0,True,,67.0,,,40.0,,,40.0,,,40.0,,,80.0,,70.0,,60.0,,,73.0,,,,33.0,,40.0,,60.0,,40.0,,40.0,80.0,60.0,60.0,40.0,40.0,40.0,40.0,100.0,40.0,100.0,80.0,60.0,60.0,60.0,80.0,80.0,40.0,40.0,20.0,40.0,60.0,60.0,40.0,40.0,,,,,,,,,,,,,,,
2019,Pre-COVID (2010-2019),Sí,AMRO,Guyana,GUY,88.0,100.0,100.0,100.0,100.0,True,,100.0,,,100.0,,,100.0,,,100.0,,,100.0,,100.0,,80.0,,,67.0,,,,73.0,,100.0,,100.0,,100.0,,20.0,100.0,100.0,100.0,100.0,100.0,100.0,100.0,100.0,100.0,100.0,100.0,100.0,80.0,80.0,40.0,80.0,40.0,80.0,100.0,100.0,100.0,100.0,100.0,20.0,,,,,,,,,,,,,,,
2019,Pre-COVID (2010-2019),No,AMRO,Haiti,HTI,,,,,,False,,,,,,,,,,,,,,,,,,,,,,,,,,,,,,,,,,,,,,,,,,,,,,,,,,,,,,,,,,,,,,,,,,,,,,,,
2019,Pre-COVID (2010-2019),Sí,AMRO,Honduras,HND,60.0,73.0,50.0,70.0,67.0,True,,73.0,,,50.0,,,80.0,,,40.0,,,67.0,,70.0,,60.0,,,67.0,,,,40.0,,60.0,,50.0,,40.0,,80.0,100.0,40.0,80.0,80.0,20.0,80.0,40.0,80.0,40.0,80.0,80.0,60.0,60.0,60.0,60.0,80.0,20.0,40.0,60.0,60.0,40.0,60.0,40.0,80.0,,,,,,,,,,,,,,,
2019,Pre-COVID (2010-2019),Sí,AMRO,Jamaica,JAM,84.0,87.0,100.0,80.0,87.0,True,,87.0,,,100.0,,,80.0,,,80.0,,,87.0,,80.0,,60.0,,,80.0,,,,73.0,,100.0,,100.0,,80.0,,80.0,100.0,60.0,100.0,100.0,100.0,80.0,80.0,100.0,80.0,80.0,80.0,80.0,60.0,80.0,80.0,80.0,80.0,60.0,80.0,100.0,100.0,100.0,80.0,80.0,,,,,,,,,,,,,,,
2019,Pre-COVID (2010-2019),Sí,AMRO,Mexico,MEX,83.0,80.0,100.0,100.0,80.0,True,,80.0,,,100.0,,,60.0,,,80.0,,,80.0,,100.0,,80.0,,,87.0,,,,87.0,,80.0,,80.0,,80.0,,80.0,100.0,60.0,80.0,100.0,100.0,60.0,80.0,100.0,40.0,100.0,100.0,100.0,80.0,60.0,100.0,100.0,100.0,60.0,100.0,80.0,80.0,80.0,80.0,80.0,,,,,,,,,,,,,,,
2019,Pre-COVID (2010-2019),Sí,AMRO,Nicaragua,NIC,78.0,100.0,30.0,80.0,87.0,True,,100.0,,,30.0,,,60.0,,,80.0,,,87.0,,80.0,,80.0,,,93.0,,,,73.0,,80.0,,90.0,,60.0,,100.0,100.0,100.0,100.0,40.0,20.0,60.0,80.0,100.0,60.0,100.0,80.0,80.0,80.0,100.0,80.0,100.0,60.0,60.0,100.0,80.0,100.0,80.0,60.0,100.0,,,,,,,,,,,,,,,
2019,Pre-COVID (2010-2019),Sí,AMRO,Panama,PAN,76.0,73.0,80.0,90.0,87.0,True,,73.0,,,80.0,,,80.0,,,80.0,,,87.0,,90.0,,80.0,,,80.0,,,,73.0,,60.0,,60.0,,80.0,,60.0,100.0,60.0,60.0,80.0,80.0,80.0,80.0,100.0,60.0,100.0,100.0,80.0,80.0,80.0,80.0,80.0,80.0,80.0,60.0,60.0,60.0,60.0,80.0,60.0,,,,,,,,,,,,,,,
2019,Pre-COVID (2010-2019),Sí,AMRO,Paraguay,PRY,65.0,47.0,100.0,80.0,53.0,True,,47.0,,,100.0,,,60.0,,,80.0,,,53.0,,80.0,,80.0,,,47.0,,,,40.0,,80.0,,60.0,,80.0,,40.0,60.0,40.0,40.0,100.0,100.0,60.0,80.0,20.0,60.0,80.0,80.0,80.0,80.0,40.0,60.0,40.0,40.0,40.0,40.0,80.0,60.0,60.0,80.0,40.0,,,,,,,,,,,,,,,
2019,Pre-COVID (2010-2019),Sí,AMRO,Peru,PER,48.0,67.0,50.0,90.0,47.0,True,,67.0,,,50.0,,,80.0,,,60.0,,,47.0,,90.0,,40.0,,,67.0,,,,40.0,,40.0,,0.0,,40.0,,0.0,100.0,40.0,60.0,40.0,60.0,80.0,60.0,60.0,40.0,40.0,100.0,80.0,40.0,40.0,80.0,80.0,40.0,40.0,40.0,40.0,0.0,0.0,40.0,0.0,,,,,,,,,,,,,,,
2019,Pre-COVID (2010-2019),Sí,AMRO,Saint Kitts and Nevis,KNA,51.0,33.0,80.0,60.0,67.0,True,,33.0,,,80.0,,,60.0,,,80.0,,,67.0,,60.0,,40.0,,,47.0,,,,60.0,,40.0,,40.0,,40.0,,20.0,40.0,20.0,40.0,80.0,80.0,60.0,80.0,80.0,60.0,60.0,80.0,40.0,40.0,20.0,60.0,60.0,40.0,60.0,80.0,40.0,40.0,40.0,40.0,20.0,,,,,,,,,,,,,,,
2019,Pre-COVID (2010-2019),Sí,AMRO,Saint Lucia,LCA,69.0,60.0,90.0,70.0,87.0,True,,60.0,,,90.0,,,80.0,,,80.0,,,87.0,,70.0,,80.0,,,80.0,,,,60.0,,60.0,,90.0,,40.0,,20.0,80.0,40.0,60.0,80.0,100.0,80.0,80.0,100.0,60.0,100.0,60.0,80.0,80.0,80.0,80.0,80.0,60.0,60.0,60.0,60.0,80.0,100.0,40.0,20.0,,,,,,,,,,,,,,,
2019,Pre-COVID (2010-2019),Sí,AMRO,Saint Vincent and the Grenadines,VCT,49.0,33.0,70.0,60.0,47.0,True,,33.0,,,70.0,,,60.0,,,80.0,,,47.0,,60.0,,60.0,,,67.0,,,,40.0,,40.0,,20.0,,20.0,,40.0,20.0,20.0,60.0,80.0,60.0,60.0,80.0,20.0,20.0,100.0,80.0,40.0,60.0,60.0,80.0,60.0,20.0,40.0,60.0,40.0,20.0,20.0,20.0,40.0,,,,,,,,,,,,,,,
2019,Pre-COVID (2010-2019),Sí,AMRO,Suriname,SUR,57.0,80.0,70.0,20.0,73.0,True,,80.0,,,70.0,,,60.0,,,80.0,,,73.0,,20.0,,80.0,,,53.0,,,,53.0,,80.0,,30.0,,40.0,,20.0,60.0,100.0,80.0,80.0,60.0,60.0,80.0,100.0,60.0,60.0,20.0,20.0,80.0,40.0,40.0,80.0,60.0,40.0,60.0,80.0,40.0,20.0,40.0,20.0,,,,,,,,,,,,,,,
2019,Pre-COVID (2010-2019),Sí,AMRO,Trinidad and Tobago,TTO,53.0,40.0,80.0,40.0,80.0,True,,40.0,,,80.0,,,20.0,,,40.0,,,80.0,,40.0,,40.0,,,60.0,,,,73.0,,60.0,,80.0,,60.0,,20.0,20.0,60.0,40.0,100.0,60.0,20.0,40.0,100.0,40.0,100.0,60.0,20.0,40.0,40.0,80.0,60.0,60.0,60.0,100.0,60.0,80.0,80.0,60.0,20.0,,,,,,,,,,,,,,,
2019,Pre-COVID (2010-2019),Sí,AMRO,United States of America,USA,92.0,100.0,100.0,100.0,100.0,True,,100.0,,,100.0,,,80.0,,,100.0,,,100.0,,100.0,,60.0,,,100.0,,,,100.0,,100.0,,100.0,,80.0,,80.0,100.0,100.0,100.0,100.0,100.0,80.0,100.0,100.0,100.0,100.0,100.0,100.0,60.0,100.0,100.0,100.0,100.0,100.0,100.0,100.0,100.0,100.0,80.0,80.0,,,,,,,,,,,,,,,
2019,Pre-COVID (2010-2019),Sí,AMRO,Uruguay,URY,84.0,93.0,90.0,90.0,87.0,True,,93.0,,,90.0,,,80.0,,,80.0,,,87.0,,90.0,,80.0,,,93.0,,,,73.0,,100.0,,80.0,,60.0,,80.0,100.0,100.0,80.0,80.0,100.0,80.0,80.0,100.0,80.0,80.0,100.0,80.0,80.0,100.0,100.0,80.0,60.0,60.0,100.0,100.0,80.0,80.0,60.0,80.0,,,,,,,,,,,,,,,
2019,Pre-COVID (2010-2019),Sí,AMRO,Venezuela (Bolivarian Republic of),VEN,70.0,73.0,90.0,90.0,67.0,True,,73.0,,,90.0,,,60.0,,,80.0,,,67.0,,90.0,,80.0,,,53.0,,,,60.0,,20.0,,100.0,,40.0,,100.0,100.0,60.0,60.0,80.0,100.0,60.0,80.0,80.0,40.0,80.0,100.0,80.0,80.0,60.0,40.0,60.0,80.0,60.0,40.0,20.0,100.0,100.0,40.0,100.0,,,,,,,,,,,,,,,
2019,Pre-COVID (2010-2019),Sí,EMRO,Afghanistan,AFG,43.0,33.0,80.0,80.0,47.0,True,,33.0,,,80.0,,,80.0,,,20.0,,,47.0,,80.0,,40.0,,,33.0,,,,53.0,,20.0,,30.0,,20.0,,20.0,20.0,40.0,40.0,100.0,60.0,80.0,20.0,60.0,20.0,60.0,80.0,80.0,40.0,20.0,40.0,40.0,40.0,40.0,80.0,20.0,40.0,20.0,20.0,20.0,,,,,,,,,,,,,,,
2019,Pre-COVID (2010-2019),Sí,EURO,Armenia,ARM,83.0,80.0,100.0,90.0,67.0,True,,80.0,,,100.0,,,100.0,,,40.0,,,67.0,,90.0,,100.0,,,73.0,,,,73.0,,100.0,,80.0,,80.0,,100.0,100.0,80.0,60.0,100.0,100.0,100.0,40.0,60.0,60.0,80.0,100.0,80.0,100.0,60.0,80.0,80.0,60.0,60.0,100.0,100.0,80.0,80.0,80.0,100.0,,,,,,,,,,,,,,,
2019,Pre-COVID (2010-2019),Sí,EURO,Azerbaijan,AZE,87.0,80.0,90.0,90.0,87.0,True,,80.0,,,90.0,,,80.0,,,80.0,,,87.0,,90.0,,80.0,,,73.0,,,,93.0,,100.0,,80.0,,100.0,,100.0,100.0,80.0,60.0,80.0,100.0,80.0,80.0,100.0,80.0,80.0,100.0,80.0,80.0,60.0,80.0,80.0,80.0,100.0,100.0,100.0,80.0,80.0,100.0,100.0,,,,,,,,,,,,,,,
2019,Pre-COVID (2010-2019),Sí,EMRO,Bahrain,BHR,80.0,87.0,90.0,60.0,73.0,True,,87.0,,,90.0,,,80.0,,,100.0,,,73.0,,60.0,,80.0,,,93.0,,,,87.0,,60.0,,90.0,,80.0,,60.0,80.0,80.0,100.0,80.0,100.0,80.0,100.0,100.0,40.0,80.0,100.0,20.0,80.0,100.0,80.0,100.0,80.0,80.0,100.0,60.0,80.0,100.0,80.0,60.0,,,,,,,,,,,,,,,
2019,Pre-COVID (2010-2019),Sí,SEARO,Bangladesh,BGD,67.0,80.0,90.0,80.0,73.0,True,,80.0,,,90.0,,,80.0,,,40.0,,,73.0,,80.0,,40.0,,,53.0,,,,73.0,,80.0,,60.0,,60.0,,60.0,80.0,60.0,100.0,100.0,80.0,80.0,40.0,100.0,40.0,80.0,80.0,80.0,40.0,40.0,60.0,60.0,60.0,80.0,80.0,80.0,60.0,60.0,60.0,60.0,,,,,,,,,,,,,,,
2019,Pre-COVID (2010-2019),Sí,SEARO,Bhutan,BTN,59.0,60.0,70.0,80.0,80.0,True,,60.0,,,70.0,,,80.0,,,60.0,,,80.0,,80.0,,60.0,,,53.0,,,,67.0,,60.0,,60.0,,20.0,,20.0,60.0,40.0,80.0,80.0,60.0,80.0,60.0,100.0,60.0,80.0,80.0,80.0,60.0,60.0,60.0,40.0,60.0,60.0,80.0,60.0,60.0,60.0,20.0,20.0,,,,,,,,,,,,,,,
2019,Pre-COVID (2010-2019),No,WPRO,Brunei Darussalam,BRN,,,,,,False,,,,,,,,,,,,,,,,,,,,,,,,,,,,,,,,,,,,,,,,,,,,,,,,,,,,,,,,,,,,,,,,,,,,,,,,
2019,Pre-COVID (2010-2019),Sí,WPRO,Cambodia,KHM,50.0,47.0,80.0,80.0,47.0,True,,47.0,,,80.0,,,60.0,,,60.0,,,47.0,,80.0,,20.0,,,33.0,,,,33.0,,60.0,,50.0,,60.0,,20.0,40.0,80.0,20.0,100.0,60.0,60.0,60.0,40.0,40.0,60.0,80.0,80.0,20.0,20.0,60.0,20.0,20.0,40.0,40.0,60.0,60.0,40.0,60.0,20.0,,,,,,,,,,,,,,,
2019,Pre-COVID (2010-2019),Sí,WPRO,China,CHN,93.0,93.0,100.0,100.0,100.0,True,,93.0,,,100.0,,,100.0,,,100.0,,,100.0,,100.0,,100.0,,,80.0,,,,93.0,,80.0,,100.0,,80.0,,80.0,100.0,100.0,80.0,100.0,100.0,100.0,100.0,100.0,100.0,100.0,100.0,100.0,100.0,80.0,80.0,80.0,80.0,100.0,100.0,80.0,100.0,100.0,80.0,80.0,,,,,,,,,,,,,,,
2019,Pre-COVID (2010-2019),Sí,EURO,Cyprus,CYP,74.0,67.0,70.0,50.0,73.0,True,,67.0,,,70.0,,,80.0,,,100.0,,,73.0,,50.0,,100.0,,,87.0,,,,60.0,,60.0,,80.0,,100.0,,40.0,100.0,20.0,80.0,40.0,100.0,80.0,100.0,100.0,40.0,80.0,60.0,40.0,100.0,80.0,100.0,80.0,40.0,60.0,80.0,60.0,60.0,100.0,100.0,40.0,,,,,,,,,,,,,,,
2019,Pre-COVID (2010-2019),Sí,SEARO,Democratic People's Republic of Korea,PRK,69.0,73.0,70.0,80.0,80.0,True,,73.0,,,70.0,,,80.0,,,20.0,,,80.0,,80.0,,80.0,,,80.0,,,,80.0,,80.0,,50.0,,60.0,,60.0,60.0,80.0,80.0,80.0,60.0,80.0,20.0,100.0,80.0,60.0,80.0,80.0,80.0,80.0,80.0,80.0,80.0,60.0,100.0,80.0,40.0,60.0,60.0,60.0,,,,,,,,,,,,,,,
2019,Pre-COVID (2010-2019),Sí,EURO,Georgia,GEO,58.0,67.0,80.0,70.0,93.0,True,,67.0,,,80.0,,,80.0,,,60.0,,,93.0,,70.0,,60.0,,,60.0,,,,60.0,,20.0,,40.0,,20.0,,40.0,60.0,60.0,80.0,100.0,60.0,80.0,60.0,80.0,100.0,100.0,60.0,80.0,60.0,60.0,60.0,60.0,60.0,40.0,80.0,20.0,40.0,40.0,20.0,40.0,,,,,,,,,,,,,,,
2019,Pre-COVID (2010-2019),Sí,SEARO,India,IND,78.0,80.0,90.0,100.0,67.0,True,,80.0,,,90.0,,,60.0,,,60.0,,,67.0,,100.0,,100.0,,,80.0,,,,33.0,,80.0,,80.0,,80.0,,100.0,100.0,60.0,80.0,80.0,100.0,60.0,60.0,80.0,40.0,80.0,100.0,100.0,100.0,80.0,80.0,80.0,40.0,20.0,40.0,80.0,80.0,80.0,80.0,100.0,,,,,,,,,,,,,,,
2019,Pre-COVID (2010-2019),Sí,WPRO,Indonesia,IDN,73.0,80.0,60.0,80.0,100.0,True,,80.0,,,60.0,,,80.0,,,80.0,,,100.0,,80.0,,80.0,,,67.0,,,,67.0,,80.0,,80.0,,40.0,,60.0,80.0,80.0,80.0,60.0,60.0,80.0,80.0,100.0,100.0,100.0,80.0,80.0,80.0,80.0,60.0,60.0,80.0,60.0,60.0,80.0,80.0,80.0,40.0,60.0,,,,,,,,,,,,,,,
2019,Pre-COVID (2010-2019),No,EMRO,Iran (Islamic Republic of),IRN,,,,,,False,,,,,,,,,,,,,,,,,,,,,,,,,,,,,,,,,,,,,,,,,,,,,,,,,,,,,,,,,,,,,,,,,,,,,,,,
2019,Pre-COVID (2010-2019),Sí,EMRO,Iraq,IRQ,58.0,40.0,70.0,20.0,73.0,True,,40.0,,,70.0,,,100.0,,,40.0,,,73.0,,20.0,,100.0,,,87.0,,,,80.0,,100.0,,50.0,,0.0,,0.0,60.0,40.0,20.0,80.0,60.0,100.0,40.0,100.0,40.0,80.0,20.0,20.0,100.0,80.0,80.0,100.0,100.0,100.0,40.0,100.0,40.0,60.0,0.0,0.0,,,,,,,,,,,,,,,
2019,Pre-COVID (2010-2019),Sí,EURO,Israel,ISR,87.0,93.0,90.0,80.0,100.0,True,,93.0,,,90.0,,,80.0,,,100.0,,,100.0,,80.0,,80.0,,,100.0,,,,100.0,,100.0,,10.0,,100.0,,100.0,100.0,100.0,80.0,80.0,100.0,80.0,100.0,100.0,100.0,100.0,60.0,100.0,80.0,100.0,100.0,100.0,100.0,100.0,100.0,100.0,0.0,20.0,100.0,100.0,,,,,,,,,,,,,,,
2019,Pre-COVID (2010-2019),Sí,WPRO,Japan,JPN,95.0,100.0,100.0,100.0,100.0,True,,100.0,,,100.0,,,100.0,,,100.0,,,100.0,,100.0,,80.0,,,100.0,,,,100.0,,60.0,,100.0,,100.0,,100.0,100.0,100.0,100.0,100.0,100.0,100.0,100.0,100.0,100.0,100.0,100.0,100.0,80.0,100.0,100.0,100.0,100.0,100.0,100.0,60.0,100.0,100.0,100.0,100.0,,,,,,,,,,,,,,,
2019,Pre-COVID (2010-2019),Sí,EMRO,Jordan,JOR,43.0,53.0,50.0,40.0,53.0,True,,53.0,,,50.0,,,60.0,,,40.0,,,53.0,,40.0,,20.0,,,40.0,,,,67.0,,20.0,,80.0,,20.0,,20.0,100.0,20.0,40.0,40.0,60.0,60.0,40.0,60.0,40.0,60.0,60.0,20.0,20.0,20.0,60.0,40.0,40.0,80.0,80.0,20.0,80.0,80.0,20.0,20.0,,,,,,,,,,,,,,,
2019,Pre-COVID (2010-2019),Sí,EURO,Kazakhstan,KAZ,82.0,80.0,90.0,80.0,80.0,True,,80.0,,,90.0,,,80.0,,,80.0,,,80.0,,80.0,,80.0,,,87.0,,,,93.0,,80.0,,80.0,,80.0,,80.0,80.0,80.0,80.0,80.0,100.0,80.0,80.0,80.0,80.0,80.0,80.0,80.0,80.0,80.0,80.0,100.0,80.0,100.0,100.0,80.0,80.0,80.0,80.0,80.0,,,,,,,,,,,,,,,
2019,Pre-COVID (2010-2019),Sí,EMRO,Kuwait,KWT,76.0,73.0,90.0,70.0,100.0,True,,73.0,,,90.0,,,60.0,,,80.0,,,100.0,,70.0,,60.0,,,73.0,,,,67.0,,80.0,,80.0,,80.0,,80.0,60.0,80.0,80.0,80.0,100.0,60.0,80.0,100.0,100.0,100.0,60.0,80.0,60.0,60.0,80.0,80.0,60.0,80.0,60.0,80.0,80.0,80.0,80.0,80.0,,,,,,,,,,,,,,,
2019,Pre-COVID (2010-2019),Sí,EURO,Kyrgyzstan,KGZ,47.0,53.0,50.0,80.0,53.0,True,,53.0,,,50.0,,,80.0,,,0.0,,,53.0,,80.0,,20.0,,,60.0,,,,40.0,,40.0,,30.0,,40.0,,60.0,60.0,40.0,60.0,40.0,60.0,80.0,0.0,60.0,40.0,60.0,80.0,80.0,20.0,40.0,80.0,60.0,40.0,20.0,60.0,40.0,20.0,40.0,40.0,60.0,,,,,,,,,,,,,,,
2019,Pre-COVID (2010-2019),Sí,WPRO,Lao People's Democratic Republic,LAO,35.0,47.0,40.0,80.0,47.0,True,,47.0,,,40.0,,,40.0,,,40.0,,,47.0,,80.0,,20.0,,,47.0,,,,20.0,,40.0,,0.0,,20.0,,20.0,60.0,40.0,40.0,40.0,40.0,40.0,40.0,80.0,40.0,20.0,80.0,80.0,20.0,40.0,60.0,40.0,20.0,20.0,20.0,40.0,0.0,0.0,20.0,20.0,,,,,,,,,,,,,,,
2019,Pre-COVID (2010-2019),Sí,EMRO,Lebanon,LBN,73.0,60.0,80.0,90.0,73.0,True,,60.0,,,80.0,,,80.0,,,80.0,,,73.0,,90.0,,40.0,,,60.0,,,,87.0,,80.0,,60.0,,60.0,,100.0,60.0,60.0,60.0,100.0,60.0,80.0,80.0,60.0,80.0,80.0,100.0,80.0,40.0,60.0,60.0,60.0,80.0,80.0,100.0,80.0,60.0,60.0,60.0,100.0,,,,,,,,,,,,,,,
2019,Pre-COVID (2010-2019),Sí,WPRO,Malaysia,MYS,92.0,100.0,100.0,80.0,87.0,True,,100.0,,,100.0,,,100.0,,,80.0,,,87.0,,80.0,,100.0,,,93.0,,,,100.0,,100.0,,90.0,,80.0,,80.0,100.0,100.0,100.0,100.0,100.0,100.0,80.0,100.0,60.0,100.0,80.0,80.0,100.0,100.0,100.0,80.0,100.0,100.0,100.0,100.0,100.0,80.0,80.0,80.0,,,,,,,,,,,,,,,
2019,Pre-COVID (2010-2019),Sí,SEARO,Maldives,MDV,51.0,67.0,70.0,80.0,73.0,True,,67.0,,,70.0,,,20.0,,,80.0,,,73.0,,80.0,,20.0,,,60.0,,,,60.0,,100.0,,30.0,,0.0,,0.0,60.0,40.0,100.0,80.0,60.0,20.0,80.0,100.0,80.0,40.0,80.0,80.0,20.0,80.0,80.0,20.0,40.0,40.0,100.0,100.0,40.0,20.0,0.0,0.0,,,,,,,,,,,,,,,
2019,Pre-COVID (2010-2019),Sí,WPRO,Mongolia,MNG,84.0,80.0,100.0,100.0,60.0,True,,80.0,,,100.0,,,100.0,,,80.0,,,60.0,,100.0,,80.0,,,80.0,,,,87.0,,80.0,,80.0,,80.0,,80.0,80.0,80.0,80.0,100.0,100.0,100.0,80.0,60.0,60.0,60.0,100.0,100.0,80.0,80.0,80.0,80.0,80.0,80.0,100.0,80.0,80.0,80.0,80.0,80.0,,,,,,,,,,,,,,,
2019,Pre-COVID (2010-2019),Sí,SEARO,Myanmar,MMR,64.0,60.0,70.0,90.0,73.0,True,,60.0,,,70.0,,,80.0,,,60.0,,,73.0,,90.0,,60.0,,,47.0,,,,67.0,,60.0,,40.0,,80.0,,40.0,60.0,60.0,60.0,80.0,60.0,80.0,60.0,80.0,60.0,80.0,100.0,80.0,60.0,40.0,60.0,40.0,60.0,60.0,80.0,60.0,40.0,40.0,80.0,40.0,,,,,,,,,,,,,,,
2019,Pre-COVID (2010-2019),Sí,SEARO,Nepal,NPL,34.0,47.0,50.0,50.0,40.0,True,,47.0,,,50.0,,,20.0,,,20.0,,,40.0,,50.0,,40.0,,,47.0,,,,40.0,,20.0,,30.0,,20.0,,20.0,40.0,40.0,60.0,80.0,20.0,20.0,20.0,40.0,40.0,40.0,60.0,40.0,40.0,40.0,60.0,40.0,40.0,40.0,40.0,20.0,40.0,20.0,20.0,20.0,,,,,,,,,,,,,,,
2019,Pre-COVID (2010-2019),Sí,EMRO,Oman,OMN,86.0,93.0,90.0,80.0,100.0,True,,93.0,,,90.0,,,80.0,,,80.0,,,100.0,,80.0,,80.0,,,80.0,,,,93.0,,80.0,,80.0,,100.0,,80.0,100.0,80.0,100.0,80.0,100.0,80.0,80.0,100.0,100.0,100.0,80.0,80.0,80.0,80.0,80.0,80.0,80.0,100.0,100.0,80.0,80.0,80.0,100.0,80.0,,,,,,,,,,,,,,,
2019,Pre-COVID (2010-2019),Sí,EMRO,Pakistan,PAK,49.0,27.0,50.0,60.0,60.0,True,,27.0,,,50.0,,,60.0,,,40.0,,,60.0,,60.0,,60.0,,,47.0,,,,33.0,,20.0,,40.0,,40.0,,100.0,20.0,20.0,40.0,60.0,40.0,60.0,40.0,60.0,40.0,80.0,60.0,60.0,60.0,40.0,40.0,60.0,40.0,20.0,40.0,20.0,40.0,40.0,40.0,100.0,,,,,,,,,,,,,,,
2019,Pre-COVID (2010-2019),Sí,WPRO,Philippines,PHL,51.0,40.0,40.0,50.0,53.0,True,,40.0,,,40.0,,,80.0,,,40.0,,,53.0,,50.0,,40.0,,,53.0,,,,40.0,,60.0,,70.0,,60.0,,40.0,40.0,40.0,40.0,40.0,40.0,80.0,40.0,60.0,40.0,60.0,60.0,40.0,40.0,40.0,60.0,60.0,60.0,60.0,0.0,60.0,80.0,60.0,60.0,40.0,,,,,,,,,,,,,,,
2019,Pre-COVID (2010-2019),Sí,EMRO,Qatar,QAT,96.0,93.0,100.0,100.0,100.0,True,,93.0,,,100.0,,,100.0,,,100.0,,,100.0,,100.0,,100.0,,,100.0,,,,100.0,,100.0,,80.0,,80.0,,100.0,100.0,80.0,100.0,100.0,100.0,100.0,100.0,100.0,100.0,100.0,100.0,100.0,100.0,100.0,100.0,100.0,100.0,100.0,100.0,100.0,80.0,80.0,80.0,100.0,,,,,,,,,,,,,,,
2019,Pre-COVID (2010-2019),Sí,WPRO,Republic of Korea,KOR,97.0,100.0,80.0,100.0,100.0,True,,100.0,,,80.0,,,100.0,,,100.0,,,100.0,,100.0,,100.0,,,100.0,,,,100.0,,80.0,,100.0,,100.0,,100.0,100.0,100.0,100.0,100.0,60.0,100.0,100.0,100.0,100.0,100.0,100.0,100.0,100.0,100.0,100.0,100.0,100.0,100.0,100.0,80.0,100.0,100.0,100.0,100.0,,,,,,,,,,,,,,,
2019,Pre-COVID (2010-2019),Sí,EMRO,Saudi Arabia,SAU,75.0,73.0,90.0,60.0,53.0,True,,73.0,,,90.0,,,60.0,,,80.0,,,53.0,,60.0,,80.0,,,80.0,,,,80.0,,80.0,,80.0,,80.0,,80.0,100.0,60.0,60.0,80.0,100.0,60.0,80.0,60.0,20.0,80.0,80.0,40.0,80.0,80.0,80.0,80.0,80.0,60.0,100.0,80.0,80.0,80.0,80.0,80.0,,,,,,,,,,,,,,,
2019,Pre-COVID (2010-2019),Sí,WPRO,Singapore,SGP,92.0,100.0,100.0,100.0,100.0,True,,100.0,,,100.0,,,80.0,,,80.0,,,100.0,,100.0,,100.0,,,80.0,,,,100.0,,100.0,,100.0,,80.0,,80.0,100.0,100.0,100.0,100.0,100.0,80.0,80.0,100.0,100.0,100.0,100.0,100.0,100.0,80.0,80.0,80.0,100.0,100.0,100.0,100.0,100.0,100.0,80.0,80.0,,,,,,,,,,,,,,,
2019,Pre-COVID (2010-2019),Sí,SEARO,Sri Lanka,LKA,54.0,67.0,60.0,80.0,73.0,True,,67.0,,,60.0,,,20.0,,,40.0,,,73.0,,80.0,,60.0,,,33.0,,,,67.0,,60.0,,60.0,,40.0,,40.0,40.0,60.0,100.0,80.0,40.0,20.0,40.0,80.0,60.0,80.0,80.0,80.0,60.0,20.0,60.0,20.0,60.0,60.0,80.0,60.0,60.0,60.0,40.0,40.0,,,,,,,,,,,,,,,
2019,Pre-COVID (2010-2019),Sí,EMRO,Syrian Arab Republic,SYR,48.0,40.0,40.0,60.0,40.0,True,,40.0,,,40.0,,,60.0,,,40.0,,,40.0,,60.0,,40.0,,,47.0,,,,53.0,,40.0,,80.0,,60.0,,20.0,40.0,40.0,40.0,40.0,40.0,60.0,40.0,40.0,40.0,40.0,60.0,60.0,40.0,40.0,60.0,40.0,60.0,40.0,60.0,40.0,80.0,80.0,60.0,20.0,,,,,,,,,,,,,,,
2019,Pre-COVID (2010-2019),Sí,EURO,Tajikistan,TJK,62.0,60.0,70.0,60.0,47.0,True,,60.0,,,70.0,,,60.0,,,40.0,,,47.0,,60.0,,60.0,,,73.0,,,,80.0,,80.0,,60.0,,60.0,,60.0,60.0,60.0,60.0,80.0,60.0,60.0,40.0,40.0,40.0,60.0,60.0,60.0,60.0,80.0,80.0,60.0,80.0,60.0,100.0,80.0,60.0,60.0,60.0,60.0,,,,,,,,,,,,,,,
2019,Pre-COVID (2010-2019),Sí,SEARO,Thailand,THA,85.0,87.0,90.0,80.0,87.0,True,,87.0,,,90.0,,,100.0,,,80.0,,,87.0,,80.0,,80.0,,,80.0,,,,93.0,,100.0,,70.0,,80.0,,80.0,100.0,80.0,80.0,80.0,100.0,100.0,80.0,80.0,80.0,100.0,80.0,80.0,80.0,80.0,80.0,80.0,100.0,80.0,100.0,100.0,80.0,60.0,80.0,80.0,,,,,,,,,,,,,,,
2019,Pre-COVID (2010-2019),Sí,SEARO,Timor-Leste,TLS,37.0,40.0,40.0,60.0,53.0,True,,40.0,,,40.0,,,20.0,,,40.0,,,53.0,,60.0,,40.0,,,40.0,,,,27.0,,60.0,,20.0,,20.0,,20.0,40.0,40.0,40.0,40.0,40.0,20.0,40.0,60.0,40.0,60.0,80.0,40.0,40.0,40.0,20.0,60.0,20.0,20.0,40.0,60.0,20.0,20.0,20.0,20.0,,,,,,,,,,,,,,,
2019,Pre-COVID (2010-2019),Sí,EURO,Türkiye,TUR,77.0,100.0,70.0,90.0,93.0,True,,100.0,,,70.0,,,100.0,,,60.0,,,93.0,,90.0,,60.0,,,60.0,,,,87.0,,40.0,,100.0,,80.0,,60.0,100.0,100.0,100.0,80.0,60.0,100.0,60.0,100.0,80.0,100.0,100.0,80.0,60.0,20.0,80.0,80.0,60.0,100.0,100.0,40.0,100.0,100.0,80.0,60.0,,,,,,,,,,,,,,,
2019,Pre-COVID (2010-2019),Sí,EURO,Turkmenistan,TKM,69.0,60.0,70.0,70.0,73.0,True,,60.0,,,70.0,,,100.0,,,60.0,,,73.0,,70.0,,60.0,,,73.0,,,,67.0,,60.0,,90.0,,60.0,,60.0,60.0,60.0,60.0,40.0,100.0,100.0,60.0,60.0,80.0,80.0,80.0,60.0,60.0,80.0,80.0,60.0,60.0,60.0,80.0,60.0,100.0,80.0,60.0,60.0,,,,,,,,,,,,,,,
2019,Pre-COVID (2010-2019),Sí,EMRO,United Arab Emirates,ARE,96.0,100.0,100.0,90.0,100.0,True,,100.0,,,100.0,,,100.0,,,100.0,,,100.0,,90.0,,60.0,,,100.0,,,,100.0,,100.0,,100.0,,100.0,,100.0,100.0,100.0,100.0,100.0,100.0,100.0,100.0,100.0,100.0,100.0,100.0,80.0,60.0,100.0,100.0,100.0,100.0,100.0,100.0,100.0,100.0,100.0,100.0,100.0,,,,,,,,,,,,,,,
2019,Pre-COVID (2010-2019),Sí,EURO,Uzbekistan,UZB,57.0,67.0,40.0,60.0,67.0,True,,67.0,,,40.0,,,60.0,,,20.0,,,67.0,,60.0,,60.0,,,67.0,,,,80.0,,60.0,,40.0,,40.0,,80.0,40.0,60.0,100.0,60.0,20.0,60.0,20.0,60.0,60.0,80.0,60.0,60.0,60.0,80.0,60.0,60.0,80.0,60.0,100.0,60.0,40.0,40.0,40.0,80.0,,,,,,,,,,,,,,,
2019,Pre-COVID (2010-2019),Sí,WPRO,Viet Nam,VNM,66.0,87.0,70.0,60.0,67.0,True,,87.0,,,70.0,,,60.0,,,80.0,,,67.0,,60.0,,60.0,,,60.0,,,,67.0,,60.0,,50.0,,80.0,,60.0,100.0,60.0,100.0,60.0,80.0,60.0,80.0,60.0,60.0,80.0,80.0,40.0,60.0,40.0,60.0,80.0,60.0,60.0,80.0,60.0,60.0,40.0,80.0,60.0,,,,,,,,,,,,,,,
2019,Pre-COVID (2010-2019),Sí,EMRO,Yemen,YEM,49.0,47.0,40.0,80.0,67.0,True,,47.0,,,40.0,,,80.0,,,40.0,,,67.0,,80.0,,80.0,,,60.0,,,,47.0,,60.0,,0.0,,20.0,,20.0,40.0,40.0,60.0,40.0,40.0,80.0,40.0,60.0,40.0,100.0,80.0,80.0,80.0,60.0,60.0,60.0,60.0,40.0,40.0,60.0,0.0,0.0,20.0,20.0,,,,,,,,,,,,,,,
2019,Pre-COVID (2010-2019),Sí,EURO,Albania,ALB,62.0,73.0,90.0,100.0,53.0,True,,73.0,,,90.0,,,80.0,,,60.0,,,53.0,,100.0,,80.0,,,40.0,,,,47.0,,40.0,,80.0,,20.0,,40.0,100.0,60.0,60.0,80.0,100.0,80.0,60.0,80.0,40.0,40.0,100.0,100.0,80.0,40.0,40.0,40.0,60.0,20.0,60.0,40.0,80.0,80.0,20.0,40.0,,,,,,,,,,,,,,,
2019,Pre-COVID (2010-2019),Sí,EURO,Andorra,AND,40.0,47.0,50.0,60.0,67.0,True,,47.0,,,50.0,,,60.0,,,80.0,,,67.0,,60.0,,20.0,,,7.0,,,,53.0,,60.0,,20.0,,0.0,,0.0,60.0,20.0,60.0,40.0,60.0,60.0,80.0,100.0,0.0,100.0,100.0,20.0,20.0,20.0,0.0,0.0,40.0,60.0,60.0,60.0,20.0,20.0,0.0,0.0,,,,,,,,,,,,,,,
2019,Pre-COVID (2010-2019),Sí,EURO,Austria,AUT,67.0,60.0,90.0,90.0,73.0,True,,60.0,,,90.0,,,100.0,,,100.0,,,73.0,,90.0,,80.0,,,47.0,,,,53.0,,20.0,,0.0,,60.0,,100.0,100.0,0.0,80.0,80.0,100.0,100.0,100.0,100.0,20.0,100.0,100.0,80.0,80.0,40.0,80.0,20.0,0.0,60.0,100.0,20.0,0.0,0.0,60.0,100.0,,,,,,,,,,,,,,,
2019,Pre-COVID (2010-2019),No,EURO,Belarus,BLR,,,,,,False,,,,,,,,,,,,,,,,,,,,,,,,,,,,,,,,,,,,,,,,,,,,,,,,,,,,,,,,,,,,,,,,,,,,,,,,
2019,Pre-COVID (2010-2019),Sí,EURO,Belgium,BEL,84.0,60.0,80.0,90.0,100.0,True,,60.0,,,80.0,,,100.0,,,100.0,,,100.0,,90.0,,40.0,,,87.0,,,,80.0,,80.0,,90.0,,80.0,,100.0,60.0,60.0,60.0,60.0,100.0,100.0,100.0,100.0,100.0,100.0,100.0,80.0,40.0,100.0,80.0,80.0,100.0,60.0,80.0,80.0,100.0,80.0,80.0,100.0,,,,,,,,,,,,,,,
2019,Pre-COVID (2010-2019),Sí,EURO,Bosnia and Herzegovina,BIH,35.0,60.0,40.0,30.0,47.0,True,,60.0,,,40.0,,,20.0,,,80.0,,,47.0,,30.0,,20.0,,,27.0,,,,33.0,,20.0,,0.0,,40.0,,40.0,40.0,60.0,80.0,40.0,40.0,20.0,80.0,60.0,40.0,40.0,40.0,20.0,20.0,20.0,40.0,20.0,20.0,20.0,60.0,20.0,0.0,0.0,40.0,40.0,,,,,,,,,,,,,,,
2019,Pre-COVID (2010-2019),Sí,EURO,Bulgaria,BGR,72.0,73.0,70.0,80.0,87.0,True,,73.0,,,70.0,,,80.0,,,80.0,,,87.0,,80.0,,80.0,,,80.0,,,,87.0,,40.0,,60.0,,40.0,,80.0,100.0,60.0,60.0,40.0,100.0,80.0,80.0,100.0,60.0,100.0,60.0,100.0,80.0,80.0,80.0,80.0,100.0,100.0,60.0,40.0,60.0,60.0,40.0,80.0,,,,,,,,,,,,,,,
2019,Pre-COVID (2010-2019),Sí,EURO,Croatia,HRV,78.0,80.0,70.0,90.0,87.0,True,,80.0,,,70.0,,,80.0,,,80.0,,,87.0,,90.0,,80.0,,,53.0,,,,73.0,,80.0,,80.0,,80.0,,80.0,100.0,60.0,80.0,40.0,100.0,80.0,80.0,100.0,60.0,100.0,100.0,80.0,80.0,60.0,60.0,40.0,60.0,60.0,100.0,80.0,80.0,80.0,80.0,80.0,,,,,,,,,,,,,,,
2019,Pre-COVID (2010-2019),Sí,EURO,Czech Republic,CZE,68.0,53.0,70.0,60.0,87.0,True,,53.0,,,70.0,,,80.0,,,60.0,,,87.0,,60.0,,80.0,,,67.0,,,,93.0,,40.0,,20.0,,80.0,,100.0,100.0,20.0,40.0,40.0,100.0,80.0,60.0,100.0,60.0,100.0,100.0,20.0,80.0,40.0,80.0,80.0,80.0,100.0,100.0,40.0,20.0,20.0,80.0,100.0,,,,,,,,,,,,,,,
2019,Pre-COVID (2010-2019),Sí,EURO,Denmark,DNK,95.0,93.0,100.0,100.0,100.0,True,,93.0,,,100.0,,,100.0,,,100.0,,,100.0,,100.0,,80.0,,,100.0,,,,100.0,,100.0,,100.0,,100.0,,60.0,100.0,100.0,80.0,100.0,100.0,100.0,100.0,100.0,100.0,100.0,100.0,100.0,80.0,100.0,100.0,100.0,100.0,100.0,100.0,100.0,100.0,100.0,100.0,60.0,,,,,,,,,,,,,,,
2019,Pre-COVID (2010-2019),Sí,EURO,Estonia,EST,74.0,87.0,70.0,80.0,80.0,True,,87.0,,,70.0,,,80.0,,,80.0,,,80.0,,80.0,,60.0,,,73.0,,,,80.0,,60.0,,50.0,,80.0,,80.0,100.0,80.0,80.0,80.0,60.0,80.0,80.0,80.0,80.0,80.0,80.0,80.0,60.0,60.0,80.0,80.0,60.0,80.0,100.0,60.0,60.0,40.0,80.0,80.0,,,,,,,,,,,,,,,
2019,Pre-COVID (2010-2019),Sí,EURO,Finland,FIN,94.0,100.0,100.0,80.0,87.0,True,,100.0,,,100.0,,,100.0,,,100.0,,,87.0,,80.0,,80.0,,,93.0,,,,100.0,,80.0,,100.0,,100.0,,100.0,100.0,100.0,100.0,100.0,100.0,100.0,100.0,100.0,60.0,100.0,80.0,80.0,80.0,80.0,100.0,100.0,100.0,100.0,100.0,80.0,100.0,100.0,100.0,100.0,,,,,,,,,,,,,,,
2019,Pre-COVID (2010-2019),Sí,EURO,France,FRA,82.0,67.0,100.0,100.0,73.0,True,,67.0,,,100.0,,,80.0,,,80.0,,,73.0,,100.0,,80.0,,,73.0,,,,93.0,,80.0,,40.0,,100.0,,100.0,100.0,80.0,20.0,100.0,100.0,80.0,80.0,20.0,100.0,100.0,100.0,100.0,80.0,100.0,100.0,20.0,80.0,100.0,100.0,80.0,40.0,40.0,100.0,100.0,,,,,,,,,,,,,,,
2019,Pre-COVID (2010-2019),Sí,EURO,Germany,DEU,88.0,100.0,100.0,100.0,100.0,True,,100.0,,,100.0,,,100.0,,,80.0,,,100.0,,100.0,,80.0,,,87.0,,,,100.0,,60.0,,60.0,,80.0,,100.0,100.0,100.0,100.0,100.0,100.0,100.0,80.0,100.0,100.0,100.0,100.0,100.0,80.0,80.0,100.0,80.0,100.0,100.0,100.0,60.0,60.0,60.0,80.0,100.0,,,,,,,,,,,,,,,
2019,Pre-COVID (2010-2019),Sí,EURO,Greece,GRC,57.0,60.0,50.0,80.0,60.0,True,,60.0,,,50.0,,,60.0,,,80.0,,,60.0,,80.0,,60.0,,,60.0,,,,67.0,,20.0,,50.0,,60.0,,40.0,100.0,40.0,40.0,40.0,60.0,60.0,80.0,60.0,40.0,80.0,80.0,80.0,60.0,60.0,60.0,60.0,40.0,60.0,100.0,20.0,60.0,40.0,60.0,40.0,,,,,,,,,,,,,,,
2019,Pre-COVID (2010-2019),No,EURO,Holy See,VAT,,,,,,False,,,,,,,,,,,,,,,,,,,,,,,,,,,,,,,,,,,,,,,,,,,,,,,,,,,,,,,,,,,,,,,,,,,,,,,,
2019,Pre-COVID (2010-2019),Sí,EURO,Hungary,HUN,68.0,80.0,90.0,90.0,73.0,True,,80.0,,,90.0,,,80.0,,,100.0,,,73.0,,90.0,,20.0,,,53.0,,,,73.0,,60.0,,0.0,,60.0,,100.0,100.0,60.0,80.0,80.0,100.0,80.0,100.0,100.0,80.0,40.0,100.0,80.0,20.0,40.0,60.0,60.0,80.0,60.0,80.0,60.0,0.0,0.0,60.0,100.0,,,,,,,,,,,,,,,
2019,Pre-COVID (2010-2019),Sí,EURO,Iceland,ISL,83.0,87.0,100.0,80.0,93.0,True,,87.0,,,100.0,,,80.0,,,80.0,,,93.0,,80.0,,60.0,,,87.0,,,,80.0,,100.0,,90.0,,60.0,,80.0,80.0,80.0,100.0,100.0,100.0,80.0,80.0,100.0,100.0,80.0,80.0,80.0,60.0,100.0,100.0,60.0,100.0,80.0,60.0,100.0,80.0,100.0,60.0,80.0,,,,,,,,,,,,,,,
2019,Pre-COVID (2010-2019),Sí,EURO,Ireland,IRL,64.0,40.0,70.0,80.0,100.0,True,,40.0,,,70.0,,,60.0,,,100.0,,,100.0,,80.0,,60.0,,,73.0,,,,67.0,,60.0,,0.0,,60.0,,60.0,60.0,40.0,20.0,80.0,60.0,60.0,100.0,100.0,100.0,100.0,80.0,80.0,60.0,80.0,80.0,60.0,40.0,60.0,100.0,60.0,0.0,0.0,60.0,60.0,,,,,,,,,,,,,,,
2019,Pre-COVID (2010-2019),Sí,EURO,Italy,ITA,86.0,87.0,90.0,90.0,100.0,True,,87.0,,,90.0,,,100.0,,,80.0,,,100.0,,90.0,,80.0,,,93.0,,,,93.0,,80.0,,80.0,,60.0,,80.0,100.0,80.0,80.0,100.0,80.0,100.0,80.0,100.0,100.0,100.0,100.0,80.0,80.0,100.0,100.0,80.0,100.0,80.0,100.0,80.0,80.0,80.0,60.0,80.0,,,,,,,,,,,,,,,
2019,Pre-COVID (2010-2019),Sí,EURO,Latvia,LVA,77.0,80.0,90.0,80.0,80.0,True,,80.0,,,90.0,,,80.0,,,80.0,,,80.0,,80.0,,80.0,,,87.0,,,,87.0,,60.0,,80.0,,60.0,,60.0,100.0,80.0,60.0,80.0,100.0,80.0,80.0,60.0,80.0,100.0,80.0,80.0,80.0,100.0,80.0,80.0,80.0,80.0,100.0,60.0,80.0,80.0,60.0,60.0,,,,,,,,,,,,,,,
2019,Pre-COVID (2010-2019),Sí,EURO,Liechtenstein,LIE,73.0,93.0,70.0,90.0,100.0,True,,93.0,,,70.0,,,80.0,,,80.0,,,100.0,,90.0,,80.0,,,40.0,,,,73.0,,60.0,,0.0,,100.0,,80.0,100.0,100.0,80.0,80.0,60.0,80.0,80.0,100.0,100.0,100.0,100.0,80.0,80.0,40.0,40.0,40.0,100.0,60.0,60.0,60.0,0.0,0.0,100.0,80.0,,,,,,,,,,,,,,,
2019,Pre-COVID (2010-2019),Sí,EURO,Lithuania,LTU,83.0,87.0,90.0,80.0,60.0,True,,87.0,,,90.0,,,80.0,,,100.0,,,60.0,,80.0,,80.0,,,93.0,,,,100.0,,60.0,,70.0,,80.0,,100.0,100.0,80.0,80.0,80.0,100.0,80.0,100.0,100.0,40.0,40.0,80.0,80.0,80.0,100.0,100.0,80.0,100.0,100.0,100.0,60.0,80.0,60.0,80.0,100.0,,,,,,,,,,,,,,,
2019,Pre-COVID (2010-2019),Sí,EURO,Luxembourg,LUX,97.0,100.0,100.0,90.0,93.0,True,,100.0,,,100.0,,,100.0,,,100.0,,,93.0,,90.0,,100.0,,,93.0,,,,100.0,,100.0,,100.0,,80.0,,100.0,100.0,100.0,100.0,100.0,100.0,100.0,100.0,100.0,80.0,100.0,100.0,80.0,100.0,100.0,100.0,80.0,100.0,100.0,100.0,100.0,100.0,100.0,80.0,100.0,,,,,,,,,,,,,,,
2019,Pre-COVID (2010-2019),Sí,EURO,Malta,MLT,60.0,100.0,70.0,70.0,73.0,True,,100.0,,,70.0,,,80.0,,,80.0,,,73.0,,70.0,,100.0,,,20.0,,,,53.0,,20.0,,60.0,,20.0,,40.0,100.0,100.0,100.0,80.0,60.0,80.0,80.0,100.0,20.0,100.0,60.0,80.0,100.0,20.0,20.0,20.0,40.0,60.0,60.0,20.0,80.0,40.0,20.0,40.0,,,,,,,,,,,,,,,
2019,Pre-COVID (2010-2019),Sí,EURO,Monaco,MCO,81.0,80.0,80.0,80.0,100.0,True,,80.0,,,80.0,,,100.0,,,80.0,,,100.0,,80.0,,80.0,,,100.0,,,,100.0,,40.0,,90.0,,40.0,,80.0,80.0,80.0,80.0,80.0,80.0,100.0,80.0,100.0,100.0,100.0,80.0,80.0,80.0,100.0,100.0,100.0,100.0,100.0,100.0,40.0,100.0,80.0,40.0,80.0,,,,,,,,,,,,,,,
2019,Pre-COVID (2010-2019),Sí,EURO,Montenegro,MNE,56.0,47.0,50.0,80.0,67.0,True,,47.0,,,50.0,,,60.0,,,60.0,,,67.0,,80.0,,60.0,,,60.0,,,,47.0,,60.0,,20.0,,40.0,,80.0,60.0,40.0,40.0,40.0,60.0,60.0,60.0,100.0,40.0,60.0,80.0,80.0,60.0,60.0,80.0,40.0,40.0,60.0,40.0,60.0,20.0,20.0,40.0,80.0,,,,,,,,,,,,,,,
2019,Pre-COVID (2010-2019),Sí,EURO,Netherlands (Kingdom of the),NLD,90.0,93.0,100.0,80.0,93.0,True,,93.0,,,100.0,,,100.0,,,80.0,,,93.0,,80.0,,100.0,,,93.0,,,,93.0,,80.0,,80.0,,80.0,,100.0,100.0,80.0,100.0,100.0,100.0,100.0,80.0,100.0,80.0,100.0,80.0,80.0,100.0,100.0,100.0,80.0,80.0,100.0,100.0,80.0,80.0,80.0,80.0,100.0,,,,,,,,,,,,,,,
2019,Pre-COVID (2010-2019),Sí,EURO,North Macedonia,MKD,60.0,60.0,60.0,70.0,53.0,True,,60.0,,,60.0,,,60.0,,,60.0,,,53.0,,70.0,,40.0,,,53.0,,,,67.0,,60.0,,80.0,,40.0,,80.0,80.0,40.0,60.0,60.0,60.0,60.0,60.0,60.0,40.0,60.0,80.0,60.0,40.0,60.0,60.0,40.0,60.0,60.0,80.0,60.0,80.0,80.0,40.0,80.0,,,,,,,,,,,,,,,
2019,Pre-COVID (2010-2019),Sí,EURO,Norway,NOR,93.0,100.0,100.0,100.0,87.0,True,,100.0,,,100.0,,,100.0,,,100.0,,,87.0,,100.0,,100.0,,,100.0,,,,100.0,,100.0,,60.0,,80.0,,80.0,100.0,100.0,100.0,100.0,100.0,100.0,100.0,100.0,60.0,100.0,100.0,100.0,100.0,100.0,100.0,100.0,100.0,100.0,100.0,100.0,60.0,60.0,80.0,80.0,,,,,,,,,,,,,,,
2019,Pre-COVID (2010-2019),Sí,EURO,Poland,POL,66.0,80.0,100.0,0.0,67.0,True,,80.0,,,100.0,,,100.0,,,40.0,,,67.0,,0.0,,60.0,,,80.0,,,,27.0,,80.0,,40.0,,80.0,,100.0,100.0,60.0,80.0,100.0,100.0,100.0,40.0,100.0,80.0,20.0,0.0,0.0,60.0,80.0,80.0,80.0,0.0,80.0,0.0,80.0,80.0,0.0,80.0,100.0,,,,,,,,,,,,,,,
2019,Pre-COVID (2010-2019),Sí,EURO,Portugal,PRT,82.0,87.0,100.0,80.0,100.0,True,,87.0,,,100.0,,,40.0,,,100.0,,,100.0,,80.0,,80.0,,,80.0,,,,93.0,,80.0,,100.0,,80.0,,40.0,100.0,80.0,80.0,100.0,100.0,40.0,100.0,100.0,100.0,100.0,80.0,80.0,80.0,80.0,80.0,80.0,80.0,100.0,100.0,80.0,100.0,100.0,80.0,40.0,,,,,,,,,,,,,,,
2019,Pre-COVID (2010-2019),Sí,EURO,Republic of Moldova,MDA,60.0,73.0,70.0,80.0,53.0,True,,73.0,,,70.0,,,60.0,,,80.0,,,53.0,,80.0,,40.0,,,53.0,,,,60.0,,60.0,,70.0,,40.0,,40.0,80.0,60.0,80.0,80.0,60.0,60.0,80.0,60.0,40.0,60.0,80.0,80.0,40.0,20.0,80.0,60.0,40.0,60.0,80.0,60.0,60.0,80.0,40.0,40.0,,,,,,,,,,,,,,,
2019,Pre-COVID (2010-2019),Sí,EURO,Romania,ROU,67.0,73.0,90.0,80.0,80.0,True,,73.0,,,90.0,,,20.0,,,80.0,,,80.0,,80.0,,60.0,,,67.0,,,,80.0,,60.0,,40.0,,40.0,,100.0,100.0,60.0,60.0,80.0,100.0,20.0,80.0,80.0,80.0,80.0,80.0,80.0,60.0,60.0,80.0,60.0,80.0,100.0,60.0,60.0,40.0,40.0,40.0,100.0,,,,,,,,,,,,,,,
2019,Pre-COVID (2010-2019),Sí,EURO,Russian Federation,RUS,99.0,93.0,100.0,100.0,100.0,True,,93.0,,,100.0,,,100.0,,,100.0,,,100.0,,100.0,,100.0,,,100.0,,,,100.0,,100.0,,100.0,,100.0,,100.0,100.0,100.0,80.0,100.0,100.0,100.0,100.0,100.0,100.0,100.0,100.0,100.0,100.0,100.0,100.0,100.0,100.0,100.0,100.0,100.0,100.0,100.0,100.0,100.0,,,,,,,,,,,,,,,
2019,Pre-COVID (2010-2019),No,EURO,San Marino,SMR,,,,,,False,,,,,,,,,,,,,,,,,,,,,,,,,,,,,,,,,,,,,,,,,,,,,,,,,,,,,,,,,,,,,,,,,,,,,,,,
2019,Pre-COVID (2010-2019),Sí,EURO,Serbia,SRB,69.0,87.0,90.0,60.0,53.0,True,,87.0,,,90.0,,,80.0,,,80.0,,,53.0,,60.0,,80.0,,,80.0,,,,73.0,,80.0,,0.0,,80.0,,60.0,100.0,80.0,80.0,100.0,80.0,80.0,80.0,60.0,40.0,60.0,80.0,40.0,80.0,80.0,80.0,80.0,40.0,80.0,100.0,80.0,0.0,0.0,80.0,60.0,,,,,,,,,,,,,,,
2019,Pre-COVID (2010-2019),Sí,EURO,Slovakia,SVK,73.0,100.0,80.0,80.0,73.0,True,,100.0,,,80.0,,,60.0,,,60.0,,,73.0,,80.0,,80.0,,,87.0,,,,73.0,,60.0,,80.0,,60.0,,60.0,100.0,100.0,100.0,60.0,100.0,60.0,60.0,60.0,60.0,100.0,100.0,60.0,80.0,60.0,100.0,100.0,60.0,100.0,60.0,60.0,80.0,80.0,60.0,60.0,,,,,,,,,,,,,,,
2019,Pre-COVID (2010-2019),Sí,EURO,Slovenia,SVN,86.0,87.0,100.0,90.0,93.0,True,,87.0,,,100.0,,,100.0,,,100.0,,,93.0,,90.0,,60.0,,,87.0,,,,87.0,,60.0,,80.0,,80.0,,100.0,100.0,80.0,80.0,100.0,100.0,100.0,100.0,100.0,80.0,100.0,80.0,100.0,60.0,80.0,80.0,100.0,80.0,100.0,80.0,60.0,80.0,80.0,80.0,100.0,,,,,,,,,,,,,,,
2019,Pre-COVID (2010-2019),Sí,EURO,Spain,ESP,85.0,93.0,100.0,80.0,93.0,True,,93.0,,,100.0,,,80.0,,,80.0,,,93.0,,80.0,,80.0,,,93.0,,,,100.0,,60.0,,80.0,,80.0,,80.0,100.0,100.0,80.0,100.0,100.0,80.0,80.0,100.0,80.0,100.0,80.0,80.0,80.0,100.0,100.0,80.0,100.0,100.0,100.0,60.0,80.0,80.0,80.0,80.0,,,,,,,,,,,,,,,
2019,Pre-COVID (2010-2019),Sí,EURO,Sweden,SWE,92.0,100.0,100.0,100.0,100.0,True,,100.0,,,100.0,,,100.0,,,80.0,,,100.0,,100.0,,80.0,,,80.0,,,,93.0,,80.0,,100.0,,80.0,,100.0,100.0,100.0,100.0,100.0,100.0,100.0,80.0,100.0,100.0,100.0,100.0,100.0,80.0,80.0,80.0,80.0,80.0,100.0,100.0,80.0,100.0,100.0,80.0,100.0,,,,,,,,,,,,,,,
2019,Pre-COVID (2010-2019),Sí,EURO,Switzerland,CHE,95.0,93.0,100.0,90.0,100.0,True,,93.0,,,100.0,,,100.0,,,80.0,,,100.0,,90.0,,80.0,,,100.0,,,,87.0,,100.0,,100.0,,100.0,,100.0,100.0,100.0,80.0,100.0,100.0,100.0,80.0,100.0,100.0,100.0,100.0,80.0,80.0,100.0,100.0,100.0,100.0,100.0,60.0,100.0,100.0,100.0,100.0,100.0,,,,,,,,,,,,,,,
2019,Pre-COVID (2010-2019),Sí,EURO,Ukraine,UKR,66.0,100.0,70.0,70.0,80.0,True,,100.0,,,70.0,,,80.0,,,60.0,,,80.0,,70.0,,60.0,,,60.0,,,,53.0,,40.0,,60.0,,40.0,,80.0,100.0,100.0,100.0,40.0,100.0,80.0,60.0,60.0,80.0,100.0,80.0,60.0,60.0,20.0,80.0,80.0,80.0,20.0,60.0,40.0,60.0,60.0,40.0,80.0,,,,,,,,,,,,,,,
2019,Pre-COVID (2010-2019),Sí,EURO,United Kingdom of Great Britain and Northern Ireland,GBR,93.0,100.0,90.0,100.0,100.0,True,,100.0,,,90.0,,,100.0,,,100.0,,,100.0,,100.0,,100.0,,,100.0,,,,100.0,,100.0,,40.0,,80.0,,100.0,100.0,100.0,100.0,80.0,100.0,100.0,100.0,100.0,100.0,100.0,100.0,100.0,100.0,100.0,100.0,100.0,100.0,100.0,100.0,100.0,40.0,40.0,80.0,100.0,,,,,,,,,,,,,,,
2020,COVID (2020-2021),Sí,AFRO,Algeria,DZA,68.0,80.0,50.0,60.0,60.0,True,,80.0,,,50.0,,,80.0,,,80.0,,,60.0,,60.0,,80.0,,,53.0,,,,67.0,,60.0,,70.0,,80.0,,60.0,80.0,80.0,80.0,40.0,60.0,80.0,80.0,80.0,40.0,60.0,60.0,60.0,80.0,40.0,40.0,80.0,80.0,60.0,60.0,60.0,80.0,60.0,80.0,60.0,,,,,,,,,,,,,,,
2020,COVID (2020-2021),Sí,AFRO,Angola,AGO,65.0,47.0,90.0,100.0,67.0,True,,47.0,,,90.0,,,100.0,,,40.0,,,67.0,,100.0,,60.0,,,73.0,,,,53.0,,80.0,,30.0,,40.0,,60.0,20.0,40.0,80.0,80.0,100.0,100.0,40.0,80.0,40.0,80.0,100.0,100.0,60.0,60.0,80.0,80.0,60.0,40.0,60.0,80.0,40.0,20.0,40.0,60.0,,,,,,,,,,,,,,,
2020,COVID (2020-2021),Sí,AFRO,Benin,BEN,35.0,40.0,60.0,40.0,60.0,True,,40.0,,,60.0,,,20.0,,,40.0,,,60.0,,40.0,,60.0,,,47.0,,,,33.0,,20.0,,0.0,,20.0,,20.0,20.0,60.0,40.0,40.0,80.0,20.0,40.0,60.0,60.0,60.0,60.0,20.0,60.0,0.0,80.0,60.0,40.0,40.0,20.0,20.0,0.0,0.0,20.0,20.0,,,,,,,,,,,,,,,
2020,COVID (2020-2021),Sí,AFRO,Botswana,BWA,43.0,47.0,20.0,60.0,73.0,True,,47.0,,,20.0,,,20.0,,,40.0,,,73.0,,60.0,,60.0,,,47.0,,,,53.0,,20.0,,60.0,,20.0,,40.0,60.0,20.0,60.0,20.0,20.0,20.0,40.0,100.0,60.0,60.0,60.0,60.0,60.0,60.0,40.0,40.0,40.0,60.0,60.0,20.0,80.0,40.0,20.0,40.0,,,,,,,,,,,,,,,
2020,COVID (2020-2021),Sí,AFRO,Burkina Faso,BFA,51.0,40.0,70.0,70.0,67.0,True,,40.0,,,70.0,,,80.0,,,60.0,,,67.0,,70.0,,80.0,,,47.0,,,,40.0,,40.0,,30.0,,20.0,,20.0,20.0,40.0,60.0,80.0,60.0,80.0,60.0,80.0,40.0,80.0,60.0,80.0,80.0,40.0,60.0,40.0,40.0,40.0,40.0,40.0,20.0,40.0,20.0,20.0,,,,,,,,,,,,,,,
2020,COVID (2020-2021),Sí,AFRO,Burundi,BDI,53.0,47.0,60.0,70.0,73.0,True,,47.0,,,60.0,,,60.0,,,40.0,,,73.0,,70.0,,60.0,,,33.0,,,,47.0,,60.0,,40.0,,40.0,,60.0,20.0,60.0,60.0,60.0,60.0,60.0,40.0,100.0,60.0,60.0,80.0,60.0,60.0,40.0,40.0,20.0,40.0,40.0,60.0,60.0,40.0,40.0,40.0,60.0,,,,,,,,,,,,,,,
2020,COVID (2020-2021),Sí,AFRO,Cabo Verde,CPV,52.0,67.0,50.0,70.0,73.0,True,,67.0,,,50.0,,,40.0,,,80.0,,,73.0,,70.0,,40.0,,,47.0,,,,53.0,,40.0,,60.0,,40.0,,20.0,60.0,60.0,80.0,40.0,60.0,40.0,80.0,80.0,40.0,100.0,80.0,60.0,40.0,40.0,40.0,60.0,40.0,40.0,80.0,40.0,60.0,60.0,40.0,20.0,,,,,,,,,,,,,,,
2020,COVID (2020-2021),Sí,AFRO,Cameroon,CMR,50.0,60.0,80.0,80.0,60.0,True,,60.0,,,80.0,,,80.0,,,40.0,,,60.0,,80.0,,20.0,,,53.0,,,,33.0,,20.0,,40.0,,40.0,,40.0,60.0,60.0,60.0,60.0,100.0,80.0,40.0,60.0,40.0,80.0,80.0,80.0,20.0,60.0,80.0,20.0,40.0,20.0,40.0,20.0,40.0,40.0,40.0,40.0,,,,,,,,,,,,,,,
2020,COVID (2020-2021),Sí,AFRO,Central African Republic,CAF,32.0,47.0,40.0,50.0,67.0,True,,47.0,,,40.0,,,20.0,,,0.0,,,67.0,,50.0,,20.0,,,40.0,,,,27.0,,20.0,,20.0,,20.0,,40.0,20.0,60.0,60.0,40.0,40.0,20.0,0.0,60.0,40.0,100.0,80.0,20.0,20.0,40.0,60.0,20.0,40.0,20.0,20.0,20.0,20.0,20.0,20.0,40.0,,,,,,,,,,,,,,,
2020,COVID (2020-2021),Sí,AFRO,Chad,TCD,39.0,33.0,40.0,80.0,60.0,True,,33.0,,,40.0,,,40.0,,,20.0,,,60.0,,80.0,,40.0,,,33.0,,,,40.0,,40.0,,40.0,,20.0,,20.0,40.0,20.0,40.0,40.0,40.0,40.0,20.0,60.0,60.0,60.0,80.0,80.0,40.0,60.0,20.0,20.0,40.0,40.0,40.0,40.0,40.0,40.0,20.0,20.0,,,,,,,,,,,,,,,
2020,COVID (2020-2021),Sí,AFRO,Comoros,COM,41.0,40.0,60.0,50.0,47.0,True,,40.0,,,60.0,,,60.0,,,40.0,,,47.0,,50.0,,20.0,,,47.0,,,,53.0,,60.0,,20.0,,20.0,,20.0,20.0,60.0,40.0,60.0,60.0,60.0,40.0,60.0,40.0,40.0,60.0,40.0,20.0,80.0,20.0,40.0,80.0,60.0,20.0,60.0,20.0,20.0,20.0,20.0,,,,,,,,,,,,,,,
2020,COVID (2020-2021),Sí,AFRO,Congo,COG,37.0,33.0,60.0,50.0,40.0,True,,33.0,,,60.0,,,20.0,,,40.0,,,40.0,,50.0,,60.0,,,47.0,,,,27.0,,40.0,,20.0,,20.0,,20.0,20.0,60.0,20.0,80.0,40.0,20.0,40.0,40.0,40.0,40.0,60.0,40.0,60.0,40.0,60.0,40.0,40.0,20.0,20.0,40.0,20.0,20.0,20.0,20.0,,,,,,,,,,,,,,,
2020,COVID (2020-2021),Sí,AFRO,Côte d'Ivoire,CIV,44.0,33.0,30.0,50.0,80.0,True,,33.0,,,30.0,,,60.0,,,0.0,,,80.0,,50.0,,80.0,,,53.0,,,,20.0,,60.0,,50.0,,40.0,,20.0,20.0,60.0,20.0,20.0,40.0,60.0,0.0,80.0,60.0,100.0,60.0,40.0,80.0,60.0,60.0,40.0,40.0,0.0,20.0,60.0,60.0,40.0,40.0,20.0,,,,,,,,,,,,,,,
2020,COVID (2020-2021),Sí,AFRO,Democratic Republic of the Congo,COD,52.0,27.0,60.0,60.0,60.0,True,,27.0,,,60.0,,,60.0,,,20.0,,,60.0,,60.0,,60.0,,,60.0,,,,53.0,,80.0,,50.0,,40.0,,40.0,40.0,40.0,0.0,80.0,40.0,60.0,20.0,60.0,60.0,60.0,60.0,60.0,60.0,60.0,60.0,60.0,60.0,40.0,60.0,80.0,60.0,40.0,40.0,40.0,,,,,,,,,,,,,,,
2020,COVID (2020-2021),Sí,EMRO,Djibouti,DJI,31.0,27.0,30.0,40.0,27.0,True,,27.0,,,30.0,,,40.0,,,20.0,,,27.0,,40.0,,60.0,,,20.0,,,,33.0,,40.0,,30.0,,40.0,,0.0,40.0,20.0,20.0,40.0,20.0,40.0,20.0,20.0,20.0,40.0,60.0,20.0,60.0,20.0,20.0,20.0,40.0,20.0,40.0,40.0,40.0,20.0,40.0,0.0,,,,,,,,,,,,,,,
2020,COVID (2020-2021),Sí,EMRO,Egypt,EGY,86.0,93.0,90.0,100.0,73.0,True,,93.0,,,90.0,,,80.0,,,80.0,,,73.0,,100.0,,80.0,,,100.0,,,,100.0,,60.0,,100.0,,80.0,,80.0,80.0,100.0,100.0,80.0,100.0,80.0,80.0,80.0,60.0,80.0,100.0,100.0,80.0,100.0,100.0,100.0,100.0,100.0,100.0,60.0,100.0,100.0,80.0,80.0,,,,,,,,,,,,,,,
2020,COVID (2020-2021),Sí,AFRO,Equatorial Guinea,GNQ,26.0,20.0,20.0,40.0,27.0,True,,20.0,,,20.0,,,20.0,,,20.0,,,27.0,,40.0,,20.0,,,33.0,,,,33.0,,40.0,,20.0,,20.0,,20.0,20.0,20.0,20.0,20.0,20.0,20.0,20.0,40.0,20.0,20.0,40.0,40.0,20.0,20.0,40.0,40.0,40.0,20.0,40.0,40.0,20.0,20.0,20.0,20.0,,,,,,,,,,,,,,,
2020,COVID (2020-2021),Sí,AFRO,Eritrea,ERI,57.0,20.0,50.0,70.0,73.0,True,,20.0,,,50.0,,,80.0,,,60.0,,,73.0,,70.0,,80.0,,,60.0,,,,80.0,,80.0,,50.0,,20.0,,20.0,20.0,20.0,20.0,60.0,40.0,80.0,60.0,80.0,80.0,60.0,80.0,60.0,80.0,60.0,60.0,60.0,100.0,60.0,80.0,80.0,60.0,40.0,20.0,20.0,,,,,,,,,,,,,,,
2020,COVID (2020-2021),Sí,AFRO,Eswatini,SWZ,46.0,40.0,20.0,70.0,87.0,True,,40.0,,,20.0,,,60.0,,,40.0,,,87.0,,70.0,,40.0,,,27.0,,,,33.0,,20.0,,80.0,,40.0,,40.0,60.0,20.0,40.0,20.0,20.0,60.0,40.0,80.0,100.0,80.0,80.0,60.0,40.0,20.0,40.0,20.0,20.0,40.0,40.0,20.0,80.0,80.0,40.0,40.0,,,,,,,,,,,,,,,
2020,COVID (2020-2021),Sí,AFRO,Ethiopia,ETH,67.0,87.0,80.0,80.0,80.0,True,,87.0,,,80.0,,,60.0,,,40.0,,,80.0,,80.0,,80.0,,,87.0,,,,67.0,,80.0,,50.0,,40.0,,40.0,100.0,60.0,100.0,80.0,80.0,60.0,40.0,80.0,60.0,100.0,80.0,80.0,80.0,80.0,100.0,80.0,60.0,80.0,60.0,80.0,60.0,40.0,40.0,40.0,,,,,,,,,,,,,,,
2020,COVID (2020-2021),Sí,AFRO,Gabon,GAB,40.0,47.0,60.0,50.0,60.0,True,,47.0,,,60.0,,,20.0,,,20.0,,,60.0,,50.0,,60.0,,,27.0,,,,60.0,,40.0,,30.0,,20.0,,20.0,60.0,40.0,40.0,80.0,40.0,20.0,20.0,20.0,60.0,100.0,60.0,40.0,60.0,40.0,20.0,20.0,80.0,40.0,60.0,40.0,40.0,20.0,20.0,20.0,,,,,,,,,,,,,,,
2020,COVID (2020-2021),Sí,AFRO,Gambia,GMB,35.0,27.0,40.0,70.0,33.0,True,,27.0,,,40.0,,,20.0,,,20.0,,,33.0,,70.0,,80.0,,,47.0,,,,33.0,,60.0,,30.0,,0.0,,0.0,40.0,20.0,20.0,60.0,20.0,20.0,20.0,20.0,40.0,40.0,80.0,60.0,80.0,60.0,60.0,20.0,20.0,40.0,40.0,60.0,40.0,20.0,0.0,0.0,,,,,,,,,,,,,,,
2020,COVID (2020-2021),Sí,AFRO,Ghana,GHA,49.0,33.0,60.0,80.0,53.0,True,,33.0,,,60.0,,,60.0,,,40.0,,,53.0,,80.0,,20.0,,,33.0,,,,40.0,,80.0,,40.0,,40.0,,60.0,40.0,20.0,40.0,60.0,60.0,60.0,40.0,60.0,40.0,60.0,80.0,80.0,20.0,40.0,40.0,20.0,40.0,40.0,40.0,80.0,40.0,40.0,40.0,60.0,,,,,,,,,,,,,,,
2020,COVID (2020-2021),Sí,AFRO,Guinea,GIN,48.0,40.0,50.0,70.0,67.0,True,,40.0,,,50.0,,,60.0,,,40.0,,,67.0,,70.0,,60.0,,,60.0,,,,33.0,,60.0,,40.0,,20.0,,20.0,40.0,40.0,40.0,60.0,40.0,60.0,40.0,80.0,60.0,60.0,60.0,80.0,60.0,60.0,60.0,60.0,40.0,20.0,40.0,60.0,40.0,40.0,20.0,20.0,,,,,,,,,,,,,,,
2020,COVID (2020-2021),Sí,AFRO,Guinea-Bissau,GNB,35.0,27.0,50.0,50.0,33.0,True,,27.0,,,50.0,,,20.0,,,40.0,,,33.0,,50.0,,40.0,,,40.0,,,,27.0,,60.0,,30.0,,20.0,,20.0,40.0,20.0,20.0,60.0,40.0,20.0,40.0,20.0,60.0,20.0,60.0,40.0,40.0,20.0,60.0,40.0,40.0,20.0,20.0,60.0,20.0,40.0,20.0,20.0,,,,,,,,,,,,,,,
2020,COVID (2020-2021),Sí,AFRO,Kenya,KEN,44.0,40.0,40.0,50.0,60.0,True,,40.0,,,40.0,,,60.0,,,60.0,,,60.0,,50.0,,20.0,,,47.0,,,,40.0,,60.0,,40.0,,40.0,,20.0,60.0,40.0,20.0,40.0,40.0,60.0,60.0,40.0,60.0,80.0,80.0,20.0,20.0,40.0,80.0,20.0,40.0,40.0,40.0,60.0,40.0,40.0,40.0,20.0,,,,,,,,,,,,,,,
2020,COVID (2020-2021),Sí,AFRO,Lesotho,LSO,40.0,33.0,70.0,50.0,67.0,True,,33.0,,,70.0,,,40.0,,,80.0,,,67.0,,50.0,,40.0,,,27.0,,,,33.0,,40.0,,40.0,,0.0,,0.0,40.0,40.0,20.0,80.0,60.0,40.0,80.0,100.0,20.0,80.0,60.0,40.0,40.0,40.0,20.0,20.0,20.0,40.0,40.0,40.0,40.0,40.0,0.0,0.0,,,,,,,,,,,,,,,
2020,COVID (2020-2021),Sí,AFRO,Liberia,LBR,54.0,47.0,70.0,80.0,53.0,True,,47.0,,,70.0,,,80.0,,,40.0,,,53.0,,80.0,,40.0,,,67.0,,,,40.0,,60.0,,60.0,,40.0,,20.0,60.0,40.0,40.0,80.0,60.0,80.0,40.0,60.0,40.0,60.0,80.0,80.0,40.0,60.0,100.0,40.0,40.0,40.0,40.0,60.0,60.0,60.0,40.0,20.0,,,,,,,,,,,,,,,
2020,COVID (2020-2021),Sí,EMRO,Libya,LBY,59.0,73.0,90.0,80.0,73.0,True,,73.0,,,90.0,,,80.0,,,60.0,,,73.0,,80.0,,80.0,,,33.0,,,,53.0,,40.0,,0.0,,20.0,,80.0,100.0,60.0,60.0,80.0,100.0,80.0,60.0,100.0,20.0,100.0,80.0,80.0,80.0,20.0,40.0,40.0,80.0,20.0,60.0,40.0,0.0,0.0,20.0,80.0,,,,,,,,,,,,,,,
2020,COVID (2020-2021),Sí,AFRO,Madagascar,MDG,36.0,20.0,40.0,70.0,47.0,True,,20.0,,,40.0,,,20.0,,,40.0,,,47.0,,70.0,,40.0,,,27.0,,,,20.0,,60.0,,30.0,,20.0,,40.0,20.0,20.0,20.0,40.0,40.0,20.0,40.0,40.0,40.0,60.0,60.0,80.0,40.0,20.0,40.0,20.0,20.0,20.0,20.0,60.0,40.0,20.0,20.0,40.0,,,,,,,,,,,,,,,
2020,COVID (2020-2021),Sí,AFRO,Malawi,MWI,39.0,40.0,40.0,40.0,40.0,True,,40.0,,,40.0,,,60.0,,,20.0,,,40.0,,40.0,,80.0,,,20.0,,,,60.0,,40.0,,10.0,,20.0,,40.0,20.0,60.0,40.0,40.0,40.0,60.0,20.0,80.0,20.0,20.0,60.0,20.0,80.0,20.0,20.0,20.0,80.0,60.0,40.0,40.0,20.0,0.0,20.0,40.0,,,,,,,,,,,,,,,
2020,COVID (2020-2021),Sí,AFRO,Mali,MLI,50.0,47.0,50.0,70.0,67.0,True,,47.0,,,50.0,,,80.0,,,80.0,,,67.0,,70.0,,40.0,,,53.0,,,,40.0,,60.0,,20.0,,20.0,,20.0,60.0,40.0,40.0,40.0,60.0,80.0,80.0,80.0,40.0,80.0,80.0,60.0,40.0,60.0,60.0,40.0,40.0,40.0,40.0,60.0,20.0,20.0,20.0,20.0,,,,,,,,,,,,,,,
2020,COVID (2020-2021),Sí,AFRO,Mauritania,MRT,35.0,33.0,60.0,40.0,47.0,True,,33.0,,,60.0,,,80.0,,,20.0,,,47.0,,40.0,,20.0,,,27.0,,,,33.0,,20.0,,20.0,,20.0,,40.0,40.0,40.0,20.0,80.0,40.0,80.0,20.0,60.0,20.0,60.0,60.0,20.0,20.0,40.0,20.0,20.0,40.0,20.0,40.0,20.0,20.0,20.0,20.0,40.0,,,,,,,,,,,,,,,
2020,COVID (2020-2021),Sí,AFRO,Mauritius,MUS,64.0,60.0,90.0,60.0,53.0,True,,60.0,,,90.0,,,20.0,,,80.0,,,53.0,,60.0,,60.0,,,67.0,,,,73.0,,80.0,,90.0,,80.0,,20.0,80.0,40.0,60.0,80.0,100.0,20.0,80.0,100.0,20.0,40.0,60.0,60.0,60.0,60.0,80.0,60.0,60.0,60.0,100.0,80.0,100.0,80.0,80.0,20.0,,,,,,,,,,,,,,,
2020,COVID (2020-2021),Sí,EMRO,Morocco,MAR,75.0,87.0,50.0,80.0,87.0,True,,87.0,,,50.0,,,80.0,,,80.0,,,87.0,,80.0,,80.0,,,80.0,,,,67.0,,80.0,,70.0,,80.0,,60.0,80.0,80.0,100.0,40.0,60.0,80.0,80.0,100.0,60.0,100.0,80.0,80.0,80.0,80.0,80.0,80.0,60.0,80.0,60.0,80.0,80.0,60.0,80.0,60.0,,,,,,,,,,,,,,,
2020,COVID (2020-2021),Sí,AFRO,Mozambique,MOZ,70.0,60.0,60.0,80.0,80.0,True,,60.0,,,60.0,,,80.0,,,80.0,,,80.0,,80.0,,80.0,,,73.0,,,,53.0,,80.0,,100.0,,40.0,,40.0,60.0,60.0,60.0,60.0,60.0,80.0,80.0,80.0,80.0,80.0,80.0,80.0,80.0,80.0,80.0,60.0,60.0,60.0,40.0,80.0,100.0,100.0,40.0,40.0,,,,,,,,,,,,,,,
2020,COVID (2020-2021),Sí,AFRO,Namibia,NAM,61.0,73.0,60.0,80.0,80.0,True,,73.0,,,60.0,,,60.0,,,60.0,,,80.0,,80.0,,80.0,,,40.0,,,,60.0,,60.0,,60.0,,40.0,,40.0,100.0,60.0,60.0,60.0,60.0,60.0,60.0,100.0,80.0,60.0,80.0,80.0,80.0,20.0,60.0,40.0,60.0,60.0,60.0,60.0,60.0,60.0,40.0,40.0,,,,,,,,,,,,,,,
2020,COVID (2020-2021),Sí,AFRO,Niger,NER,10.0,20.0,0.0,0.0,0.0,True,,20.0,,,0.0,,,20.0,,,20.0,,,0.0,,0.0,,0.0,,,13.0,,,,13.0,,20.0,,20.0,,0.0,,0.0,20.0,20.0,20.0,0.0,0.0,20.0,20.0,0.0,0.0,0.0,0.0,0.0,0.0,0.0,20.0,20.0,0.0,20.0,20.0,20.0,20.0,20.0,0.0,0.0,,,,,,,,,,,,,,,
2020,COVID (2020-2021),Sí,AFRO,Nigeria,NGA,54.0,40.0,80.0,80.0,60.0,True,,40.0,,,80.0,,,60.0,,,40.0,,,60.0,,80.0,,60.0,,,60.0,,,,33.0,,80.0,,50.0,,20.0,,40.0,20.0,40.0,60.0,100.0,60.0,60.0,40.0,60.0,40.0,80.0,80.0,80.0,60.0,60.0,80.0,40.0,40.0,40.0,20.0,80.0,60.0,40.0,20.0,40.0,,,,,,,,,,,,,,,
2020,COVID (2020-2021),Sí,AFRO,Rwanda,RWA,73.0,93.0,90.0,60.0,93.0,True,,93.0,,,90.0,,,60.0,,,40.0,,,93.0,,60.0,,80.0,,,60.0,,,,80.0,,80.0,,50.0,,80.0,,80.0,100.0,80.0,100.0,80.0,100.0,60.0,40.0,100.0,100.0,80.0,80.0,40.0,80.0,20.0,80.0,80.0,60.0,80.0,100.0,80.0,60.0,40.0,80.0,80.0,,,,,,,,,,,,,,,
2020,COVID (2020-2021),Sí,AFRO,Sao Tome and Principe,STP,31.0,27.0,40.0,40.0,20.0,True,,27.0,,,40.0,,,20.0,,,40.0,,,20.0,,40.0,,40.0,,,40.0,,,,47.0,,20.0,,30.0,,20.0,,20.0,40.0,20.0,20.0,40.0,40.0,20.0,40.0,20.0,20.0,20.0,40.0,40.0,40.0,40.0,60.0,20.0,40.0,40.0,60.0,20.0,20.0,40.0,20.0,20.0,,,,,,,,,,,,,,,
2020,COVID (2020-2021),Sí,AFRO,Senegal,SEN,62.0,73.0,80.0,70.0,67.0,True,,73.0,,,80.0,,,60.0,,,80.0,,,67.0,,70.0,,80.0,,,53.0,,,,40.0,,80.0,,40.0,,60.0,,20.0,100.0,60.0,60.0,80.0,80.0,60.0,80.0,80.0,40.0,80.0,80.0,60.0,80.0,40.0,60.0,60.0,40.0,40.0,40.0,80.0,60.0,20.0,60.0,20.0,,,,,,,,,,,,,,,
2020,COVID (2020-2021),Sí,AFRO,Seychelles,SYC,56.0,80.0,20.0,80.0,80.0,True,,80.0,,,20.0,,,80.0,,,80.0,,,80.0,,80.0,,20.0,,,67.0,,,,67.0,,80.0,,40.0,,20.0,,20.0,60.0,80.0,100.0,40.0,0.0,80.0,80.0,100.0,40.0,100.0,80.0,80.0,20.0,40.0,80.0,80.0,40.0,60.0,100.0,80.0,40.0,40.0,20.0,20.0,,,,,,,,,,,,,,,
2020,COVID (2020-2021),Sí,AFRO,Sierra Leone,SLE,49.0,40.0,60.0,80.0,53.0,True,,40.0,,,60.0,,,60.0,,,20.0,,,53.0,,80.0,,40.0,,,73.0,,,,40.0,,80.0,,50.0,,20.0,,20.0,60.0,40.0,20.0,80.0,40.0,60.0,20.0,60.0,20.0,80.0,80.0,80.0,40.0,60.0,80.0,80.0,40.0,40.0,40.0,80.0,60.0,40.0,20.0,20.0,,,,,,,,,,,,,,,
2020,COVID (2020-2021),No,EMRO,Somalia,SOM,,,,,,False,,,,,,,,,,,,,,,,,,,,,,,,,,,,,,,,,,,,,,,,,,,,,,,,,,,,,,,,,,,,,,,,,,,,,,,,
2020,COVID (2020-2021),Sí,AFRO,South Africa,ZAF,79.0,100.0,70.0,80.0,100.0,True,,100.0,,,70.0,,,60.0,,,100.0,,,100.0,,80.0,,60.0,,,47.0,,,,73.0,,100.0,,60.0,,80.0,,100.0,100.0,100.0,100.0,40.0,100.0,60.0,100.0,100.0,100.0,100.0,80.0,80.0,60.0,20.0,60.0,60.0,60.0,60.0,100.0,100.0,60.0,60.0,80.0,100.0,,,,,,,,,,,,,,,
2020,COVID (2020-2021),Sí,AFRO,South Sudan,SSD,36.0,27.0,40.0,80.0,60.0,True,,27.0,,,40.0,,,20.0,,,20.0,,,60.0,,80.0,,40.0,,,40.0,,,,27.0,,20.0,,30.0,,40.0,,20.0,20.0,40.0,20.0,60.0,20.0,20.0,20.0,60.0,40.0,80.0,100.0,60.0,40.0,40.0,60.0,20.0,40.0,20.0,20.0,20.0,40.0,20.0,40.0,20.0,,,,,,,,,,,,,,,
2020,COVID (2020-2021),Sí,EMRO,Sudan,SDN,53.0,47.0,60.0,80.0,60.0,True,,47.0,,,60.0,,,60.0,,,80.0,,,60.0,,80.0,,60.0,,,60.0,,,,27.0,,40.0,,40.0,,40.0,,40.0,60.0,40.0,40.0,80.0,40.0,60.0,80.0,60.0,60.0,60.0,80.0,80.0,60.0,60.0,60.0,60.0,40.0,20.0,20.0,40.0,60.0,20.0,40.0,40.0,,,,,,,,,,,,,,,
2020,COVID (2020-2021),Sí,AFRO,Togo,TGO,45.0,27.0,40.0,70.0,60.0,True,,27.0,,,40.0,,,80.0,,,40.0,,,60.0,,70.0,,80.0,,,40.0,,,,33.0,,60.0,,40.0,,0.0,,20.0,20.0,40.0,20.0,40.0,40.0,80.0,40.0,80.0,20.0,80.0,60.0,80.0,80.0,40.0,60.0,20.0,40.0,40.0,20.0,60.0,40.0,40.0,0.0,20.0,,,,,,,,,,,,,,,
2020,COVID (2020-2021),Sí,EMRO,Tunisia,TUN,74.0,67.0,70.0,80.0,100.0,True,,67.0,,,70.0,,,100.0,,,80.0,,,100.0,,80.0,,80.0,,,73.0,,,,80.0,,60.0,,50.0,,80.0,,40.0,60.0,60.0,80.0,80.0,60.0,100.0,80.0,100.0,100.0,100.0,80.0,80.0,80.0,40.0,100.0,80.0,80.0,100.0,60.0,60.0,80.0,20.0,80.0,40.0,,,,,,,,,,,,,,,
2020,COVID (2020-2021),Sí,AFRO,Uganda,UGA,69.0,73.0,60.0,80.0,93.0,True,,73.0,,,60.0,,,60.0,,,40.0,,,93.0,,80.0,,80.0,,,73.0,,,,73.0,,80.0,,50.0,,80.0,,60.0,100.0,60.0,60.0,80.0,40.0,60.0,40.0,100.0,80.0,100.0,80.0,80.0,80.0,60.0,80.0,80.0,100.0,60.0,60.0,80.0,60.0,40.0,80.0,60.0,,,,,,,,,,,,,,,
2020,COVID (2020-2021),Sí,AFRO,United Republic of Tanzania,TZA,51.0,67.0,60.0,40.0,67.0,True,,67.0,,,60.0,,,60.0,,,60.0,,,67.0,,40.0,,20.0,,,60.0,,,,40.0,,80.0,,30.0,,40.0,,40.0,60.0,60.0,80.0,80.0,40.0,60.0,60.0,100.0,20.0,80.0,60.0,20.0,20.0,60.0,60.0,60.0,40.0,40.0,40.0,80.0,60.0,0.0,40.0,40.0,,,,,,,,,,,,,,,
2020,COVID (2020-2021),Sí,AFRO,Zambia,ZMB,58.0,53.0,70.0,70.0,60.0,True,,53.0,,,70.0,,,40.0,,,80.0,,,60.0,,70.0,,60.0,,,60.0,,,,67.0,,60.0,,100.0,,20.0,,20.0,40.0,60.0,60.0,60.0,80.0,40.0,80.0,40.0,60.0,80.0,80.0,60.0,60.0,60.0,60.0,60.0,60.0,80.0,60.0,60.0,100.0,100.0,20.0,20.0,,,,,,,,,,,,,,,
2020,COVID (2020-2021),Sí,AFRO,Zimbabwe,ZWE,52.0,53.0,40.0,80.0,53.0,True,,53.0,,,40.0,,,60.0,,,80.0,,,53.0,,80.0,,60.0,,,47.0,,,,47.0,,40.0,,30.0,,40.0,,40.0,40.0,40.0,80.0,40.0,40.0,60.0,80.0,60.0,40.0,60.0,80.0,80.0,60.0,40.0,40.0,60.0,40.0,60.0,40.0,40.0,40.0,20.0,40.0,40.0,,,,,,,,,,,,,,,
2020,COVID (2020-2021),Sí,WPRO,Australia,AUS,92.0,93.0,100.0,90.0,100.0,True,,93.0,,,100.0,,,60.0,,,100.0,,,100.0,,90.0,,100.0,,,100.0,,,,87.0,,100.0,,100.0,,100.0,,60.0,80.0,100.0,100.0,100.0,100.0,60.0,100.0,100.0,100.0,100.0,100.0,80.0,100.0,100.0,100.0,100.0,100.0,100.0,60.0,100.0,100.0,100.0,100.0,60.0,,,,,,,,,,,,,,,
2020,COVID (2020-2021),Sí,WPRO,Cook Islands,COK,59.0,80.0,70.0,80.0,93.0,True,,80.0,,,70.0,,,20.0,,,60.0,,,93.0,,80.0,,100.0,,,53.0,,,,67.0,,100.0,,0.0,,20.0,,20.0,60.0,80.0,100.0,100.0,40.0,20.0,60.0,80.0,100.0,100.0,80.0,80.0,100.0,60.0,100.0,0.0,100.0,40.0,60.0,100.0,0.0,0.0,20.0,20.0,,,,,,,,,,,,,,,
2020,COVID (2020-2021),No,WPRO,Fiji,FJI,,,,,,False,,,,,,,,,,,,,,,,,,,,,,,,,,,,,,,,,,,,,,,,,,,,,,,,,,,,,,,,,,,,,,,,,,,,,,,,
2020,COVID (2020-2021),Sí,WPRO,Kiribati,KIR,70.0,73.0,60.0,90.0,100.0,True,,73.0,,,60.0,,,60.0,,,80.0,,,100.0,,90.0,,80.0,,,87.0,,,,80.0,,80.0,,60.0,,40.0,,20.0,80.0,60.0,80.0,40.0,80.0,60.0,80.0,100.0,100.0,100.0,100.0,80.0,80.0,100.0,80.0,80.0,100.0,60.0,80.0,80.0,60.0,60.0,40.0,20.0,,,,,,,,,,,,,,,
2020,COVID (2020-2021),Sí,WPRO,Marshall Islands,MHL,49.0,47.0,50.0,80.0,67.0,True,,47.0,,,50.0,,,20.0,,,40.0,,,67.0,,80.0,,40.0,,,73.0,,,,47.0,,60.0,,50.0,,40.0,,20.0,60.0,40.0,40.0,60.0,40.0,20.0,40.0,100.0,20.0,80.0,80.0,80.0,40.0,80.0,80.0,60.0,40.0,40.0,60.0,60.0,40.0,60.0,40.0,20.0,,,,,,,,,,,,,,,
2020,COVID (2020-2021),Sí,WPRO,Micronesia,FSM,49.0,60.0,40.0,80.0,87.0,True,,60.0,,,40.0,,,20.0,,,40.0,,,87.0,,80.0,,20.0,,,73.0,,,,33.0,,60.0,,80.0,,20.0,,20.0,60.0,40.0,80.0,60.0,20.0,20.0,40.0,100.0,80.0,80.0,80.0,80.0,20.0,80.0,80.0,60.0,40.0,20.0,40.0,60.0,80.0,80.0,20.0,20.0,,,,,,,,,,,,,,,
2020,COVID (2020-2021),No,WPRO,Nauru,NRU,,,,,,False,,,,,,,,,,,,,,,,,,,,,,,,,,,,,,,,,,,,,,,,,,,,,,,,,,,,,,,,,,,,,,,,,,,,,,,,
2020,COVID (2020-2021),Sí,WPRO,New Zealand,NZL,87.0,87.0,100.0,80.0,93.0,True,,87.0,,,100.0,,,60.0,,,80.0,,,93.0,,80.0,,80.0,,,87.0,,,,100.0,,80.0,,100.0,,100.0,,80.0,100.0,80.0,80.0,100.0,100.0,60.0,80.0,100.0,80.0,100.0,80.0,80.0,80.0,80.0,100.0,80.0,100.0,100.0,100.0,80.0,100.0,100.0,100.0,80.0,,,,,,,,,,,,,,,
2020,COVID (2020-2021),No,WPRO,Niue,NIU,,,,,,False,,,,,,,,,,,,,,,,,,,,,,,,,,,,,,,,,,,,,,,,,,,,,,,,,,,,,,,,,,,,,,,,,,,,,,,,
2020,COVID (2020-2021),Sí,WPRO,Palau,PLW,64.0,60.0,30.0,90.0,87.0,True,,60.0,,,30.0,,,20.0,,,60.0,,,87.0,,90.0,,80.0,,,93.0,,,,67.0,,80.0,,70.0,,60.0,,40.0,60.0,40.0,80.0,40.0,20.0,20.0,60.0,100.0,60.0,100.0,80.0,100.0,80.0,100.0,100.0,80.0,80.0,60.0,60.0,80.0,80.0,60.0,60.0,40.0,,,,,,,,,,,,,,,
2020,COVID (2020-2021),No,WPRO,Papua New Guinea,PNG,,,,,,False,,,,,,,,,,,,,,,,,,,,,,,,,,,,,,,,,,,,,,,,,,,,,,,,,,,,,,,,,,,,,,,,,,,,,,,,
2020,COVID (2020-2021),No,WPRO,Samoa,WSM,,,,,,False,,,,,,,,,,,,,,,,,,,,,,,,,,,,,,,,,,,,,,,,,,,,,,,,,,,,,,,,,,,,,,,,,,,,,,,,
2020,COVID (2020-2021),Sí,WPRO,Solomon Islands,SLB,47.0,53.0,60.0,70.0,53.0,True,,53.0,,,60.0,,,60.0,,,20.0,,,53.0,,70.0,,60.0,,,53.0,,,,33.0,,40.0,,50.0,,40.0,,20.0,60.0,60.0,40.0,80.0,40.0,60.0,20.0,80.0,20.0,60.0,80.0,60.0,60.0,60.0,60.0,40.0,20.0,20.0,60.0,40.0,40.0,60.0,40.0,20.0,,,,,,,,,,,,,,,
2020,COVID (2020-2021),Sí,WPRO,Tonga,TON,65.0,73.0,50.0,90.0,100.0,True,,73.0,,,50.0,,,20.0,,,80.0,,,100.0,,90.0,,80.0,,,80.0,,,,67.0,,80.0,,50.0,,0.0,,80.0,60.0,60.0,100.0,40.0,60.0,20.0,80.0,100.0,100.0,100.0,80.0,100.0,80.0,80.0,80.0,80.0,80.0,60.0,60.0,80.0,80.0,20.0,0.0,80.0,,,,,,,,,,,,,,,
2020,COVID (2020-2021),Sí,WPRO,Tuvalu,TUV,48.0,67.0,30.0,70.0,53.0,True,,67.0,,,30.0,,,20.0,,,60.0,,,53.0,,70.0,,20.0,,,100.0,,,,60.0,,80.0,,40.0,,20.0,,0.0,60.0,60.0,80.0,40.0,20.0,20.0,60.0,20.0,60.0,80.0,80.0,60.0,20.0,100.0,100.0,100.0,40.0,40.0,100.0,80.0,60.0,20.0,20.0,0.0,,,,,,,,,,,,,,,
2020,COVID (2020-2021),Sí,WPRO,Vanuatu,VUT,55.0,47.0,30.0,90.0,100.0,True,,47.0,,,30.0,,,20.0,,,80.0,,,100.0,,90.0,,40.0,,,73.0,,,,40.0,,80.0,,40.0,,40.0,,40.0,60.0,40.0,40.0,40.0,20.0,20.0,80.0,100.0,100.0,100.0,100.0,80.0,40.0,40.0,100.0,80.0,40.0,40.0,40.0,80.0,40.0,40.0,40.0,40.0,,,,,,,,,,,,,,,
2020,COVID (2020-2021),No,AMRO,Antigua and Barbuda,ATG,,,,,,False,,,,,,,,,,,,,,,,,,,,,,,,,,,,,,,,,,,,,,,,,,,,,,,,,,,,,,,,,,,,,,,,,,,,,,,,
2020,COVID (2020-2021),Sí,AMRO,Argentina,ARG,64.0,67.0,80.0,80.0,67.0,True,,67.0,,,80.0,,,80.0,,,80.0,,,67.0,,80.0,,60.0,,,40.0,,,,53.0,,40.0,,70.0,,60.0,,60.0,60.0,60.0,80.0,60.0,100.0,80.0,80.0,80.0,20.0,100.0,80.0,80.0,60.0,20.0,60.0,40.0,40.0,40.0,80.0,40.0,80.0,60.0,60.0,60.0,,,,,,,,,,,,,,,
2020,COVID (2020-2021),Sí,AMRO,Bahamas,BHS,65.0,60.0,80.0,60.0,87.0,True,,60.0,,,80.0,,,80.0,,,80.0,,,87.0,,60.0,,80.0,,,73.0,,,,40.0,,80.0,,60.0,,40.0,,20.0,60.0,40.0,80.0,80.0,80.0,80.0,80.0,100.0,60.0,100.0,80.0,40.0,80.0,60.0,80.0,80.0,40.0,20.0,60.0,80.0,60.0,60.0,40.0,20.0,,,,,,,,,,,,,,,
2020,COVID (2020-2021),Sí,AMRO,Barbados,BRB,56.0,40.0,40.0,80.0,73.0,True,,40.0,,,40.0,,,40.0,,,80.0,,,73.0,,80.0,,40.0,,,80.0,,,,60.0,,60.0,,50.0,,40.0,,40.0,20.0,60.0,40.0,40.0,40.0,40.0,80.0,80.0,60.0,80.0,80.0,80.0,40.0,80.0,80.0,80.0,60.0,60.0,60.0,60.0,60.0,40.0,40.0,40.0,,,,,,,,,,,,,,,
2020,COVID (2020-2021),Sí,AMRO,Belize,BLZ,48.0,47.0,50.0,40.0,73.0,True,,47.0,,,50.0,,,40.0,,,80.0,,,73.0,,40.0,,40.0,,,80.0,,,,47.0,,20.0,,70.0,,20.0,,20.0,20.0,40.0,80.0,80.0,20.0,40.0,80.0,100.0,20.0,100.0,20.0,60.0,40.0,80.0,80.0,80.0,40.0,60.0,40.0,20.0,80.0,60.0,20.0,20.0,,,,,,,,,,,,,,,
2020,COVID (2020-2021),Sí,AMRO,Bolivia (Plurinational State of),BOL,58.0,87.0,50.0,60.0,73.0,True,,87.0,,,50.0,,,80.0,,,20.0,,,73.0,,60.0,,80.0,,,80.0,,,,40.0,,40.0,,40.0,,80.0,,20.0,100.0,80.0,80.0,40.0,60.0,80.0,20.0,80.0,80.0,60.0,40.0,80.0,80.0,80.0,80.0,80.0,40.0,20.0,60.0,40.0,40.0,40.0,80.0,20.0,,,,,,,,,,,,,,,
2020,COVID (2020-2021),Sí,AMRO,Brazil,BRA,92.0,100.0,100.0,100.0,100.0,True,,100.0,,,100.0,,,100.0,,,100.0,,,100.0,,100.0,,100.0,,,93.0,,,,67.0,,80.0,,60.0,,100.0,,100.0,100.0,100.0,100.0,100.0,100.0,100.0,100.0,100.0,100.0,100.0,100.0,100.0,100.0,100.0,80.0,100.0,80.0,60.0,60.0,80.0,60.0,60.0,100.0,100.0,,,,,,,,,,,,,,,
2020,COVID (2020-2021),Sí,AMRO,Canada,CAN,100.0,100.0,100.0,100.0,100.0,True,,100.0,,,100.0,,,100.0,,,100.0,,,100.0,,100.0,,100.0,,,100.0,,,,100.0,,100.0,,100.0,,100.0,,100.0,100.0,100.0,100.0,100.0,100.0,100.0,100.0,100.0,100.0,100.0,100.0,100.0,100.0,100.0,100.0,100.0,100.0,100.0,100.0,100.0,100.0,100.0,100.0,100.0,,,,,,,,,,,,,,,
2020,COVID (2020-2021),Sí,AMRO,Chile,CHL,76.0,80.0,80.0,80.0,80.0,True,,80.0,,,80.0,,,80.0,,,100.0,,,80.0,,80.0,,60.0,,,67.0,,,,67.0,,60.0,,80.0,,80.0,,80.0,80.0,60.0,100.0,80.0,80.0,80.0,100.0,100.0,40.0,100.0,80.0,80.0,60.0,60.0,80.0,60.0,40.0,60.0,100.0,60.0,80.0,80.0,80.0,80.0,,,,,,,,,,,,,,,
2020,COVID (2020-2021),Sí,AMRO,Colombia,COL,75.0,73.0,70.0,70.0,80.0,True,,73.0,,,70.0,,,80.0,,,80.0,,,80.0,,70.0,,60.0,,,67.0,,,,73.0,,80.0,,100.0,,60.0,,80.0,100.0,60.0,60.0,80.0,60.0,80.0,80.0,100.0,60.0,80.0,100.0,40.0,60.0,40.0,80.0,80.0,80.0,80.0,60.0,80.0,100.0,100.0,60.0,80.0,,,,,,,,,,,,,,,
2020,COVID (2020-2021),Sí,AMRO,Costa Rica,CRI,77.0,93.0,80.0,70.0,93.0,True,,93.0,,,80.0,,,80.0,,,80.0,,,93.0,,70.0,,80.0,,,67.0,,,,73.0,,80.0,,60.0,,80.0,,60.0,100.0,80.0,100.0,80.0,80.0,80.0,80.0,100.0,80.0,100.0,60.0,80.0,80.0,40.0,80.0,80.0,80.0,60.0,80.0,80.0,60.0,60.0,80.0,60.0,,,,,,,,,,,,,,,
2020,COVID (2020-2021),No,AMRO,Cuba,CUB,,,,,,False,,,,,,,,,,,,,,,,,,,,,,,,,,,,,,,,,,,,,,,,,,,,,,,,,,,,,,,,,,,,,,,,,,,,,,,,
2020,COVID (2020-2021),No,AMRO,Dominica,DMA,,,,,,False,,,,,,,,,,,,,,,,,,,,,,,,,,,,,,,,,,,,,,,,,,,,,,,,,,,,,,,,,,,,,,,,,,,,,,,,
2020,COVID (2020-2021),Sí,AMRO,Dominican Republic,DOM,60.0,47.0,60.0,80.0,53.0,True,,47.0,,,60.0,,,60.0,,,80.0,,,53.0,,80.0,,40.0,,,60.0,,,,40.0,,80.0,,60.0,,40.0,,80.0,60.0,40.0,40.0,100.0,20.0,60.0,80.0,40.0,40.0,80.0,100.0,60.0,40.0,40.0,60.0,80.0,40.0,40.0,40.0,80.0,60.0,60.0,40.0,80.0,,,,,,,,,,,,,,,
2020,COVID (2020-2021),Sí,AMRO,Ecuador,ECU,70.0,87.0,90.0,80.0,80.0,True,,87.0,,,90.0,,,80.0,,,80.0,,,80.0,,80.0,,80.0,,,73.0,,,,60.0,,60.0,,0.0,,80.0,,60.0,100.0,80.0,80.0,80.0,100.0,80.0,80.0,100.0,60.0,80.0,80.0,80.0,80.0,60.0,80.0,80.0,60.0,60.0,60.0,60.0,0.0,0.0,80.0,60.0,,,,,,,,,,,,,,,
2020,COVID (2020-2021),Sí,AMRO,El Salvador,SLV,100.0,100.0,100.0,100.0,100.0,True,,100.0,,,100.0,,,100.0,,,100.0,,,100.0,,100.0,,100.0,,,100.0,,,,100.0,,100.0,,100.0,,100.0,,100.0,100.0,100.0,100.0,100.0,100.0,100.0,100.0,100.0,100.0,100.0,100.0,100.0,100.0,100.0,100.0,100.0,100.0,100.0,100.0,100.0,100.0,100.0,100.0,100.0,,,,,,,,,,,,,,,
2020,COVID (2020-2021),No,AMRO,Grenada,GRD,,,,,,False,,,,,,,,,,,,,,,,,,,,,,,,,,,,,,,,,,,,,,,,,,,,,,,,,,,,,,,,,,,,,,,,,,,,,,,,
2020,COVID (2020-2021),Sí,AMRO,Guatemala,GTM,58.0,73.0,40.0,80.0,80.0,True,,73.0,,,40.0,,,40.0,,,60.0,,,80.0,,80.0,,60.0,,,100.0,,,,47.0,,40.0,,60.0,,40.0,,40.0,80.0,60.0,80.0,40.0,40.0,40.0,60.0,100.0,40.0,100.0,80.0,80.0,60.0,100.0,100.0,100.0,60.0,40.0,40.0,40.0,60.0,60.0,40.0,40.0,,,,,,,,,,,,,,,
2020,COVID (2020-2021),Sí,AMRO,Guyana,GUY,100.0,100.0,100.0,100.0,100.0,True,,100.0,,,100.0,,,100.0,,,100.0,,,100.0,,100.0,,100.0,,,100.0,,,,100.0,,100.0,,100.0,,100.0,,100.0,100.0,100.0,100.0,100.0,100.0,100.0,100.0,100.0,100.0,100.0,100.0,100.0,100.0,100.0,100.0,100.0,100.0,100.0,100.0,100.0,100.0,100.0,100.0,100.0,,,,,,,,,,,,,,,
2020,COVID (2020-2021),Sí,AMRO,Haiti,HTI,40.0,27.0,60.0,90.0,60.0,True,,27.0,,,60.0,,,60.0,,,20.0,,,60.0,,90.0,,40.0,,,53.0,,,,27.0,,20.0,,20.0,,40.0,,0.0,20.0,20.0,40.0,80.0,40.0,60.0,20.0,40.0,40.0,100.0,100.0,80.0,40.0,20.0,100.0,40.0,20.0,40.0,20.0,20.0,20.0,20.0,40.0,0.0,,,,,,,,,,,,,,,
2020,COVID (2020-2021),Sí,AMRO,Honduras,HND,60.0,40.0,80.0,80.0,87.0,True,,40.0,,,80.0,,,80.0,,,80.0,,,87.0,,80.0,,60.0,,,60.0,,,,13.0,,60.0,,60.0,,40.0,,40.0,100.0,20.0,0.0,80.0,80.0,80.0,80.0,100.0,80.0,80.0,80.0,80.0,60.0,40.0,100.0,40.0,40.0,0.0,0.0,60.0,60.0,60.0,40.0,40.0,,,,,,,,,,,,,,,
2020,COVID (2020-2021),Sí,AMRO,Jamaica,JAM,87.0,93.0,100.0,80.0,87.0,True,,93.0,,,100.0,,,100.0,,,80.0,,,87.0,,80.0,,80.0,,,80.0,,,,73.0,,100.0,,100.0,,80.0,,80.0,100.0,80.0,100.0,100.0,100.0,100.0,80.0,100.0,80.0,80.0,80.0,80.0,80.0,80.0,80.0,80.0,80.0,60.0,80.0,100.0,100.0,100.0,80.0,80.0,,,,,,,,,,,,,,,
2020,COVID (2020-2021),Sí,AMRO,Mexico,MEX,83.0,80.0,100.0,100.0,87.0,True,,80.0,,,100.0,,,60.0,,,80.0,,,87.0,,100.0,,80.0,,,87.0,,,,87.0,,80.0,,80.0,,80.0,,80.0,100.0,60.0,80.0,100.0,100.0,60.0,80.0,100.0,60.0,100.0,100.0,100.0,80.0,60.0,100.0,100.0,100.0,60.0,100.0,80.0,80.0,80.0,80.0,80.0,,,,,,,,,,,,,,,
2020,COVID (2020-2021),Sí,AMRO,Nicaragua,NIC,83.0,100.0,40.0,80.0,87.0,True,,100.0,,,40.0,,,80.0,,,80.0,,,87.0,,80.0,,80.0,,,100.0,,,,73.0,,80.0,,100.0,,80.0,,100.0,100.0,100.0,100.0,40.0,40.0,80.0,80.0,100.0,60.0,100.0,80.0,80.0,80.0,100.0,100.0,100.0,60.0,60.0,100.0,80.0,100.0,100.0,80.0,100.0,,,,,,,,,,,,,,,
2020,COVID (2020-2021),Sí,AMRO,Panama,PAN,79.0,93.0,80.0,90.0,93.0,True,,93.0,,,80.0,,,80.0,,,80.0,,,93.0,,90.0,,80.0,,,80.0,,,,73.0,,80.0,,60.0,,80.0,,60.0,100.0,80.0,100.0,80.0,80.0,80.0,80.0,100.0,80.0,100.0,100.0,80.0,80.0,80.0,80.0,80.0,80.0,80.0,60.0,80.0,60.0,60.0,80.0,60.0,,,,,,,,,,,,,,,
2020,COVID (2020-2021),Sí,AMRO,Paraguay,PRY,65.0,47.0,100.0,100.0,67.0,True,,47.0,,,100.0,,,20.0,,,80.0,,,67.0,,100.0,,40.0,,,73.0,,,,53.0,,60.0,,80.0,,60.0,,60.0,60.0,40.0,40.0,100.0,100.0,20.0,80.0,80.0,40.0,80.0,100.0,100.0,40.0,80.0,80.0,60.0,60.0,60.0,40.0,60.0,80.0,80.0,60.0,60.0,,,,,,,,,,,,,,,
2020,COVID (2020-2021),Sí,AMRO,Peru,PER,59.0,67.0,50.0,80.0,47.0,True,,67.0,,,50.0,,,80.0,,,80.0,,,47.0,,80.0,,40.0,,,67.0,,,,40.0,,40.0,,40.0,,40.0,,100.0,100.0,20.0,80.0,40.0,60.0,80.0,80.0,60.0,40.0,40.0,80.0,80.0,40.0,40.0,80.0,80.0,40.0,40.0,40.0,40.0,40.0,40.0,40.0,100.0,,,,,,,,,,,,,,,
2020,COVID (2020-2021),Sí,AMRO,Saint Kitts and Nevis,KNA,51.0,33.0,80.0,60.0,67.0,True,,33.0,,,80.0,,,60.0,,,80.0,,,67.0,,60.0,,40.0,,,47.0,,,,60.0,,40.0,,40.0,,40.0,,20.0,40.0,20.0,40.0,80.0,80.0,60.0,80.0,80.0,60.0,60.0,80.0,40.0,40.0,20.0,60.0,60.0,40.0,60.0,80.0,40.0,40.0,40.0,40.0,20.0,,,,,,,,,,,,,,,
2020,COVID (2020-2021),Sí,AMRO,Saint Lucia,LCA,69.0,60.0,90.0,70.0,87.0,True,,60.0,,,90.0,,,80.0,,,80.0,,,87.0,,70.0,,80.0,,,80.0,,,,60.0,,60.0,,90.0,,40.0,,20.0,80.0,40.0,60.0,80.0,100.0,80.0,80.0,100.0,60.0,100.0,60.0,80.0,80.0,80.0,80.0,80.0,60.0,60.0,60.0,60.0,80.0,100.0,40.0,20.0,,,,,,,,,,,,,,,
2020,COVID (2020-2021),No,AMRO,Saint Vincent and the Grenadines,VCT,,,,,,False,,,,,,,,,,,,,,,,,,,,,,,,,,,,,,,,,,,,,,,,,,,,,,,,,,,,,,,,,,,,,,,,,,,,,,,,
2020,COVID (2020-2021),Sí,AMRO,Suriname,SUR,59.0,73.0,70.0,60.0,80.0,True,,73.0,,,70.0,,,60.0,,,80.0,,,80.0,,60.0,,80.0,,,60.0,,,,60.0,,80.0,,10.0,,40.0,,20.0,60.0,100.0,60.0,80.0,60.0,60.0,80.0,100.0,60.0,80.0,60.0,60.0,80.0,40.0,60.0,80.0,60.0,60.0,60.0,80.0,0.0,20.0,40.0,20.0,,,,,,,,,,,,,,,
2020,COVID (2020-2021),No,AMRO,Trinidad and Tobago,TTO,,,,,,False,,,,,,,,,,,,,,,,,,,,,,,,,,,,,,,,,,,,,,,,,,,,,,,,,,,,,,,,,,,,,,,,,,,,,,,,
2020,COVID (2020-2021),Sí,AMRO,United States of America,USA,92.0,100.0,100.0,100.0,100.0,True,,100.0,,,100.0,,,80.0,,,100.0,,,100.0,,100.0,,60.0,,,100.0,,,,100.0,,100.0,,100.0,,80.0,,80.0,100.0,100.0,100.0,100.0,100.0,80.0,100.0,100.0,100.0,100.0,100.0,100.0,60.0,100.0,100.0,100.0,100.0,100.0,100.0,100.0,100.0,100.0,80.0,80.0,,,,,,,,,,,,,,,
2020,COVID (2020-2021),Sí,AMRO,Uruguay,URY,80.0,73.0,50.0,90.0,87.0,True,,73.0,,,50.0,,,80.0,,,80.0,,,87.0,,90.0,,80.0,,,87.0,,,,73.0,,100.0,,100.0,,60.0,,80.0,40.0,100.0,80.0,40.0,60.0,80.0,80.0,100.0,80.0,80.0,100.0,80.0,80.0,80.0,100.0,80.0,60.0,60.0,100.0,100.0,100.0,100.0,60.0,80.0,,,,,,,,,,,,,,,
2020,COVID (2020-2021),Sí,AMRO,Venezuela (Bolivarian Republic of),VEN,74.0,73.0,90.0,90.0,67.0,True,,73.0,,,90.0,,,80.0,,,80.0,,,67.0,,90.0,,80.0,,,67.0,,,,60.0,,40.0,,100.0,,40.0,,100.0,100.0,60.0,60.0,80.0,100.0,80.0,80.0,80.0,40.0,80.0,100.0,80.0,80.0,60.0,80.0,60.0,80.0,60.0,40.0,40.0,100.0,100.0,40.0,100.0,,,,,,,,,,,,,,,
2020,COVID (2020-2021),Sí,EMRO,Afghanistan,AFG,47.0,33.0,90.0,70.0,60.0,True,,33.0,,,90.0,,,80.0,,,20.0,,,60.0,,70.0,,40.0,,,80.0,,,,53.0,,20.0,,30.0,,20.0,,20.0,20.0,40.0,40.0,80.0,100.0,80.0,20.0,60.0,60.0,60.0,60.0,80.0,40.0,80.0,80.0,80.0,40.0,40.0,80.0,20.0,20.0,40.0,20.0,20.0,,,,,,,,,,,,,,,
2020,COVID (2020-2021),Sí,EURO,Armenia,ARM,84.0,80.0,100.0,90.0,80.0,True,,80.0,,,100.0,,,100.0,,,40.0,,,80.0,,90.0,,100.0,,,73.0,,,,73.0,,100.0,,80.0,,80.0,,100.0,100.0,80.0,60.0,100.0,100.0,100.0,40.0,80.0,60.0,100.0,100.0,80.0,100.0,60.0,80.0,80.0,60.0,60.0,100.0,100.0,80.0,80.0,80.0,100.0,,,,,,,,,,,,,,,
2020,COVID (2020-2021),Sí,EURO,Azerbaijan,AZE,86.0,100.0,90.0,80.0,80.0,True,,100.0,,,90.0,,,80.0,,,80.0,,,80.0,,80.0,,100.0,,,80.0,,,,93.0,,80.0,,80.0,,100.0,,80.0,100.0,100.0,100.0,80.0,100.0,80.0,80.0,80.0,80.0,80.0,80.0,80.0,100.0,80.0,80.0,80.0,100.0,80.0,100.0,80.0,80.0,80.0,100.0,80.0,,,,,,,,,,,,,,,
2020,COVID (2020-2021),No,EMRO,Bahrain,BHR,,,,,,False,,,,,,,,,,,,,,,,,,,,,,,,,,,,,,,,,,,,,,,,,,,,,,,,,,,,,,,,,,,,,,,,,,,,,,,,
2020,COVID (2020-2021),Sí,SEARO,Bangladesh,BGD,70.0,80.0,90.0,80.0,73.0,True,,80.0,,,90.0,,,80.0,,,60.0,,,73.0,,80.0,,40.0,,,53.0,,,,73.0,,80.0,,80.0,,60.0,,60.0,80.0,60.0,100.0,100.0,80.0,80.0,60.0,100.0,40.0,80.0,80.0,80.0,40.0,40.0,60.0,60.0,60.0,80.0,80.0,80.0,80.0,80.0,60.0,60.0,,,,,,,,,,,,,,,
2020,COVID (2020-2021),Sí,SEARO,Bhutan,BTN,71.0,73.0,70.0,80.0,87.0,True,,73.0,,,70.0,,,80.0,,,60.0,,,87.0,,80.0,,80.0,,,80.0,,,,87.0,,80.0,,100.0,,20.0,,20.0,60.0,80.0,80.0,80.0,60.0,80.0,60.0,100.0,80.0,80.0,80.0,80.0,80.0,80.0,80.0,80.0,100.0,60.0,100.0,80.0,100.0,100.0,20.0,20.0,,,,,,,,,,,,,,,
2020,COVID (2020-2021),No,WPRO,Brunei Darussalam,BRN,,,,,,False,,,,,,,,,,,,,,,,,,,,,,,,,,,,,,,,,,,,,,,,,,,,,,,,,,,,,,,,,,,,,,,,,,,,,,,,
2020,COVID (2020-2021),Sí,WPRO,Cambodia,KHM,48.0,67.0,70.0,60.0,53.0,True,,67.0,,,70.0,,,60.0,,,60.0,,,53.0,,60.0,,20.0,,,33.0,,,,60.0,,40.0,,40.0,,40.0,,20.0,40.0,80.0,80.0,100.0,40.0,60.0,60.0,60.0,40.0,60.0,80.0,40.0,20.0,20.0,60.0,20.0,60.0,60.0,60.0,40.0,40.0,40.0,40.0,20.0,,,,,,,,,,,,,,,
2020,COVID (2020-2021),Sí,WPRO,China,CHN,94.0,87.0,100.0,100.0,93.0,True,,87.0,,,100.0,,,100.0,,,80.0,,,93.0,,100.0,,100.0,,,80.0,,,,100.0,,80.0,,100.0,,100.0,,100.0,100.0,100.0,60.0,100.0,100.0,100.0,80.0,80.0,100.0,100.0,100.0,100.0,100.0,80.0,80.0,80.0,100.0,100.0,100.0,80.0,100.0,100.0,100.0,100.0,,,,,,,,,,,,,,,
2020,COVID (2020-2021),Sí,EURO,Cyprus,CYP,67.0,67.0,70.0,50.0,73.0,True,,67.0,,,70.0,,,60.0,,,100.0,,,73.0,,50.0,,80.0,,,87.0,,,,60.0,,60.0,,80.0,,40.0,,40.0,100.0,20.0,80.0,40.0,100.0,60.0,100.0,100.0,40.0,80.0,60.0,40.0,80.0,80.0,100.0,80.0,40.0,60.0,80.0,60.0,60.0,100.0,40.0,40.0,,,,,,,,,,,,,,,
2020,COVID (2020-2021),Sí,SEARO,Democratic People's Republic of Korea,PRK,70.0,87.0,70.0,80.0,80.0,True,,87.0,,,70.0,,,100.0,,,60.0,,,80.0,,80.0,,80.0,,,73.0,,,,80.0,,80.0,,0.0,,60.0,,60.0,100.0,80.0,80.0,80.0,60.0,100.0,60.0,100.0,80.0,60.0,80.0,80.0,80.0,60.0,80.0,80.0,80.0,60.0,100.0,80.0,0.0,0.0,60.0,60.0,,,,,,,,,,,,,,,
2020,COVID (2020-2021),Sí,EURO,Georgia,GEO,59.0,80.0,80.0,70.0,93.0,True,,80.0,,,80.0,,,80.0,,,40.0,,,93.0,,70.0,,60.0,,,60.0,,,,60.0,,40.0,,50.0,,20.0,,40.0,100.0,60.0,80.0,100.0,60.0,80.0,40.0,80.0,100.0,100.0,60.0,80.0,60.0,60.0,60.0,60.0,60.0,40.0,80.0,40.0,60.0,40.0,20.0,40.0,,,,,,,,,,,,,,,
2020,COVID (2020-2021),Sí,SEARO,India,IND,80.0,80.0,90.0,100.0,73.0,True,,80.0,,,90.0,,,60.0,,,60.0,,,73.0,,100.0,,100.0,,,80.0,,,,53.0,,80.0,,80.0,,80.0,,100.0,100.0,60.0,80.0,80.0,100.0,60.0,60.0,80.0,60.0,80.0,100.0,100.0,100.0,80.0,80.0,80.0,60.0,20.0,80.0,80.0,80.0,80.0,80.0,100.0,,,,,,,,,,,,,,,
2020,COVID (2020-2021),Sí,WPRO,Indonesia,IDN,69.0,67.0,60.0,80.0,100.0,True,,67.0,,,60.0,,,80.0,,,60.0,,,100.0,,80.0,,80.0,,,80.0,,,,47.0,,60.0,,80.0,,40.0,,60.0,60.0,60.0,80.0,60.0,60.0,80.0,60.0,100.0,100.0,100.0,80.0,80.0,80.0,80.0,80.0,80.0,60.0,40.0,40.0,60.0,80.0,80.0,40.0,60.0,,,,,,,,,,,,,,,
2020,COVID (2020-2021),Sí,EMRO,Iran (Islamic Republic of),IRN,88.0,100.0,90.0,90.0,93.0,True,,100.0,,,90.0,,,80.0,,,80.0,,,93.0,,90.0,,80.0,,,100.0,,,,100.0,,80.0,,70.0,,100.0,,80.0,100.0,100.0,100.0,100.0,80.0,80.0,80.0,100.0,100.0,80.0,80.0,100.0,80.0,100.0,100.0,100.0,100.0,100.0,100.0,80.0,80.0,60.0,100.0,80.0,,,,,,,,,,,,,,,
2020,COVID (2020-2021),Sí,EMRO,Iraq,IRQ,74.0,47.0,70.0,70.0,73.0,True,,47.0,,,70.0,,,100.0,,,40.0,,,73.0,,70.0,,100.0,,,87.0,,,,80.0,,100.0,,60.0,,40.0,,100.0,80.0,40.0,20.0,80.0,60.0,100.0,40.0,100.0,40.0,80.0,100.0,40.0,100.0,80.0,80.0,100.0,100.0,100.0,40.0,100.0,60.0,60.0,40.0,100.0,,,,,,,,,,,,,,,
2020,COVID (2020-2021),No,EURO,Israel,ISR,,,,,,False,,,,,,,,,,,,,,,,,,,,,,,,,,,,,,,,,,,,,,,,,,,,,,,,,,,,,,,,,,,,,,,,,,,,,,,,
2020,COVID (2020-2021),Sí,WPRO,Japan,JPN,95.0,100.0,100.0,100.0,100.0,True,,100.0,,,100.0,,,100.0,,,100.0,,,100.0,,100.0,,80.0,,,100.0,,,,100.0,,60.0,,100.0,,100.0,,100.0,100.0,100.0,100.0,100.0,100.0,100.0,100.0,100.0,100.0,100.0,100.0,100.0,80.0,100.0,100.0,100.0,100.0,100.0,100.0,60.0,100.0,100.0,100.0,100.0,,,,,,,,,,,,,,,
2020,COVID (2020-2021),Sí,EMRO,Jordan,JOR,43.0,53.0,50.0,40.0,53.0,True,,53.0,,,50.0,,,60.0,,,40.0,,,53.0,,40.0,,20.0,,,40.0,,,,67.0,,20.0,,80.0,,20.0,,20.0,100.0,20.0,40.0,40.0,60.0,60.0,40.0,60.0,40.0,60.0,60.0,20.0,20.0,20.0,60.0,40.0,40.0,80.0,80.0,20.0,80.0,80.0,20.0,20.0,,,,,,,,,,,,,,,
2020,COVID (2020-2021),Sí,EURO,Kazakhstan,KAZ,81.0,87.0,100.0,80.0,80.0,True,,87.0,,,100.0,,,80.0,,,80.0,,,80.0,,80.0,,80.0,,,87.0,,,,93.0,,80.0,,50.0,,80.0,,80.0,100.0,80.0,80.0,100.0,100.0,80.0,80.0,80.0,80.0,80.0,80.0,80.0,80.0,80.0,80.0,100.0,80.0,100.0,100.0,80.0,40.0,60.0,80.0,80.0,,,,,,,,,,,,,,,
2020,COVID (2020-2021),Sí,EMRO,Kuwait,KWT,84.0,100.0,100.0,80.0,100.0,True,,100.0,,,100.0,,,60.0,,,80.0,,,100.0,,80.0,,80.0,,,100.0,,,,67.0,,80.0,,100.0,,60.0,,80.0,100.0,100.0,100.0,100.0,100.0,60.0,80.0,100.0,100.0,100.0,80.0,80.0,80.0,100.0,100.0,100.0,60.0,80.0,60.0,80.0,100.0,100.0,60.0,80.0,,,,,,,,,,,,,,,
2020,COVID (2020-2021),Sí,EURO,Kyrgyzstan,KGZ,52.0,53.0,50.0,80.0,53.0,True,,53.0,,,50.0,,,80.0,,,40.0,,,53.0,,80.0,,20.0,,,60.0,,,,40.0,,40.0,,60.0,,40.0,,60.0,60.0,40.0,60.0,40.0,60.0,80.0,40.0,60.0,40.0,60.0,80.0,80.0,20.0,40.0,80.0,60.0,40.0,20.0,60.0,40.0,60.0,60.0,40.0,60.0,,,,,,,,,,,,,,,
2020,COVID (2020-2021),Sí,WPRO,Lao People's Democratic Republic,LAO,43.0,47.0,60.0,80.0,47.0,True,,47.0,,,60.0,,,60.0,,,40.0,,,47.0,,80.0,,40.0,,,47.0,,,,33.0,,40.0,,30.0,,20.0,,20.0,60.0,40.0,40.0,40.0,80.0,60.0,40.0,80.0,40.0,20.0,80.0,80.0,40.0,40.0,60.0,40.0,40.0,40.0,20.0,40.0,20.0,40.0,20.0,20.0,,,,,,,,,,,,,,,
2020,COVID (2020-2021),Sí,EMRO,Lebanon,LBN,69.0,80.0,60.0,70.0,73.0,True,,80.0,,,60.0,,,60.0,,,60.0,,,73.0,,70.0,,40.0,,,60.0,,,,87.0,,80.0,,70.0,,60.0,,100.0,80.0,80.0,80.0,80.0,40.0,60.0,60.0,60.0,80.0,80.0,80.0,60.0,40.0,60.0,60.0,60.0,80.0,80.0,100.0,80.0,60.0,80.0,60.0,100.0,,,,,,,,,,,,,,,
2020,COVID (2020-2021),Sí,WPRO,Malaysia,MYS,86.0,87.0,90.0,80.0,87.0,True,,87.0,,,90.0,,,80.0,,,80.0,,,87.0,,80.0,,100.0,,,87.0,,,,93.0,,80.0,,90.0,,80.0,,80.0,80.0,80.0,100.0,100.0,80.0,80.0,80.0,100.0,60.0,100.0,80.0,80.0,100.0,100.0,80.0,80.0,80.0,100.0,100.0,80.0,100.0,80.0,80.0,80.0,,,,,,,,,,,,,,,
2020,COVID (2020-2021),Sí,SEARO,Maldives,MDV,47.0,67.0,70.0,80.0,73.0,True,,67.0,,,70.0,,,20.0,,,80.0,,,73.0,,80.0,,40.0,,,60.0,,,,67.0,,20.0,,30.0,,0.0,,0.0,60.0,40.0,100.0,80.0,60.0,20.0,80.0,100.0,80.0,40.0,80.0,80.0,40.0,80.0,80.0,20.0,40.0,60.0,100.0,20.0,40.0,20.0,0.0,0.0,,,,,,,,,,,,,,,
2020,COVID (2020-2021),Sí,WPRO,Mongolia,MNG,85.0,87.0,100.0,100.0,73.0,True,,87.0,,,100.0,,,100.0,,,80.0,,,73.0,,100.0,,80.0,,,80.0,,,,87.0,,80.0,,80.0,,80.0,,80.0,80.0,80.0,100.0,100.0,100.0,100.0,80.0,80.0,60.0,80.0,100.0,100.0,80.0,80.0,80.0,80.0,80.0,80.0,100.0,80.0,80.0,80.0,80.0,80.0,,,,,,,,,,,,,,,
2020,COVID (2020-2021),Sí,SEARO,Myanmar,MMR,63.0,60.0,70.0,90.0,73.0,True,,60.0,,,70.0,,,80.0,,,60.0,,,73.0,,90.0,,60.0,,,47.0,,,,60.0,,60.0,,40.0,,80.0,,40.0,60.0,60.0,60.0,80.0,60.0,80.0,60.0,80.0,60.0,80.0,100.0,80.0,60.0,40.0,60.0,40.0,60.0,60.0,60.0,60.0,40.0,40.0,80.0,40.0,,,,,,,,,,,,,,,
2020,COVID (2020-2021),Sí,SEARO,Nepal,NPL,39.0,60.0,70.0,50.0,53.0,True,,60.0,,,70.0,,,20.0,,,40.0,,,53.0,,50.0,,40.0,,,47.0,,,,40.0,,20.0,,30.0,,20.0,,20.0,60.0,40.0,80.0,80.0,60.0,20.0,40.0,40.0,60.0,60.0,60.0,40.0,40.0,40.0,60.0,40.0,40.0,40.0,40.0,20.0,40.0,20.0,20.0,20.0,,,,,,,,,,,,,,,
2020,COVID (2020-2021),Sí,EMRO,Oman,OMN,79.0,80.0,90.0,90.0,80.0,True,,80.0,,,90.0,,,80.0,,,80.0,,,80.0,,90.0,,40.0,,,93.0,,,,93.0,,60.0,,80.0,,80.0,,80.0,80.0,80.0,80.0,100.0,80.0,80.0,80.0,100.0,40.0,100.0,80.0,100.0,40.0,80.0,100.0,100.0,100.0,100.0,80.0,60.0,80.0,80.0,80.0,80.0,,,,,,,,,,,,,,,
2020,COVID (2020-2021),Sí,EMRO,Pakistan,PAK,52.0,33.0,50.0,60.0,60.0,True,,33.0,,,50.0,,,60.0,,,40.0,,,60.0,,60.0,,60.0,,,60.0,,,,47.0,,20.0,,40.0,,40.0,,100.0,20.0,40.0,40.0,60.0,40.0,60.0,40.0,60.0,40.0,80.0,60.0,60.0,60.0,40.0,60.0,80.0,40.0,40.0,60.0,20.0,40.0,40.0,40.0,100.0,,,,,,,,,,,,,,,
2020,COVID (2020-2021),Sí,WPRO,Philippines,PHL,69.0,47.0,90.0,80.0,67.0,True,,47.0,,,90.0,,,60.0,,,80.0,,,67.0,,80.0,,80.0,,,80.0,,,,60.0,,60.0,,70.0,,80.0,,40.0,40.0,40.0,60.0,80.0,100.0,60.0,80.0,80.0,40.0,80.0,80.0,80.0,80.0,80.0,80.0,80.0,80.0,60.0,40.0,60.0,80.0,60.0,80.0,40.0,,,,,,,,,,,,,,,
2020,COVID (2020-2021),Sí,EMRO,Qatar,QAT,92.0,93.0,100.0,100.0,100.0,True,,93.0,,,100.0,,,100.0,,,80.0,,,100.0,,100.0,,80.0,,,80.0,,,,100.0,,100.0,,80.0,,80.0,,100.0,100.0,80.0,100.0,100.0,100.0,100.0,80.0,100.0,100.0,100.0,100.0,100.0,80.0,80.0,80.0,80.0,100.0,100.0,100.0,100.0,80.0,80.0,80.0,100.0,,,,,,,,,,,,,,,
2020,COVID (2020-2021),Sí,WPRO,Republic of Korea,KOR,98.0,100.0,80.0,100.0,100.0,True,,100.0,,,80.0,,,100.0,,,100.0,,,100.0,,100.0,,100.0,,,100.0,,,,100.0,,100.0,,100.0,,100.0,,100.0,100.0,100.0,100.0,100.0,60.0,100.0,100.0,100.0,100.0,100.0,100.0,100.0,100.0,100.0,100.0,100.0,100.0,100.0,100.0,100.0,100.0,100.0,100.0,100.0,,,,,,,,,,,,,,,
2020,COVID (2020-2021),Sí,EMRO,Saudi Arabia,SAU,79.0,87.0,90.0,60.0,73.0,True,,87.0,,,90.0,,,60.0,,,80.0,,,73.0,,60.0,,80.0,,,87.0,,,,87.0,,80.0,,80.0,,80.0,,80.0,100.0,80.0,80.0,80.0,100.0,60.0,80.0,80.0,60.0,80.0,80.0,40.0,80.0,80.0,100.0,80.0,100.0,60.0,100.0,80.0,80.0,80.0,80.0,80.0,,,,,,,,,,,,,,,
2020,COVID (2020-2021),Sí,WPRO,Singapore,SGP,92.0,100.0,100.0,100.0,100.0,True,,100.0,,,100.0,,,80.0,,,80.0,,,100.0,,100.0,,100.0,,,80.0,,,,100.0,,100.0,,100.0,,80.0,,80.0,100.0,100.0,100.0,100.0,100.0,80.0,80.0,100.0,100.0,100.0,100.0,100.0,100.0,80.0,80.0,80.0,100.0,100.0,100.0,100.0,100.0,100.0,80.0,80.0,,,,,,,,,,,,,,,
2020,COVID (2020-2021),Sí,SEARO,Sri Lanka,LKA,62.0,73.0,90.0,80.0,73.0,True,,73.0,,,90.0,,,20.0,,,40.0,,,73.0,,80.0,,60.0,,,53.0,,,,73.0,,60.0,,80.0,,40.0,,60.0,60.0,60.0,100.0,80.0,100.0,20.0,40.0,80.0,60.0,80.0,80.0,80.0,60.0,40.0,80.0,40.0,80.0,60.0,80.0,60.0,80.0,80.0,40.0,60.0,,,,,,,,,,,,,,,
2020,COVID (2020-2021),Sí,EMRO,Syrian Arab Republic,SYR,49.0,47.0,40.0,60.0,47.0,True,,47.0,,,40.0,,,60.0,,,40.0,,,47.0,,60.0,,40.0,,,53.0,,,,53.0,,60.0,,60.0,,60.0,,20.0,60.0,40.0,40.0,40.0,40.0,60.0,40.0,60.0,40.0,40.0,60.0,60.0,40.0,40.0,60.0,60.0,60.0,40.0,60.0,60.0,60.0,60.0,60.0,20.0,,,,,,,,,,,,,,,
2020,COVID (2020-2021),No,EURO,Tajikistan,TJK,,,,,,False,,,,,,,,,,,,,,,,,,,,,,,,,,,,,,,,,,,,,,,,,,,,,,,,,,,,,,,,,,,,,,,,,,,,,,,,
2020,COVID (2020-2021),Sí,SEARO,Thailand,THA,85.0,87.0,90.0,80.0,87.0,True,,87.0,,,90.0,,,100.0,,,80.0,,,87.0,,80.0,,80.0,,,80.0,,,,93.0,,100.0,,70.0,,80.0,,80.0,100.0,80.0,80.0,80.0,100.0,100.0,80.0,80.0,80.0,100.0,80.0,80.0,80.0,80.0,80.0,80.0,100.0,80.0,100.0,100.0,80.0,60.0,80.0,80.0,,,,,,,,,,,,,,,
2020,COVID (2020-2021),Sí,SEARO,Timor-Leste,TLS,42.0,33.0,60.0,70.0,53.0,True,,33.0,,,60.0,,,40.0,,,40.0,,,53.0,,70.0,,40.0,,,47.0,,,,40.0,,60.0,,20.0,,20.0,,20.0,40.0,20.0,40.0,60.0,60.0,40.0,40.0,60.0,40.0,60.0,80.0,60.0,40.0,60.0,40.0,40.0,40.0,40.0,40.0,60.0,20.0,20.0,20.0,20.0,,,,,,,,,,,,,,,
2020,COVID (2020-2021),Sí,EURO,Türkiye,TUR,88.0,100.0,100.0,90.0,100.0,True,,100.0,,,100.0,,,80.0,,,80.0,,,100.0,,90.0,,60.0,,,100.0,,,,100.0,,80.0,,100.0,,80.0,,80.0,100.0,100.0,100.0,100.0,100.0,80.0,80.0,100.0,100.0,100.0,100.0,80.0,60.0,100.0,100.0,100.0,100.0,100.0,100.0,80.0,100.0,100.0,80.0,80.0,,,,,,,,,,,,,,,
2020,COVID (2020-2021),Sí,EURO,Turkmenistan,TKM,68.0,60.0,70.0,70.0,73.0,True,,60.0,,,70.0,,,80.0,,,60.0,,,73.0,,70.0,,60.0,,,73.0,,,,67.0,,60.0,,90.0,,60.0,,60.0,60.0,60.0,60.0,40.0,100.0,80.0,60.0,60.0,80.0,80.0,80.0,60.0,60.0,80.0,80.0,60.0,60.0,60.0,80.0,60.0,100.0,80.0,60.0,60.0,,,,,,,,,,,,,,,
2020,COVID (2020-2021),Sí,EMRO,United Arab Emirates,ARE,96.0,100.0,100.0,90.0,100.0,True,,100.0,,,100.0,,,100.0,,,100.0,,,100.0,,90.0,,60.0,,,100.0,,,,100.0,,100.0,,100.0,,100.0,,100.0,100.0,100.0,100.0,100.0,100.0,100.0,100.0,100.0,100.0,100.0,100.0,80.0,60.0,100.0,100.0,100.0,100.0,100.0,100.0,100.0,100.0,100.0,100.0,100.0,,,,,,,,,,,,,,,
2020,COVID (2020-2021),Sí,EURO,Uzbekistan,UZB,55.0,60.0,50.0,70.0,73.0,True,,60.0,,,50.0,,,80.0,,,20.0,,,73.0,,70.0,,40.0,,,60.0,,,,80.0,,60.0,,0.0,,40.0,,80.0,40.0,60.0,80.0,60.0,40.0,80.0,20.0,80.0,60.0,80.0,60.0,80.0,40.0,80.0,80.0,20.0,80.0,60.0,100.0,60.0,0.0,0.0,40.0,80.0,,,,,,,,,,,,,,,
2020,COVID (2020-2021),Sí,WPRO,Viet Nam,VNM,72.0,80.0,80.0,80.0,67.0,True,,80.0,,,80.0,,,60.0,,,80.0,,,67.0,,80.0,,80.0,,,53.0,,,,73.0,,80.0,,60.0,,80.0,,60.0,100.0,60.0,80.0,80.0,80.0,60.0,80.0,60.0,60.0,80.0,80.0,80.0,80.0,40.0,60.0,60.0,80.0,60.0,80.0,80.0,60.0,60.0,80.0,60.0,,,,,,,,,,,,,,,
2020,COVID (2020-2021),Sí,EMRO,Yemen,YEM,49.0,47.0,40.0,80.0,67.0,True,,47.0,,,40.0,,,80.0,,,40.0,,,67.0,,80.0,,80.0,,,60.0,,,,47.0,,60.0,,0.0,,20.0,,20.0,40.0,40.0,60.0,40.0,40.0,80.0,40.0,60.0,40.0,100.0,80.0,80.0,80.0,60.0,60.0,60.0,60.0,40.0,40.0,60.0,0.0,0.0,20.0,20.0,,,,,,,,,,,,,,,
2020,COVID (2020-2021),Sí,EURO,Albania,ALB,73.0,67.0,100.0,90.0,60.0,True,,67.0,,,100.0,,,80.0,,,80.0,,,60.0,,90.0,,60.0,,,67.0,,,,60.0,,60.0,,80.0,,80.0,,60.0,80.0,60.0,60.0,100.0,100.0,80.0,80.0,80.0,40.0,60.0,100.0,80.0,60.0,60.0,80.0,60.0,40.0,60.0,80.0,60.0,80.0,80.0,80.0,60.0,,,,,,,,,,,,,,,
2020,COVID (2020-2021),Sí,EURO,Andorra,AND,41.0,47.0,50.0,60.0,80.0,True,,47.0,,,50.0,,,60.0,,,80.0,,,80.0,,60.0,,20.0,,,7.0,,,,53.0,,60.0,,20.0,,0.0,,0.0,60.0,20.0,60.0,40.0,60.0,60.0,80.0,100.0,40.0,100.0,100.0,20.0,20.0,20.0,0.0,0.0,40.0,60.0,60.0,60.0,20.0,20.0,0.0,0.0,,,,,,,,,,,,,,,
2020,COVID (2020-2021),Sí,EURO,Austria,AUT,67.0,60.0,90.0,90.0,73.0,True,,60.0,,,90.0,,,100.0,,,100.0,,,73.0,,90.0,,80.0,,,47.0,,,,53.0,,20.0,,0.0,,60.0,,100.0,100.0,0.0,80.0,80.0,100.0,100.0,100.0,100.0,20.0,100.0,100.0,80.0,80.0,40.0,80.0,20.0,0.0,60.0,100.0,20.0,0.0,0.0,60.0,100.0,,,,,,,,,,,,,,,
2020,COVID (2020-2021),Sí,EURO,Belarus,BLR,97.0,93.0,100.0,100.0,100.0,True,,93.0,,,100.0,,,80.0,,,100.0,,,100.0,,100.0,,100.0,,,93.0,,,,100.0,,100.0,,100.0,,100.0,,100.0,100.0,80.0,100.0,100.0,100.0,80.0,100.0,100.0,100.0,100.0,100.0,100.0,100.0,100.0,100.0,80.0,100.0,100.0,100.0,100.0,100.0,100.0,100.0,100.0,,,,,,,,,,,,,,,
2020,COVID (2020-2021),Sí,EURO,Belgium,BEL,81.0,47.0,80.0,90.0,100.0,True,,47.0,,,80.0,,,100.0,,,100.0,,,100.0,,90.0,,40.0,,,87.0,,,,80.0,,80.0,,90.0,,60.0,,100.0,60.0,20.0,60.0,60.0,100.0,100.0,100.0,100.0,100.0,100.0,100.0,80.0,40.0,100.0,80.0,80.0,100.0,60.0,80.0,80.0,100.0,80.0,60.0,100.0,,,,,,,,,,,,,,,
2020,COVID (2020-2021),No,EURO,Bosnia and Herzegovina,BIH,,,,,,False,,,,,,,,,,,,,,,,,,,,,,,,,,,,,,,,,,,,,,,,,,,,,,,,,,,,,,,,,,,,,,,,,,,,,,,,
2020,COVID (2020-2021),Sí,EURO,Bulgaria,BGR,70.0,73.0,70.0,80.0,87.0,True,,73.0,,,70.0,,,80.0,,,80.0,,,87.0,,80.0,,80.0,,,53.0,,,,87.0,,40.0,,60.0,,40.0,,80.0,100.0,60.0,60.0,40.0,100.0,80.0,80.0,100.0,60.0,100.0,60.0,100.0,80.0,80.0,0.0,80.0,100.0,100.0,60.0,40.0,60.0,60.0,40.0,80.0,,,,,,,,,,,,,,,
2020,COVID (2020-2021),Sí,EURO,Croatia,HRV,78.0,80.0,70.0,90.0,87.0,True,,80.0,,,70.0,,,80.0,,,80.0,,,87.0,,90.0,,80.0,,,53.0,,,,73.0,,80.0,,80.0,,80.0,,80.0,100.0,60.0,80.0,40.0,100.0,80.0,80.0,100.0,60.0,100.0,100.0,80.0,80.0,60.0,60.0,40.0,60.0,60.0,100.0,80.0,80.0,80.0,80.0,80.0,,,,,,,,,,,,,,,
2020,COVID (2020-2021),No,EURO,Czech Republic,CZE,,,,,,False,,,,,,,,,,,,,,,,,,,,,,,,,,,,,,,,,,,,,,,,,,,,,,,,,,,,,,,,,,,,,,,,,,,,,,,,
2020,COVID (2020-2021),Sí,EURO,Denmark,DNK,94.0,93.0,100.0,100.0,100.0,True,,93.0,,,100.0,,,100.0,,,100.0,,,100.0,,100.0,,80.0,,,93.0,,,,100.0,,100.0,,100.0,,100.0,,60.0,100.0,100.0,80.0,100.0,100.0,100.0,100.0,100.0,100.0,100.0,100.0,100.0,80.0,100.0,100.0,80.0,100.0,100.0,100.0,100.0,100.0,100.0,100.0,60.0,,,,,,,,,,,,,,,
2020,COVID (2020-2021),Sí,EURO,Estonia,EST,72.0,87.0,70.0,80.0,80.0,True,,87.0,,,70.0,,,80.0,,,80.0,,,80.0,,80.0,,60.0,,,73.0,,,,80.0,,60.0,,30.0,,80.0,,80.0,100.0,80.0,80.0,80.0,60.0,80.0,80.0,80.0,80.0,80.0,80.0,80.0,60.0,60.0,80.0,80.0,60.0,80.0,100.0,60.0,60.0,0.0,80.0,80.0,,,,,,,,,,,,,,,
2020,COVID (2020-2021),Sí,EURO,Finland,FIN,82.0,87.0,90.0,60.0,87.0,True,,87.0,,,90.0,,,100.0,,,100.0,,,87.0,,60.0,,60.0,,,87.0,,,,100.0,,80.0,,60.0,,60.0,,100.0,100.0,60.0,100.0,80.0,100.0,100.0,100.0,100.0,60.0,100.0,80.0,40.0,60.0,80.0,100.0,80.0,100.0,100.0,100.0,80.0,60.0,60.0,60.0,100.0,,,,,,,,,,,,,,,
2020,COVID (2020-2021),Sí,EURO,France,FRA,83.0,67.0,100.0,100.0,73.0,True,,67.0,,,100.0,,,80.0,,,80.0,,,73.0,,100.0,,80.0,,,87.0,,,,93.0,,80.0,,40.0,,100.0,,100.0,100.0,80.0,20.0,100.0,100.0,80.0,80.0,20.0,100.0,100.0,100.0,100.0,80.0,100.0,100.0,60.0,80.0,100.0,100.0,80.0,40.0,40.0,100.0,100.0,,,,,,,,,,,,,,,
2020,COVID (2020-2021),Sí,EURO,Germany,DEU,89.0,100.0,100.0,100.0,100.0,True,,100.0,,,100.0,,,100.0,,,80.0,,,100.0,,100.0,,80.0,,,87.0,,,,100.0,,60.0,,70.0,,80.0,,100.0,100.0,100.0,100.0,100.0,100.0,100.0,80.0,100.0,100.0,100.0,100.0,100.0,80.0,80.0,100.0,80.0,100.0,100.0,100.0,60.0,80.0,60.0,80.0,100.0,,,,,,,,,,,,,,,
2020,COVID (2020-2021),Sí,EURO,Greece,GRC,60.0,67.0,50.0,80.0,80.0,True,,67.0,,,50.0,,,60.0,,,80.0,,,80.0,,80.0,,60.0,,,67.0,,,,67.0,,20.0,,50.0,,60.0,,40.0,100.0,40.0,60.0,40.0,60.0,60.0,80.0,100.0,40.0,100.0,80.0,80.0,60.0,60.0,60.0,80.0,40.0,60.0,100.0,20.0,60.0,40.0,60.0,40.0,,,,,,,,,,,,,,,
2020,COVID (2020-2021),Sí,EURO,Holy See,VAT,42.0,40.0,30.0,40.0,40.0,True,,40.0,,,30.0,,,20.0,,,40.0,,,40.0,,40.0,,60.0,,,40.0,,,,40.0,,40.0,,60.0,,40.0,,60.0,40.0,40.0,40.0,40.0,20.0,20.0,40.0,40.0,60.0,20.0,40.0,40.0,60.0,40.0,40.0,40.0,60.0,0.0,60.0,40.0,40.0,80.0,40.0,60.0,,,,,,,,,,,,,,,
2020,COVID (2020-2021),Sí,EURO,Hungary,HUN,66.0,67.0,70.0,80.0,73.0,True,,67.0,,,70.0,,,60.0,,,80.0,,,73.0,,80.0,,20.0,,,60.0,,,,87.0,,80.0,,0.0,,80.0,,100.0,100.0,20.0,80.0,80.0,60.0,60.0,80.0,80.0,80.0,60.0,80.0,80.0,20.0,40.0,80.0,60.0,80.0,100.0,80.0,80.0,0.0,0.0,80.0,100.0,,,,,,,,,,,,,,,
2020,COVID (2020-2021),No,EURO,Iceland,ISL,,,,,,False,,,,,,,,,,,,,,,,,,,,,,,,,,,,,,,,,,,,,,,,,,,,,,,,,,,,,,,,,,,,,,,,,,,,,,,,
2020,COVID (2020-2021),Sí,EURO,Ireland,IRL,64.0,47.0,70.0,80.0,100.0,True,,47.0,,,70.0,,,60.0,,,100.0,,,100.0,,80.0,,60.0,,,73.0,,,,67.0,,60.0,,0.0,,60.0,,60.0,60.0,40.0,40.0,80.0,60.0,60.0,100.0,100.0,100.0,100.0,80.0,80.0,60.0,80.0,80.0,60.0,40.0,60.0,100.0,60.0,0.0,0.0,60.0,60.0,,,,,,,,,,,,,,,
2020,COVID (2020-2021),Sí,EURO,Italy,ITA,83.0,93.0,80.0,90.0,100.0,True,,93.0,,,80.0,,,100.0,,,100.0,,,100.0,,90.0,,60.0,,,73.0,,,,93.0,,60.0,,70.0,,80.0,,80.0,100.0,80.0,100.0,80.0,80.0,100.0,100.0,100.0,100.0,100.0,100.0,80.0,60.0,60.0,80.0,80.0,100.0,80.0,100.0,60.0,80.0,60.0,80.0,80.0,,,,,,,,,,,,,,,
2020,COVID (2020-2021),Sí,EURO,Latvia,LVA,77.0,80.0,90.0,80.0,80.0,True,,80.0,,,90.0,,,80.0,,,80.0,,,80.0,,80.0,,80.0,,,87.0,,,,87.0,,60.0,,80.0,,60.0,,60.0,100.0,80.0,60.0,80.0,100.0,80.0,80.0,60.0,80.0,100.0,80.0,80.0,80.0,100.0,80.0,80.0,80.0,80.0,100.0,60.0,80.0,80.0,60.0,60.0,,,,,,,,,,,,,,,
2020,COVID (2020-2021),Sí,EURO,Liechtenstein,LIE,74.0,93.0,70.0,90.0,100.0,True,,93.0,,,70.0,,,80.0,,,80.0,,,100.0,,90.0,,80.0,,,40.0,,,,73.0,,60.0,,0.0,,100.0,,100.0,100.0,100.0,80.0,80.0,60.0,80.0,80.0,100.0,100.0,100.0,100.0,80.0,80.0,40.0,40.0,40.0,100.0,60.0,60.0,60.0,0.0,0.0,100.0,100.0,,,,,,,,,,,,,,,
2020,COVID (2020-2021),Sí,EURO,Lithuania,LTU,85.0,87.0,90.0,80.0,60.0,True,,87.0,,,90.0,,,80.0,,,100.0,,,60.0,,80.0,,80.0,,,93.0,,,,100.0,,80.0,,80.0,,80.0,,100.0,100.0,80.0,80.0,80.0,100.0,80.0,100.0,100.0,40.0,40.0,80.0,80.0,80.0,100.0,100.0,80.0,100.0,100.0,100.0,80.0,80.0,80.0,80.0,100.0,,,,,,,,,,,,,,,
2020,COVID (2020-2021),Sí,EURO,Luxembourg,LUX,95.0,100.0,90.0,90.0,93.0,True,,100.0,,,90.0,,,100.0,,,100.0,,,93.0,,90.0,,100.0,,,93.0,,,,100.0,,100.0,,90.0,,80.0,,100.0,100.0,100.0,100.0,80.0,100.0,100.0,100.0,100.0,80.0,100.0,100.0,80.0,100.0,100.0,100.0,80.0,100.0,100.0,100.0,100.0,100.0,80.0,80.0,100.0,,,,,,,,,,,,,,,
2020,COVID (2020-2021),Sí,EURO,Malta,MLT,61.0,100.0,80.0,70.0,73.0,True,,100.0,,,80.0,,,80.0,,,80.0,,,73.0,,70.0,,100.0,,,20.0,,,,53.0,,20.0,,60.0,,20.0,,40.0,100.0,100.0,100.0,80.0,80.0,80.0,80.0,100.0,20.0,100.0,60.0,80.0,100.0,20.0,20.0,20.0,40.0,60.0,60.0,20.0,80.0,40.0,20.0,40.0,,,,,,,,,,,,,,,
2020,COVID (2020-2021),No,EURO,Monaco,MCO,,,,,,False,,,,,,,,,,,,,,,,,,,,,,,,,,,,,,,,,,,,,,,,,,,,,,,,,,,,,,,,,,,,,,,,,,,,,,,,
2020,COVID (2020-2021),Sí,EURO,Montenegro,MNE,55.0,53.0,50.0,80.0,47.0,True,,53.0,,,50.0,,,80.0,,,60.0,,,47.0,,80.0,,60.0,,,60.0,,,,40.0,,60.0,,0.0,,40.0,,80.0,60.0,60.0,40.0,40.0,60.0,80.0,60.0,40.0,40.0,60.0,80.0,80.0,60.0,60.0,80.0,40.0,20.0,60.0,40.0,60.0,0.0,0.0,40.0,80.0,,,,,,,,,,,,,,,
2020,COVID (2020-2021),Sí,EURO,Netherlands (Kingdom of the),NLD,90.0,93.0,100.0,80.0,93.0,True,,93.0,,,100.0,,,100.0,,,80.0,,,93.0,,80.0,,100.0,,,93.0,,,,93.0,,80.0,,80.0,,80.0,,100.0,100.0,80.0,100.0,100.0,100.0,100.0,80.0,100.0,80.0,100.0,80.0,80.0,100.0,100.0,100.0,80.0,80.0,100.0,100.0,80.0,80.0,80.0,80.0,100.0,,,,,,,,,,,,,,,
2020,COVID (2020-2021),Sí,EURO,North Macedonia,MKD,66.0,67.0,90.0,80.0,53.0,True,,67.0,,,90.0,,,60.0,,,60.0,,,53.0,,80.0,,60.0,,,60.0,,,,53.0,,60.0,,100.0,,40.0,,80.0,80.0,40.0,80.0,100.0,80.0,60.0,60.0,60.0,40.0,60.0,80.0,80.0,60.0,60.0,80.0,40.0,60.0,60.0,40.0,60.0,100.0,100.0,40.0,80.0,,,,,,,,,,,,,,,
2020,COVID (2020-2021),Sí,EURO,Norway,NOR,94.0,100.0,100.0,100.0,87.0,True,,100.0,,,100.0,,,100.0,,,100.0,,,87.0,,100.0,,100.0,,,100.0,,,,100.0,,100.0,,80.0,,80.0,,80.0,100.0,100.0,100.0,100.0,100.0,100.0,100.0,100.0,60.0,100.0,100.0,100.0,100.0,100.0,100.0,100.0,100.0,100.0,100.0,100.0,80.0,80.0,80.0,80.0,,,,,,,,,,,,,,,
2020,COVID (2020-2021),Sí,EURO,Poland,POL,50.0,0.0,100.0,80.0,87.0,True,,0.0,,,100.0,,,100.0,,,0.0,,,87.0,,80.0,,0.0,,,33.0,,,,33.0,,0.0,,60.0,,60.0,,100.0,0.0,0.0,0.0,100.0,100.0,100.0,0.0,100.0,80.0,80.0,80.0,80.0,0.0,40.0,40.0,20.0,0.0,0.0,100.0,0.0,80.0,40.0,60.0,100.0,,,,,,,,,,,,,,,
2020,COVID (2020-2021),Sí,EURO,Portugal,PRT,82.0,87.0,100.0,80.0,100.0,True,,87.0,,,100.0,,,60.0,,,80.0,,,100.0,,80.0,,80.0,,,80.0,,,,93.0,,80.0,,100.0,,80.0,,40.0,100.0,80.0,80.0,100.0,100.0,60.0,80.0,100.0,100.0,100.0,80.0,80.0,80.0,80.0,80.0,80.0,80.0,100.0,100.0,80.0,100.0,100.0,80.0,40.0,,,,,,,,,,,,,,,
2020,COVID (2020-2021),Sí,EURO,Republic of Moldova,MDA,62.0,73.0,70.0,80.0,53.0,True,,73.0,,,70.0,,,60.0,,,80.0,,,53.0,,80.0,,40.0,,,60.0,,,,60.0,,80.0,,70.0,,40.0,,40.0,80.0,60.0,80.0,80.0,60.0,60.0,80.0,60.0,40.0,60.0,80.0,80.0,40.0,40.0,80.0,60.0,40.0,60.0,80.0,80.0,60.0,80.0,40.0,40.0,,,,,,,,,,,,,,,
2020,COVID (2020-2021),Sí,EURO,Romania,ROU,67.0,73.0,90.0,80.0,80.0,True,,73.0,,,90.0,,,20.0,,,80.0,,,80.0,,80.0,,60.0,,,67.0,,,,80.0,,60.0,,40.0,,40.0,,100.0,100.0,60.0,60.0,80.0,100.0,20.0,80.0,80.0,80.0,80.0,80.0,80.0,60.0,60.0,80.0,60.0,80.0,100.0,60.0,60.0,40.0,40.0,40.0,100.0,,,,,,,,,,,,,,,
2020,COVID (2020-2021),Sí,EURO,Russian Federation,RUS,100.0,100.0,100.0,100.0,100.0,True,,100.0,,,100.0,,,100.0,,,100.0,,,100.0,,100.0,,100.0,,,100.0,,,,100.0,,100.0,,100.0,,100.0,,100.0,100.0,100.0,100.0,100.0,100.0,100.0,100.0,100.0,100.0,100.0,100.0,100.0,100.0,100.0,100.0,100.0,100.0,100.0,100.0,100.0,100.0,100.0,100.0,100.0,,,,,,,,,,,,,,,
2020,COVID (2020-2021),Sí,EURO,San Marino,SMR,33.0,20.0,40.0,20.0,67.0,True,,20.0,,,40.0,,,20.0,,,40.0,,,67.0,,20.0,,60.0,,,27.0,,,,53.0,,40.0,,0.0,,20.0,,20.0,20.0,20.0,20.0,20.0,60.0,20.0,40.0,80.0,20.0,100.0,20.0,20.0,60.0,20.0,20.0,40.0,20.0,60.0,80.0,40.0,0.0,0.0,20.0,20.0,,,,,,,,,,,,,,,
2020,COVID (2020-2021),Sí,EURO,Serbia,SRB,71.0,87.0,90.0,60.0,53.0,True,,87.0,,,90.0,,,80.0,,,80.0,,,53.0,,60.0,,80.0,,,80.0,,,,73.0,,80.0,,0.0,,100.0,,60.0,100.0,80.0,80.0,100.0,80.0,80.0,80.0,60.0,40.0,60.0,80.0,40.0,80.0,80.0,80.0,80.0,40.0,80.0,100.0,80.0,0.0,0.0,100.0,60.0,,,,,,,,,,,,,,,
2020,COVID (2020-2021),Sí,EURO,Slovakia,SVK,72.0,100.0,40.0,90.0,73.0,True,,100.0,,,40.0,,,40.0,,,60.0,,,73.0,,90.0,,100.0,,,93.0,,,,80.0,,60.0,,80.0,,60.0,,60.0,100.0,100.0,100.0,60.0,20.0,40.0,60.0,60.0,60.0,100.0,100.0,80.0,100.0,80.0,100.0,100.0,80.0,100.0,60.0,60.0,80.0,80.0,60.0,60.0,,,,,,,,,,,,,,,
2020,COVID (2020-2021),No,EURO,Slovenia,SVN,,,,,,False,,,,,,,,,,,,,,,,,,,,,,,,,,,,,,,,,,,,,,,,,,,,,,,,,,,,,,,,,,,,,,,,,,,,,,,,
2020,COVID (2020-2021),Sí,EURO,Spain,ESP,88.0,93.0,100.0,80.0,93.0,True,,93.0,,,100.0,,,80.0,,,80.0,,,93.0,,80.0,,100.0,,,93.0,,,,100.0,,60.0,,80.0,,100.0,,80.0,100.0,100.0,80.0,100.0,100.0,80.0,80.0,100.0,80.0,100.0,80.0,80.0,100.0,100.0,100.0,80.0,100.0,100.0,100.0,60.0,80.0,80.0,100.0,80.0,,,,,,,,,,,,,,,
2020,COVID (2020-2021),Sí,EURO,Sweden,SWE,91.0,100.0,100.0,100.0,93.0,True,,100.0,,,100.0,,,100.0,,,80.0,,,93.0,,100.0,,80.0,,,80.0,,,,93.0,,80.0,,100.0,,80.0,,100.0,100.0,100.0,100.0,100.0,100.0,100.0,80.0,100.0,80.0,100.0,100.0,100.0,80.0,80.0,80.0,80.0,80.0,100.0,100.0,80.0,100.0,100.0,80.0,100.0,,,,,,,,,,,,,,,
2020,COVID (2020-2021),No,EURO,Switzerland,CHE,,,,,,False,,,,,,,,,,,,,,,,,,,,,,,,,,,,,,,,,,,,,,,,,,,,,,,,,,,,,,,,,,,,,,,,,,,,,,,,
2020,COVID (2020-2021),Sí,EURO,Ukraine,UKR,69.0,100.0,90.0,80.0,93.0,True,,100.0,,,90.0,,,60.0,,,60.0,,,93.0,,80.0,,80.0,,,60.0,,,,60.0,,40.0,,60.0,,40.0,,80.0,100.0,100.0,100.0,80.0,100.0,60.0,60.0,100.0,80.0,100.0,80.0,80.0,80.0,20.0,80.0,80.0,80.0,40.0,60.0,40.0,60.0,60.0,40.0,80.0,,,,,,,,,,,,,,,
2020,COVID (2020-2021),Sí,EURO,United Kingdom of Great Britain and Northern Ireland,GBR,95.0,100.0,90.0,100.0,100.0,True,,100.0,,,90.0,,,100.0,,,100.0,,,100.0,,100.0,,100.0,,,100.0,,,,100.0,,100.0,,60.0,,80.0,,100.0,100.0,100.0,100.0,80.0,100.0,100.0,100.0,100.0,100.0,100.0,100.0,100.0,100.0,100.0,100.0,100.0,100.0,100.0,100.0,100.0,60.0,60.0,80.0,100.0,,,,,,,,,,,,,,,
2021,COVID (2020-2021),Sí,AFRO,Algeria,DZA,77.0,80.0,67.0,90.0,68.0,True,,70.0,,,67.0,,,90.0,,,68.0,,,90.0,,90.0,,80.0,,,80.0,,,,60.0,,73.0,,80.0,,80.0,,60.0,60.0,80.0,,60.0,80.0,80.0,80.0,80.0,100.0,,100.0,80.0,80.0,80.0,80.0,80.0,60.0,60.0,60.0,80.0,80.0,80.0,80.0,60.0,60.0,100.0,40.0,60.0,80.0,80.0,80.0,80.0,80.0,60.0,80.0,60.0,60.0,100.0,100.0
2021,COVID (2020-2021),Sí,AFRO,Angola,AGO,40.0,35.0,73.0,60.0,60.0,True,,30.0,,,73.0,,,40.0,,,60.0,,,60.0,,60.0,,53.0,,,67.0,,,,20.0,,47.0,,27.0,,20.0,,20.0,40.0,20.0,,60.0,80.0,20.0,60.0,60.0,60.0,,20.0,100.0,40.0,80.0,60.0,60.0,20.0,20.0,20.0,60.0,40.0,40.0,20.0,20.0,80.0,60.0,40.0,60.0,60.0,80.0,40.0,80.0,40.0,40.0,0.0,0.0,0.0,20.0,20.0
2021,COVID (2020-2021),Sí,AFRO,Benin,BEN,39.0,30.0,47.0,60.0,44.0,True,,20.0,,,47.0,,,40.0,,,44.0,,,60.0,,40.0,,53.0,,,47.0,,,,40.0,,40.0,,33.0,,40.0,,40.0,20.0,20.0,,40.0,80.0,40.0,60.0,60.0,60.0,,60.0,20.0,20.0,80.0,20.0,40.0,40.0,40.0,40.0,20.0,20.0,0.0,40.0,40.0,20.0,40.0,20.0,20.0,60.0,60.0,80.0,60.0,40.0,60.0,80.0,20.0,20.0,20.0,20.0
2021,COVID (2020-2021),Sí,AFRO,Botswana,BWA,34.0,35.0,20.0,40.0,60.0,True,,40.0,,,20.0,,,30.0,,,60.0,,,40.0,,20.0,,20.0,,,60.0,,,,27.0,,20.0,,53.0,,20.0,,40.0,60.0,20.0,,20.0,20.0,20.0,60.0,60.0,20.0,,20.0,20.0,20.0,80.0,60.0,40.0,40.0,20.0,20.0,20.0,80.0,60.0,20.0,40.0,20.0,40.0,20.0,80.0,60.0,80.0,20.0,20.0,20.0,20.0,20.0,20.0,20.0,40.0,40.0
2021,COVID (2020-2021),Sí,AFRO,Burkina Faso,BFA,54.0,50.0,53.0,80.0,64.0,True,,40.0,,,53.0,,,60.0,,,64.0,,,80.0,,40.0,,73.0,,,60.0,,,,67.0,,73.0,,13.0,,80.0,,40.0,20.0,60.0,,40.0,60.0,60.0,80.0,80.0,80.0,,60.0,20.0,60.0,80.0,40.0,60.0,60.0,60.0,80.0,80.0,20.0,20.0,80.0,40.0,60.0,60.0,40.0,60.0,60.0,80.0,80.0,80.0,60.0,80.0,0.0,20.0,20.0,40.0,40.0
2021,COVID (2020-2021),Sí,AFRO,Burundi,BDI,38.0,30.0,27.0,90.0,52.0,True,,20.0,,,27.0,,,40.0,,,52.0,,,90.0,,30.0,,40.0,,,60.0,,,,33.0,,47.0,,27.0,,40.0,,20.0,20.0,20.0,,40.0,20.0,20.0,60.0,100.0,80.0,,40.0,20.0,20.0,80.0,40.0,60.0,40.0,20.0,40.0,60.0,20.0,40.0,40.0,20.0,20.0,60.0,20.0,60.0,40.0,80.0,80.0,20.0,20.0,60.0,20.0,20.0,20.0,20.0,20.0
2021,COVID (2020-2021),Sí,AFRO,Cabo Verde,CPV,57.0,50.0,47.0,80.0,68.0,True,,40.0,,,47.0,,,60.0,,,68.0,,,80.0,,50.0,,60.0,,,67.0,,,,53.0,,80.0,,67.0,,60.0,,60.0,60.0,20.0,,40.0,60.0,40.0,80.0,80.0,80.0,,60.0,40.0,20.0,60.0,80.0,60.0,60.0,40.0,60.0,80.0,60.0,80.0,60.0,60.0,40.0,80.0,60.0,40.0,80.0,80.0,80.0,80.0,80.0,80.0,60.0,40.0,40.0,20.0,20.0
2021,COVID (2020-2021),Sí,AFRO,Cameroon,CMR,41.0,30.0,47.0,60.0,68.0,True,,20.0,,,47.0,,,40.0,,,68.0,,,60.0,,30.0,,47.0,,,47.0,,,,20.0,,27.0,,47.0,,80.0,,20.0,20.0,20.0,,60.0,60.0,40.0,60.0,60.0,60.0,,40.0,20.0,40.0,80.0,40.0,20.0,20.0,20.0,20.0,20.0,60.0,20.0,80.0,20.0,20.0,40.0,60.0,80.0,80.0,60.0,80.0,20.0,40.0,20.0,60.0,20.0,20.0,40.0,40.0
2021,COVID (2020-2021),Sí,AFRO,Central African Republic,CAF,31.0,30.0,20.0,60.0,28.0,True,,30.0,,,20.0,,,30.0,,,28.0,,,60.0,,30.0,,20.0,,,40.0,,,,20.0,,47.0,,20.0,,20.0,,40.0,20.0,40.0,,20.0,20.0,40.0,40.0,80.0,40.0,,40.0,20.0,20.0,60.0,20.0,40.0,20.0,20.0,20.0,40.0,20.0,20.0,20.0,40.0,20.0,20.0,20.0,20.0,40.0,20.0,20.0,20.0,60.0,40.0,20.0,20.0,20.0,40.0,40.0
2021,COVID (2020-2021),Sí,AFRO,Chad,TCD,40.0,35.0,40.0,60.0,64.0,True,,30.0,,,40.0,,,40.0,,,64.0,,,60.0,,40.0,,33.0,,,40.0,,,,53.0,,33.0,,20.0,,40.0,,40.0,40.0,20.0,,40.0,40.0,40.0,60.0,80.0,40.0,,60.0,20.0,40.0,80.0,20.0,20.0,100.0,20.0,40.0,40.0,20.0,20.0,40.0,40.0,40.0,40.0,60.0,60.0,60.0,80.0,40.0,20.0,20.0,40.0,20.0,20.0,20.0,40.0,40.0
2021,COVID (2020-2021),Sí,AFRO,Comoros,COM,41.0,30.0,40.0,60.0,60.0,True,,20.0,,,40.0,,,40.0,,,60.0,,,60.0,,30.0,,40.0,,,67.0,,,,40.0,,67.0,,33.0,,40.0,,40.0,20.0,20.0,,40.0,60.0,20.0,80.0,80.0,40.0,,40.0,20.0,80.0,80.0,80.0,40.0,60.0,20.0,40.0,60.0,20.0,20.0,40.0,40.0,20.0,60.0,40.0,60.0,60.0,60.0,20.0,20.0,60.0,80.0,60.0,20.0,20.0,20.0,20.0
2021,COVID (2020-2021),Sí,AFRO,Congo,COG,51.0,30.0,47.0,80.0,52.0,True,,30.0,,,47.0,,,30.0,,,52.0,,,80.0,,60.0,,60.0,,,47.0,,,,47.0,,73.0,,40.0,,60.0,,80.0,40.0,20.0,,80.0,40.0,40.0,60.0,80.0,80.0,,60.0,60.0,40.0,60.0,60.0,20.0,60.0,40.0,40.0,80.0,40.0,40.0,60.0,80.0,20.0,20.0,20.0,40.0,80.0,60.0,60.0,80.0,80.0,60.0,40.0,40.0,40.0,20.0,20.0
2021,COVID (2020-2021),Sí,AFRO,Côte d'Ivoire,CIV,54.0,45.0,40.0,70.0,84.0,True,,40.0,,,40.0,,,50.0,,,84.0,,,70.0,,60.0,,73.0,,,67.0,,,,40.0,,73.0,,53.0,,80.0,,20.0,60.0,20.0,,60.0,40.0,40.0,80.0,80.0,60.0,,60.0,60.0,60.0,80.0,80.0,40.0,40.0,40.0,40.0,80.0,60.0,40.0,80.0,20.0,20.0,60.0,80.0,100.0,80.0,80.0,80.0,80.0,60.0,80.0,60.0,20.0,20.0,40.0,40.0
2021,COVID (2020-2021),Sí,AFRO,Democratic Republic of the Congo,COD,43.0,40.0,60.0,60.0,52.0,True,,30.0,,,60.0,,,50.0,,,52.0,,,60.0,,30.0,,27.0,,,60.0,,,,27.0,,53.0,,53.0,,60.0,,40.0,40.0,20.0,,60.0,60.0,60.0,40.0,60.0,60.0,,40.0,20.0,20.0,80.0,40.0,60.0,40.0,20.0,20.0,60.0,60.0,40.0,60.0,40.0,60.0,40.0,40.0,60.0,60.0,60.0,20.0,40.0,40.0,60.0,60.0,20.0,20.0,20.0,20.0
2021,COVID (2020-2021),Sí,EMRO,Djibouti,DJI,41.0,35.0,40.0,70.0,52.0,True,,30.0,,,40.0,,,40.0,,,52.0,,,70.0,,50.0,,27.0,,,47.0,,,,33.0,,40.0,,33.0,,40.0,,60.0,40.0,20.0,,40.0,40.0,40.0,60.0,80.0,60.0,,60.0,40.0,20.0,40.0,60.0,40.0,20.0,40.0,40.0,40.0,40.0,40.0,40.0,60.0,40.0,40.0,40.0,40.0,60.0,60.0,20.0,40.0,40.0,40.0,20.0,40.0,40.0,20.0,20.0
2021,COVID (2020-2021),Sí,EMRO,Egypt,EGY,86.0,95.0,87.0,100.0,76.0,True,,90.0,,,87.0,,,100.0,,,76.0,,,100.0,,80.0,,100.0,,,100.0,,,,80.0,,53.0,,100.0,,80.0,,80.0,80.0,100.0,,80.0,100.0,100.0,80.0,100.0,100.0,,80.0,80.0,100.0,100.0,100.0,100.0,100.0,60.0,80.0,40.0,100.0,100.0,80.0,80.0,80.0,100.0,60.0,60.0,80.0,100.0,100.0,100.0,60.0,60.0,100.0,80.0,80.0,80.0,80.0
2021,COVID (2020-2021),Sí,AFRO,Equatorial Guinea,GNQ,34.0,40.0,40.0,40.0,48.0,True,,20.0,,,40.0,,,60.0,,,48.0,,,40.0,,30.0,,20.0,,,53.0,,,,33.0,,40.0,,20.0,,40.0,,20.0,20.0,20.0,,40.0,20.0,60.0,60.0,40.0,40.0,,40.0,20.0,20.0,40.0,60.0,60.0,40.0,20.0,40.0,40.0,20.0,20.0,40.0,20.0,60.0,60.0,40.0,60.0,40.0,40.0,20.0,20.0,40.0,40.0,20.0,20.0,20.0,20.0,20.0
2021,COVID (2020-2021),Sí,AFRO,Eritrea,ERI,41.0,30.0,27.0,80.0,48.0,True,,30.0,,,27.0,,,30.0,,,48.0,,,80.0,,30.0,,20.0,,,87.0,,,,27.0,,80.0,,60.0,,40.0,,20.0,40.0,20.0,,20.0,20.0,40.0,60.0,80.0,80.0,,40.0,20.0,20.0,100.0,100.0,60.0,40.0,20.0,20.0,80.0,60.0,60.0,40.0,20.0,40.0,20.0,40.0,20.0,60.0,60.0,20.0,20.0,80.0,80.0,60.0,20.0,20.0,20.0,20.0
2021,COVID (2020-2021),Sí,AFRO,Eswatini,SWZ,41.0,35.0,20.0,60.0,64.0,True,,40.0,,,20.0,,,30.0,,,64.0,,,60.0,,30.0,,47.0,,,47.0,,,,60.0,,73.0,,27.0,,40.0,,40.0,60.0,20.0,,20.0,20.0,20.0,60.0,40.0,80.0,,40.0,20.0,40.0,20.0,40.0,80.0,80.0,20.0,80.0,80.0,40.0,20.0,40.0,40.0,20.0,40.0,60.0,60.0,60.0,80.0,80.0,20.0,60.0,80.0,20.0,20.0,20.0,20.0,20.0
2021,COVID (2020-2021),Sí,AFRO,Ethiopia,ETH,72.0,80.0,73.0,80.0,80.0,True,,80.0,,,73.0,,,80.0,,,80.0,,,80.0,,70.0,,87.0,,,67.0,,,,73.0,,80.0,,67.0,,100.0,,40.0,60.0,100.0,,60.0,80.0,80.0,80.0,80.0,80.0,,80.0,60.0,80.0,80.0,40.0,80.0,80.0,60.0,80.0,80.0,60.0,60.0,100.0,40.0,80.0,80.0,80.0,80.0,100.0,60.0,100.0,80.0,80.0,80.0,80.0,60.0,60.0,40.0,40.0
2021,COVID (2020-2021),Sí,AFRO,Gabon,GAB,33.0,20.0,27.0,20.0,48.0,True,,20.0,,,27.0,,,20.0,,,48.0,,,20.0,,40.0,,53.0,,,47.0,,,,27.0,,20.0,,27.0,,40.0,,20.0,20.0,20.0,,20.0,40.0,20.0,40.0,20.0,20.0,,60.0,20.0,40.0,80.0,20.0,40.0,40.0,20.0,20.0,20.0,20.0,20.0,40.0,20.0,20.0,20.0,20.0,20.0,80.0,80.0,60.0,60.0,20.0,20.0,40.0,40.0,40.0,40.0,40.0
2021,COVID (2020-2021),Sí,AFRO,Gambia,GMB,44.0,30.0,40.0,60.0,32.0,True,,40.0,,,40.0,,,20.0,,,32.0,,,60.0,,30.0,,60.0,,,67.0,,,,53.0,,80.0,,60.0,,60.0,,20.0,60.0,20.0,,40.0,60.0,20.0,40.0,60.0,60.0,,40.0,20.0,40.0,60.0,80.0,60.0,60.0,20.0,80.0,80.0,60.0,80.0,60.0,20.0,20.0,20.0,20.0,20.0,60.0,20.0,60.0,80.0,80.0,80.0,40.0,20.0,20.0,20.0,20.0
2021,COVID (2020-2021),Sí,AFRO,Ghana,GHA,46.0,20.0,33.0,80.0,44.0,True,,20.0,,,33.0,,,20.0,,,44.0,,,80.0,,40.0,,47.0,,,53.0,,,,47.0,,53.0,,60.0,,40.0,,80.0,20.0,20.0,,40.0,40.0,20.0,40.0,80.0,80.0,,40.0,40.0,20.0,40.0,60.0,60.0,60.0,40.0,40.0,80.0,60.0,60.0,40.0,80.0,20.0,20.0,20.0,80.0,60.0,20.0,60.0,60.0,60.0,20.0,60.0,40.0,40.0,40.0,40.0
2021,COVID (2020-2021),Sí,AFRO,Guinea,GIN,47.0,35.0,47.0,60.0,56.0,True,,30.0,,,47.0,,,40.0,,,56.0,,,60.0,,40.0,,93.0,,,60.0,,,,40.0,,53.0,,47.0,,60.0,,40.0,40.0,20.0,,40.0,60.0,40.0,60.0,60.0,60.0,,60.0,20.0,100.0,80.0,40.0,60.0,40.0,40.0,40.0,60.0,40.0,40.0,60.0,40.0,40.0,40.0,40.0,40.0,80.0,60.0,100.0,80.0,60.0,40.0,60.0,20.0,20.0,20.0,20.0
2021,COVID (2020-2021),Sí,AFRO,Guinea-Bissau,GNB,46.0,25.0,60.0,80.0,76.0,True,,30.0,,,60.0,,,20.0,,,76.0,,,80.0,,40.0,,53.0,,,73.0,,,,40.0,,60.0,,33.0,,60.0,,20.0,40.0,20.0,,40.0,60.0,20.0,80.0,80.0,80.0,,40.0,40.0,40.0,80.0,60.0,80.0,60.0,20.0,40.0,60.0,20.0,20.0,60.0,20.0,80.0,20.0,80.0,80.0,80.0,60.0,60.0,60.0,60.0,60.0,60.0,20.0,20.0,20.0,20.0
2021,COVID (2020-2021),Sí,AFRO,Kenya,KEN,57.0,50.0,53.0,80.0,64.0,True,,50.0,,,53.0,,,50.0,,,64.0,,,80.0,,50.0,,53.0,,,73.0,,,,73.0,,73.0,,40.0,,80.0,,60.0,60.0,40.0,,40.0,60.0,60.0,40.0,80.0,80.0,,80.0,20.0,40.0,80.0,80.0,60.0,80.0,60.0,80.0,80.0,40.0,40.0,80.0,60.0,60.0,40.0,60.0,60.0,80.0,80.0,80.0,40.0,60.0,80.0,40.0,40.0,40.0,20.0,20.0
2021,COVID (2020-2021),Sí,AFRO,Lesotho,LSO,37.0,25.0,40.0,80.0,56.0,True,,20.0,,,40.0,,,30.0,,,56.0,,,80.0,,40.0,,40.0,,,40.0,,,,40.0,,33.0,,60.0,,40.0,,20.0,20.0,20.0,,60.0,20.0,40.0,40.0,80.0,80.0,,60.0,20.0,40.0,100.0,0.0,20.0,80.0,20.0,20.0,20.0,40.0,40.0,40.0,20.0,40.0,20.0,40.0,80.0,60.0,60.0,40.0,40.0,60.0,20.0,100.0,0.0,0.0,20.0,20.0
2021,COVID (2020-2021),Sí,AFRO,Liberia,LBR,54.0,45.0,73.0,80.0,52.0,True,,40.0,,,73.0,,,50.0,,,52.0,,,80.0,,40.0,,60.0,,,40.0,,,,53.0,,53.0,,67.0,,80.0,,40.0,60.0,20.0,,80.0,80.0,60.0,60.0,80.0,80.0,,60.0,20.0,40.0,20.0,40.0,60.0,60.0,60.0,40.0,20.0,80.0,80.0,80.0,40.0,60.0,40.0,40.0,40.0,60.0,60.0,80.0,60.0,80.0,60.0,40.0,40.0,40.0,40.0,40.0
2021,COVID (2020-2021),Sí,EMRO,Libya,LBY,45.0,30.0,60.0,80.0,56.0,True,,30.0,,,60.0,,,30.0,,,56.0,,,80.0,,60.0,,67.0,,,67.0,,,,33.0,,20.0,,7.0,,60.0,,40.0,20.0,40.0,,60.0,60.0,40.0,80.0,80.0,80.0,,80.0,40.0,80.0,80.0,60.0,60.0,40.0,20.0,40.0,20.0,0.0,0.0,60.0,40.0,60.0,20.0,20.0,20.0,80.0,80.0,60.0,60.0,20.0,20.0,20.0,20.0,20.0,40.0,40.0
2021,COVID (2020-2021),Sí,AFRO,Madagascar,MDG,46.0,35.0,53.0,80.0,52.0,True,,20.0,,,53.0,,,50.0,,,52.0,,,80.0,,30.0,,33.0,,,73.0,,,,20.0,,67.0,,53.0,,60.0,,40.0,20.0,20.0,,40.0,60.0,60.0,40.0,80.0,80.0,,40.0,20.0,20.0,80.0,60.0,80.0,20.0,20.0,20.0,60.0,60.0,40.0,60.0,40.0,60.0,40.0,40.0,40.0,80.0,60.0,60.0,20.0,60.0,80.0,60.0,20.0,20.0,40.0,40.0
2021,COVID (2020-2021),Sí,AFRO,Malawi,MWI,50.0,35.0,53.0,80.0,68.0,True,,30.0,,,53.0,,,40.0,,,68.0,,,80.0,,30.0,,73.0,,,53.0,,,,60.0,,80.0,,20.0,,60.0,,40.0,40.0,20.0,,80.0,40.0,40.0,80.0,80.0,80.0,,40.0,20.0,60.0,80.0,40.0,40.0,60.0,60.0,60.0,80.0,0.0,0.0,60.0,40.0,40.0,40.0,20.0,80.0,80.0,80.0,80.0,80.0,80.0,80.0,60.0,20.0,20.0,40.0,40.0
2021,COVID (2020-2021),Sí,AFRO,Mali,MLI,44.0,20.0,40.0,80.0,60.0,True,,20.0,,,40.0,,,20.0,,,60.0,,,80.0,,40.0,,40.0,,,60.0,,,,40.0,,73.0,,33.0,,60.0,,60.0,20.0,20.0,,40.0,60.0,20.0,60.0,80.0,80.0,,60.0,20.0,20.0,80.0,60.0,40.0,40.0,40.0,40.0,80.0,40.0,20.0,60.0,60.0,20.0,20.0,40.0,40.0,80.0,80.0,80.0,20.0,60.0,80.0,40.0,20.0,20.0,20.0,20.0
2021,COVID (2020-2021),Sí,AFRO,Mauritania,MRT,35.0,40.0,40.0,40.0,44.0,True,,30.0,,,40.0,,,50.0,,,44.0,,,40.0,,20.0,,33.0,,,53.0,,,,20.0,,20.0,,40.0,,60.0,,20.0,40.0,20.0,,40.0,40.0,60.0,60.0,60.0,20.0,,20.0,20.0,40.0,60.0,60.0,40.0,20.0,20.0,20.0,20.0,20.0,40.0,60.0,20.0,40.0,40.0,40.0,40.0,60.0,20.0,20.0,40.0,20.0,20.0,60.0,20.0,20.0,40.0,40.0
2021,COVID (2020-2021),Sí,AFRO,Mauritius,MUS,51.0,45.0,53.0,80.0,72.0,True,,30.0,,,53.0,,,60.0,,,72.0,,,80.0,,30.0,,53.0,,,47.0,,,,47.0,,20.0,,67.0,,40.0,,60.0,40.0,20.0,,60.0,40.0,60.0,100.0,80.0,80.0,,40.0,20.0,20.0,20.0,80.0,40.0,60.0,40.0,40.0,20.0,80.0,80.0,40.0,60.0,60.0,60.0,20.0,80.0,80.0,80.0,80.0,60.0,20.0,20.0,40.0,80.0,80.0,20.0,20.0
2021,COVID (2020-2021),Sí,EMRO,Morocco,MAR,73.0,65.0,53.0,80.0,80.0,True,,50.0,,,53.0,,,80.0,,,80.0,,,80.0,,80.0,,80.0,,,73.0,,,,47.0,,73.0,,73.0,,80.0,,80.0,40.0,60.0,,40.0,80.0,60.0,80.0,80.0,80.0,,80.0,80.0,80.0,80.0,60.0,80.0,60.0,20.0,60.0,80.0,80.0,60.0,80.0,80.0,40.0,100.0,60.0,80.0,100.0,80.0,80.0,80.0,80.0,60.0,80.0,80.0,80.0,80.0,80.0
2021,COVID (2020-2021),Sí,AFRO,Mozambique,MOZ,59.0,60.0,87.0,60.0,60.0,True,,60.0,,,87.0,,,60.0,,,60.0,,,60.0,,60.0,,60.0,,,53.0,,,,60.0,,60.0,,60.0,,60.0,,60.0,60.0,60.0,,100.0,80.0,60.0,60.0,60.0,60.0,,60.0,60.0,60.0,60.0,40.0,60.0,60.0,60.0,60.0,60.0,60.0,60.0,60.0,60.0,80.0,60.0,40.0,60.0,60.0,80.0,60.0,60.0,60.0,60.0,60.0,60.0,60.0,20.0,20.0
2021,COVID (2020-2021),Sí,AFRO,Namibia,NAM,61.0,35.0,80.0,80.0,76.0,True,,20.0,,,80.0,,,50.0,,,76.0,,,80.0,,40.0,,60.0,,,60.0,,,,67.0,,80.0,,80.0,,40.0,,60.0,20.0,20.0,,80.0,80.0,60.0,80.0,80.0,80.0,,60.0,20.0,20.0,80.0,40.0,60.0,80.0,80.0,40.0,40.0,80.0,60.0,40.0,60.0,80.0,40.0,80.0,80.0,60.0,80.0,80.0,80.0,100.0,100.0,100.0,80.0,80.0,40.0,40.0
2021,COVID (2020-2021),Sí,AFRO,Niger,NER,46.0,40.0,67.0,80.0,40.0,True,,40.0,,,67.0,,,40.0,,,40.0,,,80.0,,60.0,,53.0,,,53.0,,,,40.0,,33.0,,47.0,,80.0,,20.0,40.0,40.0,,60.0,80.0,40.0,40.0,80.0,80.0,,80.0,40.0,60.0,80.0,40.0,40.0,40.0,60.0,20.0,40.0,60.0,40.0,80.0,20.0,60.0,40.0,40.0,40.0,40.0,40.0,40.0,60.0,40.0,20.0,40.0,20.0,20.0,20.0,20.0
2021,COVID (2020-2021),Sí,AFRO,Nigeria,NGA,63.0,45.0,87.0,100.0,60.0,True,,30.0,,,87.0,,,60.0,,,60.0,,,100.0,,40.0,,73.0,,,47.0,,,,47.0,,80.0,,67.0,,80.0,,60.0,40.0,20.0,,100.0,80.0,60.0,60.0,100.0,100.0,,60.0,20.0,60.0,60.0,40.0,40.0,80.0,20.0,40.0,80.0,60.0,60.0,80.0,60.0,80.0,60.0,20.0,80.0,80.0,60.0,80.0,80.0,80.0,80.0,80.0,40.0,40.0,80.0,80.0
2021,COVID (2020-2021),Sí,AFRO,Rwanda,RWA,67.0,60.0,60.0,80.0,84.0,True,,50.0,,,60.0,,,70.0,,,84.0,,,80.0,,50.0,,60.0,,,27.0,,,,60.0,,87.0,,60.0,,80.0,,80.0,80.0,20.0,,40.0,60.0,60.0,80.0,80.0,80.0,,80.0,20.0,20.0,20.0,40.0,20.0,40.0,60.0,80.0,80.0,60.0,60.0,80.0,80.0,80.0,80.0,100.0,80.0,60.0,100.0,80.0,80.0,80.0,100.0,60.0,80.0,80.0,80.0,80.0
2021,COVID (2020-2021),Sí,AFRO,Sao Tome and Principe,STP,35.0,30.0,47.0,40.0,28.0,True,,30.0,,,47.0,,,30.0,,,28.0,,,40.0,,40.0,,40.0,,,60.0,,,,40.0,,40.0,,33.0,,20.0,,40.0,40.0,20.0,,40.0,40.0,40.0,40.0,40.0,40.0,,40.0,40.0,40.0,60.0,60.0,60.0,60.0,20.0,40.0,20.0,20.0,40.0,20.0,40.0,60.0,20.0,20.0,20.0,40.0,20.0,60.0,20.0,40.0,60.0,40.0,20.0,20.0,20.0,20.0
2021,COVID (2020-2021),Sí,AFRO,Senegal,SEN,60.0,50.0,73.0,70.0,60.0,True,,40.0,,,73.0,,,60.0,,,60.0,,,70.0,,80.0,,60.0,,,47.0,,,,40.0,,73.0,,53.0,,60.0,,80.0,20.0,60.0,,80.0,80.0,60.0,80.0,80.0,60.0,,80.0,80.0,40.0,40.0,20.0,80.0,60.0,20.0,40.0,80.0,60.0,40.0,60.0,80.0,60.0,60.0,40.0,40.0,80.0,60.0,80.0,60.0,60.0,80.0,60.0,60.0,60.0,40.0,40.0
2021,COVID (2020-2021),Sí,AFRO,Seychelles,SYC,48.0,60.0,33.0,80.0,56.0,True,,50.0,,,33.0,,,70.0,,,56.0,,,80.0,,20.0,,53.0,,,60.0,,,,60.0,,40.0,,53.0,,20.0,,80.0,80.0,20.0,,40.0,20.0,60.0,80.0,80.0,80.0,,20.0,20.0,20.0,60.0,60.0,60.0,80.0,40.0,60.0,20.0,40.0,40.0,20.0,80.0,40.0,80.0,40.0,20.0,60.0,80.0,60.0,80.0,60.0,40.0,80.0,20.0,20.0,20.0,20.0
2021,COVID (2020-2021),Sí,AFRO,Sierra Leone,SLE,51.0,40.0,67.0,80.0,44.0,True,,40.0,,,67.0,,,40.0,,,44.0,,,80.0,,40.0,,80.0,,,47.0,,,,40.0,,87.0,,40.0,,60.0,,40.0,60.0,20.0,,80.0,60.0,60.0,40.0,80.0,80.0,,40.0,40.0,80.0,60.0,40.0,40.0,60.0,20.0,40.0,80.0,60.0,40.0,60.0,40.0,60.0,20.0,40.0,40.0,40.0,60.0,80.0,80.0,100.0,80.0,20.0,20.0,20.0,40.0,40.0
2021,COVID (2020-2021),Sí,EMRO,Somalia,SOM,34.0,20.0,40.0,90.0,56.0,True,,20.0,,,40.0,,,20.0,,,56.0,,,90.0,,30.0,,40.0,,,60.0,,,,27.0,,20.0,,20.0,,20.0,,20.0,20.0,20.0,,60.0,40.0,20.0,60.0,100.0,80.0,,40.0,20.0,20.0,80.0,20.0,80.0,20.0,40.0,20.0,20.0,20.0,20.0,20.0,20.0,20.0,20.0,60.0,80.0,60.0,20.0,80.0,20.0,20.0,20.0,20.0,20.0,20.0,20.0,20.0
2021,COVID (2020-2021),Sí,AFRO,South Africa,ZAF,68.0,60.0,47.0,60.0,100.0,True,,20.0,,,47.0,,,100.0,,,100.0,,,60.0,,40.0,,67.0,,,80.0,,,,53.0,,100.0,,60.0,,60.0,,80.0,20.0,20.0,,40.0,80.0,100.0,100.0,40.0,80.0,,60.0,20.0,60.0,100.0,40.0,100.0,60.0,60.0,40.0,100.0,60.0,60.0,60.0,80.0,20.0,100.0,100.0,100.0,100.0,100.0,60.0,80.0,100.0,100.0,60.0,60.0,60.0,100.0,100.0
2021,COVID (2020-2021),Sí,AFRO,South Sudan,SSD,54.0,30.0,53.0,100.0,76.0,True,,30.0,,,53.0,,,30.0,,,76.0,,,100.0,,40.0,,67.0,,,60.0,,,,40.0,,80.0,,47.0,,80.0,,40.0,40.0,20.0,,60.0,40.0,40.0,80.0,100.0,100.0,,40.0,40.0,60.0,80.0,80.0,20.0,60.0,20.0,40.0,80.0,20.0,20.0,80.0,40.0,60.0,20.0,80.0,80.0,60.0,80.0,100.0,40.0,80.0,80.0,100.0,40.0,40.0,20.0,20.0
2021,COVID (2020-2021),Sí,EMRO,Sudan,SDN,44.0,50.0,73.0,50.0,52.0,True,,40.0,,,73.0,,,60.0,,,52.0,,,50.0,,30.0,,60.0,,,33.0,,,,33.0,,53.0,,40.0,,60.0,,20.0,60.0,20.0,,80.0,80.0,60.0,60.0,40.0,60.0,,20.0,40.0,60.0,40.0,20.0,40.0,60.0,20.0,20.0,60.0,60.0,40.0,60.0,20.0,60.0,60.0,40.0,40.0,60.0,60.0,60.0,60.0,40.0,60.0,20.0,20.0,20.0,40.0,40.0
2021,COVID (2020-2021),Sí,AFRO,Togo,TGO,57.0,50.0,27.0,100.0,96.0,True,,40.0,,,27.0,,,60.0,,,96.0,,,100.0,,70.0,,60.0,,,73.0,,,,60.0,,80.0,,67.0,,40.0,,40.0,40.0,40.0,,20.0,20.0,40.0,100.0,100.0,100.0,,80.0,60.0,60.0,100.0,40.0,80.0,60.0,60.0,60.0,80.0,60.0,80.0,40.0,40.0,40.0,80.0,100.0,100.0,80.0,100.0,60.0,60.0,80.0,80.0,60.0,20.0,20.0,20.0,20.0
2021,COVID (2020-2021),Sí,EMRO,Tunisia,TUN,66.0,50.0,80.0,100.0,88.0,True,,40.0,,,80.0,,,60.0,,,88.0,,,100.0,,50.0,,60.0,,,93.0,,,,47.0,,33.0,,60.0,,80.0,,80.0,60.0,20.0,,80.0,80.0,60.0,100.0,100.0,100.0,,80.0,20.0,20.0,100.0,100.0,80.0,40.0,60.0,40.0,20.0,80.0,40.0,80.0,80.0,80.0,60.0,80.0,80.0,100.0,80.0,100.0,60.0,60.0,20.0,60.0,80.0,80.0,40.0,40.0
2021,COVID (2020-2021),Sí,AFRO,Uganda,UGA,68.0,70.0,73.0,70.0,80.0,True,,80.0,,,73.0,,,60.0,,,80.0,,,70.0,,80.0,,73.0,,,67.0,,,,33.0,,80.0,,60.0,,60.0,,40.0,80.0,80.0,,60.0,80.0,60.0,80.0,80.0,60.0,,80.0,80.0,60.0,80.0,40.0,80.0,40.0,40.0,20.0,80.0,60.0,60.0,60.0,40.0,80.0,60.0,80.0,80.0,80.0,80.0,80.0,80.0,80.0,80.0,60.0,80.0,80.0,80.0,80.0
2021,COVID (2020-2021),Sí,AFRO,United Republic of Tanzania,TZA,56.0,55.0,60.0,50.0,64.0,True,,40.0,,,60.0,,,70.0,,,64.0,,,50.0,,20.0,,73.0,,,47.0,,,,67.0,,80.0,,67.0,,60.0,,40.0,60.0,20.0,,80.0,40.0,60.0,100.0,60.0,40.0,,20.0,20.0,60.0,60.0,20.0,60.0,80.0,60.0,60.0,80.0,60.0,60.0,60.0,40.0,60.0,80.0,40.0,60.0,80.0,40.0,80.0,80.0,80.0,80.0,80.0,40.0,40.0,60.0,60.0
2021,COVID (2020-2021),Sí,AFRO,Zambia,ZMB,56.0,40.0,53.0,70.0,56.0,True,,30.0,,,53.0,,,50.0,,,56.0,,,70.0,,30.0,,73.0,,,73.0,,,,67.0,,73.0,,67.0,,60.0,,80.0,40.0,20.0,,60.0,60.0,60.0,40.0,60.0,80.0,,40.0,20.0,60.0,80.0,60.0,80.0,80.0,60.0,60.0,60.0,60.0,60.0,60.0,80.0,40.0,40.0,60.0,60.0,60.0,60.0,80.0,80.0,80.0,80.0,80.0,20.0,20.0,40.0,40.0
2021,COVID (2020-2021),Sí,AFRO,Zimbabwe,ZWE,59.0,50.0,60.0,80.0,76.0,True,,50.0,,,60.0,,,50.0,,,76.0,,,80.0,,60.0,,60.0,,,53.0,,,,53.0,,87.0,,40.0,,60.0,,80.0,60.0,40.0,,60.0,60.0,60.0,80.0,80.0,80.0,,60.0,60.0,40.0,80.0,40.0,40.0,60.0,60.0,40.0,80.0,40.0,20.0,60.0,80.0,60.0,40.0,80.0,80.0,80.0,60.0,80.0,60.0,80.0,100.0,60.0,40.0,40.0,40.0,40.0
2021,COVID (2020-2021),Sí,WPRO,Australia,AUS,88.0,90.0,93.0,80.0,100.0,True,,100.0,,,93.0,,,80.0,,,100.0,,,80.0,,80.0,,80.0,,,100.0,,,,100.0,,87.0,,100.0,,60.0,,100.0,100.0,100.0,,80.0,100.0,100.0,100.0,80.0,80.0,,80.0,80.0,80.0,100.0,100.0,100.0,100.0,100.0,100.0,80.0,100.0,100.0,60.0,100.0,100.0,60.0,100.0,100.0,100.0,100.0,80.0,80.0,80.0,100.0,100.0,100.0,100.0,60.0,60.0
2021,COVID (2020-2021),Sí,WPRO,Cook Islands,COK,59.0,60.0,60.0,80.0,72.0,True,,50.0,,,60.0,,,70.0,,,72.0,,,80.0,,50.0,,87.0,,,73.0,,,,53.0,,87.0,,67.0,,20.0,,80.0,60.0,40.0,,60.0,60.0,60.0,80.0,80.0,80.0,,40.0,60.0,80.0,80.0,60.0,80.0,80.0,20.0,60.0,100.0,80.0,80.0,20.0,80.0,60.0,80.0,80.0,60.0,60.0,80.0,80.0,100.0,80.0,80.0,40.0,20.0,20.0,20.0,20.0
2021,COVID (2020-2021),Sí,WPRO,Fiji,FJI,54.0,35.0,27.0,80.0,84.0,True,,30.0,,,27.0,,,40.0,,,84.0,,,80.0,,30.0,,87.0,,,60.0,,,,27.0,,20.0,,60.0,,20.0,,80.0,20.0,40.0,,40.0,20.0,40.0,100.0,80.0,80.0,,40.0,20.0,100.0,100.0,40.0,40.0,40.0,20.0,20.0,20.0,40.0,40.0,20.0,80.0,20.0,40.0,80.0,40.0,100.0,100.0,80.0,80.0,20.0,20.0,100.0,80.0,80.0,80.0,80.0
2021,COVID (2020-2021),Sí,WPRO,Kiribati,KIR,64.0,50.0,33.0,100.0,64.0,True,,50.0,,,33.0,,,50.0,,,64.0,,,100.0,,70.0,,87.0,,,93.0,,,,73.0,,87.0,,0.0,,40.0,,60.0,60.0,40.0,,20.0,60.0,20.0,100.0,100.0,100.0,,60.0,80.0,80.0,100.0,100.0,80.0,100.0,40.0,80.0,80.0,0.0,0.0,40.0,60.0,20.0,80.0,60.0,40.0,60.0,60.0,80.0,100.0,100.0,80.0,0.0,60.0,60.0,100.0,100.0
2021,COVID (2020-2021),No,WPRO,Marshall Islands,MHL,,,,,,False,,,,,,,,,,,,,,,,,,,,,,,,,,,,,,,,,,,,,,,,,,,,,,,,,,,,,,,,,,,,,,,,,,,,,,,,
2021,COVID (2020-2021),Sí,WPRO,Micronesia,FSM,43.0,45.0,20.0,80.0,76.0,True,,60.0,,,20.0,,,30.0,,,76.0,,,80.0,,20.0,,73.0,,,60.0,,,,53.0,,20.0,,53.0,,20.0,,40.0,60.0,60.0,,20.0,20.0,40.0,100.0,80.0,80.0,,20.0,20.0,60.0,60.0,60.0,60.0,60.0,40.0,60.0,20.0,60.0,60.0,20.0,40.0,20.0,20.0,80.0,80.0,60.0,60.0,80.0,80.0,20.0,20.0,40.0,20.0,20.0,20.0,20.0
2021,COVID (2020-2021),No,WPRO,Nauru,NRU,,,,,,False,,,,,,,,,,,,,,,,,,,,,,,,,,,,,,,,,,,,,,,,,,,,,,,,,,,,,,,,,,,,,,,,,,,,,,,,
2021,COVID (2020-2021),Sí,WPRO,New Zealand,NZL,85.0,95.0,93.0,80.0,84.0,True,,100.0,,,93.0,,,90.0,,,84.0,,,80.0,,70.0,,87.0,,,93.0,,,,67.0,,100.0,,93.0,,60.0,,80.0,100.0,100.0,,100.0,100.0,80.0,80.0,80.0,80.0,,60.0,80.0,80.0,100.0,100.0,80.0,60.0,60.0,80.0,100.0,100.0,100.0,60.0,80.0,80.0,100.0,80.0,80.0,100.0,80.0,100.0,80.0,100.0,100.0,80.0,100.0,100.0,80.0,80.0
2021,COVID (2020-2021),No,WPRO,Niue,NIU,,,,,,False,,,,,,,,,,,,,,,,,,,,,,,,,,,,,,,,,,,,,,,,,,,,,,,,,,,,,,,,,,,,,,,,,,,,,,,,
2021,COVID (2020-2021),Sí,WPRO,Palau,PLW,47.0,35.0,53.0,60.0,48.0,True,,40.0,,,53.0,,,30.0,,,48.0,,,60.0,,40.0,,73.0,,,73.0,,,,40.0,,80.0,,27.0,,20.0,,40.0,60.0,20.0,,40.0,60.0,40.0,60.0,60.0,60.0,,20.0,60.0,60.0,80.0,60.0,80.0,40.0,20.0,60.0,80.0,0.0,0.0,20.0,40.0,60.0,20.0,60.0,40.0,60.0,20.0,80.0,80.0,80.0,80.0,80.0,40.0,40.0,40.0,40.0
2021,COVID (2020-2021),No,WPRO,Papua New Guinea,PNG,,,,,,False,,,,,,,,,,,,,,,,,,,,,,,,,,,,,,,,,,,,,,,,,,,,,,,,,,,,,,,,,,,,,,,,,,,,,,,,
2021,COVID (2020-2021),Sí,WPRO,Samoa,WSM,49.0,50.0,33.0,80.0,64.0,True,,80.0,,,33.0,,,20.0,,,64.0,,,80.0,,50.0,,67.0,,,73.0,,,,33.0,,73.0,,100.0,,20.0,,40.0,80.0,80.0,,40.0,40.0,20.0,60.0,80.0,80.0,,80.0,20.0,60.0,80.0,80.0,60.0,40.0,20.0,40.0,60.0,100.0,100.0,20.0,40.0,20.0,20.0,60.0,80.0,60.0,60.0,80.0,60.0,80.0,80.0,100.0,0.0,0.0,0.0,0.0
2021,COVID (2020-2021),Sí,WPRO,Solomon Islands,SLB,51.0,55.0,60.0,80.0,64.0,True,,50.0,,,60.0,,,60.0,,,64.0,,,80.0,,60.0,,73.0,,,60.0,,,,47.0,,80.0,,47.0,,20.0,,20.0,60.0,40.0,,60.0,60.0,60.0,60.0,80.0,80.0,,60.0,60.0,80.0,60.0,60.0,60.0,60.0,40.0,40.0,80.0,40.0,40.0,20.0,20.0,60.0,60.0,40.0,60.0,80.0,80.0,80.0,60.0,80.0,80.0,60.0,20.0,20.0,20.0,20.0
2021,COVID (2020-2021),Sí,WPRO,Tonga,TON,55.0,70.0,53.0,60.0,88.0,True,,60.0,,,53.0,,,80.0,,,88.0,,,60.0,,50.0,,67.0,,,67.0,,,,60.0,,60.0,,67.0,,20.0,,20.0,60.0,60.0,,20.0,80.0,80.0,100.0,60.0,60.0,,80.0,20.0,60.0,80.0,60.0,60.0,60.0,60.0,60.0,60.0,100.0,60.0,20.0,20.0,60.0,80.0,100.0,100.0,60.0,80.0,80.0,60.0,60.0,60.0,40.0,0.0,0.0,80.0,80.0
2021,COVID (2020-2021),Sí,WPRO,Tuvalu,TUV,61.0,50.0,40.0,70.0,60.0,True,,60.0,,,40.0,,,40.0,,,60.0,,,70.0,,60.0,,100.0,,,80.0,,,,93.0,,73.0,,40.0,,80.0,,80.0,60.0,60.0,,40.0,40.0,40.0,60.0,60.0,80.0,,60.0,60.0,100.0,40.0,100.0,100.0,100.0,80.0,100.0,60.0,40.0,60.0,80.0,80.0,40.0,40.0,80.0,80.0,60.0,20.0,100.0,100.0,80.0,80.0,20.0,20.0,20.0,20.0,20.0
2021,COVID (2020-2021),Sí,WPRO,Vanuatu,VUT,74.0,65.0,80.0,100.0,84.0,True,,60.0,,,80.0,,,70.0,,,84.0,,,100.0,,80.0,,93.0,,,80.0,,,,67.0,,100.0,,60.0,,40.0,,80.0,60.0,60.0,,80.0,80.0,60.0,80.0,100.0,100.0,,80.0,80.0,100.0,80.0,80.0,80.0,80.0,60.0,60.0,100.0,60.0,60.0,40.0,80.0,80.0,80.0,100.0,100.0,60.0,80.0,100.0,80.0,100.0,100.0,60.0,60.0,60.0,60.0,60.0
2021,COVID (2020-2021),Sí,AMRO,Antigua and Barbuda,ATG,52.0,40.0,40.0,80.0,64.0,True,,40.0,,,40.0,,,40.0,,,64.0,,,80.0,,50.0,,60.0,,,60.0,,,,40.0,,33.0,,73.0,,60.0,,80.0,60.0,20.0,,40.0,60.0,40.0,80.0,80.0,80.0,,80.0,20.0,20.0,60.0,80.0,40.0,60.0,20.0,40.0,20.0,80.0,60.0,60.0,80.0,20.0,40.0,60.0,40.0,60.0,80.0,80.0,80.0,60.0,20.0,80.0,20.0,20.0,40.0,40.0
2021,COVID (2020-2021),Sí,AMRO,Argentina,ARG,65.0,65.0,40.0,70.0,72.0,True,,50.0,,,40.0,,,80.0,,,72.0,,,70.0,,50.0,,60.0,,,67.0,,,,67.0,,60.0,,80.0,,80.0,,80.0,60.0,40.0,,60.0,40.0,80.0,80.0,60.0,80.0,,60.0,40.0,60.0,80.0,60.0,60.0,60.0,100.0,40.0,40.0,80.0,80.0,80.0,80.0,20.0,80.0,20.0,80.0,100.0,80.0,60.0,60.0,80.0,60.0,80.0,60.0,60.0,60.0,60.0
2021,COVID (2020-2021),Sí,AMRO,Bahamas,BHS,55.0,40.0,80.0,70.0,64.0,True,,30.0,,,80.0,,,50.0,,,64.0,,,70.0,,50.0,,80.0,,,47.0,,,,53.0,,47.0,,93.0,,60.0,,60.0,40.0,20.0,,80.0,80.0,60.0,80.0,80.0,60.0,,80.0,20.0,80.0,80.0,0.0,60.0,20.0,60.0,80.0,80.0,80.0,100.0,60.0,60.0,80.0,40.0,40.0,60.0,60.0,80.0,80.0,80.0,40.0,20.0,100.0,20.0,20.0,20.0,20.0
2021,COVID (2020-2021),No,AMRO,Barbados,BRB,,,,,,False,,,,,,,,,,,,,,,,,,,,,,,,,,,,,,,,,,,,,,,,,,,,,,,,,,,,,,,,,,,,,,,,,,,,,,,,
2021,COVID (2020-2021),Sí,AMRO,Belize,BLZ,46.0,25.0,33.0,70.0,40.0,True,,20.0,,,33.0,,,30.0,,,40.0,,,70.0,,30.0,,80.0,,,40.0,,,,60.0,,27.0,,80.0,,40.0,,80.0,20.0,20.0,,60.0,20.0,40.0,60.0,40.0,100.0,,40.0,20.0,80.0,60.0,40.0,20.0,80.0,40.0,60.0,20.0,80.0,80.0,40.0,80.0,20.0,20.0,20.0,40.0,60.0,20.0,80.0,80.0,40.0,20.0,80.0,20.0,20.0,40.0,40.0
2021,COVID (2020-2021),Sí,AMRO,Bolivia (Plurinational State of),BOL,56.0,40.0,47.0,80.0,52.0,True,,20.0,,,47.0,,,60.0,,,52.0,,,80.0,,50.0,,87.0,,,80.0,,,,47.0,,73.0,,40.0,,80.0,,20.0,20.0,20.0,,60.0,60.0,40.0,40.0,80.0,80.0,,60.0,40.0,80.0,80.0,80.0,80.0,40.0,60.0,40.0,80.0,40.0,40.0,80.0,20.0,20.0,80.0,60.0,20.0,80.0,60.0,80.0,100.0,60.0,80.0,40.0,40.0,40.0,60.0,60.0
2021,COVID (2020-2021),Sí,AMRO,Brazil,BRA,87.0,85.0,87.0,100.0,96.0,True,,90.0,,,87.0,,,80.0,,,96.0,,,100.0,,90.0,,80.0,,,80.0,,,,80.0,,80.0,,67.0,,80.0,,100.0,100.0,80.0,,100.0,80.0,80.0,80.0,100.0,100.0,,100.0,80.0,80.0,80.0,80.0,80.0,100.0,80.0,60.0,80.0,60.0,60.0,80.0,100.0,80.0,80.0,100.0,100.0,100.0,100.0,80.0,80.0,80.0,80.0,80.0,100.0,100.0,100.0,100.0
2021,COVID (2020-2021),Sí,AMRO,Canada,CAN,97.0,80.0,100.0,100.0,100.0,True,,60.0,,,100.0,,,100.0,,,100.0,,,100.0,,90.0,,100.0,,,100.0,,,,100.0,,100.0,,100.0,,100.0,,100.0,100.0,20.0,,100.0,100.0,100.0,100.0,100.0,100.0,,100.0,80.0,100.0,100.0,100.0,100.0,100.0,100.0,100.0,100.0,100.0,100.0,100.0,100.0,100.0,100.0,100.0,100.0,100.0,100.0,100.0,100.0,100.0,100.0,100.0,100.0,100.0,100.0,100.0
2021,COVID (2020-2021),Sí,AMRO,Chile,CHL,73.0,65.0,80.0,80.0,80.0,True,,50.0,,,80.0,,,80.0,,,80.0,,,80.0,,50.0,,80.0,,,80.0,,,,80.0,,40.0,,80.0,,80.0,,80.0,80.0,20.0,,80.0,80.0,60.0,80.0,80.0,80.0,,60.0,40.0,80.0,100.0,60.0,80.0,80.0,100.0,60.0,40.0,80.0,80.0,80.0,80.0,80.0,100.0,40.0,80.0,100.0,100.0,80.0,80.0,20.0,60.0,80.0,80.0,80.0,80.0,80.0
2021,COVID (2020-2021),Sí,AMRO,Colombia,COL,69.0,55.0,80.0,80.0,84.0,True,,60.0,,,80.0,,,50.0,,,84.0,,,80.0,,40.0,,73.0,,,93.0,,,,67.0,,33.0,,93.0,,80.0,,80.0,100.0,20.0,,80.0,80.0,40.0,100.0,80.0,80.0,,60.0,20.0,60.0,100.0,100.0,80.0,60.0,60.0,80.0,20.0,100.0,100.0,80.0,80.0,80.0,60.0,60.0,80.0,80.0,100.0,80.0,80.0,60.0,20.0,80.0,60.0,60.0,60.0,60.0
2021,COVID (2020-2021),Sí,AMRO,Costa Rica,CRI,67.0,35.0,80.0,80.0,88.0,True,,20.0,,,80.0,,,50.0,,,88.0,,,80.0,,80.0,,67.0,,,67.0,,,,53.0,,67.0,,67.0,,80.0,,80.0,20.0,20.0,,80.0,80.0,20.0,100.0,80.0,80.0,,80.0,80.0,40.0,60.0,60.0,80.0,60.0,40.0,60.0,40.0,60.0,60.0,80.0,80.0,80.0,80.0,100.0,80.0,80.0,80.0,80.0,80.0,80.0,80.0,80.0,60.0,60.0,60.0,60.0
2021,COVID (2020-2021),Sí,AMRO,Cuba,CUB,95.0,85.0,100.0,100.0,100.0,True,,70.0,,,100.0,,,100.0,,,100.0,,,100.0,,100.0,,100.0,,,100.0,,,,100.0,,100.0,,100.0,,100.0,,100.0,40.0,100.0,,100.0,100.0,100.0,100.0,100.0,100.0,,100.0,100.0,100.0,100.0,100.0,100.0,100.0,100.0,100.0,100.0,100.0,100.0,100.0,100.0,100.0,100.0,100.0,100.0,100.0,100.0,100.0,100.0,100.0,100.0,100.0,100.0,100.0,60.0,60.0
2021,COVID (2020-2021),Sí,AMRO,Dominica,DMA,63.0,45.0,73.0,60.0,76.0,True,,40.0,,,73.0,,,50.0,,,76.0,,,60.0,,60.0,,80.0,,,80.0,,,,60.0,,67.0,,80.0,,80.0,,80.0,40.0,40.0,,80.0,80.0,40.0,80.0,40.0,80.0,,60.0,60.0,80.0,80.0,80.0,80.0,60.0,60.0,60.0,60.0,80.0,80.0,80.0,80.0,60.0,60.0,80.0,60.0,80.0,80.0,80.0,80.0,80.0,60.0,80.0,40.0,40.0,20.0,20.0
2021,COVID (2020-2021),Sí,AMRO,Dominican Republic,DOM,65.0,45.0,73.0,90.0,60.0,True,,50.0,,,73.0,,,40.0,,,60.0,,,90.0,,60.0,,60.0,,,80.0,,,,40.0,,73.0,,53.0,,80.0,,80.0,80.0,20.0,,80.0,80.0,40.0,60.0,100.0,80.0,,60.0,60.0,20.0,60.0,80.0,100.0,40.0,60.0,20.0,100.0,80.0,40.0,80.0,80.0,60.0,40.0,40.0,60.0,80.0,60.0,80.0,80.0,20.0,100.0,40.0,100.0,100.0,40.0,40.0
2021,COVID (2020-2021),Sí,AMRO,Ecuador,ECU,66.0,40.0,73.0,80.0,80.0,True,,30.0,,,73.0,,,50.0,,,80.0,,,80.0,,50.0,,80.0,,,53.0,,,,47.0,,67.0,,80.0,,80.0,,80.0,40.0,20.0,,60.0,80.0,40.0,80.0,80.0,80.0,,80.0,20.0,80.0,80.0,40.0,40.0,20.0,60.0,60.0,40.0,80.0,80.0,80.0,80.0,80.0,60.0,80.0,80.0,80.0,80.0,80.0,80.0,80.0,80.0,80.0,80.0,80.0,60.0,60.0
2021,COVID (2020-2021),Sí,AMRO,El Salvador,SLV,94.0,90.0,87.0,100.0,100.0,True,,80.0,,,87.0,,,100.0,,,100.0,,,100.0,,100.0,,100.0,,,100.0,,,,67.0,,100.0,,100.0,,80.0,,100.0,80.0,80.0,,100.0,80.0,100.0,100.0,100.0,100.0,,100.0,100.0,100.0,100.0,100.0,100.0,60.0,60.0,80.0,100.0,100.0,100.0,80.0,100.0,80.0,100.0,100.0,100.0,100.0,100.0,100.0,100.0,100.0,100.0,100.0,100.0,100.0,100.0,100.0
2021,COVID (2020-2021),No,AMRO,Grenada,GRD,,,,,,False,,,,,,,,,,,,,,,,,,,,,,,,,,,,,,,,,,,,,,,,,,,,,,,,,,,,,,,,,,,,,,,,,,,,,,,,
2021,COVID (2020-2021),Sí,AMRO,Guatemala,GTM,45.0,35.0,33.0,80.0,48.0,True,,50.0,,,33.0,,,20.0,,,48.0,,,80.0,,30.0,,33.0,,,93.0,,,,27.0,,20.0,,80.0,,20.0,,40.0,40.0,60.0,,20.0,40.0,20.0,40.0,80.0,80.0,,40.0,20.0,20.0,100.0,100.0,80.0,20.0,20.0,40.0,20.0,80.0,80.0,20.0,40.0,40.0,20.0,40.0,40.0,60.0,60.0,60.0,20.0,20.0,20.0,80.0,60.0,60.0,40.0,40.0
2021,COVID (2020-2021),Sí,AMRO,Guyana,GUY,93.0,100.0,87.0,100.0,88.0,True,,100.0,,,87.0,,,100.0,,,88.0,,,100.0,,80.0,,100.0,,,100.0,,,,93.0,,100.0,,100.0,,100.0,,80.0,100.0,100.0,,80.0,80.0,100.0,80.0,100.0,100.0,,80.0,80.0,100.0,100.0,100.0,100.0,100.0,80.0,100.0,100.0,100.0,100.0,100.0,80.0,100.0,100.0,100.0,80.0,80.0,100.0,100.0,100.0,100.0,100.0,100.0,80.0,80.0,80.0,80.0
2021,COVID (2020-2021),Sí,AMRO,Haiti,HTI,54.0,45.0,53.0,100.0,72.0,True,,40.0,,,53.0,,,50.0,,,72.0,,,100.0,,90.0,,60.0,,,73.0,,,,33.0,,47.0,,33.0,,80.0,,40.0,20.0,60.0,,40.0,60.0,40.0,80.0,100.0,100.0,,100.0,80.0,20.0,80.0,80.0,60.0,20.0,60.0,20.0,40.0,20.0,20.0,80.0,40.0,60.0,60.0,40.0,60.0,80.0,100.0,80.0,80.0,60.0,40.0,60.0,20.0,20.0,20.0,20.0
2021,COVID (2020-2021),Sí,AMRO,Honduras,HND,58.0,55.0,73.0,70.0,84.0,True,,40.0,,,73.0,,,70.0,,,84.0,,,70.0,,40.0,,60.0,,,47.0,,,,47.0,,73.0,,60.0,,80.0,,80.0,40.0,40.0,,60.0,80.0,60.0,80.0,80.0,60.0,,60.0,20.0,20.0,80.0,40.0,20.0,60.0,60.0,20.0,60.0,60.0,40.0,80.0,80.0,80.0,80.0,80.0,80.0,100.0,80.0,80.0,80.0,80.0,80.0,80.0,20.0,20.0,20.0,20.0
2021,COVID (2020-2021),Sí,AMRO,Jamaica,JAM,88.0,100.0,100.0,100.0,92.0,True,,100.0,,,100.0,,,100.0,,,92.0,,,100.0,,80.0,,93.0,,,80.0,,,,73.0,,100.0,,87.0,,80.0,,80.0,100.0,100.0,,100.0,100.0,100.0,100.0,100.0,100.0,,80.0,80.0,100.0,100.0,60.0,80.0,80.0,80.0,60.0,100.0,80.0,80.0,80.0,80.0,100.0,100.0,100.0,60.0,100.0,100.0,100.0,80.0,100.0,100.0,100.0,80.0,80.0,80.0,80.0
2021,COVID (2020-2021),Sí,AMRO,Mexico,MEX,84.0,75.0,87.0,100.0,96.0,True,,60.0,,,87.0,,,90.0,,,96.0,,,100.0,,90.0,,87.0,,,87.0,,,,73.0,,87.0,,87.0,,80.0,,80.0,60.0,60.0,,100.0,80.0,100.0,100.0,100.0,100.0,,80.0,100.0,60.0,80.0,100.0,80.0,60.0,60.0,100.0,80.0,100.0,80.0,80.0,80.0,80.0,80.0,80.0,100.0,100.0,100.0,100.0,100.0,100.0,80.0,80.0,80.0,80.0,80.0,80.0
2021,COVID (2020-2021),Sí,AMRO,Nicaragua,NIC,78.0,75.0,93.0,100.0,72.0,True,,90.0,,,93.0,,,60.0,,,72.0,,,100.0,,90.0,,100.0,,,100.0,,,,60.0,,100.0,,27.0,,60.0,,80.0,80.0,100.0,,80.0,100.0,20.0,80.0,100.0,100.0,,80.0,100.0,100.0,100.0,100.0,100.0,80.0,40.0,60.0,100.0,0.0,0.0,60.0,80.0,100.0,100.0,80.0,20.0,80.0,100.0,100.0,100.0,100.0,100.0,80.0,40.0,40.0,100.0,100.0
2021,COVID (2020-2021),Sí,AMRO,Panama,PAN,76.0,55.0,60.0,90.0,96.0,True,,50.0,,,60.0,,,60.0,,,96.0,,,90.0,,90.0,,87.0,,,73.0,,,,80.0,,80.0,,80.0,,80.0,,80.0,60.0,40.0,,60.0,80.0,40.0,80.0,80.0,100.0,,80.0,100.0,80.0,80.0,60.0,80.0,80.0,100.0,60.0,80.0,80.0,80.0,80.0,80.0,40.0,80.0,100.0,100.0,100.0,100.0,80.0,100.0,80.0,80.0,80.0,80.0,80.0,60.0,60.0
2021,COVID (2020-2021),Sí,AMRO,Paraguay,PRY,56.0,40.0,53.0,70.0,72.0,True,,40.0,,,53.0,,,40.0,,,72.0,,,70.0,,50.0,,60.0,,,67.0,,,,33.0,,60.0,,80.0,,20.0,,80.0,60.0,20.0,,60.0,80.0,40.0,60.0,80.0,60.0,,60.0,40.0,60.0,80.0,40.0,80.0,40.0,40.0,20.0,80.0,80.0,80.0,20.0,80.0,20.0,40.0,60.0,80.0,80.0,80.0,60.0,60.0,80.0,20.0,80.0,60.0,60.0,60.0,60.0
2021,COVID (2020-2021),Sí,AMRO,Peru,PER,39.0,25.0,33.0,80.0,48.0,True,,20.0,,,33.0,,,30.0,,,48.0,,,80.0,,30.0,,47.0,,,20.0,,,,40.0,,20.0,,33.0,,20.0,,20.0,20.0,20.0,,40.0,40.0,40.0,60.0,80.0,80.0,,40.0,20.0,20.0,20.0,20.0,20.0,20.0,80.0,20.0,20.0,40.0,40.0,20.0,20.0,20.0,20.0,40.0,20.0,60.0,60.0,100.0,20.0,20.0,20.0,20.0,40.0,40.0,100.0,100.0
2021,COVID (2020-2021),Sí,AMRO,Saint Kitts and Nevis,KNA,66.0,45.0,73.0,90.0,56.0,True,,40.0,,,73.0,,,50.0,,,56.0,,,90.0,,40.0,,80.0,,,80.0,,,,80.0,,87.0,,80.0,,80.0,,80.0,60.0,20.0,,80.0,80.0,40.0,80.0,100.0,80.0,,60.0,20.0,80.0,80.0,80.0,80.0,80.0,80.0,80.0,80.0,80.0,80.0,80.0,80.0,60.0,60.0,80.0,40.0,60.0,20.0,80.0,80.0,100.0,80.0,80.0,40.0,40.0,40.0,40.0
2021,COVID (2020-2021),Sí,AMRO,Saint Lucia,LCA,59.0,45.0,67.0,80.0,64.0,True,,60.0,,,67.0,,,30.0,,,64.0,,,80.0,,50.0,,80.0,,,60.0,,,,33.0,,53.0,,93.0,,80.0,,80.0,80.0,40.0,,80.0,80.0,40.0,80.0,80.0,80.0,,80.0,20.0,80.0,80.0,80.0,20.0,40.0,20.0,40.0,80.0,100.0,100.0,80.0,80.0,40.0,20.0,40.0,40.0,80.0,80.0,80.0,80.0,60.0,20.0,80.0,40.0,40.0,20.0,20.0
2021,COVID (2020-2021),Sí,AMRO,Saint Vincent and the Grenadines,VCT,22.0,20.0,20.0,20.0,36.0,True,,20.0,,,20.0,,,20.0,,,36.0,,,20.0,,20.0,,20.0,,,33.0,,,,20.0,,20.0,,20.0,,20.0,,20.0,20.0,20.0,,20.0,20.0,20.0,60.0,20.0,20.0,,20.0,20.0,20.0,20.0,60.0,20.0,20.0,20.0,20.0,20.0,20.0,20.0,20.0,20.0,20.0,20.0,20.0,20.0,60.0,20.0,20.0,20.0,20.0,20.0,20.0,20.0,20.0,20.0,20.0
2021,COVID (2020-2021),Sí,AMRO,Suriname,SUR,46.0,55.0,47.0,70.0,76.0,True,,60.0,,,47.0,,,50.0,,,76.0,,,70.0,,60.0,,60.0,,,67.0,,,,73.0,,33.0,,20.0,,20.0,,20.0,40.0,80.0,,60.0,60.0,40.0,60.0,80.0,60.0,,80.0,40.0,60.0,80.0,60.0,60.0,80.0,80.0,60.0,20.0,20.0,20.0,20.0,20.0,20.0,60.0,80.0,80.0,80.0,80.0,60.0,60.0,60.0,20.0,20.0,20.0,20.0,20.0,20.0
2021,COVID (2020-2021),No,AMRO,Trinidad and Tobago,TTO,,,,,,False,,,,,,,,,,,,,,,,,,,,,,,,,,,,,,,,,,,,,,,,,,,,,,,,,,,,,,,,,,,,,,,,,,,,,,,,
2021,COVID (2020-2021),Sí,AMRO,United States of America,USA,91.0,90.0,93.0,100.0,92.0,True,,80.0,,,93.0,,,100.0,,,92.0,,,100.0,,80.0,,100.0,,,93.0,,,,100.0,,87.0,,93.0,,80.0,,100.0,100.0,60.0,,100.0,100.0,100.0,100.0,100.0,100.0,,60.0,100.0,100.0,100.0,100.0,80.0,100.0,100.0,100.0,100.0,100.0,100.0,80.0,100.0,80.0,100.0,100.0,80.0,100.0,80.0,100.0,100.0,100.0,60.0,80.0,80.0,80.0,80.0,80.0
2021,COVID (2020-2021),Sí,AMRO,Uruguay,URY,65.0,50.0,67.0,90.0,60.0,True,,20.0,,,67.0,,,80.0,,,60.0,,,90.0,,60.0,,80.0,,,73.0,,,,73.0,,100.0,,67.0,,80.0,,20.0,20.0,20.0,,60.0,80.0,80.0,60.0,100.0,80.0,,60.0,60.0,80.0,60.0,100.0,60.0,60.0,80.0,80.0,100.0,40.0,80.0,80.0,20.0,60.0,80.0,40.0,60.0,80.0,60.0,80.0,80.0,100.0,100.0,80.0,60.0,60.0,40.0,40.0
2021,COVID (2020-2021),Sí,AMRO,Venezuela (Bolivarian Republic of),VEN,75.0,60.0,80.0,90.0,100.0,True,,30.0,,,80.0,,,90.0,,,100.0,,,90.0,,60.0,,80.0,,,67.0,,,,53.0,,67.0,,87.0,,80.0,,80.0,40.0,20.0,,60.0,100.0,80.0,100.0,100.0,80.0,,80.0,40.0,80.0,100.0,60.0,40.0,60.0,60.0,40.0,80.0,100.0,100.0,80.0,80.0,80.0,100.0,100.0,100.0,100.0,100.0,80.0,80.0,80.0,40.0,60.0,60.0,60.0,100.0,100.0
2021,COVID (2020-2021),Sí,EMRO,Afghanistan,AFG,41.0,30.0,60.0,80.0,52.0,True,,20.0,,,60.0,,,40.0,,,52.0,,,80.0,,30.0,,53.0,,,60.0,,,,47.0,,40.0,,27.0,,60.0,,20.0,20.0,20.0,,80.0,60.0,40.0,60.0,80.0,80.0,,40.0,20.0,40.0,60.0,60.0,60.0,60.0,40.0,40.0,20.0,20.0,40.0,60.0,20.0,40.0,40.0,60.0,20.0,60.0,60.0,80.0,40.0,60.0,40.0,20.0,20.0,20.0,0.0,0.0
2021,COVID (2020-2021),Sí,EURO,Armenia,ARM,84.0,70.0,100.0,100.0,80.0,True,,60.0,,,100.0,,,80.0,,,80.0,,,100.0,,80.0,,67.0,,,80.0,,,,100.0,,80.0,,80.0,,100.0,,60.0,100.0,20.0,,100.0,100.0,80.0,80.0,100.0,100.0,,100.0,60.0,40.0,80.0,80.0,80.0,100.0,100.0,100.0,80.0,80.0,80.0,100.0,60.0,100.0,80.0,60.0,80.0,100.0,80.0,80.0,80.0,80.0,80.0,80.0,100.0,100.0,100.0,100.0
2021,COVID (2020-2021),Sí,EURO,Azerbaijan,AZE,84.0,90.0,87.0,100.0,76.0,True,,80.0,,,87.0,,,100.0,,,76.0,,,100.0,,90.0,,93.0,,,87.0,,,,47.0,,100.0,,80.0,,80.0,,80.0,80.0,80.0,,80.0,100.0,100.0,80.0,100.0,100.0,,80.0,100.0,100.0,100.0,80.0,80.0,40.0,60.0,40.0,100.0,80.0,80.0,80.0,80.0,80.0,100.0,60.0,80.0,80.0,80.0,100.0,80.0,100.0,100.0,80.0,80.0,80.0,80.0,80.0
2021,COVID (2020-2021),Sí,EMRO,Bahrain,BHR,80.0,100.0,67.0,100.0,96.0,True,,100.0,,,67.0,,,100.0,,,96.0,,,100.0,,70.0,,80.0,,,100.0,,,,73.0,,80.0,,100.0,,40.0,,100.0,100.0,100.0,,80.0,80.0,100.0,100.0,100.0,100.0,,40.0,100.0,80.0,100.0,100.0,100.0,80.0,40.0,100.0,80.0,100.0,100.0,40.0,100.0,40.0,100.0,80.0,100.0,100.0,100.0,80.0,80.0,80.0,80.0,100.0,40.0,40.0,60.0,60.0
2021,COVID (2020-2021),Sí,SEARO,Bangladesh,BGD,68.0,65.0,80.0,80.0,76.0,True,,60.0,,,80.0,,,70.0,,,76.0,,,80.0,,50.0,,73.0,,,80.0,,,,53.0,,67.0,,67.0,,80.0,,60.0,60.0,60.0,,80.0,80.0,60.0,100.0,80.0,80.0,,40.0,60.0,60.0,80.0,80.0,80.0,80.0,20.0,60.0,60.0,60.0,80.0,80.0,60.0,80.0,80.0,60.0,60.0,80.0,80.0,80.0,80.0,60.0,80.0,60.0,60.0,60.0,60.0,60.0
2021,COVID (2020-2021),Sí,SEARO,Bhutan,BTN,52.0,50.0,47.0,80.0,56.0,True,,30.0,,,47.0,,,70.0,,,56.0,,,80.0,,30.0,,53.0,,,67.0,,,,47.0,,73.0,,67.0,,60.0,,60.0,20.0,40.0,,40.0,40.0,60.0,60.0,80.0,80.0,,40.0,20.0,80.0,80.0,60.0,60.0,40.0,60.0,40.0,80.0,60.0,80.0,60.0,60.0,60.0,80.0,60.0,60.0,40.0,60.0,20.0,60.0,80.0,60.0,60.0,20.0,20.0,20.0,20.0
2021,COVID (2020-2021),No,WPRO,Brunei Darussalam,BRN,,,,,,False,,,,,,,,,,,,,,,,,,,,,,,,,,,,,,,,,,,,,,,,,,,,,,,,,,,,,,,,,,,,,,,,,,,,,,,,
2021,COVID (2020-2021),Sí,WPRO,Cambodia,KHM,57.0,60.0,73.0,80.0,60.0,True,,70.0,,,73.0,,,50.0,,,60.0,,,80.0,,60.0,,40.0,,,53.0,,,,53.0,,73.0,,47.0,,60.0,,60.0,60.0,80.0,,80.0,60.0,60.0,80.0,80.0,80.0,,80.0,40.0,20.0,80.0,20.0,60.0,60.0,40.0,60.0,60.0,40.0,40.0,60.0,60.0,80.0,40.0,60.0,60.0,60.0,40.0,80.0,20.0,80.0,80.0,60.0,40.0,40.0,40.0,40.0
2021,COVID (2020-2021),Sí,WPRO,China,CHN,94.0,90.0,93.0,100.0,88.0,True,,90.0,,,93.0,,,90.0,,,88.0,,,100.0,,100.0,,80.0,,,100.0,,,,100.0,,87.0,,100.0,,100.0,,80.0,100.0,80.0,,100.0,100.0,100.0,80.0,100.0,100.0,,100.0,100.0,80.0,100.0,100.0,100.0,100.0,100.0,100.0,80.0,100.0,100.0,100.0,80.0,80.0,80.0,100.0,80.0,100.0,80.0,80.0,80.0,80.0,100.0,100.0,100.0,100.0,100.0,100.0
2021,COVID (2020-2021),Sí,EURO,Cyprus,CYP,64.0,35.0,80.0,90.0,56.0,True,,20.0,,,80.0,,,50.0,,,56.0,,,90.0,,80.0,,80.0,,,67.0,,,,47.0,,60.0,,67.0,,80.0,,100.0,20.0,20.0,,40.0,100.0,20.0,100.0,100.0,80.0,,80.0,80.0,80.0,80.0,60.0,60.0,40.0,40.0,60.0,80.0,60.0,100.0,80.0,100.0,100.0,80.0,40.0,60.0,60.0,20.0,80.0,80.0,80.0,20.0,40.0,40.0,40.0,40.0,40.0
2021,COVID (2020-2021),Sí,SEARO,Democratic People's Republic of Korea,PRK,77.0,80.0,93.0,90.0,72.0,True,,80.0,,,93.0,,,80.0,,,72.0,,,90.0,,80.0,,80.0,,,87.0,,,,80.0,,80.0,,87.0,,80.0,,40.0,80.0,80.0,,80.0,100.0,80.0,60.0,100.0,80.0,,80.0,80.0,80.0,100.0,80.0,80.0,60.0,100.0,80.0,80.0,100.0,80.0,80.0,40.0,100.0,80.0,60.0,80.0,60.0,100.0,80.0,80.0,80.0,80.0,80.0,60.0,60.0,60.0,60.0
2021,COVID (2020-2021),Sí,EURO,Georgia,GEO,63.0,55.0,73.0,90.0,84.0,True,,40.0,,,73.0,,,70.0,,,84.0,,,90.0,,40.0,,67.0,,,67.0,,,,60.0,,40.0,,47.0,,80.0,,40.0,60.0,20.0,,60.0,80.0,60.0,80.0,100.0,80.0,,60.0,20.0,60.0,60.0,60.0,80.0,60.0,60.0,60.0,40.0,40.0,40.0,80.0,40.0,80.0,80.0,100.0,60.0,100.0,80.0,80.0,60.0,40.0,40.0,60.0,100.0,100.0,40.0,40.0
2021,COVID (2020-2021),Sí,SEARO,India,IND,84.0,70.0,87.0,100.0,80.0,True,,40.0,,,87.0,,,100.0,,,80.0,,,100.0,,100.0,,100.0,,,87.0,,,,47.0,,100.0,,100.0,,80.0,,60.0,80.0,0.0,,80.0,100.0,100.0,60.0,100.0,100.0,,100.0,100.0,100.0,100.0,80.0,80.0,40.0,60.0,40.0,100.0,100.0,100.0,80.0,60.0,80.0,100.0,80.0,80.0,100.0,80.0,100.0,100.0,100.0,100.0,100.0,80.0,80.0,100.0,100.0
2021,COVID (2020-2021),Sí,WPRO,Indonesia,IDN,64.0,55.0,60.0,90.0,72.0,True,,40.0,,,60.0,,,70.0,,,72.0,,,90.0,,60.0,,73.0,,,80.0,,,,60.0,,80.0,,73.0,,60.0,,40.0,40.0,40.0,,40.0,60.0,60.0,60.0,100.0,80.0,,60.0,60.0,60.0,80.0,80.0,80.0,60.0,60.0,60.0,80.0,80.0,80.0,60.0,40.0,80.0,80.0,80.0,80.0,60.0,80.0,60.0,100.0,80.0,80.0,60.0,40.0,40.0,60.0,60.0
2021,COVID (2020-2021),Sí,EMRO,Iran (Islamic Republic of),IRN,86.0,90.0,93.0,90.0,92.0,True,,100.0,,,93.0,,,80.0,,,92.0,,,90.0,,90.0,,100.0,,,93.0,,,,73.0,,73.0,,87.0,,80.0,,80.0,100.0,100.0,,100.0,100.0,80.0,100.0,80.0,100.0,,80.0,100.0,100.0,100.0,100.0,80.0,80.0,60.0,80.0,80.0,100.0,80.0,80.0,80.0,80.0,80.0,100.0,80.0,80.0,100.0,100.0,100.0,60.0,80.0,80.0,100.0,100.0,60.0,60.0
2021,COVID (2020-2021),Sí,EMRO,Iraq,IRQ,48.0,40.0,67.0,60.0,60.0,True,,50.0,,,67.0,,,30.0,,,60.0,,,60.0,,40.0,,40.0,,,40.0,,,,33.0,,67.0,,53.0,,60.0,,40.0,60.0,40.0,,60.0,80.0,40.0,80.0,40.0,80.0,,40.0,40.0,40.0,40.0,40.0,40.0,40.0,40.0,20.0,80.0,40.0,60.0,60.0,40.0,60.0,20.0,40.0,60.0,40.0,80.0,60.0,20.0,80.0,40.0,60.0,40.0,40.0,40.0,40.0
2021,COVID (2020-2021),No,EURO,Israel,ISR,,,,,,False,,,,,,,,,,,,,,,,,,,,,,,,,,,,,,,,,,,,,,,,,,,,,,,,,,,,,,,,,,,,,,,,,,,,,,,,
2021,COVID (2020-2021),Sí,WPRO,Japan,JPN,98.0,85.0,100.0,100.0,100.0,True,,70.0,,,100.0,,,100.0,,,100.0,,,100.0,,100.0,,100.0,,,100.0,,,,100.0,,100.0,,100.0,,100.0,,100.0,100.0,40.0,,100.0,100.0,100.0,100.0,100.0,100.0,,100.0,100.0,100.0,100.0,100.0,100.0,100.0,100.0,100.0,100.0,100.0,100.0,100.0,100.0,100.0,100.0,100.0,100.0,100.0,100.0,100.0,100.0,100.0,100.0,100.0,100.0,100.0,100.0,100.0
2021,COVID (2020-2021),Sí,EMRO,Jordan,JOR,52.0,40.0,40.0,40.0,64.0,True,,40.0,,,40.0,,,40.0,,,64.0,,,40.0,,40.0,,47.0,,,60.0,,,,53.0,,40.0,,73.0,,80.0,,40.0,60.0,20.0,,40.0,40.0,40.0,60.0,40.0,40.0,,20.0,60.0,40.0,80.0,40.0,60.0,60.0,60.0,40.0,40.0,80.0,80.0,80.0,40.0,40.0,40.0,40.0,60.0,80.0,80.0,60.0,40.0,60.0,20.0,60.0,60.0,60.0,60.0,60.0
2021,COVID (2020-2021),Sí,EURO,Kazakhstan,KAZ,88.0,75.0,93.0,100.0,80.0,True,,60.0,,,93.0,,,90.0,,,80.0,,,100.0,,90.0,,93.0,,,100.0,,,,73.0,,80.0,,100.0,,80.0,,100.0,80.0,40.0,,100.0,100.0,80.0,80.0,100.0,100.0,,80.0,100.0,80.0,100.0,100.0,100.0,60.0,80.0,80.0,80.0,100.0,100.0,80.0,100.0,80.0,100.0,60.0,80.0,80.0,100.0,100.0,100.0,80.0,80.0,100.0,80.0,80.0,100.0,100.0
2021,COVID (2020-2021),Sí,EMRO,Kuwait,KWT,83.0,60.0,80.0,100.0,80.0,True,,20.0,,,80.0,,,100.0,,,80.0,,,100.0,,90.0,,80.0,,,87.0,,,,100.0,,87.0,,80.0,,80.0,,80.0,20.0,20.0,,80.0,80.0,100.0,80.0,100.0,100.0,,100.0,80.0,80.0,100.0,80.0,80.0,100.0,100.0,100.0,80.0,80.0,80.0,80.0,80.0,80.0,100.0,80.0,100.0,60.0,80.0,80.0,80.0,100.0,80.0,80.0,100.0,100.0,80.0,80.0
2021,COVID (2020-2021),Sí,EURO,Kyrgyzstan,KGZ,42.0,35.0,27.0,80.0,60.0,True,,30.0,,,27.0,,,40.0,,,60.0,,,80.0,,50.0,,20.0,,,47.0,,,,40.0,,33.0,,47.0,,40.0,,40.0,40.0,20.0,,40.0,20.0,40.0,80.0,80.0,80.0,,80.0,20.0,20.0,60.0,40.0,40.0,40.0,40.0,40.0,40.0,60.0,60.0,40.0,40.0,20.0,40.0,20.0,40.0,80.0,80.0,20.0,20.0,40.0,20.0,20.0,40.0,40.0,40.0,40.0
2021,COVID (2020-2021),Sí,WPRO,Lao People's Democratic Republic,LAO,51.0,45.0,80.0,80.0,64.0,True,,50.0,,,80.0,,,40.0,,,64.0,,,80.0,,30.0,,47.0,,,60.0,,,,60.0,,60.0,,40.0,,80.0,,40.0,40.0,60.0,,80.0,80.0,40.0,80.0,80.0,80.0,,40.0,20.0,40.0,80.0,20.0,80.0,40.0,60.0,80.0,60.0,40.0,40.0,80.0,40.0,80.0,40.0,40.0,40.0,80.0,80.0,60.0,40.0,60.0,60.0,40.0,20.0,20.0,20.0,20.0
2021,COVID (2020-2021),Sí,EMRO,Lebanon,LBN,66.0,60.0,73.0,100.0,84.0,True,,80.0,,,73.0,,,40.0,,,84.0,,,100.0,,60.0,,73.0,,,67.0,,,,60.0,,33.0,,60.0,,80.0,,40.0,80.0,80.0,,80.0,60.0,40.0,100.0,100.0,100.0,,40.0,80.0,80.0,80.0,60.0,60.0,60.0,40.0,80.0,40.0,60.0,60.0,80.0,40.0,80.0,40.0,80.0,80.0,80.0,80.0,80.0,60.0,40.0,20.0,60.0,60.0,60.0,80.0,80.0
2021,COVID (2020-2021),Sí,WPRO,Malaysia,MYS,85.0,80.0,93.0,80.0,80.0,True,,80.0,,,93.0,,,80.0,,,80.0,,,80.0,,100.0,,87.0,,,100.0,,,,80.0,,87.0,,87.0,,80.0,,80.0,80.0,80.0,,100.0,100.0,80.0,80.0,80.0,80.0,,100.0,100.0,80.0,100.0,100.0,100.0,80.0,80.0,80.0,100.0,100.0,80.0,80.0,80.0,80.0,80.0,80.0,60.0,100.0,80.0,100.0,80.0,80.0,80.0,80.0,80.0,80.0,80.0,80.0
2021,COVID (2020-2021),Sí,SEARO,Maldives,MDV,50.0,40.0,73.0,80.0,76.0,True,,40.0,,,73.0,,,40.0,,,76.0,,,80.0,,60.0,,80.0,,,60.0,,,,47.0,,60.0,,53.0,,20.0,,20.0,60.0,20.0,,60.0,80.0,40.0,80.0,80.0,80.0,,60.0,60.0,80.0,80.0,80.0,20.0,60.0,20.0,60.0,60.0,60.0,60.0,20.0,20.0,80.0,40.0,80.0,80.0,80.0,60.0,80.0,80.0,60.0,60.0,40.0,20.0,20.0,20.0,20.0
2021,COVID (2020-2021),Sí,WPRO,Mongolia,MNG,78.0,85.0,100.0,80.0,76.0,True,,90.0,,,100.0,,,80.0,,,76.0,,,80.0,,80.0,,80.0,,,80.0,,,,80.0,,80.0,,60.0,,80.0,,80.0,100.0,80.0,,100.0,100.0,80.0,80.0,80.0,80.0,,80.0,80.0,80.0,80.0,80.0,80.0,80.0,60.0,100.0,80.0,60.0,60.0,80.0,80.0,100.0,80.0,60.0,80.0,80.0,80.0,80.0,80.0,80.0,80.0,60.0,60.0,60.0,60.0,60.0
2021,COVID (2020-2021),Sí,SEARO,Myanmar,MMR,57.0,45.0,67.0,70.0,64.0,True,,30.0,,,67.0,,,60.0,,,64.0,,,70.0,,50.0,,67.0,,,47.0,,,,53.0,,80.0,,40.0,,60.0,,60.0,40.0,20.0,,60.0,80.0,60.0,80.0,80.0,60.0,,60.0,40.0,40.0,80.0,20.0,40.0,60.0,60.0,40.0,80.0,40.0,40.0,60.0,60.0,60.0,60.0,60.0,40.0,60.0,80.0,80.0,80.0,80.0,80.0,40.0,60.0,60.0,40.0,40.0
2021,COVID (2020-2021),Sí,SEARO,Nepal,NPL,44.0,40.0,53.0,60.0,64.0,True,,20.0,,,53.0,,,60.0,,,64.0,,,60.0,,30.0,,53.0,,,53.0,,,,27.0,,53.0,,47.0,,60.0,,40.0,20.0,20.0,,60.0,40.0,60.0,40.0,60.0,60.0,,40.0,20.0,20.0,80.0,20.0,60.0,20.0,20.0,40.0,60.0,40.0,40.0,60.0,40.0,60.0,60.0,60.0,80.0,60.0,80.0,80.0,60.0,60.0,40.0,60.0,20.0,20.0,20.0,20.0
2021,COVID (2020-2021),Sí,EMRO,Oman,OMN,75.0,45.0,60.0,100.0,96.0,True,,40.0,,,60.0,,,50.0,,,96.0,,,100.0,,40.0,,87.0,,,100.0,,,,87.0,,93.0,,87.0,,60.0,,60.0,60.0,20.0,,60.0,80.0,40.0,100.0,100.0,100.0,,40.0,40.0,80.0,100.0,100.0,100.0,100.0,60.0,100.0,100.0,80.0,80.0,60.0,60.0,40.0,60.0,100.0,80.0,100.0,100.0,80.0,100.0,100.0,80.0,100.0,80.0,80.0,80.0,80.0
2021,COVID (2020-2021),Sí,EMRO,Pakistan,PAK,52.0,45.0,33.0,80.0,60.0,True,,30.0,,,33.0,,,60.0,,,60.0,,,80.0,,30.0,,47.0,,,53.0,,,,40.0,,27.0,,40.0,,100.0,,40.0,40.0,20.0,,40.0,40.0,60.0,60.0,80.0,80.0,,40.0,20.0,20.0,40.0,60.0,60.0,40.0,40.0,40.0,20.0,20.0,40.0,100.0,40.0,20.0,60.0,40.0,80.0,60.0,60.0,60.0,60.0,40.0,20.0,60.0,40.0,40.0,100.0,100.0
2021,COVID (2020-2021),Sí,WPRO,Philippines,PHL,60.0,70.0,60.0,60.0,56.0,True,,60.0,,,60.0,,,80.0,,,56.0,,,60.0,,60.0,,87.0,,,33.0,,,,47.0,,67.0,,73.0,,60.0,,60.0,60.0,60.0,,60.0,60.0,60.0,60.0,60.0,60.0,,60.0,60.0,80.0,20.0,0.0,80.0,60.0,40.0,40.0,100.0,80.0,80.0,60.0,60.0,60.0,100.0,40.0,60.0,60.0,60.0,80.0,100.0,80.0,20.0,60.0,60.0,60.0,40.0,40.0
2021,COVID (2020-2021),Sí,EMRO,Qatar,QAT,92.0,80.0,87.0,100.0,100.0,True,,70.0,,,87.0,,,90.0,,,100.0,,,100.0,,100.0,,100.0,,,100.0,,,,67.0,,100.0,,87.0,,100.0,,100.0,100.0,40.0,,80.0,100.0,80.0,100.0,100.0,100.0,,100.0,100.0,100.0,100.0,100.0,100.0,60.0,40.0,100.0,100.0,100.0,60.0,100.0,100.0,80.0,100.0,100.0,100.0,100.0,100.0,100.0,100.0,100.0,100.0,100.0,80.0,80.0,100.0,100.0
2021,COVID (2020-2021),Sí,WPRO,Republic of Korea,KOR,95.0,80.0,87.0,100.0,100.0,True,,60.0,,,87.0,,,100.0,,,100.0,,,100.0,,90.0,,100.0,,,93.0,,,,100.0,,100.0,,100.0,,100.0,,100.0,100.0,20.0,,100.0,80.0,100.0,100.0,100.0,100.0,,100.0,80.0,100.0,80.0,100.0,100.0,100.0,100.0,100.0,100.0,100.0,100.0,100.0,100.0,80.0,100.0,100.0,100.0,100.0,100.0,100.0,100.0,100.0,100.0,100.0,100.0,100.0,100.0,100.0
2021,COVID (2020-2021),Sí,EMRO,Saudi Arabia,SAU,91.0,100.0,93.0,100.0,80.0,True,,100.0,,,93.0,,,100.0,,,80.0,,,100.0,,90.0,,93.0,,,93.0,,,,93.0,,93.0,,87.0,,60.0,,100.0,100.0,100.0,,80.0,100.0,100.0,100.0,100.0,100.0,,80.0,100.0,100.0,100.0,100.0,80.0,100.0,100.0,80.0,80.0,100.0,80.0,60.0,100.0,100.0,100.0,40.0,80.0,100.0,80.0,100.0,80.0,100.0,100.0,80.0,80.0,80.0,100.0,100.0
2021,COVID (2020-2021),Sí,WPRO,Singapore,SGP,94.0,100.0,100.0,100.0,100.0,True,,100.0,,,100.0,,,100.0,,,100.0,,,100.0,,90.0,,93.0,,,100.0,,,,100.0,,100.0,,100.0,,80.0,,80.0,100.0,100.0,,100.0,100.0,100.0,100.0,100.0,100.0,,100.0,80.0,80.0,100.0,100.0,100.0,100.0,100.0,100.0,100.0,100.0,100.0,80.0,80.0,100.0,100.0,100.0,100.0,100.0,100.0,100.0,100.0,100.0,100.0,100.0,80.0,80.0,80.0,80.0
2021,COVID (2020-2021),Sí,SEARO,Sri Lanka,LKA,64.0,45.0,80.0,100.0,40.0,True,,40.0,,,80.0,,,50.0,,,40.0,,,100.0,,90.0,,80.0,,,80.0,,,,47.0,,80.0,,73.0,,20.0,,60.0,60.0,20.0,,80.0,80.0,60.0,40.0,100.0,100.0,,80.0,100.0,60.0,80.0,80.0,80.0,40.0,20.0,80.0,80.0,80.0,80.0,20.0,60.0,80.0,40.0,40.0,20.0,60.0,40.0,100.0,80.0,80.0,80.0,60.0,40.0,40.0,80.0,80.0
2021,COVID (2020-2021),Sí,EMRO,Syrian Arab Republic,SYR,58.0,60.0,53.0,50.0,52.0,True,,60.0,,,53.0,,,60.0,,,52.0,,,50.0,,40.0,,53.0,,,60.0,,,,53.0,,60.0,,87.0,,60.0,,60.0,60.0,60.0,,60.0,40.0,60.0,60.0,60.0,40.0,,40.0,40.0,40.0,60.0,60.0,60.0,60.0,40.0,60.0,60.0,100.0,100.0,60.0,60.0,60.0,60.0,40.0,40.0,60.0,60.0,60.0,60.0,60.0,60.0,60.0,60.0,60.0,60.0,60.0
2021,COVID (2020-2021),Sí,EURO,Tajikistan,TJK,57.0,40.0,53.0,80.0,64.0,True,,40.0,,,53.0,,,40.0,,,64.0,,,80.0,,70.0,,47.0,,,80.0,,,,40.0,,67.0,,67.0,,80.0,,40.0,60.0,20.0,,80.0,40.0,40.0,60.0,80.0,80.0,,80.0,60.0,60.0,80.0,80.0,80.0,40.0,20.0,60.0,60.0,60.0,60.0,80.0,40.0,40.0,40.0,60.0,60.0,60.0,80.0,20.0,60.0,60.0,80.0,80.0,40.0,40.0,40.0,40.0
2021,COVID (2020-2021),Sí,SEARO,Thailand,THA,88.0,90.0,87.0,100.0,88.0,True,,100.0,,,87.0,,,80.0,,,88.0,,,100.0,,80.0,,93.0,,,100.0,,,,80.0,,93.0,,80.0,,100.0,,80.0,100.0,100.0,,80.0,100.0,80.0,80.0,100.0,100.0,,80.0,80.0,80.0,100.0,100.0,100.0,80.0,80.0,80.0,100.0,80.0,80.0,100.0,80.0,80.0,80.0,80.0,80.0,100.0,100.0,100.0,100.0,100.0,80.0,80.0,80.0,80.0,80.0,80.0
2021,COVID (2020-2021),Sí,SEARO,Timor-Leste,TLS,60.0,65.0,67.0,100.0,60.0,True,,70.0,,,67.0,,,60.0,,,60.0,,,100.0,,90.0,,67.0,,,67.0,,,,40.0,,80.0,,40.0,,60.0,,40.0,60.0,80.0,,80.0,60.0,60.0,60.0,100.0,100.0,,80.0,100.0,80.0,60.0,60.0,80.0,60.0,20.0,40.0,80.0,40.0,40.0,60.0,40.0,60.0,60.0,40.0,60.0,60.0,80.0,60.0,60.0,80.0,80.0,40.0,40.0,40.0,20.0,20.0
2021,COVID (2020-2021),No,EURO,Türkiye,TUR,,,,,,False,,,,,,,,,,,,,,,,,,,,,,,,,,,,,,,,,,,,,,,,,,,,,,,,,,,,,,,,,,,,,,,,,,,,,,,,
2021,COVID (2020-2021),Sí,EURO,Turkmenistan,TKM,81.0,80.0,93.0,80.0,96.0,True,,70.0,,,93.0,,,90.0,,,96.0,,,80.0,,80.0,,80.0,,,80.0,,,,80.0,,80.0,,100.0,,80.0,,80.0,80.0,60.0,,80.0,100.0,80.0,100.0,80.0,80.0,,80.0,80.0,80.0,80.0,80.0,80.0,80.0,80.0,80.0,80.0,100.0,100.0,80.0,80.0,100.0,100.0,100.0,100.0,80.0,100.0,80.0,80.0,80.0,80.0,100.0,60.0,60.0,60.0,60.0
2021,COVID (2020-2021),Sí,EMRO,United Arab Emirates,ARE,96.0,100.0,100.0,100.0,100.0,True,,100.0,,,100.0,,,100.0,,,100.0,,,100.0,,80.0,,100.0,,,100.0,,,,100.0,,100.0,,100.0,,80.0,,80.0,100.0,100.0,,100.0,100.0,100.0,100.0,100.0,100.0,,100.0,60.0,100.0,100.0,100.0,100.0,100.0,100.0,100.0,100.0,100.0,100.0,80.0,80.0,100.0,100.0,100.0,100.0,100.0,100.0,100.0,100.0,100.0,100.0,100.0,100.0,100.0,100.0,100.0
2021,COVID (2020-2021),Sí,EURO,Uzbekistan,UZB,65.0,70.0,73.0,70.0,68.0,True,,80.0,,,73.0,,,60.0,,,68.0,,,70.0,,60.0,,80.0,,,87.0,,,,73.0,,67.0,,13.0,,60.0,,40.0,80.0,80.0,,80.0,60.0,40.0,40.0,80.0,60.0,,60.0,60.0,80.0,100.0,80.0,80.0,80.0,80.0,60.0,60.0,0.0,0.0,60.0,40.0,80.0,80.0,60.0,80.0,80.0,80.0,80.0,80.0,80.0,60.0,40.0,60.0,60.0,80.0,80.0
2021,COVID (2020-2021),Sí,WPRO,Viet Nam,VNM,64.0,60.0,60.0,80.0,64.0,True,,60.0,,,60.0,,,60.0,,,64.0,,,80.0,,70.0,,60.0,,,73.0,,,,53.0,,73.0,,67.0,,60.0,,40.0,80.0,40.0,,60.0,80.0,60.0,60.0,80.0,80.0,,60.0,80.0,40.0,60.0,80.0,80.0,60.0,60.0,40.0,80.0,60.0,80.0,60.0,40.0,40.0,60.0,40.0,60.0,80.0,80.0,80.0,60.0,60.0,80.0,60.0,80.0,80.0,60.0,60.0
2021,COVID (2020-2021),Sí,EMRO,Yemen,YEM,55.0,40.0,60.0,90.0,68.0,True,,30.0,,,60.0,,,50.0,,,68.0,,,90.0,,70.0,,67.0,,,73.0,,,,60.0,,60.0,,20.0,,60.0,,40.0,40.0,20.0,,40.0,60.0,40.0,60.0,80.0,100.0,,80.0,60.0,60.0,80.0,60.0,80.0,60.0,60.0,60.0,60.0,20.0,20.0,60.0,40.0,80.0,60.0,60.0,60.0,80.0,80.0,60.0,80.0,60.0,60.0,20.0,60.0,60.0,20.0,20.0
2021,COVID (2020-2021),Sí,EURO,Albania,ALB,76.0,80.0,87.0,100.0,76.0,True,,70.0,,,87.0,,,90.0,,,76.0,,,100.0,,80.0,,87.0,,,80.0,,,,60.0,,53.0,,93.0,,100.0,,80.0,100.0,40.0,,80.0,100.0,80.0,80.0,100.0,100.0,,80.0,80.0,100.0,80.0,80.0,80.0,60.0,40.0,80.0,80.0,100.0,100.0,100.0,80.0,80.0,100.0,80.0,80.0,60.0,80.0,80.0,80.0,60.0,20.0,80.0,20.0,20.0,60.0,60.0
2021,COVID (2020-2021),No,EURO,Andorra,AND,,,,,,False,,,,,,,,,,,,,,,,,,,,,,,,,,,,,,,,,,,,,,,,,,,,,,,,,,,,,,,,,,,,,,,,,,,,,,,,
2021,COVID (2020-2021),Sí,EURO,Austria,AUT,71.0,40.0,67.0,100.0,64.0,True,,40.0,,,67.0,,,40.0,,,64.0,,,100.0,,60.0,,60.0,,,73.0,,,,87.0,,60.0,,27.0,,100.0,,100.0,60.0,20.0,,80.0,80.0,0.0,80.0,100.0,100.0,,60.0,60.0,20.0,80.0,100.0,40.0,100.0,80.0,80.0,60.0,0.0,0.0,100.0,100.0,40.0,80.0,80.0,20.0,80.0,60.0,80.0,80.0,60.0,60.0,80.0,80.0,80.0,100.0,100.0
2021,COVID (2020-2021),Sí,EURO,Belarus,BLR,94.0,75.0,100.0,100.0,100.0,True,,60.0,,,100.0,,,90.0,,,100.0,,,100.0,,100.0,,100.0,,,100.0,,,,80.0,,100.0,,100.0,,80.0,,100.0,100.0,20.0,,100.0,100.0,100.0,100.0,100.0,100.0,,100.0,100.0,100.0,100.0,100.0,100.0,80.0,80.0,80.0,100.0,100.0,100.0,80.0,100.0,100.0,80.0,100.0,100.0,100.0,100.0,100.0,100.0,100.0,100.0,100.0,100.0,100.0,100.0,100.0
2021,COVID (2020-2021),Sí,EURO,Belgium,BEL,67.0,40.0,27.0,80.0,76.0,True,,20.0,,,27.0,,,60.0,,,76.0,,,80.0,,50.0,,60.0,,,80.0,,,,87.0,,93.0,,93.0,,20.0,,80.0,20.0,20.0,,20.0,40.0,40.0,60.0,80.0,80.0,,60.0,40.0,80.0,80.0,80.0,80.0,100.0,80.0,80.0,100.0,100.0,80.0,20.0,80.0,20.0,80.0,80.0,100.0,100.0,40.0,20.0,80.0,80.0,100.0,100.0,100.0,100.0,80.0,80.0
2021,COVID (2020-2021),Sí,EURO,Bosnia and Herzegovina,BIH,38.0,50.0,47.0,40.0,44.0,True,,30.0,,,47.0,,,70.0,,,44.0,,,40.0,,20.0,,60.0,,,53.0,,,,27.0,,33.0,,7.0,,20.0,,40.0,40.0,20.0,,60.0,40.0,60.0,40.0,40.0,40.0,,20.0,20.0,20.0,20.0,100.0,40.0,20.0,40.0,20.0,20.0,20.0,0.0,20.0,40.0,40.0,80.0,40.0,60.0,60.0,20.0,80.0,80.0,60.0,20.0,0.0,40.0,40.0,40.0,40.0
2021,COVID (2020-2021),Sí,EURO,Bulgaria,BGR,72.0,75.0,60.0,90.0,84.0,True,,80.0,,,60.0,,,70.0,,,84.0,,,90.0,,50.0,,67.0,,,73.0,,,,73.0,,60.0,,60.0,,80.0,,80.0,80.0,80.0,,40.0,80.0,60.0,80.0,80.0,100.0,,60.0,40.0,80.0,80.0,60.0,80.0,60.0,80.0,80.0,60.0,60.0,60.0,80.0,80.0,60.0,80.0,80.0,80.0,80.0,100.0,80.0,40.0,60.0,60.0,60.0,60.0,60.0,100.0,100.0
2021,COVID (2020-2021),Sí,EURO,Croatia,HRV,75.0,75.0,67.0,90.0,80.0,True,,80.0,,,67.0,,,70.0,,,80.0,,,90.0,,70.0,,60.0,,,73.0,,,,60.0,,80.0,,80.0,,80.0,,80.0,80.0,80.0,,40.0,80.0,60.0,80.0,100.0,80.0,,80.0,60.0,60.0,60.0,100.0,60.0,60.0,60.0,60.0,80.0,80.0,80.0,80.0,80.0,80.0,80.0,80.0,80.0,80.0,80.0,60.0,60.0,80.0,80.0,80.0,80.0,80.0,80.0,80.0
2021,COVID (2020-2021),Sí,EURO,Czech Republic,CZE,76.0,50.0,67.0,100.0,96.0,True,,40.0,,,67.0,,,60.0,,,96.0,,,100.0,,70.0,,80.0,,,93.0,,,,87.0,,60.0,,53.0,,80.0,,80.0,40.0,40.0,,40.0,80.0,60.0,100.0,100.0,100.0,,60.0,80.0,60.0,100.0,100.0,80.0,80.0,80.0,100.0,60.0,40.0,40.0,80.0,80.0,80.0,60.0,100.0,100.0,80.0,100.0,80.0,100.0,80.0,40.0,80.0,80.0,80.0,100.0,100.0
2021,COVID (2020-2021),Sí,EURO,Denmark,DNK,95.0,85.0,100.0,100.0,100.0,True,,100.0,,,100.0,,,70.0,,,100.0,,,100.0,,100.0,,87.0,,,93.0,,,,100.0,,100.0,,100.0,,80.0,,100.0,100.0,100.0,,100.0,100.0,80.0,100.0,100.0,100.0,,100.0,100.0,80.0,100.0,100.0,80.0,100.0,100.0,100.0,100.0,100.0,100.0,80.0,100.0,100.0,60.0,100.0,100.0,100.0,100.0,80.0,100.0,100.0,100.0,100.0,100.0,100.0,100.0,100.0
2021,COVID (2020-2021),Sí,EURO,Estonia,EST,74.0,70.0,73.0,80.0,64.0,True,,60.0,,,73.0,,,80.0,,,64.0,,,80.0,,60.0,,93.0,,,87.0,,,,60.0,,93.0,,60.0,,80.0,,60.0,60.0,60.0,,80.0,80.0,80.0,60.0,80.0,80.0,,60.0,60.0,80.0,80.0,100.0,80.0,60.0,60.0,60.0,100.0,60.0,60.0,80.0,60.0,60.0,80.0,60.0,80.0,60.0,60.0,100.0,100.0,100.0,80.0,60.0,80.0,80.0,80.0,80.0
2021,COVID (2020-2021),Sí,EURO,Finland,FIN,85.0,95.0,80.0,80.0,92.0,True,,90.0,,,80.0,,,100.0,,,92.0,,,80.0,,60.0,,53.0,,,93.0,,,,93.0,,87.0,,80.0,,100.0,,100.0,80.0,100.0,,80.0,80.0,100.0,100.0,100.0,60.0,,60.0,60.0,20.0,80.0,100.0,100.0,100.0,80.0,100.0,80.0,80.0,80.0,100.0,100.0,80.0,100.0,60.0,100.0,100.0,100.0,60.0,80.0,100.0,80.0,80.0,60.0,60.0,100.0,100.0
2021,COVID (2020-2021),Sí,EURO,France,FRA,86.0,60.0,100.0,100.0,92.0,True,,70.0,,,100.0,,,50.0,,,92.0,,,100.0,,80.0,,100.0,,,100.0,,,,80.0,,100.0,,60.0,,80.0,,80.0,100.0,40.0,,100.0,100.0,40.0,60.0,100.0,100.0,,80.0,80.0,100.0,100.0,100.0,100.0,80.0,80.0,80.0,100.0,60.0,40.0,80.0,80.0,100.0,60.0,100.0,100.0,100.0,100.0,100.0,100.0,100.0,100.0,80.0,100.0,100.0,100.0,100.0
2021,COVID (2020-2021),Sí,EURO,Germany,DEU,87.0,95.0,100.0,100.0,88.0,True,,90.0,,,100.0,,,100.0,,,88.0,,,100.0,,80.0,,80.0,,,93.0,,,,100.0,,60.0,,67.0,,100.0,,80.0,100.0,80.0,,100.0,100.0,100.0,80.0,100.0,100.0,,80.0,80.0,80.0,100.0,100.0,80.0,100.0,100.0,100.0,60.0,80.0,60.0,100.0,80.0,100.0,100.0,100.0,100.0,80.0,80.0,80.0,80.0,60.0,60.0,60.0,80.0,80.0,80.0,80.0
2021,COVID (2020-2021),Sí,EURO,Greece,GRC,71.0,55.0,53.0,80.0,88.0,True,,40.0,,,53.0,,,70.0,,,88.0,,,80.0,,60.0,,80.0,,,93.0,,,,73.0,,47.0,,67.0,,80.0,,100.0,60.0,20.0,,40.0,60.0,60.0,80.0,80.0,80.0,,40.0,80.0,80.0,100.0,100.0,80.0,60.0,80.0,80.0,40.0,60.0,60.0,80.0,100.0,60.0,80.0,100.0,80.0,100.0,80.0,100.0,60.0,40.0,60.0,80.0,60.0,60.0,80.0,80.0
2021,COVID (2020-2021),No,EURO,Holy See,VAT,,,,,,False,,,,,,,,,,,,,,,,,,,,,,,,,,,,,,,,,,,,,,,,,,,,,,,,,,,,,,,,,,,,,,,,,,,,,,,,
2021,COVID (2020-2021),Sí,EURO,Hungary,HUN,70.0,50.0,73.0,80.0,80.0,True,,50.0,,,73.0,,,50.0,,,80.0,,,80.0,,20.0,,73.0,,,80.0,,,,87.0,,47.0,,53.0,,80.0,,80.0,80.0,20.0,,80.0,60.0,20.0,100.0,80.0,80.0,,20.0,20.0,60.0,100.0,60.0,80.0,80.0,80.0,100.0,60.0,40.0,40.0,80.0,80.0,80.0,80.0,60.0,80.0,80.0,80.0,80.0,80.0,60.0,20.0,80.0,100.0,100.0,100.0,100.0
2021,COVID (2020-2021),Sí,EURO,Iceland,ISL,76.0,70.0,80.0,80.0,80.0,True,,60.0,,,80.0,,,80.0,,,80.0,,,80.0,,80.0,,93.0,,,60.0,,,,67.0,,60.0,,87.0,,80.0,,80.0,80.0,40.0,,80.0,80.0,80.0,80.0,80.0,80.0,,80.0,80.0,80.0,80.0,20.0,80.0,60.0,60.0,80.0,80.0,80.0,100.0,80.0,80.0,80.0,80.0,80.0,80.0,80.0,80.0,100.0,100.0,80.0,20.0,80.0,80.0,80.0,80.0,80.0
2021,COVID (2020-2021),Sí,EURO,Ireland,IRL,66.0,35.0,53.0,80.0,100.0,True,,30.0,,,53.0,,,40.0,,,100.0,,,80.0,,60.0,,73.0,,,87.0,,,,93.0,,80.0,,0.0,,80.0,,100.0,40.0,20.0,,80.0,40.0,40.0,100.0,80.0,80.0,,60.0,60.0,80.0,80.0,100.0,80.0,100.0,100.0,80.0,80.0,0.0,0.0,80.0,100.0,40.0,40.0,100.0,100.0,100.0,100.0,80.0,60.0,100.0,60.0,0.0,60.0,60.0,60.0,60.0
2021,COVID (2020-2021),Sí,EURO,Italy,ITA,72.0,50.0,67.0,80.0,92.0,True,,20.0,,,67.0,,,80.0,,,92.0,,,80.0,,50.0,,73.0,,,60.0,,,,80.0,,60.0,,73.0,,80.0,,100.0,20.0,20.0,,40.0,80.0,60.0,80.0,80.0,80.0,,60.0,40.0,60.0,80.0,40.0,60.0,60.0,80.0,100.0,60.0,80.0,60.0,80.0,100.0,80.0,100.0,100.0,80.0,100.0,100.0,80.0,80.0,60.0,60.0,80.0,80.0,80.0,80.0,80.0
2021,COVID (2020-2021),Sí,EURO,Latvia,LVA,69.0,50.0,80.0,80.0,84.0,True,,50.0,,,80.0,,,50.0,,,84.0,,,80.0,,50.0,,87.0,,,80.0,,,,67.0,,53.0,,73.0,,80.0,,80.0,80.0,20.0,,80.0,80.0,40.0,60.0,80.0,80.0,,80.0,20.0,100.0,80.0,80.0,80.0,60.0,60.0,80.0,40.0,60.0,80.0,80.0,80.0,80.0,60.0,80.0,100.0,80.0,100.0,80.0,80.0,60.0,60.0,80.0,60.0,60.0,60.0,60.0
2021,COVID (2020-2021),Sí,EURO,Liechtenstein,LIE,81.0,100.0,100.0,90.0,100.0,True,,100.0,,,100.0,,,100.0,,,100.0,,,90.0,,80.0,,73.0,,,93.0,,,,53.0,,67.0,,0.0,,80.0,,80.0,100.0,100.0,,100.0,100.0,100.0,100.0,100.0,80.0,,80.0,80.0,60.0,100.0,100.0,80.0,60.0,60.0,40.0,80.0,0.0,0.0,80.0,80.0,100.0,100.0,100.0,100.0,100.0,100.0,80.0,80.0,40.0,80.0,0.0,100.0,100.0,100.0,100.0
2021,COVID (2020-2021),Sí,EURO,Lithuania,LTU,82.0,90.0,87.0,80.0,68.0,True,,100.0,,,87.0,,,80.0,,,68.0,,,80.0,,60.0,,100.0,,,87.0,,,,60.0,,80.0,,73.0,,80.0,,100.0,100.0,100.0,,80.0,100.0,80.0,60.0,80.0,80.0,,60.0,60.0,100.0,80.0,100.0,80.0,20.0,80.0,80.0,80.0,80.0,80.0,80.0,100.0,80.0,80.0,20.0,100.0,80.0,80.0,100.0,100.0,80.0,80.0,60.0,80.0,80.0,100.0,100.0
2021,COVID (2020-2021),Sí,EURO,Luxembourg,LUX,60.0,40.0,27.0,60.0,84.0,True,,20.0,,,27.0,,,60.0,,,84.0,,,60.0,,80.0,,73.0,,,80.0,,,,73.0,,73.0,,67.0,,40.0,,60.0,20.0,20.0,,20.0,40.0,20.0,80.0,60.0,60.0,,80.0,80.0,60.0,80.0,100.0,60.0,60.0,60.0,100.0,60.0,60.0,60.0,40.0,60.0,20.0,100.0,100.0,100.0,80.0,60.0,80.0,80.0,80.0,80.0,80.0,40.0,40.0,60.0,60.0
2021,COVID (2020-2021),Sí,EURO,Malta,MLT,73.0,65.0,73.0,80.0,84.0,True,,70.0,,,73.0,,,60.0,,,84.0,,,80.0,,90.0,,53.0,,,93.0,,,,93.0,,87.0,,67.0,,100.0,,80.0,40.0,100.0,,80.0,80.0,40.0,100.0,80.0,80.0,,80.0,100.0,60.0,100.0,100.0,80.0,100.0,100.0,80.0,80.0,80.0,40.0,100.0,80.0,60.0,80.0,60.0,60.0,100.0,100.0,20.0,80.0,100.0,80.0,80.0,20.0,20.0,40.0,40.0
2021,COVID (2020-2021),Sí,EURO,Monaco,MCO,77.0,65.0,67.0,90.0,64.0,True,,30.0,,,67.0,,,100.0,,,64.0,,,90.0,,80.0,,100.0,,,93.0,,,,73.0,,87.0,,87.0,,80.0,,80.0,40.0,20.0,,80.0,100.0,100.0,80.0,80.0,100.0,,80.0,80.0,100.0,100.0,80.0,100.0,100.0,20.0,100.0,100.0,80.0,80.0,80.0,80.0,20.0,100.0,80.0,20.0,40.0,100.0,100.0,100.0,80.0,80.0,100.0,40.0,40.0,80.0,80.0
2021,COVID (2020-2021),Sí,EURO,Montenegro,MNE,53.0,50.0,53.0,80.0,40.0,True,,60.0,,,53.0,,,40.0,,,40.0,,,80.0,,50.0,,73.0,,,67.0,,,,27.0,,60.0,,40.0,,80.0,,80.0,60.0,60.0,,40.0,60.0,40.0,20.0,80.0,80.0,,60.0,40.0,80.0,60.0,60.0,80.0,20.0,20.0,40.0,60.0,40.0,60.0,80.0,80.0,60.0,40.0,40.0,60.0,60.0,20.0,80.0,60.0,60.0,60.0,20.0,20.0,20.0,20.0,20.0
2021,COVID (2020-2021),Sí,EURO,Netherlands (Kingdom of the),NLD,84.0,80.0,80.0,80.0,92.0,True,,70.0,,,80.0,,,90.0,,,92.0,,,80.0,,70.0,,73.0,,,80.0,,,,87.0,,80.0,,93.0,,80.0,,100.0,60.0,80.0,,80.0,80.0,80.0,80.0,80.0,80.0,,80.0,60.0,80.0,80.0,80.0,80.0,80.0,100.0,80.0,80.0,100.0,80.0,80.0,100.0,80.0,100.0,80.0,100.0,100.0,100.0,80.0,60.0,80.0,80.0,100.0,80.0,80.0,100.0,100.0
2021,COVID (2020-2021),Sí,EURO,North Macedonia,MKD,66.0,60.0,73.0,80.0,68.0,True,,50.0,,,73.0,,,70.0,,,68.0,,,80.0,,60.0,,87.0,,,53.0,,,,60.0,,53.0,,100.0,,80.0,,80.0,80.0,20.0,,80.0,80.0,60.0,60.0,80.0,80.0,,60.0,60.0,80.0,80.0,40.0,40.0,40.0,60.0,80.0,60.0,100.0,100.0,80.0,80.0,60.0,80.0,60.0,60.0,80.0,80.0,100.0,80.0,20.0,80.0,100.0,40.0,40.0,40.0,40.0
2021,COVID (2020-2021),Sí,EURO,Norway,NOR,95.0,100.0,100.0,100.0,92.0,True,,100.0,,,100.0,,,100.0,,,92.0,,,100.0,,100.0,,100.0,,,100.0,,,,87.0,,100.0,,80.0,,100.0,,100.0,100.0,100.0,,100.0,100.0,100.0,100.0,100.0,100.0,,100.0,100.0,100.0,100.0,100.0,100.0,80.0,80.0,100.0,100.0,80.0,80.0,100.0,100.0,100.0,100.0,60.0,100.0,100.0,100.0,100.0,100.0,100.0,100.0,80.0,80.0,80.0,80.0,80.0
2021,COVID (2020-2021),Sí,EURO,Poland,POL,69.0,90.0,87.0,100.0,68.0,True,,90.0,,,87.0,,,90.0,,,68.0,,,100.0,,80.0,,80.0,,,27.0,,,,53.0,,60.0,,80.0,,100.0,,80.0,80.0,100.0,,100.0,80.0,100.0,40.0,100.0,100.0,,80.0,80.0,80.0,0.0,0.0,80.0,60.0,60.0,40.0,100.0,80.0,80.0,100.0,80.0,80.0,80.0,80.0,80.0,60.0,80.0,80.0,80.0,80.0,0.0,80.0,40.0,40.0,0.0,0.0
2021,COVID (2020-2021),Sí,EURO,Portugal,PRT,85.0,80.0,93.0,80.0,84.0,True,,70.0,,,93.0,,,90.0,,,84.0,,,80.0,,80.0,,87.0,,,93.0,,,,93.0,,87.0,,100.0,,80.0,,100.0,100.0,40.0,,80.0,100.0,100.0,80.0,80.0,80.0,,80.0,80.0,80.0,100.0,100.0,80.0,100.0,80.0,100.0,80.0,100.0,100.0,80.0,100.0,100.0,80.0,100.0,80.0,80.0,80.0,100.0,80.0,80.0,100.0,100.0,100.0,100.0,40.0,40.0
2021,COVID (2020-2021),Sí,EURO,Republic of Moldova,MDA,60.0,70.0,80.0,80.0,56.0,True,,70.0,,,80.0,,,70.0,,,56.0,,,80.0,,30.0,,73.0,,,73.0,,,,67.0,,60.0,,60.0,,60.0,,40.0,100.0,40.0,,80.0,80.0,60.0,60.0,80.0,80.0,,40.0,20.0,60.0,80.0,60.0,80.0,60.0,60.0,80.0,60.0,60.0,80.0,60.0,40.0,80.0,80.0,40.0,80.0,60.0,40.0,80.0,80.0,40.0,80.0,40.0,40.0,40.0,40.0,40.0
2021,COVID (2020-2021),Sí,EURO,Romania,ROU,63.0,55.0,60.0,80.0,88.0,True,,50.0,,,60.0,,,60.0,,,88.0,,,80.0,,60.0,,67.0,,,67.0,,,,80.0,,47.0,,53.0,,40.0,,60.0,80.0,20.0,,60.0,80.0,60.0,80.0,80.0,80.0,,60.0,60.0,60.0,80.0,60.0,60.0,80.0,80.0,80.0,60.0,40.0,40.0,40.0,60.0,40.0,60.0,100.0,80.0,80.0,100.0,80.0,60.0,60.0,20.0,80.0,40.0,40.0,100.0,100.0
2021,COVID (2020-2021),Sí,EURO,Russian Federation,RUS,100.0,100.0,100.0,100.0,100.0,True,,100.0,,,100.0,,,100.0,,,100.0,,,100.0,,100.0,,100.0,,,100.0,,,,100.0,,100.0,,100.0,,100.0,,100.0,100.0,100.0,,100.0,100.0,100.0,100.0,100.0,100.0,,100.0,100.0,100.0,100.0,100.0,100.0,100.0,100.0,100.0,100.0,100.0,100.0,100.0,100.0,100.0,100.0,100.0,100.0,100.0,100.0,100.0,100.0,100.0,100.0,100.0,100.0,100.0,100.0,100.0
2021,COVID (2020-2021),Sí,EURO,San Marino,SMR,29.0,20.0,33.0,20.0,60.0,True,,20.0,,,33.0,,,20.0,,,60.0,,,20.0,,40.0,,20.0,,,53.0,,,,27.0,,27.0,,0.0,,60.0,,20.0,20.0,20.0,,20.0,40.0,20.0,80.0,20.0,20.0,,60.0,20.0,20.0,20.0,100.0,40.0,20.0,20.0,40.0,20.0,0.0,0.0,60.0,20.0,40.0,20.0,20.0,80.0,100.0,20.0,20.0,20.0,40.0,20.0,,20.0,20.0,20.0,20.0
2021,COVID (2020-2021),Sí,EURO,Serbia,SRB,68.0,90.0,93.0,100.0,48.0,True,,90.0,,,93.0,,,90.0,,,48.0,,,100.0,,50.0,,80.0,,,67.0,,,,67.0,,20.0,,0.0,,80.0,,80.0,80.0,100.0,,100.0,100.0,80.0,80.0,100.0,100.0,,80.0,20.0,80.0,20.0,100.0,80.0,40.0,80.0,80.0,20.0,0.0,0.0,80.0,80.0,80.0,100.0,40.0,20.0,80.0,20.0,80.0,80.0,20.0,20.0,0.0,100.0,100.0,60.0,60.0
2021,COVID (2020-2021),Sí,EURO,Slovakia,SVK,64.0,60.0,80.0,90.0,92.0,True,,60.0,,,80.0,,,60.0,,,92.0,,,90.0,,40.0,,80.0,,,67.0,,,,80.0,,40.0,,67.0,,20.0,,20.0,80.0,40.0,,80.0,80.0,60.0,100.0,100.0,80.0,,40.0,40.0,80.0,60.0,60.0,80.0,80.0,80.0,80.0,60.0,60.0,60.0,20.0,20.0,80.0,60.0,100.0,100.0,80.0,80.0,80.0,80.0,40.0,20.0,80.0,60.0,60.0,100.0,100.0
2021,COVID (2020-2021),Sí,EURO,Slovenia,SVN,78.0,75.0,67.0,90.0,92.0,True,,70.0,,,67.0,,,80.0,,,92.0,,,90.0,,70.0,,80.0,,,93.0,,,,87.0,,73.0,,27.0,,80.0,,100.0,80.0,60.0,,80.0,80.0,80.0,100.0,100.0,80.0,,60.0,80.0,80.0,100.0,100.0,80.0,80.0,80.0,100.0,60.0,0.0,0.0,80.0,100.0,40.0,80.0,80.0,100.0,100.0,80.0,80.0,80.0,80.0,80.0,80.0,80.0,80.0,80.0,80.0
2021,COVID (2020-2021),Sí,EURO,Spain,ESP,80.0,60.0,87.0,80.0,92.0,True,,20.0,,,87.0,,,100.0,,,92.0,,,80.0,,40.0,,100.0,,,93.0,,,,100.0,,73.0,,80.0,,80.0,,80.0,20.0,20.0,,100.0,80.0,100.0,100.0,80.0,80.0,,60.0,20.0,100.0,100.0,100.0,80.0,100.0,100.0,100.0,60.0,80.0,80.0,80.0,80.0,80.0,100.0,80.0,80.0,100.0,100.0,100.0,100.0,80.0,80.0,80.0,100.0,100.0,80.0,80.0
2021,COVID (2020-2021),Sí,EURO,Sweden,SWE,88.0,95.0,87.0,80.0,88.0,True,,90.0,,,87.0,,,100.0,,,88.0,,,80.0,,80.0,,80.0,,,87.0,,,,80.0,,80.0,,93.0,,100.0,,80.0,80.0,100.0,,100.0,80.0,100.0,80.0,80.0,80.0,,80.0,80.0,80.0,80.0,100.0,80.0,80.0,80.0,80.0,80.0,100.0,100.0,100.0,80.0,80.0,100.0,80.0,80.0,100.0,100.0,80.0,80.0,80.0,80.0,80.0,100.0,100.0,100.0,100.0
2021,COVID (2020-2021),Sí,EURO,Switzerland,CHE,92.0,100.0,100.0,80.0,96.0,True,,100.0,,,100.0,,,100.0,,,96.0,,,80.0,,90.0,,87.0,,,87.0,,,,73.0,,100.0,,100.0,,80.0,,80.0,100.0,100.0,,100.0,100.0,100.0,100.0,80.0,80.0,,100.0,80.0,100.0,80.0,100.0,80.0,60.0,60.0,100.0,100.0,100.0,100.0,80.0,80.0,100.0,100.0,100.0,100.0,100.0,80.0,80.0,80.0,100.0,100.0,100.0,100.0,100.0,100.0,100.0
2021,COVID (2020-2021),Sí,EURO,Ukraine,UKR,65.0,65.0,60.0,80.0,76.0,True,,50.0,,,60.0,,,80.0,,,76.0,,,80.0,,40.0,,87.0,,,80.0,,,,40.0,,47.0,,60.0,,40.0,,80.0,80.0,20.0,,60.0,40.0,80.0,60.0,80.0,80.0,,60.0,20.0,80.0,80.0,80.0,80.0,40.0,40.0,40.0,40.0,60.0,60.0,40.0,80.0,80.0,80.0,80.0,60.0,80.0,100.0,100.0,80.0,60.0,40.0,60.0,80.0,80.0,80.0,80.0
2021,COVID (2020-2021),Sí,EURO,United Kingdom of Great Britain and Northern Ireland,GBR,93.0,90.0,73.0,100.0,100.0,True,,80.0,,,73.0,,,100.0,,,100.0,,,100.0,,100.0,,100.0,,,100.0,,,,100.0,,80.0,,67.0,,100.0,,100.0,80.0,80.0,,80.0,80.0,100.0,100.0,100.0,100.0,,100.0,100.0,100.0,100.0,100.0,100.0,100.0,100.0,100.0,60.0,60.0,60.0,100.0,100.0,60.0,100.0,100.0,100.0,100.0,100.0,100.0,100.0,100.0,80.0,80.0,100.0,100.0,100.0,100.0
2022,Post-COVID (2022-2025),Sí,AFRO,Algeria,DZA,72.0,80.0,67.0,90.0,68.0,True,,70.0,,,67.0,,,90.0,,,68.0,,,90.0,,80.0,,80.0,,,80.0,,,,60.0,,73.0,,80.0,,80.0,,40.0,60.0,80.0,,60.0,80.0,80.0,80.0,80.0,100.0,,80.0,80.0,80.0,80.0,80.0,80.0,60.0,60.0,60.0,80.0,80.0,80.0,80.0,40.0,60.0,100.0,40.0,60.0,80.0,80.0,80.0,80.0,80.0,60.0,80.0,60.0,60.0,60.0,60.0
2022,Post-COVID (2022-2025),Sí,AFRO,Angola,AGO,58.0,55.0,93.0,80.0,68.0,True,,40.0,,,93.0,,,70.0,,,68.0,,,80.0,,80.0,,53.0,,,87.0,,,,40.0,,73.0,,27.0,,60.0,,20.0,60.0,20.0,,80.0,100.0,60.0,80.0,80.0,80.0,,60.0,100.0,40.0,100.0,60.0,100.0,40.0,40.0,40.0,80.0,20.0,20.0,60.0,20.0,100.0,80.0,60.0,60.0,60.0,80.0,40.0,80.0,80.0,60.0,40.0,40.0,40.0,40.0,40.0
2022,Post-COVID (2022-2025),Sí,AFRO,Benin,BEN,41.0,35.0,40.0,70.0,44.0,True,,20.0,,,40.0,,,50.0,,,44.0,,,70.0,,50.0,,60.0,,,47.0,,,,33.0,,53.0,,7.0,,60.0,,40.0,20.0,20.0,,20.0,80.0,40.0,40.0,80.0,60.0,,60.0,40.0,20.0,80.0,20.0,40.0,40.0,20.0,40.0,60.0,0.0,0.0,60.0,40.0,20.0,60.0,40.0,20.0,60.0,60.0,80.0,80.0,40.0,60.0,20.0,20.0,20.0,20.0,20.0
2022,Post-COVID (2022-2025),Sí,AFRO,Botswana,BWA,42.0,35.0,27.0,80.0,64.0,True,,40.0,,,27.0,,,30.0,,,64.0,,,80.0,,30.0,,27.0,,,67.0,,,,33.0,,20.0,,53.0,,20.0,,40.0,60.0,20.0,,20.0,40.0,20.0,60.0,80.0,80.0,,40.0,20.0,20.0,80.0,80.0,40.0,40.0,20.0,40.0,20.0,80.0,60.0,20.0,40.0,20.0,40.0,20.0,80.0,80.0,80.0,40.0,20.0,20.0,20.0,20.0,20.0,20.0,80.0,80.0
2022,Post-COVID (2022-2025),Sí,AFRO,Burkina Faso,BFA,57.0,55.0,60.0,80.0,72.0,True,,50.0,,,60.0,,,60.0,,,72.0,,,80.0,,60.0,,73.0,,,60.0,,,,67.0,,73.0,,20.0,,80.0,,40.0,20.0,80.0,,60.0,60.0,60.0,80.0,80.0,80.0,,80.0,40.0,60.0,80.0,40.0,60.0,60.0,60.0,80.0,80.0,20.0,20.0,80.0,40.0,60.0,60.0,80.0,60.0,60.0,80.0,80.0,80.0,60.0,80.0,20.0,20.0,20.0,40.0,40.0
2022,Post-COVID (2022-2025),Sí,AFRO,Burundi,BDI,42.0,35.0,27.0,80.0,64.0,True,,30.0,,,27.0,,,40.0,,,64.0,,,80.0,,30.0,,47.0,,,60.0,,,,53.0,,73.0,,27.0,,40.0,,20.0,40.0,20.0,,40.0,20.0,20.0,60.0,80.0,80.0,,40.0,20.0,20.0,80.0,40.0,60.0,40.0,60.0,60.0,80.0,20.0,40.0,40.0,20.0,20.0,60.0,20.0,80.0,80.0,80.0,100.0,20.0,60.0,80.0,20.0,20.0,20.0,20.0,20.0
2022,Post-COVID (2022-2025),Sí,AFRO,Cabo Verde,CPV,62.0,70.0,60.0,80.0,68.0,True,,80.0,,,60.0,,,60.0,,,68.0,,,80.0,,50.0,,67.0,,,80.0,,,,40.0,,80.0,,60.0,,80.0,,80.0,80.0,80.0,,40.0,80.0,40.0,60.0,80.0,80.0,,40.0,60.0,60.0,80.0,80.0,80.0,40.0,40.0,40.0,80.0,60.0,60.0,80.0,80.0,60.0,80.0,80.0,40.0,80.0,80.0,60.0,80.0,80.0,80.0,60.0,20.0,20.0,20.0,20.0
2022,Post-COVID (2022-2025),Sí,AFRO,Cameroon,CMR,40.0,30.0,47.0,60.0,68.0,True,,20.0,,,47.0,,,40.0,,,68.0,,,60.0,,30.0,,53.0,,,47.0,,,,27.0,,27.0,,27.0,,80.0,,20.0,20.0,20.0,,60.0,60.0,40.0,60.0,60.0,60.0,,40.0,20.0,60.0,80.0,40.0,20.0,40.0,20.0,20.0,20.0,40.0,20.0,80.0,20.0,20.0,40.0,60.0,80.0,80.0,60.0,80.0,20.0,40.0,20.0,20.0,20.0,20.0,40.0,40.0
2022,Post-COVID (2022-2025),Sí,AFRO,Central African Republic,CAF,34.0,25.0,20.0,60.0,28.0,True,,20.0,,,20.0,,,30.0,,,28.0,,,60.0,,40.0,,27.0,,,40.0,,,,20.0,,47.0,,20.0,,60.0,,40.0,20.0,20.0,,20.0,20.0,20.0,60.0,80.0,40.0,,60.0,20.0,20.0,60.0,20.0,40.0,20.0,20.0,20.0,40.0,20.0,20.0,60.0,40.0,20.0,40.0,20.0,20.0,20.0,20.0,40.0,20.0,60.0,40.0,20.0,20.0,20.0,40.0,40.0
2022,Post-COVID (2022-2025),Sí,AFRO,Chad,TCD,40.0,40.0,40.0,70.0,64.0,True,,40.0,,,40.0,,,40.0,,,64.0,,,70.0,,40.0,,40.0,,,40.0,,,,53.0,,33.0,,20.0,,20.0,,40.0,60.0,20.0,,40.0,40.0,40.0,60.0,80.0,60.0,,60.0,20.0,40.0,80.0,20.0,20.0,80.0,40.0,40.0,40.0,20.0,20.0,20.0,40.0,40.0,40.0,60.0,60.0,60.0,80.0,60.0,20.0,20.0,40.0,20.0,20.0,20.0,40.0,40.0
2022,Post-COVID (2022-2025),Sí,AFRO,Comoros,COM,41.0,30.0,40.0,60.0,60.0,True,,20.0,,,40.0,,,40.0,,,60.0,,,60.0,,30.0,,40.0,,,67.0,,,,40.0,,67.0,,33.0,,40.0,,40.0,20.0,20.0,,40.0,60.0,20.0,80.0,80.0,40.0,,40.0,20.0,80.0,80.0,80.0,40.0,60.0,20.0,40.0,60.0,20.0,20.0,40.0,40.0,20.0,60.0,40.0,60.0,60.0,60.0,20.0,20.0,60.0,80.0,60.0,20.0,20.0,20.0,20.0
2022,Post-COVID (2022-2025),Sí,AFRO,Congo,COG,47.0,40.0,33.0,70.0,48.0,True,,50.0,,,33.0,,,30.0,,,48.0,,,70.0,,40.0,,60.0,,,60.0,,,,33.0,,73.0,,33.0,,60.0,,80.0,40.0,60.0,,40.0,40.0,40.0,60.0,80.0,60.0,,60.0,20.0,40.0,80.0,60.0,40.0,40.0,40.0,20.0,80.0,40.0,40.0,60.0,80.0,20.0,20.0,20.0,40.0,60.0,60.0,60.0,80.0,80.0,60.0,20.0,20.0,20.0,20.0,20.0
2022,Post-COVID (2022-2025),Sí,AFRO,Côte d'Ivoire,CIV,53.0,30.0,40.0,70.0,72.0,True,,20.0,,,40.0,,,40.0,,,72.0,,,70.0,,50.0,,80.0,,,73.0,,,,73.0,,60.0,,60.0,,60.0,,20.0,20.0,20.0,,40.0,60.0,40.0,80.0,80.0,60.0,,80.0,20.0,80.0,100.0,80.0,40.0,80.0,80.0,60.0,60.0,60.0,40.0,60.0,20.0,20.0,40.0,40.0,60.0,100.0,80.0,80.0,80.0,60.0,60.0,80.0,40.0,40.0,40.0,40.0
2022,Post-COVID (2022-2025),Sí,AFRO,Democratic Republic of the Congo,COD,48.0,45.0,60.0,70.0,60.0,True,,40.0,,,60.0,,,50.0,,,60.0,,,70.0,,40.0,,33.0,,,60.0,,,,40.0,,53.0,,47.0,,60.0,,40.0,40.0,40.0,,60.0,60.0,60.0,60.0,60.0,80.0,,60.0,20.0,20.0,80.0,40.0,60.0,40.0,40.0,40.0,40.0,80.0,40.0,60.0,40.0,60.0,40.0,60.0,40.0,80.0,60.0,40.0,40.0,60.0,60.0,20.0,20.0,20.0,40.0,40.0
2022,Post-COVID (2022-2025),Sí,EMRO,Djibouti,DJI,40.0,35.0,40.0,70.0,52.0,True,,30.0,,,40.0,,,40.0,,,52.0,,,70.0,,40.0,,27.0,,,53.0,,,,33.0,,40.0,,33.0,,40.0,,60.0,40.0,20.0,,40.0,40.0,40.0,60.0,80.0,60.0,,40.0,40.0,20.0,40.0,60.0,60.0,20.0,40.0,40.0,40.0,40.0,40.0,40.0,60.0,40.0,40.0,40.0,40.0,60.0,60.0,20.0,40.0,40.0,40.0,20.0,20.0,20.0,20.0,20.0
2022,Post-COVID (2022-2025),Sí,EMRO,Egypt,EGY,87.0,95.0,87.0,100.0,80.0,True,,90.0,,,87.0,,,100.0,,,80.0,,,100.0,,80.0,,93.0,,,100.0,,,,80.0,,73.0,,100.0,,80.0,,80.0,80.0,100.0,,80.0,100.0,100.0,80.0,100.0,100.0,,80.0,80.0,100.0,100.0,100.0,100.0,100.0,60.0,80.0,80.0,100.0,100.0,80.0,80.0,80.0,100.0,60.0,60.0,100.0,100.0,80.0,100.0,80.0,60.0,100.0,80.0,80.0,80.0,80.0
2022,Post-COVID (2022-2025),Sí,AFRO,Equatorial Guinea,GNQ,43.0,40.0,47.0,60.0,72.0,True,,40.0,,,47.0,,,40.0,,,72.0,,,60.0,,30.0,,53.0,,,60.0,,,,53.0,,60.0,,47.0,,20.0,,20.0,40.0,40.0,,40.0,60.0,20.0,60.0,60.0,60.0,,40.0,20.0,80.0,60.0,80.0,40.0,60.0,60.0,40.0,60.0,60.0,20.0,20.0,20.0,40.0,60.0,60.0,80.0,80.0,80.0,40.0,40.0,60.0,60.0,60.0,20.0,20.0,20.0,20.0
2022,Post-COVID (2022-2025),Sí,AFRO,Eritrea,ERI,58.0,50.0,67.0,80.0,60.0,True,,40.0,,,67.0,,,60.0,,,60.0,,,80.0,,70.0,,60.0,,,87.0,,,,47.0,,80.0,,60.0,,80.0,,40.0,40.0,40.0,,60.0,60.0,60.0,80.0,80.0,80.0,,80.0,60.0,60.0,100.0,100.0,60.0,60.0,20.0,60.0,80.0,60.0,60.0,80.0,40.0,80.0,60.0,40.0,60.0,60.0,60.0,40.0,80.0,80.0,80.0,60.0,20.0,20.0,20.0,20.0
2022,Post-COVID (2022-2025),Sí,AFRO,Eswatini,SWZ,44.0,35.0,20.0,70.0,64.0,True,,30.0,,,20.0,,,40.0,,,64.0,,,70.0,,30.0,,40.0,,,73.0,,,,27.0,,73.0,,53.0,,40.0,,40.0,40.0,20.0,,20.0,20.0,40.0,60.0,80.0,60.0,,40.0,20.0,20.0,80.0,60.0,80.0,20.0,20.0,40.0,80.0,60.0,60.0,40.0,40.0,20.0,40.0,60.0,60.0,60.0,80.0,60.0,40.0,60.0,80.0,40.0,40.0,40.0,20.0,20.0
2022,Post-COVID (2022-2025),Sí,AFRO,Ethiopia,ETH,74.0,80.0,73.0,80.0,84.0,True,,80.0,,,73.0,,,80.0,,,84.0,,,80.0,,70.0,,87.0,,,67.0,,,,67.0,,80.0,,67.0,,80.0,,60.0,80.0,80.0,,60.0,80.0,80.0,80.0,80.0,80.0,,80.0,60.0,80.0,80.0,40.0,80.0,60.0,60.0,80.0,80.0,60.0,60.0,80.0,60.0,80.0,80.0,80.0,80.0,100.0,80.0,100.0,80.0,80.0,80.0,80.0,80.0,80.0,60.0,60.0
2022,Post-COVID (2022-2025),Sí,AFRO,Gabon,GAB,42.0,30.0,33.0,50.0,48.0,True,,20.0,,,33.0,,,40.0,,,48.0,,,50.0,,40.0,,60.0,,,53.0,,,,47.0,,20.0,,33.0,,60.0,,20.0,20.0,20.0,,20.0,60.0,40.0,40.0,40.0,60.0,,60.0,20.0,60.0,80.0,20.0,60.0,40.0,60.0,40.0,20.0,20.0,20.0,60.0,20.0,20.0,40.0,20.0,20.0,100.0,60.0,60.0,60.0,20.0,20.0,60.0,40.0,40.0,60.0,60.0
2022,Post-COVID (2022-2025),Sí,AFRO,Gambia,GMB,48.0,35.0,47.0,80.0,56.0,True,,40.0,,,47.0,,,30.0,,,56.0,,,80.0,,60.0,,60.0,,,67.0,,,,33.0,,73.0,,60.0,,40.0,,40.0,40.0,40.0,,40.0,60.0,20.0,60.0,80.0,80.0,,60.0,60.0,60.0,80.0,60.0,60.0,40.0,20.0,40.0,80.0,60.0,60.0,40.0,40.0,40.0,40.0,60.0,20.0,80.0,60.0,80.0,40.0,60.0,80.0,60.0,20.0,20.0,20.0,20.0
2022,Post-COVID (2022-2025),Sí,AFRO,Ghana,GHA,52.0,35.0,40.0,80.0,48.0,True,,30.0,,,40.0,,,40.0,,,48.0,,,80.0,,40.0,,53.0,,,60.0,,,,47.0,,67.0,,60.0,,60.0,,80.0,40.0,20.0,,60.0,40.0,20.0,40.0,80.0,80.0,,40.0,40.0,40.0,60.0,60.0,60.0,60.0,40.0,40.0,80.0,60.0,60.0,60.0,80.0,20.0,60.0,40.0,80.0,60.0,20.0,80.0,40.0,60.0,60.0,60.0,40.0,40.0,40.0,40.0
2022,Post-COVID (2022-2025),Sí,AFRO,Guinea,GIN,51.0,35.0,53.0,80.0,56.0,True,,30.0,,,53.0,,,40.0,,,56.0,,,80.0,,40.0,,93.0,,,60.0,,,,40.0,,60.0,,53.0,,80.0,,40.0,40.0,20.0,,40.0,60.0,40.0,60.0,80.0,80.0,,60.0,20.0,100.0,80.0,40.0,60.0,40.0,40.0,40.0,60.0,40.0,40.0,80.0,40.0,60.0,40.0,40.0,40.0,80.0,60.0,100.0,80.0,60.0,60.0,80.0,20.0,20.0,20.0,20.0
2022,Post-COVID (2022-2025),Sí,AFRO,Guinea-Bissau,GNB,40.0,20.0,33.0,80.0,52.0,True,,20.0,,,33.0,,,20.0,,,52.0,,,80.0,,40.0,,67.0,,,60.0,,,,33.0,,80.0,,20.0,,20.0,,40.0,20.0,20.0,,20.0,40.0,20.0,60.0,80.0,80.0,,40.0,40.0,80.0,60.0,60.0,60.0,40.0,40.0,20.0,80.0,20.0,20.0,20.0,40.0,40.0,20.0,60.0,20.0,60.0,60.0,80.0,40.0,80.0,80.0,20.0,20.0,20.0,20.0,20.0
2022,Post-COVID (2022-2025),Sí,AFRO,Kenya,KEN,45.0,25.0,33.0,80.0,68.0,True,,20.0,,,33.0,,,30.0,,,68.0,,,80.0,,30.0,,47.0,,,47.0,,,,60.0,,60.0,,20.0,,60.0,,40.0,20.0,20.0,,40.0,40.0,40.0,60.0,80.0,80.0,,40.0,20.0,20.0,60.0,40.0,40.0,60.0,60.0,60.0,40.0,20.0,20.0,60.0,40.0,20.0,20.0,60.0,80.0,80.0,60.0,80.0,40.0,60.0,80.0,20.0,40.0,40.0,40.0,40.0
2022,Post-COVID (2022-2025),Sí,AFRO,Lesotho,LSO,40.0,35.0,27.0,80.0,56.0,True,,20.0,,,27.0,,,50.0,,,56.0,,,80.0,,20.0,,53.0,,,53.0,,,,27.0,,47.0,,53.0,,40.0,,40.0,20.0,20.0,,40.0,20.0,40.0,40.0,80.0,80.0,,20.0,20.0,80.0,100.0,20.0,40.0,40.0,20.0,20.0,40.0,60.0,80.0,40.0,40.0,20.0,60.0,20.0,80.0,80.0,60.0,40.0,40.0,60.0,40.0,20.0,20.0,20.0,20.0,20.0
2022,Post-COVID (2022-2025),Sí,AFRO,Liberia,LBR,58.0,50.0,73.0,80.0,52.0,True,,40.0,,,73.0,,,60.0,,,52.0,,,80.0,,40.0,,60.0,,,67.0,,,,40.0,,80.0,,80.0,,80.0,,40.0,60.0,20.0,,80.0,80.0,80.0,60.0,80.0,80.0,,60.0,20.0,60.0,80.0,60.0,60.0,60.0,20.0,40.0,80.0,80.0,80.0,80.0,40.0,60.0,40.0,40.0,40.0,60.0,60.0,80.0,40.0,80.0,80.0,80.0,40.0,40.0,40.0,40.0
2022,Post-COVID (2022-2025),Sí,EMRO,Libya,LBY,53.0,35.0,60.0,80.0,60.0,True,,30.0,,,60.0,,,40.0,,,60.0,,,80.0,,70.0,,67.0,,,67.0,,,,40.0,,47.0,,47.0,,60.0,,60.0,20.0,40.0,,60.0,60.0,40.0,80.0,80.0,80.0,,80.0,60.0,80.0,80.0,60.0,60.0,40.0,40.0,40.0,20.0,40.0,40.0,60.0,60.0,60.0,40.0,40.0,20.0,80.0,80.0,60.0,60.0,60.0,60.0,60.0,20.0,20.0,40.0,40.0
2022,Post-COVID (2022-2025),Sí,AFRO,Madagascar,MDG,48.0,35.0,53.0,80.0,52.0,True,,20.0,,,53.0,,,50.0,,,52.0,,,80.0,,30.0,,47.0,,,67.0,,,,27.0,,67.0,,53.0,,60.0,,40.0,20.0,20.0,,40.0,60.0,60.0,40.0,80.0,80.0,,40.0,20.0,40.0,80.0,40.0,80.0,20.0,20.0,40.0,60.0,40.0,40.0,60.0,40.0,60.0,40.0,40.0,40.0,80.0,60.0,60.0,40.0,60.0,80.0,80.0,40.0,40.0,40.0,40.0
2022,Post-COVID (2022-2025),Sí,AFRO,Malawi,MWI,50.0,35.0,27.0,80.0,68.0,True,,40.0,,,27.0,,,30.0,,,68.0,,,80.0,,30.0,,73.0,,,53.0,,,,47.0,,80.0,,40.0,,60.0,,40.0,60.0,20.0,,40.0,20.0,40.0,80.0,80.0,80.0,,40.0,20.0,60.0,80.0,40.0,40.0,60.0,40.0,40.0,80.0,20.0,20.0,60.0,40.0,20.0,20.0,20.0,80.0,80.0,80.0,80.0,80.0,80.0,80.0,80.0,40.0,40.0,40.0,40.0
2022,Post-COVID (2022-2025),Sí,AFRO,Mali,MLI,44.0,20.0,40.0,80.0,60.0,True,,20.0,,,40.0,,,20.0,,,60.0,,,80.0,,40.0,,60.0,,,47.0,,,,40.0,,73.0,,7.0,,80.0,,60.0,20.0,20.0,,20.0,80.0,20.0,60.0,80.0,80.0,,60.0,20.0,60.0,60.0,40.0,40.0,40.0,40.0,40.0,60.0,0.0,0.0,80.0,60.0,20.0,20.0,40.0,40.0,80.0,80.0,80.0,40.0,80.0,80.0,20.0,20.0,20.0,20.0,20.0
2022,Post-COVID (2022-2025),Sí,AFRO,Mauritania,MRT,41.0,55.0,60.0,50.0,52.0,True,,50.0,,,60.0,,,60.0,,,52.0,,,50.0,,40.0,,27.0,,,40.0,,,,33.0,,47.0,,20.0,,60.0,,20.0,40.0,60.0,,60.0,80.0,60.0,60.0,60.0,40.0,,60.0,20.0,20.0,20.0,60.0,40.0,60.0,20.0,20.0,20.0,20.0,20.0,60.0,20.0,40.0,60.0,40.0,40.0,60.0,60.0,40.0,20.0,60.0,60.0,20.0,20.0,20.0,40.0,40.0
2022,Post-COVID (2022-2025),Sí,AFRO,Mauritius,MUS,46.0,50.0,53.0,70.0,64.0,True,,30.0,,,53.0,,,70.0,,,64.0,,,70.0,,50.0,,40.0,,,93.0,,,,47.0,,33.0,,20.0,,40.0,,20.0,40.0,20.0,,40.0,80.0,60.0,80.0,60.0,80.0,,80.0,20.0,20.0,100.0,100.0,80.0,60.0,40.0,40.0,40.0,20.0,20.0,40.0,20.0,40.0,80.0,20.0,40.0,80.0,100.0,20.0,80.0,40.0,20.0,20.0,20.0,20.0,40.0,40.0
2022,Post-COVID (2022-2025),Sí,EMRO,Morocco,MAR,73.0,65.0,53.0,80.0,84.0,True,,50.0,,,53.0,,,80.0,,,84.0,,,80.0,,80.0,,80.0,,,67.0,,,,47.0,,80.0,,73.0,,80.0,,80.0,40.0,60.0,,40.0,80.0,60.0,80.0,80.0,80.0,,80.0,80.0,80.0,80.0,40.0,80.0,60.0,20.0,60.0,80.0,80.0,60.0,80.0,80.0,40.0,100.0,60.0,80.0,100.0,100.0,80.0,80.0,80.0,80.0,80.0,80.0,80.0,80.0,80.0
2022,Post-COVID (2022-2025),Sí,AFRO,Mozambique,MOZ,81.0,85.0,87.0,80.0,80.0,True,,90.0,,,87.0,,,80.0,,,80.0,,,80.0,,80.0,,80.0,,,80.0,,,,80.0,,80.0,,80.0,,80.0,,80.0,100.0,80.0,,80.0,100.0,80.0,80.0,80.0,80.0,,80.0,80.0,80.0,80.0,80.0,80.0,80.0,80.0,80.0,80.0,80.0,80.0,80.0,80.0,80.0,80.0,80.0,80.0,80.0,80.0,80.0,80.0,80.0,80.0,80.0,80.0,80.0,80.0,80.0
2022,Post-COVID (2022-2025),Sí,AFRO,Namibia,NAM,65.0,40.0,80.0,80.0,76.0,True,,20.0,,,80.0,,,60.0,,,76.0,,,80.0,,40.0,,67.0,,,60.0,,,,67.0,,93.0,,87.0,,60.0,,60.0,20.0,20.0,,80.0,80.0,60.0,80.0,80.0,80.0,,60.0,20.0,40.0,80.0,40.0,60.0,80.0,80.0,40.0,80.0,80.0,80.0,60.0,60.0,80.0,60.0,80.0,80.0,60.0,80.0,80.0,80.0,100.0,100.0,100.0,80.0,80.0,40.0,40.0
2022,Post-COVID (2022-2025),Sí,AFRO,Niger,NER,57.0,50.0,67.0,80.0,56.0,True,,40.0,,,67.0,,,60.0,,,56.0,,,80.0,,80.0,,73.0,,,60.0,,,,27.0,,60.0,,53.0,,100.0,,20.0,40.0,40.0,,60.0,80.0,60.0,80.0,80.0,80.0,,80.0,80.0,60.0,80.0,40.0,60.0,40.0,20.0,20.0,60.0,40.0,60.0,100.0,20.0,60.0,60.0,40.0,40.0,60.0,60.0,80.0,80.0,60.0,60.0,60.0,20.0,20.0,60.0,60.0
2022,Post-COVID (2022-2025),Sí,AFRO,Nigeria,NGA,56.0,25.0,73.0,70.0,60.0,True,,20.0,,,73.0,,,30.0,,,60.0,,,70.0,,70.0,,73.0,,,47.0,,,,33.0,,80.0,,60.0,,60.0,,60.0,20.0,20.0,,80.0,60.0,40.0,40.0,80.0,60.0,,60.0,80.0,60.0,60.0,40.0,40.0,60.0,20.0,20.0,80.0,60.0,60.0,60.0,60.0,80.0,20.0,40.0,80.0,80.0,60.0,80.0,80.0,80.0,80.0,60.0,20.0,20.0,80.0,80.0
2022,Post-COVID (2022-2025),Sí,AFRO,Rwanda,RWA,65.0,50.0,60.0,80.0,64.0,True,,20.0,,,60.0,,,80.0,,,64.0,,,80.0,,40.0,,60.0,,,53.0,,,,60.0,,80.0,,53.0,,80.0,,80.0,20.0,20.0,,20.0,80.0,80.0,60.0,80.0,80.0,,60.0,20.0,20.0,80.0,40.0,40.0,40.0,60.0,80.0,80.0,60.0,60.0,80.0,80.0,80.0,80.0,60.0,60.0,60.0,80.0,80.0,80.0,80.0,80.0,40.0,80.0,80.0,80.0,80.0
2022,Post-COVID (2022-2025),Sí,AFRO,Sao Tome and Principe,STP,38.0,40.0,53.0,70.0,32.0,True,,40.0,,,53.0,,,40.0,,,32.0,,,70.0,,30.0,,33.0,,,53.0,,,,40.0,,27.0,,33.0,,40.0,,40.0,60.0,20.0,,40.0,60.0,40.0,40.0,60.0,80.0,,40.0,20.0,20.0,60.0,60.0,40.0,40.0,40.0,40.0,20.0,20.0,40.0,40.0,40.0,60.0,40.0,20.0,40.0,40.0,20.0,60.0,20.0,40.0,20.0,40.0,20.0,20.0,20.0,20.0
2022,Post-COVID (2022-2025),Sí,AFRO,Senegal,SEN,52.0,50.0,67.0,70.0,56.0,True,,50.0,,,67.0,,,50.0,,,56.0,,,70.0,,40.0,,53.0,,,47.0,,,,33.0,,33.0,,47.0,,60.0,,80.0,20.0,80.0,,80.0,60.0,60.0,80.0,80.0,60.0,,40.0,40.0,80.0,60.0,20.0,60.0,60.0,20.0,20.0,40.0,20.0,60.0,60.0,80.0,60.0,40.0,60.0,40.0,80.0,20.0,60.0,20.0,40.0,20.0,60.0,60.0,60.0,40.0,40.0
2022,Post-COVID (2022-2025),Sí,AFRO,Seychelles,SYC,52.0,55.0,40.0,80.0,60.0,True,,40.0,,,40.0,,,70.0,,,60.0,,,80.0,,30.0,,53.0,,,80.0,,,,67.0,,47.0,,67.0,,20.0,,80.0,60.0,20.0,,40.0,40.0,60.0,80.0,80.0,80.0,,40.0,20.0,20.0,80.0,80.0,80.0,80.0,40.0,80.0,40.0,60.0,40.0,20.0,80.0,40.0,80.0,40.0,20.0,80.0,80.0,60.0,80.0,60.0,40.0,100.0,20.0,20.0,20.0,20.0
2022,Post-COVID (2022-2025),Sí,AFRO,Sierra Leone,SLE,51.0,40.0,67.0,80.0,44.0,True,,40.0,,,67.0,,,40.0,,,44.0,,,80.0,,40.0,,80.0,,,47.0,,,,40.0,,87.0,,47.0,,60.0,,40.0,60.0,20.0,,80.0,60.0,60.0,40.0,80.0,80.0,,40.0,40.0,80.0,60.0,40.0,40.0,60.0,20.0,40.0,80.0,60.0,60.0,60.0,40.0,60.0,20.0,40.0,40.0,40.0,60.0,80.0,80.0,100.0,80.0,20.0,20.0,20.0,40.0,40.0
2022,Post-COVID (2022-2025),Sí,EMRO,Somalia,SOM,33.0,30.0,53.0,80.0,24.0,True,,30.0,,,53.0,,,30.0,,,24.0,,,80.0,,30.0,,33.0,,,47.0,,,,40.0,,33.0,,20.0,,20.0,,20.0,20.0,40.0,,60.0,60.0,40.0,40.0,80.0,80.0,,40.0,20.0,20.0,40.0,40.0,60.0,40.0,40.0,40.0,40.0,20.0,20.0,20.0,20.0,40.0,20.0,20.0,20.0,20.0,20.0,40.0,40.0,40.0,20.0,20.0,20.0,20.0,20.0,20.0
2022,Post-COVID (2022-2025),Sí,AFRO,South Africa,ZAF,73.0,60.0,40.0,60.0,92.0,True,,20.0,,,40.0,,,100.0,,,92.0,,,60.0,,40.0,,73.0,,,93.0,,,,73.0,,100.0,,60.0,,80.0,,80.0,20.0,20.0,,40.0,60.0,100.0,100.0,60.0,60.0,,60.0,20.0,60.0,100.0,80.0,100.0,80.0,80.0,60.0,100.0,60.0,60.0,80.0,80.0,20.0,100.0,80.0,80.0,100.0,100.0,100.0,60.0,100.0,100.0,60.0,80.0,80.0,100.0,100.0
2022,Post-COVID (2022-2025),Sí,AFRO,South Sudan,SSD,40.0,30.0,47.0,90.0,56.0,True,,30.0,,,47.0,,,30.0,,,56.0,,,90.0,,30.0,,40.0,,,60.0,,,,27.0,,60.0,,27.0,,40.0,,20.0,20.0,40.0,,40.0,40.0,40.0,60.0,100.0,80.0,,40.0,20.0,20.0,80.0,40.0,60.0,40.0,20.0,20.0,60.0,20.0,20.0,40.0,20.0,60.0,20.0,40.0,60.0,60.0,60.0,80.0,20.0,40.0,80.0,40.0,20.0,20.0,20.0,20.0
2022,Post-COVID (2022-2025),Sí,EMRO,Sudan,SDN,49.0,50.0,73.0,80.0,40.0,True,,40.0,,,73.0,,,60.0,,,40.0,,,80.0,,30.0,,73.0,,,40.0,,,,47.0,,33.0,,53.0,,60.0,,20.0,60.0,20.0,,80.0,60.0,60.0,40.0,80.0,80.0,,40.0,20.0,80.0,60.0,20.0,40.0,60.0,40.0,40.0,40.0,60.0,40.0,60.0,20.0,80.0,60.0,40.0,40.0,60.0,20.0,60.0,80.0,40.0,20.0,60.0,40.0,40.0,40.0,40.0
2022,Post-COVID (2022-2025),Sí,AFRO,Togo,TGO,49.0,35.0,27.0,80.0,56.0,True,,30.0,,,27.0,,,40.0,,,56.0,,,80.0,,70.0,,80.0,,,73.0,,,,53.0,,47.0,,60.0,,40.0,,40.0,40.0,20.0,,20.0,20.0,40.0,40.0,80.0,80.0,,80.0,60.0,80.0,80.0,60.0,80.0,60.0,40.0,60.0,60.0,60.0,60.0,40.0,40.0,40.0,40.0,60.0,60.0,60.0,60.0,80.0,80.0,40.0,40.0,60.0,20.0,20.0,20.0,20.0
2022,Post-COVID (2022-2025),Sí,EMRO,Tunisia,TUN,74.0,60.0,80.0,100.0,92.0,True,,50.0,,,80.0,,,70.0,,,92.0,,,100.0,,50.0,,73.0,,,93.0,,,,53.0,,33.0,,73.0,,100.0,,80.0,60.0,40.0,,80.0,80.0,60.0,100.0,100.0,100.0,,80.0,20.0,20.0,100.0,100.0,80.0,60.0,60.0,40.0,20.0,80.0,40.0,100.0,80.0,80.0,80.0,80.0,80.0,100.0,100.0,100.0,100.0,60.0,20.0,100.0,80.0,80.0,80.0,80.0
2022,Post-COVID (2022-2025),Sí,AFRO,Uganda,UGA,65.0,70.0,73.0,70.0,76.0,True,,80.0,,,73.0,,,60.0,,,76.0,,,70.0,,80.0,,80.0,,,73.0,,,,20.0,,80.0,,60.0,,60.0,,40.0,80.0,80.0,,60.0,80.0,60.0,80.0,60.0,80.0,,80.0,80.0,60.0,80.0,40.0,100.0,20.0,20.0,20.0,80.0,60.0,60.0,60.0,40.0,80.0,60.0,60.0,80.0,80.0,80.0,100.0,80.0,80.0,80.0,60.0,60.0,60.0,60.0,60.0
2022,Post-COVID (2022-2025),Sí,AFRO,United Republic of Tanzania,TZA,58.0,35.0,53.0,100.0,64.0,True,,30.0,,,53.0,,,40.0,,,64.0,,,100.0,,30.0,,73.0,,,47.0,,,,73.0,,60.0,,67.0,,60.0,,80.0,40.0,20.0,,40.0,60.0,40.0,60.0,100.0,100.0,,40.0,20.0,60.0,80.0,20.0,40.0,80.0,60.0,80.0,60.0,60.0,60.0,60.0,80.0,60.0,40.0,40.0,60.0,80.0,80.0,80.0,80.0,60.0,60.0,80.0,60.0,60.0,40.0,40.0
2022,Post-COVID (2022-2025),Sí,AFRO,Zambia,ZMB,59.0,55.0,60.0,70.0,64.0,True,,60.0,,,60.0,,,50.0,,,64.0,,,70.0,,30.0,,73.0,,,80.0,,,,60.0,,80.0,,60.0,,60.0,,80.0,60.0,60.0,,60.0,60.0,60.0,40.0,60.0,80.0,,40.0,20.0,60.0,80.0,80.0,80.0,80.0,40.0,60.0,80.0,60.0,40.0,60.0,80.0,60.0,40.0,60.0,80.0,80.0,60.0,80.0,80.0,80.0,80.0,80.0,20.0,20.0,40.0,40.0
2022,Post-COVID (2022-2025),Sí,AFRO,Zimbabwe,ZWE,67.0,55.0,73.0,80.0,80.0,True,,60.0,,,73.0,,,50.0,,,80.0,,,80.0,,70.0,,67.0,,,67.0,,,,67.0,,87.0,,60.0,,80.0,,80.0,60.0,60.0,,60.0,80.0,60.0,80.0,80.0,80.0,,60.0,80.0,20.0,100.0,60.0,40.0,80.0,60.0,60.0,80.0,40.0,60.0,80.0,80.0,80.0,40.0,40.0,100.0,80.0,100.0,100.0,80.0,80.0,100.0,80.0,40.0,40.0,40.0,40.0
2022,Post-COVID (2022-2025),Sí,WPRO,Australia,AUS,89.0,90.0,93.0,100.0,100.0,True,,100.0,,,93.0,,,80.0,,,100.0,,,100.0,,80.0,,80.0,,,100.0,,,,100.0,,87.0,,100.0,,60.0,,100.0,100.0,100.0,,80.0,100.0,100.0,100.0,100.0,100.0,,80.0,80.0,80.0,100.0,100.0,100.0,100.0,100.0,100.0,80.0,100.0,100.0,60.0,100.0,100.0,60.0,100.0,100.0,100.0,100.0,80.0,80.0,80.0,100.0,100.0,100.0,100.0,60.0,60.0
2022,Post-COVID (2022-2025),Sí,WPRO,Cook Islands,COK,71.0,70.0,73.0,100.0,68.0,True,,60.0,,,73.0,,,80.0,,,68.0,,,100.0,,80.0,,87.0,,,100.0,,,,80.0,,100.0,,80.0,,20.0,,60.0,100.0,20.0,,80.0,80.0,80.0,80.0,100.0,100.0,,80.0,80.0,100.0,100.0,100.0,100.0,100.0,60.0,80.0,100.0,80.0,80.0,20.0,60.0,60.0,80.0,80.0,80.0,80.0,20.0,100.0,60.0,100.0,100.0,80.0,20.0,20.0,60.0,60.0
2022,Post-COVID (2022-2025),Sí,WPRO,Fiji,FJI,48.0,35.0,27.0,80.0,72.0,True,,30.0,,,27.0,,,40.0,,,72.0,,,80.0,,30.0,,67.0,,,60.0,,,,27.0,,20.0,,87.0,,20.0,,60.0,20.0,40.0,,40.0,20.0,40.0,80.0,80.0,80.0,,40.0,20.0,60.0,100.0,40.0,40.0,40.0,20.0,20.0,20.0,80.0,80.0,20.0,60.0,20.0,40.0,80.0,40.0,80.0,80.0,80.0,60.0,20.0,20.0,100.0,20.0,20.0,80.0,80.0
2022,Post-COVID (2022-2025),No,WPRO,Kiribati,KIR,,,,,,False,,,,,,,,,,,,,,,,,,,,,,,,,,,,,,,,,,,,,,,,,,,,,,,,,,,,,,,,,,,,,,,,,,,,,,,,
2022,Post-COVID (2022-2025),No,WPRO,Marshall Islands,MHL,,,,,,False,,,,,,,,,,,,,,,,,,,,,,,,,,,,,,,,,,,,,,,,,,,,,,,,,,,,,,,,,,,,,,,,,,,,,,,,
2022,Post-COVID (2022-2025),Sí,WPRO,Micronesia,FSM,53.0,60.0,20.0,80.0,76.0,True,,60.0,,,20.0,,,60.0,,,76.0,,,80.0,,20.0,,80.0,,,67.0,,,,53.0,,80.0,,53.0,,20.0,,40.0,60.0,60.0,,20.0,20.0,40.0,100.0,80.0,80.0,,20.0,20.0,80.0,80.0,60.0,60.0,60.0,40.0,60.0,80.0,60.0,60.0,20.0,40.0,20.0,80.0,80.0,80.0,60.0,60.0,80.0,80.0,80.0,80.0,40.0,60.0,60.0,20.0,20.0
2022,Post-COVID (2022-2025),No,WPRO,Nauru,NRU,,,,,,False,,,,,,,,,,,,,,,,,,,,,,,,,,,,,,,,,,,,,,,,,,,,,,,,,,,,,,,,,,,,,,,,,,,,,,,,
2022,Post-COVID (2022-2025),Sí,WPRO,New Zealand,NZL,85.0,95.0,93.0,80.0,80.0,True,,100.0,,,93.0,,,90.0,,,80.0,,,80.0,,70.0,,87.0,,,93.0,,,,67.0,,100.0,,93.0,,60.0,,80.0,100.0,100.0,,100.0,100.0,80.0,80.0,80.0,80.0,,60.0,80.0,80.0,100.0,100.0,80.0,60.0,60.0,80.0,100.0,100.0,100.0,60.0,80.0,80.0,100.0,80.0,80.0,80.0,80.0,100.0,80.0,100.0,100.0,80.0,100.0,100.0,80.0,80.0
2022,Post-COVID (2022-2025),Sí,WPRO,Niue,NIU,69.0,75.0,67.0,100.0,84.0,True,,70.0,,,67.0,,,80.0,,,84.0,,,100.0,,80.0,,60.0,,,87.0,,,,80.0,,93.0,,80.0,,80.0,,20.0,100.0,40.0,,100.0,80.0,80.0,100.0,100.0,100.0,,80.0,80.0,0.0,80.0,100.0,80.0,80.0,60.0,100.0,100.0,80.0,80.0,80.0,20.0,20.0,80.0,80.0,80.0,80.0,80.0,80.0,100.0,100.0,80.0,80.0,40.0,40.0,20.0,20.0
2022,Post-COVID (2022-2025),No,WPRO,Palau,PLW,,,,,,False,,,,,,,,,,,,,,,,,,,,,,,,,,,,,,,,,,,,,,,,,,,,,,,,,,,,,,,,,,,,,,,,,,,,,,,,
2022,Post-COVID (2022-2025),No,WPRO,Papua New Guinea,PNG,,,,,,False,,,,,,,,,,,,,,,,,,,,,,,,,,,,,,,,,,,,,,,,,,,,,,,,,,,,,,,,,,,,,,,,,,,,,,,,
2022,Post-COVID (2022-2025),Sí,WPRO,Samoa,WSM,51.0,60.0,40.0,100.0,64.0,True,,100.0,,,40.0,,,20.0,,,64.0,,,100.0,,50.0,,73.0,,,73.0,,,,47.0,,80.0,,33.0,,20.0,,40.0,100.0,100.0,,40.0,40.0,20.0,60.0,100.0,100.0,,80.0,20.0,80.0,80.0,80.0,60.0,60.0,40.0,40.0,80.0,0.0,0.0,20.0,40.0,40.0,20.0,60.0,80.0,60.0,60.0,80.0,60.0,80.0,80.0,100.0,20.0,20.0,0.0,0.0
2022,Post-COVID (2022-2025),No,WPRO,Solomon Islands,SLB,,,,,,False,,,,,,,,,,,,,,,,,,,,,,,,,,,,,,,,,,,,,,,,,,,,,,,,,,,,,,,,,,,,,,,,,,,,,,,,
2022,Post-COVID (2022-2025),Sí,WPRO,Tonga,TON,70.0,70.0,80.0,80.0,76.0,True,,60.0,,,80.0,,,80.0,,,76.0,,,80.0,,70.0,,73.0,,,73.0,,,,73.0,,80.0,,80.0,,20.0,,80.0,60.0,60.0,,80.0,80.0,80.0,80.0,80.0,80.0,,60.0,80.0,80.0,80.0,80.0,60.0,80.0,80.0,60.0,80.0,100.0,60.0,20.0,80.0,80.0,80.0,80.0,80.0,60.0,80.0,80.0,60.0,80.0,80.0,80.0,40.0,40.0,80.0,80.0
2022,Post-COVID (2022-2025),No,WPRO,Tuvalu,TUV,,,,,,False,,,,,,,,,,,,,,,,,,,,,,,,,,,,,,,,,,,,,,,,,,,,,,,,,,,,,,,,,,,,,,,,,,,,,,,,
2022,Post-COVID (2022-2025),Sí,WPRO,Vanuatu,VUT,54.0,50.0,27.0,90.0,84.0,True,,40.0,,,27.0,,,60.0,,,84.0,,,90.0,,50.0,,93.0,,,40.0,,,,33.0,,80.0,,60.0,,60.0,,60.0,60.0,20.0,,40.0,20.0,40.0,80.0,100.0,80.0,,80.0,20.0,100.0,40.0,60.0,20.0,40.0,20.0,40.0,60.0,60.0,60.0,60.0,60.0,20.0,80.0,100.0,100.0,60.0,80.0,100.0,80.0,100.0,80.0,60.0,20.0,20.0,20.0,20.0
2022,Post-COVID (2022-2025),Sí,AMRO,Antigua and Barbuda,ATG,54.0,40.0,47.0,90.0,68.0,True,,30.0,,,47.0,,,50.0,,,68.0,,,90.0,,50.0,,60.0,,,67.0,,,,47.0,,33.0,,73.0,,60.0,,80.0,40.0,20.0,,40.0,80.0,40.0,80.0,100.0,80.0,,80.0,20.0,20.0,80.0,80.0,40.0,60.0,20.0,60.0,20.0,80.0,60.0,60.0,80.0,20.0,60.0,80.0,40.0,60.0,80.0,80.0,80.0,60.0,20.0,80.0,20.0,20.0,40.0,40.0
2022,Post-COVID (2022-2025),Sí,AMRO,Argentina,ARG,67.0,75.0,53.0,80.0,72.0,True,,70.0,,,53.0,,,80.0,,,72.0,,,80.0,,50.0,,47.0,,,67.0,,,,60.0,,67.0,,73.0,,80.0,,80.0,80.0,60.0,,40.0,40.0,80.0,80.0,80.0,80.0,,60.0,40.0,40.0,80.0,60.0,60.0,60.0,60.0,60.0,60.0,80.0,80.0,80.0,80.0,80.0,80.0,40.0,60.0,100.0,80.0,60.0,40.0,80.0,60.0,60.0,60.0,60.0,60.0,60.0
2022,Post-COVID (2022-2025),Sí,AMRO,Bahamas,BHS,56.0,35.0,80.0,90.0,84.0,True,,20.0,,,80.0,,,50.0,,,84.0,,,90.0,,50.0,,73.0,,,73.0,,,,20.0,,60.0,,80.0,,20.0,,80.0,20.0,20.0,,80.0,80.0,60.0,80.0,80.0,100.0,,80.0,20.0,80.0,80.0,60.0,80.0,20.0,20.0,20.0,80.0,80.0,60.0,20.0,80.0,80.0,40.0,80.0,80.0,80.0,100.0,60.0,80.0,80.0,20.0,100.0,40.0,40.0,20.0,20.0
2022,Post-COVID (2022-2025),Sí,AMRO,Barbados,BRB,70.0,70.0,80.0,100.0,52.0,True,,70.0,,,80.0,,,70.0,,,52.0,,,100.0,,70.0,,80.0,,,87.0,,,,67.0,,73.0,,80.0,,60.0,,80.0,60.0,80.0,,80.0,80.0,60.0,80.0,100.0,100.0,,60.0,80.0,80.0,100.0,80.0,80.0,80.0,60.0,60.0,80.0,80.0,80.0,60.0,80.0,80.0,80.0,20.0,60.0,80.0,20.0,80.0,80.0,60.0,80.0,80.0,40.0,40.0,40.0,40.0
2022,Post-COVID (2022-2025),Sí,AMRO,Belize,BLZ,46.0,30.0,33.0,60.0,52.0,True,,20.0,,,33.0,,,40.0,,,52.0,,,60.0,,30.0,,73.0,,,40.0,,,,80.0,,20.0,,60.0,,20.0,,80.0,20.0,20.0,,60.0,20.0,40.0,80.0,20.0,100.0,,20.0,40.0,80.0,60.0,40.0,20.0,100.0,60.0,80.0,20.0,40.0,60.0,20.0,80.0,20.0,40.0,40.0,60.0,60.0,20.0,80.0,60.0,40.0,0.0,80.0,40.0,40.0,40.0,40.0
2022,Post-COVID (2022-2025),Sí,AMRO,Bolivia (Plurinational State of),BOL,70.0,55.0,60.0,80.0,88.0,True,,40.0,,,60.0,,,70.0,,,88.0,,,80.0,,70.0,,80.0,,,87.0,,,,40.0,,60.0,,53.0,,80.0,,80.0,20.0,60.0,,40.0,80.0,60.0,80.0,80.0,80.0,,60.0,80.0,80.0,100.0,80.0,80.0,40.0,60.0,20.0,60.0,40.0,40.0,80.0,80.0,60.0,80.0,80.0,100.0,80.0,100.0,80.0,80.0,60.0,60.0,80.0,80.0,80.0,80.0,80.0
2022,Post-COVID (2022-2025),Sí,AMRO,Brazil,BRA,69.0,65.0,80.0,80.0,80.0,True,,50.0,,,80.0,,,80.0,,,80.0,,,80.0,,50.0,,87.0,,,47.0,,,,80.0,,80.0,,67.0,,20.0,,100.0,80.0,20.0,,80.0,80.0,80.0,100.0,80.0,80.0,,80.0,20.0,80.0,60.0,40.0,40.0,80.0,80.0,80.0,80.0,60.0,60.0,20.0,100.0,80.0,80.0,40.0,80.0,80.0,100.0,100.0,80.0,80.0,80.0,80.0,60.0,60.0,80.0,80.0
2022,Post-COVID (2022-2025),Sí,AMRO,Canada,CAN,96.0,85.0,100.0,100.0,100.0,True,,70.0,,,100.0,,,100.0,,,100.0,,,100.0,,80.0,,93.0,,,100.0,,,,100.0,,100.0,,100.0,,100.0,,100.0,100.0,40.0,,100.0,100.0,100.0,100.0,100.0,100.0,,80.0,80.0,100.0,100.0,100.0,100.0,100.0,100.0,100.0,100.0,100.0,100.0,100.0,100.0,100.0,100.0,100.0,100.0,100.0,100.0,100.0,80.0,100.0,100.0,100.0,100.0,100.0,100.0,100.0
2022,Post-COVID (2022-2025),Sí,AMRO,Chile,CHL,78.0,70.0,80.0,80.0,80.0,True,,60.0,,,80.0,,,80.0,,,80.0,,,80.0,,100.0,,87.0,,,80.0,,,,100.0,,87.0,,80.0,,60.0,,40.0,100.0,20.0,,80.0,80.0,60.0,80.0,80.0,80.0,,100.0,100.0,100.0,100.0,60.0,80.0,100.0,100.0,100.0,80.0,100.0,40.0,60.0,40.0,80.0,100.0,40.0,80.0,100.0,100.0,100.0,60.0,100.0,80.0,100.0,80.0,80.0,80.0,80.0
2022,Post-COVID (2022-2025),Sí,AMRO,Colombia,COL,73.0,55.0,80.0,100.0,84.0,True,,60.0,,,80.0,,,50.0,,,84.0,,,100.0,,40.0,,73.0,,,87.0,,,,73.0,,53.0,,93.0,,80.0,,80.0,100.0,20.0,,80.0,80.0,40.0,100.0,100.0,100.0,,60.0,20.0,60.0,100.0,80.0,80.0,60.0,80.0,80.0,40.0,100.0,100.0,80.0,80.0,80.0,60.0,60.0,80.0,80.0,100.0,80.0,80.0,80.0,40.0,80.0,80.0,80.0,60.0,60.0
2022,Post-COVID (2022-2025),Sí,AMRO,Costa Rica,CRI,65.0,40.0,60.0,80.0,80.0,True,,20.0,,,60.0,,,60.0,,,80.0,,,80.0,,70.0,,53.0,,,80.0,,,,60.0,,60.0,,67.0,,80.0,,80.0,20.0,20.0,,20.0,80.0,60.0,80.0,80.0,80.0,,60.0,80.0,20.0,80.0,80.0,80.0,60.0,60.0,60.0,60.0,60.0,60.0,80.0,80.0,80.0,60.0,80.0,80.0,80.0,80.0,60.0,80.0,60.0,60.0,80.0,80.0,80.0,40.0,40.0
2022,Post-COVID (2022-2025),Sí,AMRO,Cuba,CUB,99.0,95.0,100.0,100.0,100.0,True,,100.0,,,100.0,,,90.0,,,100.0,,,100.0,,100.0,,100.0,,,100.0,,,,100.0,,100.0,,100.0,,100.0,,100.0,100.0,100.0,,100.0,100.0,80.0,100.0,100.0,100.0,,100.0,100.0,100.0,100.0,100.0,100.0,100.0,100.0,100.0,100.0,100.0,100.0,100.0,100.0,100.0,100.0,100.0,100.0,100.0,100.0,100.0,100.0,100.0,100.0,100.0,100.0,100.0,100.0,100.0
2022,Post-COVID (2022-2025),Sí,AMRO,Dominica,DMA,61.0,45.0,73.0,30.0,60.0,True,,40.0,,,73.0,,,50.0,,,60.0,,,30.0,,60.0,,80.0,,,80.0,,,,60.0,,67.0,,80.0,,80.0,,80.0,40.0,40.0,,80.0,80.0,40.0,80.0,40.0,20.0,,60.0,60.0,80.0,80.0,80.0,80.0,60.0,60.0,60.0,60.0,80.0,80.0,80.0,80.0,60.0,60.0,40.0,40.0,80.0,60.0,80.0,80.0,80.0,60.0,80.0,40.0,40.0,40.0,40.0
2022,Post-COVID (2022-2025),Sí,AMRO,Dominican Republic,DOM,62.0,45.0,73.0,90.0,60.0,True,,50.0,,,73.0,,,40.0,,,60.0,,,90.0,,60.0,,60.0,,,80.0,,,,40.0,,73.0,,27.0,,80.0,,80.0,80.0,20.0,,80.0,80.0,40.0,60.0,100.0,80.0,,60.0,60.0,20.0,60.0,80.0,100.0,40.0,60.0,20.0,100.0,20.0,20.0,80.0,80.0,60.0,40.0,40.0,60.0,80.0,60.0,80.0,80.0,20.0,100.0,40.0,80.0,80.0,40.0,40.0
2022,Post-COVID (2022-2025),Sí,AMRO,Ecuador,ECU,60.0,55.0,53.0,80.0,72.0,True,,80.0,,,53.0,,,30.0,,,72.0,,,80.0,,50.0,,73.0,,,53.0,,,,27.0,,40.0,,67.0,,60.0,,80.0,80.0,80.0,,40.0,60.0,40.0,60.0,80.0,80.0,,80.0,20.0,80.0,80.0,40.0,40.0,20.0,40.0,20.0,40.0,60.0,60.0,60.0,80.0,60.0,20.0,60.0,80.0,80.0,80.0,80.0,60.0,20.0,60.0,80.0,80.0,80.0,60.0,60.0
2022,Post-COVID (2022-2025),Sí,AMRO,El Salvador,SLV,92.0,85.0,93.0,100.0,88.0,True,,80.0,,,93.0,,,90.0,,,88.0,,,100.0,,90.0,,100.0,,,100.0,,,,80.0,,80.0,,100.0,,80.0,,100.0,80.0,80.0,,80.0,100.0,80.0,80.0,100.0,100.0,,80.0,100.0,100.0,100.0,100.0,100.0,80.0,80.0,80.0,80.0,100.0,100.0,80.0,100.0,100.0,100.0,80.0,80.0,100.0,100.0,100.0,100.0,80.0,80.0,100.0,100.0,100.0,100.0,100.0
2022,Post-COVID (2022-2025),Sí,AMRO,Grenada,GRD,35.0,30.0,47.0,70.0,48.0,True,,30.0,,,47.0,,,30.0,,,48.0,,,70.0,,30.0,,33.0,,,47.0,,,,27.0,,40.0,,27.0,,20.0,,40.0,40.0,20.0,,60.0,40.0,40.0,60.0,80.0,60.0,,40.0,20.0,60.0,20.0,80.0,40.0,40.0,20.0,20.0,40.0,40.0,20.0,20.0,40.0,40.0,20.0,20.0,40.0,60.0,60.0,20.0,20.0,60.0,20.0,20.0,20.0,20.0,20.0,20.0
2022,Post-COVID (2022-2025),Sí,AMRO,Guatemala,GTM,42.0,35.0,27.0,70.0,44.0,True,,50.0,,,27.0,,,20.0,,,44.0,,,70.0,,30.0,,67.0,,,73.0,,,,33.0,,47.0,,33.0,,20.0,,20.0,40.0,60.0,,20.0,40.0,20.0,40.0,80.0,60.0,,40.0,20.0,80.0,60.0,80.0,80.0,20.0,40.0,40.0,60.0,40.0,40.0,20.0,20.0,20.0,20.0,20.0,40.0,60.0,60.0,80.0,40.0,40.0,40.0,20.0,60.0,60.0,40.0,40.0
2022,Post-COVID (2022-2025),Sí,AMRO,Guyana,GUY,54.0,55.0,47.0,60.0,76.0,True,,40.0,,,47.0,,,70.0,,,76.0,,,60.0,,60.0,,73.0,,,80.0,,,,40.0,,60.0,,40.0,,40.0,,40.0,60.0,20.0,,40.0,60.0,40.0,40.0,40.0,80.0,,60.0,60.0,60.0,80.0,80.0,80.0,40.0,40.0,40.0,20.0,40.0,20.0,40.0,40.0,40.0,100.0,80.0,80.0,80.0,100.0,80.0,80.0,80.0,80.0,60.0,40.0,40.0,40.0,40.0
2022,Post-COVID (2022-2025),Sí,AMRO,Haiti,HTI,56.0,45.0,53.0,100.0,96.0,True,,40.0,,,53.0,,,50.0,,,96.0,,,100.0,,90.0,,80.0,,,73.0,,,,40.0,,60.0,,33.0,,80.0,,40.0,20.0,60.0,,40.0,60.0,40.0,100.0,100.0,100.0,,100.0,80.0,80.0,80.0,80.0,60.0,40.0,60.0,20.0,60.0,20.0,20.0,80.0,40.0,60.0,60.0,80.0,100.0,100.0,100.0,80.0,80.0,60.0,60.0,60.0,0.0,0.0,0.0,0.0
2022,Post-COVID (2022-2025),Sí,AMRO,Honduras,HND,59.0,45.0,80.0,80.0,80.0,True,,50.0,,,80.0,,,40.0,,,80.0,,,80.0,,50.0,,60.0,,,60.0,,,,33.0,,47.0,,40.0,,80.0,,80.0,40.0,60.0,,80.0,80.0,40.0,80.0,80.0,80.0,,60.0,40.0,20.0,80.0,40.0,60.0,20.0,60.0,20.0,40.0,60.0,40.0,80.0,80.0,80.0,40.0,80.0,60.0,80.0,100.0,80.0,80.0,80.0,20.0,20.0,60.0,60.0,40.0,40.0
2022,Post-COVID (2022-2025),Sí,AMRO,Jamaica,JAM,87.0,95.0,93.0,100.0,92.0,True,,90.0,,,93.0,,,100.0,,,92.0,,,100.0,,70.0,,93.0,,,80.0,,,,67.0,,87.0,,93.0,,80.0,,100.0,80.0,100.0,,80.0,100.0,100.0,100.0,100.0,100.0,,80.0,60.0,100.0,100.0,60.0,80.0,60.0,80.0,60.0,80.0,100.0,80.0,80.0,100.0,100.0,100.0,100.0,60.0,100.0,100.0,100.0,80.0,80.0,100.0,100.0,80.0,80.0,80.0,80.0
2022,Post-COVID (2022-2025),Sí,AMRO,Mexico,MEX,75.0,55.0,87.0,100.0,96.0,True,,40.0,,,87.0,,,70.0,,,96.0,,,100.0,,50.0,,87.0,,,93.0,,,,53.0,,80.0,,87.0,,60.0,,80.0,60.0,20.0,,100.0,80.0,60.0,100.0,100.0,100.0,,80.0,20.0,60.0,100.0,100.0,80.0,20.0,60.0,80.0,80.0,100.0,80.0,60.0,80.0,80.0,80.0,80.0,100.0,100.0,100.0,100.0,100.0,80.0,80.0,80.0,60.0,60.0,80.0,80.0
2022,Post-COVID (2022-2025),Sí,AMRO,Nicaragua,NIC,85.0,80.0,93.0,100.0,72.0,True,,90.0,,,93.0,,,70.0,,,72.0,,,100.0,,90.0,,100.0,,,100.0,,,,60.0,,100.0,,100.0,,80.0,,80.0,80.0,100.0,,80.0,100.0,40.0,80.0,100.0,100.0,,80.0,100.0,100.0,100.0,100.0,100.0,80.0,40.0,60.0,100.0,100.0,100.0,80.0,80.0,100.0,100.0,80.0,20.0,80.0,100.0,100.0,100.0,100.0,100.0,100.0,40.0,40.0,100.0,100.0
2022,Post-COVID (2022-2025),Sí,AMRO,Panama,PAN,75.0,60.0,60.0,100.0,96.0,True,,50.0,,,60.0,,,70.0,,,96.0,,,100.0,,90.0,,87.0,,,73.0,,,,80.0,,80.0,,80.0,,80.0,,80.0,60.0,40.0,,60.0,80.0,40.0,80.0,100.0,100.0,,80.0,100.0,80.0,80.0,60.0,80.0,80.0,100.0,60.0,80.0,80.0,80.0,80.0,80.0,40.0,100.0,100.0,100.0,100.0,100.0,80.0,100.0,80.0,80.0,80.0,40.0,40.0,60.0,60.0
2022,Post-COVID (2022-2025),Sí,AMRO,Paraguay,PRY,62.0,25.0,53.0,100.0,60.0,True,,30.0,,,53.0,,,20.0,,,60.0,,,100.0,,60.0,,67.0,,,73.0,,,,53.0,,60.0,,80.0,,60.0,,80.0,20.0,40.0,,60.0,80.0,20.0,60.0,100.0,100.0,,80.0,40.0,40.0,80.0,60.0,80.0,60.0,60.0,40.0,80.0,80.0,80.0,60.0,80.0,20.0,20.0,60.0,20.0,80.0,80.0,80.0,80.0,80.0,20.0,80.0,80.0,80.0,60.0,60.0
2022,Post-COVID (2022-2025),Sí,AMRO,Peru,PER,45.0,30.0,33.0,80.0,52.0,True,,20.0,,,33.0,,,40.0,,,52.0,,,80.0,,30.0,,67.0,,,33.0,,,,40.0,,33.0,,33.0,,20.0,,40.0,20.0,20.0,,40.0,40.0,40.0,60.0,80.0,80.0,,40.0,20.0,40.0,20.0,40.0,40.0,20.0,80.0,20.0,20.0,40.0,40.0,20.0,40.0,20.0,40.0,40.0,40.0,60.0,60.0,80.0,80.0,60.0,20.0,20.0,60.0,60.0,100.0,100.0
2022,Post-COVID (2022-2025),Sí,AMRO,Saint Kitts and Nevis,KNA,71.0,70.0,80.0,80.0,56.0,True,,70.0,,,80.0,,,70.0,,,56.0,,,80.0,,60.0,,80.0,,,87.0,,,,93.0,,87.0,,87.0,,80.0,,80.0,80.0,60.0,,80.0,80.0,60.0,80.0,80.0,80.0,,80.0,40.0,80.0,80.0,100.0,80.0,100.0,80.0,100.0,80.0,80.0,80.0,80.0,80.0,80.0,80.0,80.0,40.0,60.0,20.0,80.0,80.0,100.0,80.0,100.0,40.0,40.0,20.0,20.0
2022,Post-COVID (2022-2025),Sí,AMRO,Saint Lucia,LCA,60.0,45.0,67.0,80.0,68.0,True,,60.0,,,67.0,,,30.0,,,68.0,,,80.0,,50.0,,80.0,,,60.0,,,,33.0,,53.0,,100.0,,80.0,,80.0,80.0,40.0,,80.0,80.0,40.0,80.0,80.0,80.0,,80.0,20.0,80.0,80.0,80.0,20.0,40.0,20.0,40.0,80.0,100.0,100.0,80.0,80.0,40.0,20.0,40.0,60.0,80.0,80.0,80.0,80.0,60.0,20.0,100.0,40.0,40.0,20.0,20.0
2022,Post-COVID (2022-2025),Sí,AMRO,Saint Vincent and the Grenadines,VCT,59.0,60.0,47.0,80.0,76.0,True,,30.0,,,47.0,,,90.0,,,76.0,,,80.0,,40.0,,100.0,,,60.0,,,,53.0,,80.0,,33.0,,80.0,,40.0,40.0,20.0,,40.0,60.0,80.0,80.0,80.0,80.0,,60.0,20.0,100.0,80.0,60.0,40.0,60.0,60.0,40.0,80.0,20.0,20.0,80.0,40.0,40.0,100.0,80.0,60.0,80.0,80.0,100.0,100.0,80.0,80.0,60.0,40.0,40.0,40.0,40.0
2022,Post-COVID (2022-2025),Sí,AMRO,Suriname,SUR,46.0,55.0,40.0,70.0,76.0,True,,60.0,,,40.0,,,50.0,,,76.0,,,70.0,,60.0,,60.0,,,67.0,,,,73.0,,33.0,,20.0,,20.0,,20.0,40.0,80.0,,40.0,60.0,40.0,60.0,80.0,60.0,,80.0,40.0,60.0,80.0,60.0,60.0,80.0,80.0,60.0,20.0,20.0,20.0,20.0,20.0,20.0,60.0,80.0,80.0,80.0,80.0,60.0,60.0,60.0,20.0,20.0,20.0,20.0,20.0,20.0
2022,Post-COVID (2022-2025),Sí,AMRO,Trinidad and Tobago,TTO,65.0,50.0,73.0,80.0,72.0,True,,60.0,,,73.0,,,40.0,,,72.0,,,80.0,,60.0,,73.0,,,73.0,,,,60.0,,80.0,,80.0,,80.0,,80.0,60.0,60.0,,60.0,80.0,40.0,60.0,80.0,80.0,,60.0,60.0,80.0,60.0,80.0,80.0,60.0,60.0,60.0,80.0,80.0,80.0,80.0,80.0,80.0,40.0,40.0,80.0,80.0,100.0,80.0,60.0,80.0,80.0,80.0,40.0,40.0,20.0,20.0
2022,Post-COVID (2022-2025),Sí,AMRO,United States of America,USA,91.0,90.0,93.0,100.0,92.0,True,,80.0,,,93.0,,,100.0,,,92.0,,,100.0,,80.0,,100.0,,,93.0,,,,100.0,,87.0,,93.0,,80.0,,100.0,100.0,60.0,,100.0,100.0,100.0,100.0,100.0,100.0,,60.0,100.0,100.0,100.0,100.0,80.0,100.0,100.0,100.0,100.0,100.0,80.0,80.0,100.0,80.0,100.0,100.0,80.0,100.0,80.0,100.0,100.0,100.0,60.0,100.0,80.0,80.0,80.0,80.0
2022,Post-COVID (2022-2025),Sí,AMRO,Uruguay,URY,70.0,75.0,67.0,90.0,64.0,True,,70.0,,,67.0,,,80.0,,,64.0,,,90.0,,60.0,,80.0,,,73.0,,,,73.0,,100.0,,80.0,,80.0,,40.0,60.0,80.0,,60.0,80.0,80.0,60.0,100.0,80.0,,60.0,60.0,80.0,60.0,100.0,60.0,60.0,80.0,80.0,100.0,80.0,80.0,80.0,40.0,60.0,80.0,60.0,60.0,80.0,60.0,80.0,80.0,100.0,100.0,80.0,60.0,60.0,40.0,40.0
2022,Post-COVID (2022-2025),Sí,AMRO,Venezuela (Bolivarian Republic of),VEN,77.0,65.0,80.0,80.0,76.0,True,,90.0,,,80.0,,,40.0,,,76.0,,,80.0,,40.0,,80.0,,,87.0,,,,80.0,,73.0,,93.0,,80.0,,80.0,100.0,80.0,,80.0,80.0,40.0,80.0,80.0,80.0,,40.0,40.0,60.0,100.0,100.0,60.0,100.0,60.0,80.0,80.0,100.0,100.0,80.0,80.0,80.0,40.0,60.0,60.0,80.0,100.0,80.0,100.0,80.0,60.0,80.0,80.0,80.0,100.0,100.0
2022,Post-COVID (2022-2025),Sí,EMRO,Afghanistan,AFG,40.0,30.0,60.0,80.0,44.0,True,,20.0,,,60.0,,,40.0,,,44.0,,,80.0,,30.0,,53.0,,,60.0,,,,47.0,,40.0,,27.0,,60.0,,20.0,20.0,20.0,,80.0,60.0,40.0,60.0,80.0,80.0,,40.0,20.0,40.0,60.0,60.0,60.0,60.0,40.0,40.0,20.0,20.0,40.0,60.0,20.0,40.0,40.0,20.0,20.0,60.0,60.0,80.0,40.0,60.0,40.0,20.0,20.0,20.0,0.0,0.0
2022,Post-COVID (2022-2025),Sí,EURO,Armenia,ARM,84.0,65.0,100.0,100.0,80.0,True,,60.0,,,100.0,,,70.0,,,80.0,,,100.0,,80.0,,73.0,,,80.0,,,,100.0,,80.0,,80.0,,100.0,,60.0,100.0,20.0,,100.0,100.0,60.0,80.0,100.0,100.0,,100.0,60.0,40.0,80.0,80.0,80.0,100.0,100.0,100.0,80.0,80.0,80.0,100.0,60.0,100.0,80.0,60.0,80.0,100.0,80.0,100.0,80.0,80.0,80.0,80.0,100.0,100.0,100.0,100.0
2022,Post-COVID (2022-2025),Sí,EURO,Azerbaijan,AZE,81.0,90.0,73.0,100.0,80.0,True,,80.0,,,73.0,,,100.0,,,80.0,,,100.0,,50.0,,87.0,,,80.0,,,,40.0,,100.0,,80.0,,100.0,,80.0,80.0,80.0,,40.0,80.0,100.0,80.0,100.0,100.0,,80.0,20.0,80.0,100.0,60.0,80.0,40.0,40.0,40.0,100.0,80.0,80.0,100.0,80.0,100.0,100.0,80.0,80.0,80.0,80.0,100.0,80.0,100.0,100.0,80.0,80.0,80.0,80.0,80.0
2022,Post-COVID (2022-2025),Sí,EMRO,Bahrain,BHR,84.0,100.0,73.0,100.0,96.0,True,,100.0,,,73.0,,,100.0,,,96.0,,,100.0,,70.0,,87.0,,,100.0,,,,87.0,,80.0,,100.0,,80.0,,80.0,100.0,100.0,,80.0,80.0,100.0,100.0,100.0,100.0,,40.0,100.0,80.0,100.0,100.0,100.0,80.0,80.0,100.0,80.0,100.0,100.0,80.0,80.0,60.0,100.0,80.0,100.0,100.0,100.0,80.0,100.0,80.0,80.0,100.0,40.0,40.0,60.0,60.0
2022,Post-COVID (2022-2025),Sí,SEARO,Bangladesh,BGD,68.0,65.0,80.0,80.0,80.0,True,,60.0,,,80.0,,,70.0,,,80.0,,,80.0,,50.0,,73.0,,,80.0,,,,53.0,,67.0,,60.0,,80.0,,60.0,60.0,60.0,,80.0,80.0,60.0,100.0,80.0,80.0,,40.0,60.0,60.0,80.0,80.0,80.0,80.0,20.0,60.0,60.0,60.0,60.0,80.0,60.0,80.0,80.0,60.0,80.0,80.0,80.0,80.0,80.0,60.0,80.0,60.0,60.0,60.0,60.0,60.0
2022,Post-COVID (2022-2025),Sí,SEARO,Bhutan,BTN,63.0,50.0,53.0,100.0,80.0,True,,40.0,,,53.0,,,60.0,,,80.0,,,100.0,,80.0,,73.0,,,73.0,,,,60.0,,67.0,,80.0,,80.0,,60.0,40.0,40.0,,40.0,60.0,40.0,80.0,100.0,100.0,,80.0,80.0,80.0,80.0,80.0,60.0,60.0,60.0,60.0,60.0,80.0,80.0,80.0,60.0,60.0,80.0,80.0,80.0,80.0,80.0,80.0,60.0,60.0,80.0,80.0,20.0,20.0,20.0,20.0
2022,Post-COVID (2022-2025),No,WPRO,Brunei Darussalam,BRN,,,,,,False,,,,,,,,,,,,,,,,,,,,,,,,,,,,,,,,,,,,,,,,,,,,,,,,,,,,,,,,,,,,,,,,,,,,,,,,
2022,Post-COVID (2022-2025),Sí,WPRO,Cambodia,KHM,60.0,60.0,73.0,90.0,72.0,True,,70.0,,,73.0,,,50.0,,,72.0,,,90.0,,60.0,,40.0,,,67.0,,,,53.0,,73.0,,47.0,,60.0,,60.0,60.0,80.0,,80.0,60.0,60.0,80.0,100.0,80.0,,80.0,40.0,20.0,80.0,60.0,60.0,60.0,40.0,60.0,60.0,40.0,40.0,60.0,60.0,80.0,40.0,60.0,80.0,80.0,60.0,80.0,20.0,80.0,80.0,60.0,40.0,40.0,40.0,40.0
2022,Post-COVID (2022-2025),Sí,WPRO,China,CHN,93.0,90.0,93.0,90.0,88.0,True,,90.0,,,93.0,,,90.0,,,88.0,,,90.0,,100.0,,100.0,,,100.0,,,,100.0,,67.0,,93.0,,100.0,,80.0,100.0,80.0,,100.0,100.0,100.0,80.0,80.0,100.0,,100.0,100.0,100.0,100.0,100.0,100.0,100.0,100.0,100.0,100.0,100.0,80.0,100.0,80.0,80.0,80.0,100.0,100.0,80.0,80.0,100.0,100.0,0.0,100.0,100.0,100.0,100.0,100.0,100.0
2022,Post-COVID (2022-2025),Sí,EURO,Cyprus,CYP,68.0,55.0,80.0,90.0,92.0,True,,60.0,,,80.0,,,50.0,,,92.0,,,90.0,,80.0,,80.0,,,87.0,,,,53.0,,33.0,,80.0,,20.0,,100.0,100.0,20.0,,40.0,100.0,20.0,100.0,100.0,80.0,,80.0,80.0,80.0,100.0,100.0,60.0,40.0,40.0,80.0,20.0,60.0,100.0,20.0,100.0,100.0,80.0,80.0,100.0,100.0,80.0,80.0,80.0,60.0,20.0,80.0,40.0,40.0,80.0,80.0
2022,Post-COVID (2022-2025),Sí,SEARO,Democratic People's Republic of Korea,PRK,76.0,80.0,93.0,100.0,80.0,True,,80.0,,,93.0,,,80.0,,,80.0,,,100.0,,80.0,,100.0,,,87.0,,,,80.0,,80.0,,27.0,,80.0,,40.0,80.0,80.0,,80.0,100.0,80.0,80.0,100.0,100.0,,80.0,80.0,100.0,100.0,80.0,80.0,60.0,100.0,80.0,80.0,0.0,0.0,80.0,40.0,100.0,80.0,60.0,80.0,80.0,100.0,100.0,100.0,80.0,80.0,80.0,80.0,80.0,60.0,60.0
2022,Post-COVID (2022-2025),Sí,EURO,Georgia,GEO,71.0,60.0,80.0,100.0,92.0,True,,50.0,,,80.0,,,70.0,,,92.0,,,100.0,,40.0,,80.0,,,93.0,,,,80.0,,53.0,,47.0,,80.0,,60.0,80.0,20.0,,80.0,80.0,60.0,80.0,100.0,100.0,,60.0,20.0,80.0,80.0,100.0,100.0,80.0,60.0,100.0,60.0,40.0,40.0,80.0,60.0,80.0,80.0,100.0,100.0,100.0,80.0,80.0,80.0,60.0,40.0,60.0,100.0,100.0,40.0,40.0
2022,Post-COVID (2022-2025),Sí,SEARO,India,IND,85.0,80.0,87.0,100.0,80.0,True,,60.0,,,87.0,,,100.0,,,80.0,,,100.0,,100.0,,93.0,,,87.0,,,,53.0,,100.0,,100.0,,80.0,,60.0,80.0,40.0,,80.0,100.0,100.0,60.0,100.0,100.0,,100.0,100.0,100.0,100.0,80.0,80.0,60.0,60.0,40.0,100.0,100.0,100.0,80.0,60.0,80.0,100.0,80.0,80.0,100.0,80.0,100.0,80.0,100.0,100.0,100.0,80.0,80.0,100.0,100.0
2022,Post-COVID (2022-2025),Sí,WPRO,Indonesia,IDN,72.0,75.0,73.0,90.0,72.0,True,,70.0,,,73.0,,,80.0,,,72.0,,,90.0,,60.0,,87.0,,,87.0,,,,60.0,,80.0,,80.0,,80.0,,60.0,80.0,60.0,,60.0,80.0,60.0,80.0,100.0,80.0,,60.0,60.0,80.0,80.0,80.0,100.0,60.0,60.0,60.0,80.0,80.0,80.0,80.0,60.0,80.0,100.0,60.0,80.0,60.0,80.0,80.0,100.0,80.0,80.0,80.0,40.0,40.0,60.0,60.0
2022,Post-COVID (2022-2025),Sí,EMRO,Iran (Islamic Republic of),IRN,86.0,90.0,93.0,90.0,92.0,True,,100.0,,,93.0,,,80.0,,,92.0,,,90.0,,90.0,,93.0,,,93.0,,,,73.0,,73.0,,87.0,,80.0,,80.0,100.0,100.0,,100.0,100.0,80.0,100.0,80.0,100.0,,80.0,100.0,100.0,100.0,100.0,80.0,80.0,60.0,80.0,80.0,100.0,80.0,80.0,80.0,80.0,80.0,100.0,80.0,80.0,100.0,80.0,100.0,60.0,80.0,80.0,100.0,100.0,60.0,60.0
2022,Post-COVID (2022-2025),Sí,EMRO,Iraq,IRQ,66.0,75.0,80.0,80.0,76.0,True,,80.0,,,80.0,,,70.0,,,76.0,,,80.0,,50.0,,73.0,,,67.0,,,,47.0,,80.0,,47.0,,80.0,,60.0,80.0,80.0,,80.0,80.0,60.0,80.0,80.0,80.0,,80.0,20.0,80.0,80.0,60.0,60.0,60.0,40.0,40.0,80.0,40.0,40.0,80.0,60.0,80.0,80.0,80.0,60.0,80.0,80.0,80.0,60.0,80.0,80.0,60.0,60.0,60.0,40.0,40.0
2022,Post-COVID (2022-2025),Sí,EURO,Israel,ISR,86.0,55.0,80.0,100.0,100.0,True,,50.0,,,80.0,,,60.0,,,100.0,,,100.0,,100.0,,100.0,,,87.0,,,,73.0,,73.0,,100.0,,80.0,,80.0,40.0,60.0,,40.0,100.0,60.0,100.0,100.0,100.0,,100.0,100.0,100.0,80.0,80.0,100.0,80.0,100.0,40.0,80.0,100.0,100.0,80.0,80.0,100.0,60.0,100.0,100.0,100.0,100.0,100.0,100.0,80.0,60.0,100.0,100.0,100.0,100.0,100.0
2022,Post-COVID (2022-2025),Sí,WPRO,Japan,JPN,99.0,90.0,100.0,100.0,100.0,True,,80.0,,,100.0,,,100.0,,,100.0,,,100.0,,100.0,,100.0,,,100.0,,,,100.0,,100.0,,100.0,,100.0,,100.0,100.0,60.0,,100.0,100.0,100.0,100.0,100.0,100.0,,100.0,100.0,100.0,100.0,100.0,100.0,100.0,100.0,100.0,100.0,100.0,100.0,100.0,100.0,100.0,100.0,100.0,100.0,100.0,100.0,100.0,100.0,100.0,100.0,100.0,100.0,100.0,100.0,100.0
2022,Post-COVID (2022-2025),Sí,EMRO,Jordan,JOR,60.0,40.0,67.0,80.0,64.0,True,,40.0,,,67.0,,,40.0,,,64.0,,,80.0,,50.0,,67.0,,,73.0,,,,53.0,,47.0,,80.0,,80.0,,40.0,60.0,20.0,,80.0,80.0,40.0,60.0,80.0,80.0,,40.0,60.0,60.0,80.0,80.0,60.0,60.0,60.0,40.0,40.0,80.0,80.0,80.0,40.0,40.0,40.0,40.0,60.0,80.0,80.0,80.0,60.0,60.0,40.0,80.0,60.0,60.0,60.0,60.0
2022,Post-COVID (2022-2025),Sí,EURO,Kazakhstan,KAZ,80.0,70.0,73.0,100.0,80.0,True,,60.0,,,73.0,,,80.0,,,80.0,,,100.0,,70.0,,93.0,,,100.0,,,,67.0,,80.0,,100.0,,80.0,,60.0,80.0,40.0,,80.0,80.0,60.0,80.0,100.0,100.0,,60.0,80.0,80.0,100.0,100.0,100.0,60.0,80.0,60.0,80.0,100.0,100.0,80.0,60.0,60.0,100.0,60.0,80.0,80.0,100.0,100.0,100.0,80.0,80.0,100.0,80.0,80.0,80.0,80.0
2022,Post-COVID (2022-2025),Sí,EMRO,Kuwait,KWT,92.0,85.0,93.0,100.0,84.0,True,,70.0,,,93.0,,,100.0,,,84.0,,,100.0,,100.0,,80.0,,,87.0,,,,100.0,,100.0,,100.0,,80.0,,80.0,80.0,60.0,,80.0,100.0,100.0,80.0,100.0,100.0,,100.0,100.0,80.0,100.0,80.0,80.0,100.0,100.0,100.0,100.0,100.0,100.0,80.0,80.0,100.0,100.0,80.0,80.0,100.0,80.0,80.0,80.0,100.0,100.0,100.0,100.0,100.0,100.0,100.0
2022,Post-COVID (2022-2025),Sí,EURO,Kyrgyzstan,KGZ,48.0,45.0,40.0,80.0,60.0,True,,40.0,,,40.0,,,50.0,,,60.0,,,80.0,,50.0,,33.0,,,47.0,,,,40.0,,47.0,,60.0,,60.0,,40.0,40.0,40.0,,40.0,40.0,40.0,60.0,80.0,80.0,,80.0,20.0,20.0,60.0,40.0,40.0,40.0,40.0,40.0,40.0,60.0,60.0,60.0,40.0,40.0,60.0,40.0,60.0,60.0,80.0,60.0,20.0,40.0,60.0,60.0,40.0,40.0,40.0,40.0
2022,Post-COVID (2022-2025),Sí,WPRO,Lao People's Democratic Republic,LAO,53.0,50.0,80.0,80.0,64.0,True,,60.0,,,80.0,,,40.0,,,64.0,,,80.0,,40.0,,73.0,,,60.0,,,,47.0,,73.0,,40.0,,60.0,,40.0,60.0,60.0,,80.0,80.0,40.0,80.0,80.0,80.0,,40.0,40.0,80.0,80.0,20.0,80.0,40.0,60.0,40.0,80.0,40.0,40.0,60.0,40.0,80.0,40.0,40.0,40.0,80.0,80.0,80.0,60.0,80.0,60.0,40.0,20.0,20.0,20.0,20.0
2022,Post-COVID (2022-2025),Sí,EMRO,Lebanon,LBN,72.0,60.0,73.0,100.0,84.0,True,,80.0,,,73.0,,,40.0,,,84.0,,,100.0,,60.0,,67.0,,,67.0,,,,60.0,,80.0,,67.0,,80.0,,40.0,80.0,80.0,,80.0,60.0,40.0,100.0,100.0,100.0,,40.0,80.0,80.0,80.0,60.0,60.0,60.0,40.0,80.0,80.0,60.0,60.0,80.0,40.0,80.0,40.0,80.0,80.0,80.0,80.0,80.0,40.0,80.0,80.0,80.0,80.0,80.0,100.0,100.0
2022,Post-COVID (2022-2025),Sí,WPRO,Malaysia,MYS,89.0,80.0,93.0,80.0,88.0,True,,80.0,,,93.0,,,80.0,,,88.0,,,80.0,,100.0,,87.0,,,100.0,,,,87.0,,87.0,,87.0,,100.0,,80.0,80.0,80.0,,100.0,100.0,80.0,100.0,80.0,80.0,,100.0,100.0,80.0,100.0,100.0,100.0,100.0,80.0,80.0,100.0,100.0,80.0,100.0,80.0,80.0,80.0,80.0,60.0,100.0,100.0,100.0,80.0,80.0,80.0,80.0,100.0,100.0,80.0,80.0
2022,Post-COVID (2022-2025),Sí,SEARO,Maldives,MDV,56.0,55.0,80.0,80.0,80.0,True,,50.0,,,80.0,,,60.0,,,80.0,,,80.0,,60.0,,80.0,,,67.0,,,,60.0,,60.0,,60.0,,20.0,,40.0,60.0,40.0,,80.0,80.0,40.0,80.0,80.0,80.0,,60.0,60.0,80.0,80.0,80.0,40.0,60.0,60.0,60.0,60.0,60.0,40.0,20.0,40.0,80.0,80.0,80.0,80.0,80.0,80.0,80.0,80.0,60.0,60.0,80.0,20.0,20.0,20.0,20.0
2022,Post-COVID (2022-2025),Sí,WPRO,Mongolia,MNG,72.0,85.0,100.0,80.0,76.0,True,,90.0,,,100.0,,,80.0,,,76.0,,,80.0,,80.0,,80.0,,,80.0,,,,80.0,,80.0,,67.0,,40.0,,20.0,100.0,80.0,,100.0,100.0,80.0,80.0,80.0,80.0,,80.0,80.0,80.0,80.0,80.0,80.0,80.0,60.0,100.0,80.0,60.0,60.0,40.0,20.0,100.0,80.0,60.0,80.0,80.0,80.0,80.0,80.0,80.0,80.0,80.0,60.0,60.0,60.0,60.0
2022,Post-COVID (2022-2025),Sí,SEARO,Myanmar,MMR,61.0,50.0,67.0,80.0,64.0,True,,30.0,,,67.0,,,70.0,,,64.0,,,80.0,,50.0,,67.0,,,60.0,,,,60.0,,80.0,,67.0,,60.0,,60.0,40.0,20.0,,60.0,80.0,60.0,80.0,80.0,80.0,,60.0,40.0,40.0,80.0,40.0,60.0,60.0,60.0,60.0,80.0,60.0,60.0,60.0,60.0,60.0,80.0,60.0,40.0,60.0,80.0,80.0,80.0,80.0,80.0,80.0,60.0,60.0,40.0,40.0
2022,Post-COVID (2022-2025),Sí,SEARO,Nepal,NPL,47.0,60.0,60.0,50.0,48.0,True,,50.0,,,60.0,,,70.0,,,48.0,,,50.0,,30.0,,47.0,,,60.0,,,,53.0,,40.0,,60.0,,60.0,,20.0,40.0,60.0,,60.0,60.0,60.0,60.0,60.0,40.0,,40.0,20.0,20.0,80.0,20.0,80.0,60.0,40.0,60.0,40.0,60.0,60.0,60.0,20.0,60.0,80.0,20.0,40.0,60.0,60.0,60.0,60.0,40.0,40.0,60.0,40.0,40.0,20.0,20.0
2022,Post-COVID (2022-2025),Sí,EMRO,Oman,OMN,80.0,55.0,73.0,100.0,92.0,True,,40.0,,,73.0,,,70.0,,,92.0,,,100.0,,50.0,,87.0,,,100.0,,,,93.0,,93.0,,87.0,,80.0,,80.0,80.0,0.0,,60.0,80.0,60.0,100.0,100.0,100.0,,40.0,60.0,80.0,100.0,100.0,100.0,100.0,80.0,100.0,100.0,80.0,80.0,80.0,80.0,80.0,80.0,80.0,80.0,100.0,100.0,80.0,100.0,100.0,80.0,100.0,80.0,80.0,80.0,80.0
2022,Post-COVID (2022-2025),Sí,EMRO,Pakistan,PAK,50.0,45.0,33.0,80.0,60.0,True,,30.0,,,33.0,,,60.0,,,60.0,,,80.0,,30.0,,53.0,,,53.0,,,,40.0,,33.0,,40.0,,60.0,,40.0,40.0,20.0,,40.0,40.0,60.0,60.0,80.0,80.0,,40.0,20.0,20.0,40.0,60.0,60.0,40.0,40.0,40.0,40.0,20.0,40.0,60.0,40.0,20.0,60.0,40.0,80.0,60.0,60.0,60.0,80.0,40.0,20.0,60.0,40.0,40.0,100.0,100.0
2022,Post-COVID (2022-2025),Sí,WPRO,Philippines,PHL,67.0,65.0,80.0,70.0,56.0,True,,60.0,,,80.0,,,70.0,,,56.0,,,70.0,,60.0,,60.0,,,67.0,,,,60.0,,87.0,,73.0,,80.0,,60.0,60.0,60.0,,80.0,80.0,40.0,60.0,60.0,80.0,,60.0,60.0,60.0,60.0,60.0,80.0,60.0,60.0,60.0,100.0,60.0,80.0,80.0,60.0,80.0,100.0,40.0,60.0,60.0,60.0,60.0,60.0,80.0,80.0,80.0,80.0,80.0,40.0,40.0
2022,Post-COVID (2022-2025),Sí,EMRO,Qatar,QAT,94.0,85.0,87.0,100.0,100.0,True,,70.0,,,87.0,,,100.0,,,100.0,,,100.0,,100.0,,100.0,,,100.0,,,,87.0,,100.0,,87.0,,100.0,,100.0,100.0,40.0,,80.0,100.0,100.0,100.0,100.0,100.0,,100.0,100.0,100.0,100.0,100.0,100.0,80.0,80.0,100.0,100.0,80.0,80.0,100.0,100.0,80.0,100.0,100.0,100.0,100.0,100.0,100.0,100.0,100.0,100.0,100.0,80.0,80.0,100.0,100.0
2022,Post-COVID (2022-2025),Sí,WPRO,Republic of Korea,KOR,99.0,100.0,87.0,100.0,100.0,True,,100.0,,,87.0,,,100.0,,,100.0,,,100.0,,100.0,,100.0,,,100.0,,,,100.0,,93.0,,100.0,,100.0,,100.0,100.0,100.0,,100.0,80.0,100.0,100.0,100.0,100.0,,100.0,100.0,100.0,100.0,100.0,100.0,100.0,100.0,100.0,100.0,100.0,100.0,100.0,100.0,80.0,100.0,100.0,100.0,100.0,100.0,100.0,100.0,100.0,80.0,100.0,100.0,100.0,100.0,100.0
2022,Post-COVID (2022-2025),Sí,EMRO,Saudi Arabia,SAU,93.0,100.0,80.0,100.0,88.0,True,,100.0,,,80.0,,,100.0,,,88.0,,,100.0,,100.0,,100.0,,,93.0,,,,100.0,,80.0,,87.0,,80.0,,100.0,100.0,100.0,,80.0,80.0,100.0,100.0,100.0,100.0,,100.0,100.0,100.0,100.0,100.0,80.0,100.0,100.0,100.0,80.0,100.0,80.0,80.0,100.0,80.0,100.0,60.0,100.0,100.0,80.0,100.0,100.0,80.0,80.0,80.0,80.0,80.0,100.0,100.0
2022,Post-COVID (2022-2025),Sí,WPRO,Singapore,SGP,94.0,100.0,100.0,100.0,100.0,True,,100.0,,,100.0,,,100.0,,,100.0,,,100.0,,90.0,,93.0,,,100.0,,,,100.0,,100.0,,100.0,,80.0,,80.0,100.0,100.0,,100.0,100.0,100.0,100.0,100.0,100.0,,100.0,80.0,80.0,100.0,100.0,100.0,100.0,100.0,100.0,100.0,100.0,100.0,80.0,80.0,100.0,100.0,100.0,100.0,100.0,100.0,100.0,100.0,100.0,100.0,100.0,80.0,80.0,80.0,80.0
2022,Post-COVID (2022-2025),Sí,SEARO,Sri Lanka,LKA,66.0,45.0,80.0,100.0,52.0,True,,40.0,,,80.0,,,50.0,,,52.0,,,100.0,,80.0,,87.0,,,80.0,,,,33.0,,80.0,,73.0,,40.0,,60.0,60.0,20.0,,80.0,80.0,60.0,60.0,100.0,100.0,,60.0,100.0,80.0,80.0,80.0,80.0,40.0,20.0,40.0,80.0,80.0,80.0,40.0,60.0,80.0,40.0,60.0,20.0,60.0,60.0,100.0,80.0,80.0,80.0,60.0,60.0,60.0,80.0,80.0
2022,Post-COVID (2022-2025),Sí,EMRO,Syrian Arab Republic,SYR,58.0,60.0,53.0,50.0,52.0,True,,60.0,,,53.0,,,60.0,,,52.0,,,50.0,,40.0,,53.0,,,60.0,,,,53.0,,60.0,,87.0,,60.0,,60.0,60.0,60.0,,60.0,40.0,60.0,60.0,60.0,40.0,,40.0,40.0,40.0,60.0,60.0,60.0,60.0,40.0,60.0,60.0,100.0,100.0,60.0,60.0,60.0,60.0,40.0,40.0,60.0,60.0,60.0,60.0,60.0,60.0,60.0,60.0,60.0,60.0,60.0
2022,Post-COVID (2022-2025),Sí,EURO,Tajikistan,TJK,63.0,25.0,73.0,80.0,72.0,True,,20.0,,,73.0,,,30.0,,,72.0,,,80.0,,80.0,,53.0,,,80.0,,,,73.0,,67.0,,73.0,,80.0,,40.0,20.0,20.0,,80.0,60.0,0.0,80.0,80.0,80.0,,80.0,80.0,60.0,80.0,80.0,80.0,60.0,80.0,80.0,40.0,80.0,60.0,80.0,40.0,80.0,60.0,80.0,80.0,60.0,60.0,60.0,40.0,80.0,80.0,80.0,40.0,40.0,80.0,80.0
2022,Post-COVID (2022-2025),Sí,SEARO,Thailand,THA,87.0,85.0,87.0,100.0,84.0,True,,90.0,,,87.0,,,80.0,,,84.0,,,100.0,,80.0,,100.0,,,87.0,,,,80.0,,93.0,,80.0,,80.0,,80.0,100.0,80.0,,80.0,100.0,80.0,80.0,100.0,100.0,,80.0,80.0,100.0,100.0,80.0,80.0,80.0,80.0,80.0,100.0,80.0,80.0,80.0,80.0,80.0,80.0,80.0,80.0,80.0,100.0,100.0,100.0,100.0,80.0,80.0,100.0,100.0,80.0,80.0
2022,Post-COVID (2022-2025),Sí,SEARO,Timor-Leste,TLS,68.0,80.0,80.0,90.0,80.0,True,,80.0,,,80.0,,,80.0,,,80.0,,,90.0,,70.0,,73.0,,,73.0,,,,60.0,,80.0,,60.0,,80.0,,60.0,80.0,80.0,,80.0,80.0,60.0,80.0,80.0,100.0,,60.0,80.0,80.0,80.0,60.0,80.0,60.0,60.0,60.0,80.0,60.0,60.0,80.0,60.0,80.0,100.0,60.0,80.0,80.0,100.0,80.0,60.0,80.0,80.0,60.0,40.0,40.0,20.0,20.0
2022,Post-COVID (2022-2025),Sí,EURO,Türkiye,TUR,77.0,70.0,73.0,100.0,84.0,True,,60.0,,,73.0,,,80.0,,,84.0,,,100.0,,90.0,,73.0,,,93.0,,,,80.0,,60.0,,100.0,,60.0,,20.0,80.0,40.0,,80.0,80.0,80.0,100.0,100.0,100.0,,80.0,100.0,60.0,100.0,100.0,80.0,80.0,80.0,80.0,80.0,100.0,100.0,60.0,20.0,60.0,80.0,60.0,80.0,100.0,80.0,80.0,80.0,80.0,20.0,100.0,80.0,80.0,100.0,100.0
2022,Post-COVID (2022-2025),Sí,EURO,Turkmenistan,TKM,81.0,80.0,93.0,80.0,96.0,True,,70.0,,,93.0,,,90.0,,,96.0,,,80.0,,80.0,,80.0,,,80.0,,,,80.0,,80.0,,100.0,,80.0,,80.0,80.0,60.0,,80.0,100.0,80.0,100.0,80.0,80.0,,80.0,80.0,80.0,80.0,80.0,80.0,80.0,80.0,80.0,80.0,100.0,100.0,80.0,80.0,100.0,100.0,100.0,100.0,80.0,100.0,80.0,80.0,80.0,80.0,100.0,60.0,60.0,60.0,60.0
2022,Post-COVID (2022-2025),Sí,EMRO,United Arab Emirates,ARE,96.0,100.0,100.0,100.0,100.0,True,,100.0,,,100.0,,,100.0,,,100.0,,,100.0,,80.0,,100.0,,,100.0,,,,100.0,,100.0,,100.0,,80.0,,80.0,100.0,100.0,,100.0,100.0,100.0,100.0,100.0,100.0,,100.0,60.0,100.0,100.0,100.0,100.0,100.0,100.0,100.0,100.0,100.0,100.0,80.0,80.0,100.0,100.0,100.0,100.0,100.0,100.0,100.0,100.0,100.0,100.0,100.0,100.0,100.0,100.0,100.0
2022,Post-COVID (2022-2025),Sí,EURO,Uzbekistan,UZB,70.0,70.0,73.0,80.0,72.0,True,,70.0,,,73.0,,,70.0,,,72.0,,,80.0,,70.0,,80.0,,,93.0,,,,73.0,,73.0,,33.0,,60.0,,60.0,60.0,80.0,,80.0,80.0,60.0,40.0,80.0,80.0,,80.0,60.0,80.0,100.0,100.0,80.0,80.0,80.0,60.0,60.0,20.0,20.0,60.0,60.0,60.0,80.0,80.0,80.0,80.0,80.0,80.0,80.0,80.0,80.0,60.0,60.0,60.0,80.0,80.0
2022,Post-COVID (2022-2025),Sí,WPRO,Viet Nam,VNM,52.0,55.0,60.0,60.0,60.0,True,,50.0,,,60.0,,,60.0,,,60.0,,,60.0,,60.0,,47.0,,,53.0,,,,53.0,,60.0,,40.0,,20.0,,40.0,60.0,40.0,,60.0,80.0,60.0,60.0,60.0,60.0,,60.0,60.0,20.0,60.0,60.0,40.0,60.0,60.0,40.0,60.0,60.0,40.0,20.0,40.0,40.0,60.0,40.0,60.0,60.0,80.0,60.0,60.0,60.0,60.0,20.0,60.0,60.0,60.0,60.0
2022,Post-COVID (2022-2025),Sí,EMRO,Yemen,YEM,40.0,55.0,33.0,60.0,52.0,True,,50.0,,,33.0,,,60.0,,,52.0,,,60.0,,40.0,,40.0,,,60.0,,,,40.0,,33.0,,27.0,,40.0,,20.0,60.0,40.0,,40.0,20.0,60.0,40.0,60.0,60.0,,40.0,40.0,20.0,80.0,60.0,40.0,40.0,40.0,40.0,40.0,20.0,20.0,40.0,20.0,40.0,60.0,20.0,80.0,80.0,40.0,60.0,40.0,40.0,20.0,40.0,20.0,20.0,20.0,20.0
2022,Post-COVID (2022-2025),Sí,EURO,Albania,ALB,91.0,100.0,100.0,100.0,84.0,True,,100.0,,,100.0,,,100.0,,,84.0,,,100.0,,90.0,,93.0,,,93.0,,,,80.0,,87.0,,93.0,,100.0,,100.0,100.0,100.0,,100.0,100.0,100.0,80.0,100.0,100.0,,80.0,100.0,100.0,100.0,100.0,80.0,80.0,80.0,80.0,100.0,100.0,100.0,100.0,100.0,100.0,100.0,80.0,100.0,60.0,100.0,80.0,100.0,80.0,80.0,80.0,60.0,60.0,80.0,80.0
2022,Post-COVID (2022-2025),No,EURO,Andorra,AND,,,,,,False,,,,,,,,,,,,,,,,,,,,,,,,,,,,,,,,,,,,,,,,,,,,,,,,,,,,,,,,,,,,,,,,,,,,,,,,
2022,Post-COVID (2022-2025),Sí,EURO,Austria,AUT,69.0,40.0,67.0,100.0,64.0,True,,40.0,,,67.0,,,40.0,,,64.0,,,100.0,,60.0,,53.0,,,73.0,,,,87.0,,60.0,,27.0,,100.0,,80.0,60.0,20.0,,80.0,80.0,0.0,80.0,100.0,100.0,,60.0,60.0,20.0,80.0,100.0,40.0,100.0,80.0,80.0,60.0,0.0,0.0,100.0,80.0,40.0,80.0,80.0,20.0,80.0,60.0,80.0,60.0,60.0,60.0,80.0,80.0,80.0,100.0,100.0
2022,Post-COVID (2022-2025),Sí,EURO,Belarus,BLR,95.0,80.0,100.0,100.0,100.0,True,,60.0,,,100.0,,,100.0,,,100.0,,,100.0,,100.0,,100.0,,,100.0,,,,80.0,,100.0,,100.0,,80.0,,100.0,100.0,20.0,,100.0,100.0,100.0,100.0,100.0,100.0,,100.0,100.0,100.0,100.0,100.0,100.0,80.0,80.0,80.0,100.0,100.0,100.0,80.0,100.0,100.0,100.0,100.0,100.0,100.0,100.0,100.0,100.0,100.0,100.0,100.0,100.0,100.0,100.0,100.0
2022,Post-COVID (2022-2025),Sí,EURO,Belgium,BEL,63.0,40.0,27.0,80.0,68.0,True,,20.0,,,27.0,,,60.0,,,68.0,,,80.0,,50.0,,60.0,,,80.0,,,,87.0,,93.0,,93.0,,20.0,,20.0,20.0,20.0,,20.0,40.0,40.0,60.0,80.0,80.0,,60.0,40.0,80.0,80.0,80.0,80.0,100.0,80.0,80.0,100.0,100.0,80.0,20.0,20.0,20.0,80.0,80.0,100.0,100.0,0.0,20.0,80.0,80.0,100.0,100.0,100.0,100.0,80.0,80.0
2022,Post-COVID (2022-2025),Sí,EURO,Bosnia and Herzegovina,BIH,36.0,40.0,40.0,40.0,44.0,True,,30.0,,,40.0,,,50.0,,,44.0,,,40.0,,20.0,,60.0,,,53.0,,,,27.0,,33.0,,7.0,,20.0,,40.0,40.0,20.0,,60.0,40.0,20.0,40.0,40.0,40.0,,20.0,20.0,20.0,20.0,100.0,40.0,20.0,40.0,20.0,20.0,20.0,0.0,20.0,40.0,20.0,80.0,40.0,60.0,60.0,20.0,80.0,80.0,60.0,20.0,0.0,40.0,40.0,40.0,40.0
2022,Post-COVID (2022-2025),Sí,EURO,Bulgaria,BGR,72.0,75.0,60.0,90.0,84.0,True,,80.0,,,60.0,,,70.0,,,84.0,,,90.0,,50.0,,67.0,,,73.0,,,,73.0,,60.0,,60.0,,80.0,,80.0,80.0,80.0,,40.0,80.0,60.0,80.0,80.0,100.0,,60.0,40.0,80.0,80.0,60.0,80.0,60.0,80.0,80.0,60.0,60.0,60.0,80.0,80.0,60.0,80.0,80.0,80.0,80.0,100.0,80.0,40.0,60.0,60.0,60.0,60.0,60.0,100.0,100.0
2022,Post-COVID (2022-2025),Sí,EURO,Croatia,HRV,76.0,50.0,80.0,90.0,80.0,True,,30.0,,,80.0,,,70.0,,,80.0,,,90.0,,70.0,,73.0,,,87.0,,,,73.0,,80.0,,93.0,,80.0,,80.0,40.0,20.0,,80.0,80.0,60.0,80.0,100.0,80.0,,80.0,60.0,60.0,80.0,100.0,80.0,60.0,80.0,80.0,80.0,100.0,100.0,80.0,80.0,80.0,80.0,80.0,80.0,80.0,80.0,80.0,80.0,80.0,80.0,80.0,80.0,80.0,80.0,80.0
2022,Post-COVID (2022-2025),Sí,EURO,Czech Republic,CZE,77.0,60.0,67.0,100.0,96.0,True,,50.0,,,67.0,,,70.0,,,96.0,,,100.0,,70.0,,87.0,,,93.0,,,,87.0,,60.0,,40.0,,80.0,,80.0,60.0,40.0,,40.0,80.0,60.0,100.0,100.0,100.0,,60.0,80.0,80.0,100.0,100.0,80.0,80.0,80.0,100.0,60.0,20.0,20.0,80.0,80.0,80.0,80.0,100.0,100.0,80.0,100.0,80.0,100.0,80.0,40.0,80.0,80.0,80.0,100.0,100.0
2022,Post-COVID (2022-2025),Sí,EURO,Denmark,DNK,97.0,85.0,100.0,100.0,100.0,True,,100.0,,,100.0,,,70.0,,,100.0,,,100.0,,100.0,,87.0,,,93.0,,,,100.0,,100.0,,100.0,,100.0,,100.0,100.0,100.0,,100.0,100.0,80.0,100.0,100.0,100.0,,100.0,100.0,80.0,100.0,100.0,80.0,100.0,100.0,100.0,100.0,100.0,100.0,100.0,100.0,100.0,60.0,100.0,100.0,100.0,100.0,80.0,100.0,100.0,100.0,100.0,100.0,100.0,100.0,100.0
2022,Post-COVID (2022-2025),Sí,EURO,Estonia,EST,75.0,70.0,73.0,80.0,72.0,True,,60.0,,,73.0,,,80.0,,,72.0,,,80.0,,60.0,,93.0,,,87.0,,,,60.0,,93.0,,53.0,,80.0,,80.0,60.0,60.0,,80.0,80.0,80.0,60.0,80.0,80.0,,60.0,60.0,80.0,80.0,100.0,80.0,60.0,60.0,60.0,100.0,60.0,40.0,80.0,80.0,60.0,80.0,80.0,100.0,60.0,60.0,100.0,100.0,100.0,80.0,60.0,80.0,80.0,80.0,80.0
2022,Post-COVID (2022-2025),Sí,EURO,Finland,FIN,84.0,95.0,80.0,80.0,92.0,True,,90.0,,,80.0,,,100.0,,,92.0,,,80.0,,60.0,,53.0,,,87.0,,,,93.0,,87.0,,73.0,,100.0,,100.0,80.0,100.0,,80.0,80.0,100.0,100.0,80.0,80.0,,60.0,60.0,20.0,80.0,100.0,80.0,100.0,80.0,100.0,80.0,80.0,80.0,100.0,100.0,80.0,100.0,60.0,100.0,100.0,100.0,60.0,80.0,100.0,80.0,60.0,60.0,60.0,100.0,100.0
2022,Post-COVID (2022-2025),Sí,EURO,France,FRA,86.0,60.0,100.0,100.0,92.0,True,,70.0,,,100.0,,,50.0,,,92.0,,,100.0,,80.0,,100.0,,,100.0,,,,80.0,,100.0,,53.0,,80.0,,80.0,100.0,40.0,,100.0,100.0,40.0,60.0,100.0,100.0,,80.0,80.0,100.0,100.0,100.0,100.0,80.0,80.0,80.0,100.0,40.0,40.0,80.0,80.0,100.0,60.0,100.0,100.0,100.0,100.0,100.0,100.0,100.0,100.0,80.0,100.0,100.0,100.0,100.0
2022,Post-COVID (2022-2025),Sí,EURO,Germany,DEU,87.0,95.0,100.0,100.0,88.0,True,,90.0,,,100.0,,,100.0,,,88.0,,,100.0,,80.0,,80.0,,,93.0,,,,93.0,,60.0,,87.0,,100.0,,80.0,100.0,80.0,,100.0,100.0,100.0,80.0,100.0,100.0,,80.0,80.0,80.0,100.0,100.0,80.0,80.0,100.0,100.0,60.0,80.0,80.0,100.0,80.0,100.0,100.0,100.0,100.0,80.0,80.0,80.0,80.0,60.0,60.0,100.0,80.0,80.0,80.0,80.0
2022,Post-COVID (2022-2025),Sí,EURO,Greece,GRC,68.0,55.0,53.0,80.0,88.0,True,,40.0,,,53.0,,,70.0,,,88.0,,,80.0,,60.0,,73.0,,,93.0,,,,73.0,,47.0,,27.0,,80.0,,100.0,60.0,20.0,,40.0,60.0,60.0,80.0,80.0,80.0,,40.0,80.0,80.0,100.0,100.0,80.0,60.0,80.0,80.0,40.0,0.0,0.0,80.0,100.0,60.0,80.0,100.0,80.0,100.0,80.0,80.0,60.0,40.0,60.0,80.0,60.0,60.0,80.0,80.0
2022,Post-COVID (2022-2025),Sí,EURO,Holy See,VAT,41.0,40.0,33.0,60.0,48.0,True,,40.0,,,33.0,,,40.0,,,48.0,,,60.0,,40.0,,53.0,,,27.0,,,,40.0,,27.0,,47.0,,40.0,,40.0,40.0,40.0,,20.0,40.0,40.0,80.0,60.0,60.0,,40.0,40.0,40.0,20.0,0.0,60.0,60.0,20.0,40.0,20.0,40.0,40.0,40.0,40.0,40.0,40.0,20.0,60.0,40.0,40.0,60.0,60.0,60.0,0.0,60.0,40.0,40.0,40.0,40.0
2022,Post-COVID (2022-2025),Sí,EURO,Hungary,HUN,70.0,50.0,73.0,80.0,80.0,True,,50.0,,,73.0,,,50.0,,,80.0,,,80.0,,30.0,,80.0,,,73.0,,,,87.0,,47.0,,47.0,,80.0,,80.0,80.0,20.0,,80.0,60.0,20.0,100.0,80.0,80.0,,40.0,20.0,80.0,80.0,60.0,80.0,80.0,80.0,100.0,60.0,40.0,40.0,80.0,80.0,80.0,80.0,60.0,80.0,80.0,80.0,80.0,80.0,60.0,20.0,60.0,100.0,100.0,100.0,100.0
2022,Post-COVID (2022-2025),Sí,EURO,Iceland,ISL,77.0,75.0,80.0,90.0,80.0,True,,60.0,,,80.0,,,90.0,,,80.0,,,90.0,,90.0,,73.0,,,67.0,,,,67.0,,73.0,,87.0,,60.0,,80.0,80.0,40.0,,80.0,80.0,80.0,80.0,100.0,80.0,,80.0,100.0,20.0,80.0,40.0,80.0,60.0,60.0,80.0,80.0,80.0,100.0,60.0,80.0,80.0,100.0,80.0,80.0,80.0,80.0,100.0,100.0,100.0,40.0,80.0,80.0,80.0,80.0,80.0
2022,Post-COVID (2022-2025),Sí,EURO,Ireland,IRL,56.0,25.0,47.0,80.0,68.0,True,,30.0,,,47.0,,,20.0,,,68.0,,,80.0,,40.0,,27.0,,,87.0,,,,73.0,,60.0,,47.0,,60.0,,80.0,40.0,20.0,,60.0,40.0,20.0,60.0,80.0,80.0,,40.0,40.0,20.0,80.0,100.0,80.0,80.0,100.0,40.0,60.0,60.0,40.0,60.0,80.0,40.0,20.0,60.0,60.0,80.0,80.0,20.0,40.0,60.0,60.0,40.0,60.0,60.0,60.0,60.0
2022,Post-COVID (2022-2025),Sí,EURO,Italy,ITA,70.0,50.0,67.0,70.0,88.0,True,,30.0,,,67.0,,,70.0,,,88.0,,,70.0,,50.0,,73.0,,,87.0,,,,47.0,,60.0,,73.0,,80.0,,100.0,20.0,40.0,,40.0,80.0,60.0,80.0,60.0,80.0,,60.0,40.0,60.0,80.0,100.0,80.0,20.0,20.0,100.0,60.0,80.0,60.0,80.0,100.0,80.0,80.0,80.0,80.0,100.0,100.0,80.0,80.0,60.0,60.0,80.0,80.0,80.0,80.0,80.0
2022,Post-COVID (2022-2025),Sí,EURO,Latvia,LVA,68.0,50.0,80.0,80.0,84.0,True,,50.0,,,80.0,,,50.0,,,84.0,,,80.0,,50.0,,87.0,,,80.0,,,,67.0,,53.0,,60.0,,80.0,,80.0,80.0,20.0,,80.0,80.0,40.0,60.0,80.0,80.0,,80.0,20.0,100.0,80.0,80.0,80.0,60.0,60.0,80.0,40.0,40.0,60.0,80.0,80.0,80.0,60.0,80.0,100.0,80.0,100.0,80.0,80.0,60.0,60.0,80.0,60.0,60.0,60.0,60.0
2022,Post-COVID (2022-2025),Sí,EURO,Liechtenstein,LIE,84.0,100.0,100.0,90.0,100.0,True,,100.0,,,100.0,,,100.0,,,100.0,,,90.0,,80.0,,87.0,,,93.0,,,,60.0,,87.0,,0.0,,80.0,,80.0,100.0,100.0,,100.0,100.0,100.0,100.0,100.0,80.0,,80.0,80.0,80.0,100.0,100.0,80.0,60.0,60.0,60.0,80.0,0.0,0.0,80.0,80.0,100.0,100.0,100.0,100.0,100.0,100.0,80.0,100.0,80.0,100.0,0.0,100.0,100.0,100.0,100.0
2022,Post-COVID (2022-2025),Sí,EURO,Lithuania,LTU,85.0,90.0,87.0,80.0,80.0,True,,100.0,,,87.0,,,80.0,,,80.0,,,80.0,,60.0,,100.0,,,87.0,,,,67.0,,80.0,,87.0,,80.0,,100.0,100.0,100.0,,80.0,100.0,80.0,80.0,80.0,80.0,,60.0,60.0,100.0,80.0,100.0,80.0,40.0,80.0,80.0,80.0,80.0,80.0,80.0,100.0,80.0,80.0,40.0,100.0,100.0,80.0,100.0,100.0,80.0,80.0,100.0,80.0,80.0,100.0,100.0
2022,Post-COVID (2022-2025),Sí,EURO,Luxembourg,LUX,67.0,45.0,40.0,60.0,96.0,True,,30.0,,,40.0,,,60.0,,,96.0,,,60.0,,80.0,,93.0,,,73.0,,,,67.0,,73.0,,67.0,,60.0,,80.0,40.0,20.0,,40.0,40.0,20.0,100.0,60.0,60.0,,80.0,80.0,100.0,80.0,80.0,60.0,60.0,40.0,100.0,60.0,60.0,60.0,60.0,80.0,40.0,100.0,100.0,100.0,100.0,80.0,100.0,80.0,80.0,80.0,80.0,60.0,60.0,60.0,60.0
2022,Post-COVID (2022-2025),Sí,EURO,Malta,MLT,73.0,65.0,73.0,80.0,84.0,True,,70.0,,,73.0,,,60.0,,,84.0,,,80.0,,90.0,,53.0,,,93.0,,,,93.0,,87.0,,67.0,,100.0,,80.0,40.0,100.0,,80.0,80.0,40.0,100.0,80.0,80.0,,80.0,100.0,60.0,100.0,100.0,80.0,100.0,100.0,80.0,80.0,80.0,40.0,100.0,80.0,60.0,80.0,60.0,60.0,100.0,100.0,20.0,80.0,100.0,80.0,80.0,20.0,20.0,40.0,40.0
2022,Post-COVID (2022-2025),Sí,EURO,Monaco,MCO,73.0,65.0,67.0,90.0,64.0,True,,30.0,,,67.0,,,100.0,,,64.0,,,90.0,,80.0,,100.0,,,93.0,,,,73.0,,87.0,,33.0,,80.0,,80.0,40.0,20.0,,80.0,100.0,100.0,80.0,80.0,100.0,,80.0,80.0,100.0,100.0,80.0,100.0,100.0,20.0,100.0,100.0,0.0,0.0,80.0,80.0,20.0,100.0,80.0,20.0,40.0,100.0,100.0,100.0,80.0,80.0,100.0,40.0,40.0,80.0,80.0
2022,Post-COVID (2022-2025),Sí,EURO,Montenegro,MNE,53.0,40.0,53.0,80.0,60.0,True,,40.0,,,53.0,,,40.0,,,60.0,,,80.0,,40.0,,73.0,,,67.0,,,,53.0,,53.0,,40.0,,80.0,,80.0,60.0,20.0,,40.0,60.0,40.0,80.0,80.0,80.0,,40.0,40.0,80.0,60.0,60.0,80.0,60.0,60.0,40.0,60.0,40.0,60.0,80.0,80.0,60.0,40.0,40.0,60.0,80.0,40.0,80.0,60.0,60.0,40.0,20.0,20.0,20.0,20.0,20.0
2022,Post-COVID (2022-2025),Sí,EURO,Netherlands (Kingdom of the),NLD,82.0,85.0,80.0,80.0,84.0,True,,80.0,,,80.0,,,90.0,,,84.0,,,80.0,,60.0,,73.0,,,80.0,,,,87.0,,80.0,,80.0,,80.0,,100.0,60.0,100.0,,80.0,80.0,80.0,80.0,80.0,80.0,,60.0,60.0,80.0,80.0,80.0,80.0,80.0,100.0,80.0,80.0,80.0,80.0,80.0,100.0,80.0,100.0,60.0,80.0,100.0,100.0,80.0,60.0,80.0,80.0,80.0,80.0,80.0,100.0,100.0
2022,Post-COVID (2022-2025),Sí,EURO,North Macedonia,MKD,66.0,65.0,73.0,80.0,68.0,True,,60.0,,,73.0,,,70.0,,,68.0,,,80.0,,30.0,,87.0,,,60.0,,,,60.0,,67.0,,100.0,,80.0,,80.0,80.0,40.0,,80.0,80.0,60.0,60.0,80.0,80.0,,60.0,0.0,80.0,80.0,60.0,40.0,40.0,60.0,80.0,60.0,100.0,100.0,80.0,80.0,60.0,80.0,60.0,60.0,80.0,80.0,100.0,80.0,60.0,80.0,100.0,40.0,40.0,40.0,40.0
2022,Post-COVID (2022-2025),Sí,EURO,Norway,NOR,95.0,100.0,100.0,100.0,92.0,True,,100.0,,,100.0,,,100.0,,,92.0,,,100.0,,100.0,,100.0,,,100.0,,,,87.0,,100.0,,80.0,,100.0,,100.0,100.0,100.0,,100.0,100.0,100.0,100.0,100.0,100.0,,100.0,100.0,100.0,100.0,100.0,100.0,80.0,80.0,100.0,100.0,80.0,80.0,100.0,100.0,100.0,100.0,60.0,100.0,100.0,100.0,100.0,100.0,100.0,100.0,80.0,80.0,80.0,80.0,80.0
2022,Post-COVID (2022-2025),Sí,EURO,Poland,POL,83.0,90.0,87.0,100.0,84.0,True,,90.0,,,87.0,,,90.0,,,84.0,,,100.0,,80.0,,93.0,,,40.0,,,,87.0,,53.0,,80.0,,100.0,,100.0,80.0,100.0,,100.0,80.0,100.0,80.0,100.0,100.0,,80.0,80.0,100.0,0.0,100.0,20.0,80.0,80.0,100.0,80.0,80.0,80.0,100.0,100.0,80.0,80.0,80.0,100.0,80.0,80.0,100.0,80.0,80.0,0.0,80.0,60.0,60.0,100.0,100.0
2022,Post-COVID (2022-2025),Sí,EURO,Portugal,PRT,85.0,80.0,93.0,80.0,88.0,True,,70.0,,,93.0,,,90.0,,,88.0,,,80.0,,80.0,,80.0,,,93.0,,,,93.0,,87.0,,100.0,,80.0,,100.0,100.0,40.0,,80.0,100.0,100.0,80.0,80.0,80.0,,80.0,80.0,80.0,100.0,100.0,80.0,100.0,80.0,100.0,80.0,100.0,100.0,80.0,100.0,100.0,80.0,100.0,80.0,100.0,80.0,80.0,80.0,80.0,100.0,100.0,100.0,100.0,40.0,40.0
2022,Post-COVID (2022-2025),Sí,EURO,Republic of Moldova,MDA,62.0,70.0,73.0,80.0,68.0,True,,60.0,,,73.0,,,80.0,,,68.0,,,80.0,,30.0,,60.0,,,67.0,,,,60.0,,67.0,,67.0,,60.0,,80.0,80.0,40.0,,80.0,60.0,80.0,80.0,80.0,80.0,,40.0,20.0,60.0,60.0,60.0,80.0,60.0,60.0,60.0,60.0,60.0,80.0,60.0,80.0,80.0,80.0,80.0,60.0,60.0,60.0,60.0,60.0,60.0,80.0,60.0,40.0,40.0,40.0,40.0
2022,Post-COVID (2022-2025),Sí,EURO,Romania,ROU,64.0,55.0,60.0,80.0,92.0,True,,50.0,,,60.0,,,60.0,,,92.0,,,80.0,,60.0,,67.0,,,67.0,,,,80.0,,47.0,,53.0,,40.0,,60.0,80.0,20.0,,60.0,80.0,60.0,80.0,80.0,80.0,,60.0,60.0,60.0,80.0,60.0,60.0,80.0,80.0,80.0,60.0,40.0,40.0,40.0,60.0,40.0,60.0,100.0,100.0,80.0,100.0,80.0,60.0,60.0,20.0,80.0,40.0,40.0,100.0,100.0
2022,Post-COVID (2022-2025),Sí,EURO,Russian Federation,RUS,100.0,100.0,100.0,100.0,100.0,True,,100.0,,,100.0,,,100.0,,,100.0,,,100.0,,100.0,,100.0,,,100.0,,,,100.0,,100.0,,100.0,,100.0,,100.0,100.0,100.0,,100.0,100.0,100.0,100.0,100.0,100.0,,100.0,100.0,100.0,100.0,100.0,100.0,100.0,100.0,100.0,100.0,100.0,100.0,100.0,100.0,100.0,100.0,100.0,100.0,100.0,100.0,100.0,100.0,100.0,100.0,100.0,100.0,100.0,100.0,100.0
2022,Post-COVID (2022-2025),No,EURO,San Marino,SMR,,,,,,False,,,,,,,,,,,,,,,,,,,,,,,,,,,,,,,,,,,,,,,,,,,,,,,,,,,,,,,,,,,,,,,,,,,,,,,,
2022,Post-COVID (2022-2025),Sí,EURO,Serbia,SRB,68.0,90.0,93.0,100.0,48.0,True,,90.0,,,93.0,,,90.0,,,48.0,,,100.0,,50.0,,80.0,,,67.0,,,,67.0,,20.0,,0.0,,80.0,,80.0,80.0,100.0,,100.0,100.0,80.0,80.0,100.0,100.0,,80.0,20.0,80.0,20.0,100.0,80.0,40.0,80.0,80.0,20.0,0.0,0.0,80.0,80.0,80.0,100.0,40.0,20.0,80.0,20.0,80.0,80.0,20.0,20.0,0.0,100.0,100.0,60.0,60.0
2022,Post-COVID (2022-2025),Sí,EURO,Slovakia,SVK,65.0,70.0,60.0,90.0,92.0,True,,80.0,,,60.0,,,60.0,,,92.0,,,90.0,,80.0,,20.0,,,67.0,,,,53.0,,20.0,,40.0,,80.0,,80.0,80.0,80.0,,20.0,80.0,20.0,100.0,80.0,100.0,,80.0,80.0,20.0,80.0,80.0,40.0,40.0,60.0,60.0,20.0,40.0,40.0,80.0,80.0,80.0,100.0,100.0,100.0,80.0,80.0,20.0,20.0,20.0,20.0,40.0,60.0,60.0,100.0,100.0
2022,Post-COVID (2022-2025),Sí,EURO,Slovenia,SVN,80.0,65.0,67.0,80.0,92.0,True,,60.0,,,67.0,,,70.0,,,92.0,,,80.0,,70.0,,67.0,,,93.0,,,,93.0,,73.0,,93.0,,80.0,,100.0,80.0,40.0,,80.0,80.0,60.0,100.0,80.0,80.0,,60.0,80.0,60.0,100.0,100.0,80.0,80.0,100.0,100.0,60.0,100.0,100.0,80.0,100.0,40.0,80.0,80.0,100.0,100.0,80.0,60.0,80.0,80.0,80.0,80.0,80.0,80.0,80.0,80.0
2022,Post-COVID (2022-2025),Sí,EURO,Spain,ESP,82.0,75.0,93.0,90.0,92.0,True,,60.0,,,93.0,,,90.0,,,92.0,,,90.0,,60.0,,80.0,,,93.0,,,,73.0,,73.0,,80.0,,80.0,,80.0,80.0,40.0,,100.0,100.0,80.0,100.0,80.0,100.0,,100.0,20.0,60.0,100.0,100.0,80.0,80.0,60.0,80.0,60.0,80.0,80.0,80.0,80.0,80.0,100.0,80.0,80.0,100.0,100.0,100.0,80.0,80.0,80.0,80.0,100.0,100.0,80.0,80.0
2022,Post-COVID (2022-2025),Sí,EURO,Sweden,SWE,88.0,95.0,87.0,80.0,88.0,True,,90.0,,,87.0,,,100.0,,,88.0,,,80.0,,80.0,,80.0,,,87.0,,,,80.0,,80.0,,93.0,,100.0,,80.0,80.0,100.0,,100.0,80.0,100.0,80.0,80.0,80.0,,80.0,80.0,80.0,80.0,100.0,80.0,80.0,80.0,80.0,80.0,100.0,100.0,100.0,80.0,80.0,100.0,80.0,80.0,100.0,100.0,80.0,80.0,80.0,80.0,80.0,100.0,100.0,100.0,100.0
2022,Post-COVID (2022-2025),Sí,EURO,Switzerland,CHE,92.0,100.0,100.0,80.0,100.0,True,,100.0,,,100.0,,,100.0,,,100.0,,,80.0,,80.0,,80.0,,,87.0,,,,87.0,,100.0,,100.0,,80.0,,80.0,100.0,100.0,,100.0,100.0,100.0,100.0,80.0,80.0,,100.0,60.0,80.0,80.0,100.0,80.0,80.0,80.0,100.0,100.0,100.0,100.0,80.0,80.0,100.0,100.0,100.0,100.0,100.0,100.0,80.0,80.0,100.0,100.0,100.0,100.0,100.0,100.0,100.0
2022,Post-COVID (2022-2025),Sí,EURO,Ukraine,UKR,69.0,80.0,60.0,80.0,80.0,True,,80.0,,,60.0,,,80.0,,,80.0,,,80.0,,60.0,,73.0,,,93.0,,,,47.0,,73.0,,27.0,,40.0,,80.0,80.0,80.0,,60.0,40.0,80.0,80.0,60.0,100.0,,80.0,40.0,80.0,100.0,100.0,80.0,60.0,60.0,20.0,80.0,0.0,0.0,40.0,80.0,80.0,80.0,60.0,80.0,80.0,100.0,60.0,80.0,80.0,60.0,80.0,80.0,80.0,80.0,80.0
2022,Post-COVID (2022-2025),Sí,EURO,United Kingdom of Great Britain and Northern Ireland,GBR,94.0,90.0,87.0,100.0,100.0,True,,80.0,,,87.0,,,100.0,,,100.0,,,100.0,,90.0,,100.0,,,100.0,,,,100.0,,93.0,,67.0,,100.0,,100.0,80.0,80.0,,100.0,80.0,100.0,100.0,100.0,100.0,,100.0,80.0,100.0,100.0,100.0,100.0,100.0,100.0,100.0,80.0,60.0,60.0,100.0,100.0,80.0,100.0,100.0,100.0,100.0,100.0,100.0,100.0,100.0,100.0,80.0,100.0,100.0,100.0,100.0
2023,Post-COVID (2022-2025),Sí,AFRO,Algeria,DZA,72.0,80.0,67.0,90.0,68.0,True,,70.0,,,67.0,,,90.0,,,68.0,,,90.0,,80.0,,80.0,,,80.0,,,,60.0,,80.0,,80.0,,80.0,,40.0,60.0,80.0,,60.0,80.0,80.0,80.0,80.0,100.0,,80.0,80.0,80.0,80.0,80.0,80.0,60.0,60.0,60.0,80.0,80.0,80.0,80.0,40.0,60.0,100.0,40.0,60.0,80.0,80.0,80.0,80.0,80.0,80.0,80.0,60.0,60.0,60.0,60.0
2023,Post-COVID (2022-2025),Sí,AFRO,Angola,AGO,57.0,50.0,93.0,80.0,72.0,True,,40.0,,,93.0,,,60.0,,,72.0,,,80.0,,70.0,,47.0,,,80.0,,,,27.0,,80.0,,33.0,,60.0,,40.0,60.0,20.0,,80.0,100.0,60.0,80.0,80.0,80.0,,60.0,80.0,40.0,100.0,60.0,80.0,40.0,20.0,20.0,80.0,20.0,20.0,60.0,40.0,100.0,60.0,60.0,60.0,80.0,80.0,40.0,60.0,80.0,80.0,60.0,40.0,40.0,40.0,40.0
2023,Post-COVID (2022-2025),Sí,AFRO,Benin,BEN,34.0,35.0,27.0,50.0,36.0,True,,30.0,,,27.0,,,40.0,,,36.0,,,50.0,,30.0,,73.0,,,47.0,,,,20.0,,27.0,,7.0,,40.0,,20.0,20.0,40.0,,20.0,20.0,40.0,40.0,40.0,60.0,,40.0,20.0,60.0,80.0,20.0,40.0,20.0,20.0,20.0,20.0,0.0,0.0,40.0,20.0,40.0,40.0,40.0,20.0,40.0,40.0,80.0,80.0,40.0,20.0,20.0,20.0,20.0,40.0,40.0
2023,Post-COVID (2022-2025),Sí,AFRO,Botswana,BWA,39.0,30.0,27.0,20.0,68.0,True,,40.0,,,27.0,,,20.0,,,68.0,,,20.0,,60.0,,20.0,,,73.0,,,,47.0,,20.0,,33.0,,20.0,,80.0,60.0,20.0,,20.0,40.0,20.0,80.0,20.0,20.0,,40.0,80.0,20.0,80.0,100.0,40.0,60.0,20.0,60.0,20.0,40.0,40.0,20.0,80.0,20.0,20.0,20.0,80.0,80.0,80.0,20.0,20.0,20.0,20.0,20.0,20.0,20.0,40.0,40.0
2023,Post-COVID (2022-2025),Sí,AFRO,Burkina Faso,BFA,57.0,55.0,60.0,80.0,64.0,True,,50.0,,,60.0,,,60.0,,,64.0,,,80.0,,60.0,,73.0,,,60.0,,,,60.0,,67.0,,40.0,,80.0,,40.0,20.0,80.0,,60.0,60.0,60.0,80.0,80.0,80.0,,80.0,40.0,80.0,80.0,40.0,60.0,60.0,60.0,60.0,60.0,40.0,40.0,80.0,40.0,60.0,60.0,40.0,60.0,60.0,80.0,80.0,60.0,60.0,80.0,40.0,20.0,20.0,40.0,40.0
2023,Post-COVID (2022-2025),Sí,AFRO,Burundi,BDI,32.0,40.0,33.0,50.0,36.0,True,,40.0,,,33.0,,,40.0,,,36.0,,,50.0,,30.0,,40.0,,,47.0,,,,33.0,,33.0,,20.0,,20.0,,20.0,60.0,20.0,,20.0,20.0,40.0,40.0,60.0,40.0,,40.0,20.0,20.0,80.0,40.0,20.0,20.0,20.0,60.0,40.0,20.0,20.0,20.0,20.0,60.0,40.0,20.0,40.0,60.0,20.0,80.0,20.0,40.0,20.0,20.0,20.0,20.0,20.0,20.0
2023,Post-COVID (2022-2025),Sí,AFRO,Cabo Verde,CPV,62.0,70.0,60.0,80.0,68.0,True,,80.0,,,60.0,,,60.0,,,68.0,,,80.0,,50.0,,67.0,,,80.0,,,,40.0,,80.0,,60.0,,80.0,,80.0,80.0,80.0,,40.0,80.0,40.0,60.0,80.0,80.0,,40.0,60.0,60.0,80.0,80.0,80.0,40.0,40.0,40.0,80.0,60.0,60.0,80.0,80.0,60.0,80.0,80.0,40.0,80.0,80.0,60.0,80.0,80.0,80.0,60.0,20.0,20.0,20.0,20.0
2023,Post-COVID (2022-2025),Sí,AFRO,Cameroon,CMR,50.0,35.0,60.0,80.0,72.0,True,,20.0,,,60.0,,,50.0,,,72.0,,,80.0,,30.0,,73.0,,,53.0,,,,27.0,,47.0,,53.0,,80.0,,40.0,20.0,20.0,,60.0,60.0,40.0,60.0,80.0,80.0,,40.0,20.0,60.0,80.0,40.0,40.0,40.0,20.0,20.0,60.0,60.0,40.0,80.0,40.0,60.0,60.0,60.0,80.0,80.0,80.0,80.0,80.0,40.0,40.0,60.0,20.0,20.0,40.0,40.0
2023,Post-COVID (2022-2025),Sí,AFRO,Central African Republic,CAF,30.0,30.0,33.0,60.0,32.0,True,,20.0,,,33.0,,,40.0,,,32.0,,,60.0,,20.0,,33.0,,,47.0,,,,20.0,,20.0,,20.0,,40.0,,20.0,20.0,20.0,,20.0,20.0,40.0,20.0,60.0,60.0,,20.0,20.0,40.0,60.0,60.0,20.0,20.0,20.0,20.0,20.0,20.0,20.0,40.0,20.0,60.0,40.0,20.0,20.0,60.0,40.0,20.0,40.0,20.0,20.0,20.0,20.0,20.0,20.0,20.0
2023,Post-COVID (2022-2025),Sí,AFRO,Chad,TCD,32.0,30.0,27.0,50.0,24.0,True,,20.0,,,27.0,,,40.0,,,24.0,,,50.0,,40.0,,40.0,,,33.0,,,,33.0,,27.0,,27.0,,40.0,,20.0,20.0,20.0,,20.0,20.0,40.0,20.0,80.0,20.0,,40.0,40.0,40.0,60.0,20.0,20.0,40.0,40.0,20.0,20.0,40.0,20.0,40.0,20.0,40.0,40.0,20.0,20.0,20.0,40.0,60.0,20.0,40.0,20.0,20.0,20.0,20.0,40.0,40.0
2023,Post-COVID (2022-2025),Sí,AFRO,Comoros,COM,43.0,30.0,40.0,60.0,60.0,True,,20.0,,,40.0,,,40.0,,,60.0,,,60.0,,30.0,,33.0,,,80.0,,,,60.0,,80.0,,20.0,,40.0,,40.0,20.0,20.0,,40.0,60.0,20.0,80.0,80.0,40.0,,40.0,20.0,60.0,80.0,80.0,80.0,80.0,40.0,60.0,80.0,20.0,20.0,40.0,40.0,20.0,60.0,40.0,60.0,60.0,60.0,20.0,20.0,80.0,80.0,20.0,20.0,20.0,20.0,20.0
2023,Post-COVID (2022-2025),Sí,AFRO,Congo,COG,36.0,40.0,27.0,70.0,36.0,True,,40.0,,,27.0,,,40.0,,,36.0,,,70.0,,30.0,,33.0,,,60.0,,,,33.0,,20.0,,27.0,,60.0,,20.0,20.0,60.0,,40.0,20.0,40.0,40.0,80.0,60.0,,40.0,20.0,20.0,80.0,60.0,40.0,40.0,40.0,20.0,20.0,40.0,20.0,60.0,20.0,20.0,40.0,20.0,40.0,60.0,20.0,60.0,20.0,20.0,20.0,20.0,20.0,20.0,20.0,20.0
2023,Post-COVID (2022-2025),Sí,AFRO,Côte d'Ivoire,CIV,50.0,35.0,40.0,70.0,40.0,True,,30.0,,,40.0,,,40.0,,,40.0,,,70.0,,50.0,,60.0,,,67.0,,,,60.0,,60.0,,47.0,,60.0,,40.0,20.0,40.0,,40.0,40.0,40.0,80.0,80.0,60.0,,80.0,20.0,20.0,100.0,80.0,20.0,80.0,40.0,60.0,60.0,40.0,40.0,60.0,40.0,40.0,40.0,20.0,20.0,60.0,20.0,80.0,80.0,60.0,60.0,60.0,40.0,40.0,40.0,40.0
2023,Post-COVID (2022-2025),Sí,AFRO,Democratic Republic of the Congo,COD,33.0,40.0,33.0,60.0,36.0,True,,40.0,,,33.0,,,40.0,,,36.0,,,60.0,,20.0,,27.0,,,27.0,,,,27.0,,40.0,,27.0,,40.0,,20.0,40.0,40.0,,20.0,20.0,40.0,20.0,60.0,60.0,,20.0,20.0,20.0,40.0,20.0,20.0,40.0,20.0,20.0,20.0,20.0,40.0,40.0,20.0,60.0,40.0,20.0,20.0,60.0,60.0,40.0,20.0,40.0,60.0,20.0,20.0,20.0,40.0,40.0
2023,Post-COVID (2022-2025),Sí,EMRO,Djibouti,DJI,34.0,35.0,20.0,70.0,36.0,True,,50.0,,,20.0,,,20.0,,,36.0,,,70.0,,50.0,,33.0,,,33.0,,,,27.0,,20.0,,27.0,,40.0,,40.0,40.0,60.0,,20.0,20.0,20.0,60.0,80.0,60.0,,60.0,40.0,60.0,20.0,40.0,40.0,20.0,20.0,40.0,20.0,40.0,20.0,40.0,40.0,20.0,20.0,40.0,20.0,40.0,20.0,20.0,20.0,20.0,20.0,20.0,20.0,20.0,20.0,20.0
2023,Post-COVID (2022-2025),Sí,EMRO,Egypt,EGY,91.0,95.0,87.0,100.0,84.0,True,,90.0,,,87.0,,,100.0,,,84.0,,,100.0,,100.0,,100.0,,,100.0,,,,80.0,,80.0,,100.0,,80.0,,80.0,80.0,100.0,,80.0,100.0,100.0,80.0,100.0,100.0,,100.0,100.0,100.0,100.0,100.0,100.0,100.0,60.0,80.0,80.0,100.0,100.0,80.0,80.0,80.0,100.0,80.0,80.0,80.0,100.0,100.0,100.0,80.0,80.0,100.0,100.0,100.0,80.0,80.0
2023,Post-COVID (2022-2025),Sí,AFRO,Equatorial Guinea,GNQ,44.0,40.0,47.0,50.0,52.0,True,,20.0,,,47.0,,,60.0,,,52.0,,,50.0,,50.0,,60.0,,,73.0,,,,40.0,,53.0,,40.0,,40.0,,40.0,20.0,20.0,,20.0,60.0,40.0,80.0,60.0,40.0,,60.0,40.0,80.0,80.0,80.0,60.0,40.0,40.0,40.0,40.0,60.0,20.0,40.0,40.0,60.0,80.0,40.0,40.0,60.0,40.0,40.0,60.0,60.0,60.0,40.0,20.0,20.0,20.0,20.0
2023,Post-COVID (2022-2025),Sí,AFRO,Eritrea,ERI,59.0,50.0,67.0,80.0,64.0,True,,40.0,,,67.0,,,60.0,,,64.0,,,80.0,,70.0,,60.0,,,87.0,,,,60.0,,80.0,,60.0,,80.0,,40.0,40.0,40.0,,60.0,60.0,60.0,100.0,80.0,80.0,,80.0,60.0,60.0,100.0,100.0,60.0,60.0,60.0,60.0,80.0,60.0,60.0,80.0,40.0,80.0,60.0,40.0,60.0,60.0,60.0,40.0,80.0,80.0,80.0,60.0,0.0,0.0,40.0,40.0
2023,Post-COVID (2022-2025),Sí,AFRO,Eswatini,SWZ,64.0,60.0,73.0,80.0,68.0,True,,60.0,,,73.0,,,60.0,,,68.0,,,80.0,,80.0,,73.0,,,73.0,,,,73.0,,80.0,,80.0,,80.0,,40.0,60.0,60.0,,80.0,80.0,60.0,80.0,80.0,80.0,,100.0,60.0,80.0,80.0,60.0,80.0,80.0,60.0,80.0,80.0,80.0,80.0,80.0,40.0,60.0,60.0,60.0,60.0,60.0,80.0,80.0,60.0,80.0,80.0,80.0,20.0,20.0,20.0,20.0
2023,Post-COVID (2022-2025),Sí,AFRO,Ethiopia,ETH,70.0,75.0,80.0,80.0,80.0,True,,80.0,,,80.0,,,70.0,,,80.0,,,80.0,,70.0,,73.0,,,67.0,,,,60.0,,80.0,,67.0,,80.0,,40.0,80.0,80.0,,80.0,80.0,60.0,80.0,80.0,80.0,,80.0,60.0,80.0,80.0,40.0,80.0,60.0,60.0,60.0,80.0,60.0,60.0,80.0,40.0,80.0,80.0,80.0,80.0,80.0,80.0,80.0,60.0,80.0,80.0,80.0,60.0,60.0,60.0,60.0
2023,Post-COVID (2022-2025),Sí,AFRO,Gabon,GAB,47.0,30.0,47.0,80.0,48.0,True,,20.0,,,47.0,,,40.0,,,48.0,,,80.0,,40.0,,73.0,,,73.0,,,,40.0,,20.0,,47.0,,60.0,,20.0,20.0,20.0,,20.0,80.0,40.0,40.0,80.0,80.0,,60.0,20.0,60.0,80.0,80.0,60.0,40.0,40.0,40.0,20.0,60.0,20.0,60.0,20.0,40.0,40.0,20.0,20.0,100.0,60.0,80.0,80.0,20.0,20.0,60.0,40.0,40.0,60.0,60.0
2023,Post-COVID (2022-2025),Sí,AFRO,Gambia,GMB,54.0,30.0,53.0,70.0,56.0,True,,30.0,,,53.0,,,30.0,,,56.0,,,70.0,,90.0,,47.0,,,73.0,,,,47.0,,60.0,,53.0,,60.0,,80.0,40.0,20.0,,40.0,60.0,20.0,80.0,80.0,60.0,,100.0,80.0,40.0,80.0,60.0,80.0,20.0,20.0,100.0,20.0,60.0,60.0,60.0,80.0,60.0,40.0,40.0,40.0,80.0,40.0,60.0,40.0,80.0,80.0,40.0,20.0,20.0,40.0,40.0
2023,Post-COVID (2022-2025),Sí,AFRO,Ghana,GHA,56.0,40.0,67.0,80.0,64.0,True,,30.0,,,67.0,,,50.0,,,64.0,,,80.0,,40.0,,60.0,,,53.0,,,,47.0,,73.0,,53.0,,60.0,,80.0,40.0,20.0,,80.0,60.0,60.0,40.0,80.0,80.0,,40.0,40.0,40.0,60.0,60.0,40.0,60.0,40.0,40.0,80.0,60.0,40.0,60.0,80.0,60.0,40.0,40.0,80.0,80.0,80.0,80.0,60.0,60.0,80.0,60.0,40.0,40.0,40.0,40.0
2023,Post-COVID (2022-2025),Sí,AFRO,Guinea,GIN,50.0,50.0,53.0,70.0,52.0,True,,40.0,,,53.0,,,60.0,,,52.0,,,70.0,,30.0,,53.0,,,60.0,,,,40.0,,80.0,,47.0,,80.0,,40.0,60.0,20.0,,40.0,60.0,60.0,80.0,60.0,80.0,,40.0,20.0,40.0,80.0,40.0,60.0,60.0,20.0,40.0,80.0,60.0,40.0,80.0,40.0,60.0,60.0,40.0,40.0,40.0,60.0,60.0,60.0,80.0,80.0,40.0,20.0,20.0,20.0,20.0
2023,Post-COVID (2022-2025),Sí,AFRO,Guinea-Bissau,GNB,43.0,30.0,60.0,80.0,56.0,True,,30.0,,,60.0,,,30.0,,,56.0,,,80.0,,30.0,,47.0,,,73.0,,,,33.0,,80.0,,27.0,,20.0,,40.0,40.0,20.0,,40.0,60.0,40.0,80.0,80.0,80.0,,40.0,20.0,20.0,80.0,80.0,60.0,40.0,40.0,20.0,80.0,20.0,20.0,20.0,40.0,80.0,20.0,60.0,20.0,60.0,60.0,80.0,40.0,80.0,80.0,40.0,20.0,20.0,20.0,20.0
2023,Post-COVID (2022-2025),Sí,AFRO,Kenya,KEN,54.0,60.0,47.0,80.0,68.0,True,,60.0,,,47.0,,,60.0,,,68.0,,,80.0,,40.0,,47.0,,,53.0,,,,60.0,,67.0,,27.0,,60.0,,40.0,80.0,40.0,,40.0,40.0,60.0,60.0,80.0,80.0,,60.0,20.0,20.0,60.0,40.0,60.0,60.0,60.0,60.0,60.0,20.0,20.0,60.0,40.0,60.0,60.0,60.0,80.0,80.0,60.0,80.0,40.0,60.0,80.0,40.0,40.0,40.0,60.0,60.0
2023,Post-COVID (2022-2025),Sí,AFRO,Lesotho,LSO,40.0,35.0,27.0,80.0,40.0,True,,20.0,,,27.0,,,50.0,,,40.0,,,80.0,,30.0,,53.0,,,47.0,,,,33.0,,20.0,,80.0,,40.0,,40.0,20.0,20.0,,40.0,20.0,40.0,20.0,80.0,80.0,,40.0,20.0,60.0,80.0,20.0,40.0,60.0,20.0,20.0,20.0,80.0,80.0,40.0,40.0,20.0,60.0,20.0,20.0,80.0,60.0,40.0,60.0,20.0,20.0,80.0,20.0,20.0,20.0,20.0
2023,Post-COVID (2022-2025),Sí,AFRO,Liberia,LBR,42.0,35.0,40.0,50.0,32.0,True,,30.0,,,40.0,,,40.0,,,32.0,,,50.0,,30.0,,47.0,,,40.0,,,,33.0,,47.0,,40.0,,60.0,,40.0,40.0,20.0,,40.0,60.0,40.0,20.0,40.0,60.0,,40.0,20.0,40.0,20.0,20.0,80.0,40.0,20.0,40.0,40.0,40.0,60.0,60.0,40.0,20.0,40.0,20.0,40.0,60.0,20.0,80.0,20.0,40.0,60.0,20.0,60.0,60.0,40.0,40.0
2023,Post-COVID (2022-2025),Sí,EMRO,Libya,LBY,53.0,50.0,60.0,80.0,56.0,True,,30.0,,,60.0,,,70.0,,,56.0,,,80.0,,60.0,,73.0,,,67.0,,,,40.0,,53.0,,33.0,,60.0,,60.0,20.0,40.0,,60.0,60.0,60.0,80.0,80.0,80.0,,80.0,40.0,80.0,80.0,60.0,60.0,40.0,40.0,40.0,20.0,40.0,20.0,60.0,60.0,60.0,80.0,20.0,20.0,80.0,80.0,60.0,80.0,80.0,60.0,40.0,20.0,20.0,40.0,40.0
2023,Post-COVID (2022-2025),Sí,AFRO,Madagascar,MDG,53.0,40.0,53.0,80.0,52.0,True,,20.0,,,53.0,,,60.0,,,52.0,,,80.0,,30.0,,53.0,,,67.0,,,,40.0,,80.0,,60.0,,60.0,,40.0,20.0,20.0,,40.0,60.0,60.0,40.0,80.0,80.0,,40.0,20.0,40.0,80.0,40.0,80.0,40.0,40.0,40.0,80.0,60.0,40.0,60.0,40.0,60.0,60.0,40.0,40.0,80.0,60.0,80.0,40.0,80.0,80.0,80.0,60.0,60.0,40.0,40.0
2023,Post-COVID (2022-2025),Sí,AFRO,Malawi,MWI,61.0,70.0,40.0,80.0,64.0,True,,80.0,,,40.0,,,60.0,,,64.0,,,80.0,,50.0,,73.0,,,67.0,,,,47.0,,80.0,,73.0,,60.0,,80.0,60.0,100.0,,40.0,60.0,60.0,60.0,80.0,80.0,,40.0,60.0,80.0,80.0,40.0,80.0,60.0,60.0,20.0,80.0,60.0,80.0,60.0,80.0,20.0,60.0,60.0,60.0,80.0,60.0,80.0,60.0,80.0,80.0,80.0,20.0,20.0,40.0,40.0
2023,Post-COVID (2022-2025),Sí,AFRO,Mali,MLI,36.0,30.0,33.0,70.0,44.0,True,,20.0,,,33.0,,,40.0,,,44.0,,,70.0,,20.0,,33.0,,,40.0,,,,47.0,,60.0,,27.0,,40.0,,20.0,20.0,20.0,,20.0,40.0,40.0,40.0,60.0,80.0,,20.0,20.0,20.0,80.0,20.0,20.0,40.0,40.0,60.0,60.0,40.0,20.0,40.0,20.0,40.0,40.0,40.0,40.0,60.0,40.0,60.0,20.0,60.0,60.0,20.0,20.0,20.0,20.0,20.0
2023,Post-COVID (2022-2025),Sí,AFRO,Mauritania,MRT,27.0,25.0,27.0,40.0,28.0,True,,20.0,,,27.0,,,30.0,,,28.0,,,40.0,,20.0,,20.0,,,27.0,,,,27.0,,20.0,,27.0,,40.0,,40.0,20.0,20.0,,40.0,20.0,20.0,20.0,40.0,40.0,,20.0,20.0,20.0,40.0,20.0,20.0,20.0,20.0,40.0,20.0,40.0,20.0,40.0,40.0,20.0,40.0,20.0,40.0,40.0,20.0,20.0,20.0,20.0,20.0,20.0,20.0,20.0,20.0,20.0
2023,Post-COVID (2022-2025),Sí,AFRO,Mauritius,MUS,38.0,45.0,27.0,70.0,56.0,True,,20.0,,,27.0,,,70.0,,,56.0,,,70.0,,20.0,,40.0,,,80.0,,,,47.0,,27.0,,20.0,,20.0,,20.0,20.0,20.0,,20.0,40.0,60.0,80.0,80.0,60.0,,20.0,20.0,20.0,60.0,100.0,80.0,60.0,40.0,40.0,20.0,20.0,20.0,20.0,20.0,20.0,80.0,20.0,20.0,80.0,80.0,20.0,80.0,40.0,20.0,20.0,20.0,20.0,40.0,40.0
2023,Post-COVID (2022-2025),Sí,EMRO,Morocco,MAR,74.0,65.0,53.0,80.0,84.0,True,,50.0,,,53.0,,,80.0,,,84.0,,,80.0,,70.0,,80.0,,,80.0,,,,53.0,,80.0,,73.0,,80.0,,80.0,40.0,60.0,,40.0,80.0,60.0,80.0,80.0,80.0,,60.0,80.0,80.0,100.0,40.0,100.0,60.0,20.0,80.0,80.0,80.0,60.0,80.0,80.0,40.0,100.0,60.0,80.0,100.0,100.0,80.0,80.0,80.0,80.0,80.0,80.0,80.0,80.0,80.0
2023,Post-COVID (2022-2025),Sí,AFRO,Mozambique,MOZ,55.0,45.0,67.0,90.0,56.0,True,,60.0,,,67.0,,,30.0,,,56.0,,,90.0,,70.0,,73.0,,,73.0,,,,53.0,,53.0,,53.0,,40.0,,40.0,80.0,40.0,,40.0,80.0,40.0,60.0,80.0,100.0,,80.0,60.0,80.0,80.0,80.0,60.0,40.0,60.0,60.0,60.0,60.0,40.0,40.0,40.0,80.0,20.0,60.0,60.0,40.0,60.0,60.0,80.0,60.0,40.0,60.0,40.0,40.0,20.0,20.0
2023,Post-COVID (2022-2025),Sí,AFRO,Namibia,NAM,66.0,40.0,80.0,80.0,80.0,True,,20.0,,,80.0,,,60.0,,,80.0,,,80.0,,40.0,,67.0,,,73.0,,,,67.0,,80.0,,87.0,,60.0,,60.0,20.0,20.0,,80.0,80.0,60.0,80.0,80.0,80.0,,60.0,20.0,40.0,80.0,80.0,60.0,80.0,80.0,40.0,80.0,80.0,80.0,60.0,60.0,80.0,60.0,80.0,80.0,80.0,80.0,80.0,80.0,80.0,80.0,100.0,80.0,80.0,60.0,60.0
2023,Post-COVID (2022-2025),Sí,AFRO,Niger,NER,57.0,50.0,67.0,80.0,72.0,True,,40.0,,,67.0,,,60.0,,,72.0,,,80.0,,80.0,,67.0,,,67.0,,,,40.0,,80.0,,47.0,,60.0,,20.0,40.0,40.0,,60.0,80.0,60.0,80.0,80.0,80.0,,80.0,80.0,80.0,80.0,40.0,80.0,40.0,40.0,40.0,80.0,40.0,40.0,60.0,20.0,60.0,60.0,60.0,60.0,80.0,80.0,40.0,80.0,80.0,80.0,60.0,20.0,20.0,60.0,60.0
2023,Post-COVID (2022-2025),Sí,AFRO,Nigeria,NGA,61.0,55.0,73.0,80.0,68.0,True,,50.0,,,73.0,,,60.0,,,68.0,,,80.0,,50.0,,67.0,,,47.0,,,,40.0,,80.0,,80.0,,60.0,,40.0,40.0,60.0,,80.0,60.0,60.0,60.0,80.0,80.0,,40.0,60.0,60.0,60.0,40.0,40.0,60.0,40.0,20.0,80.0,80.0,80.0,60.0,40.0,80.0,60.0,60.0,80.0,80.0,60.0,80.0,60.0,80.0,80.0,80.0,40.0,40.0,80.0,80.0
2023,Post-COVID (2022-2025),Sí,AFRO,Rwanda,RWA,68.0,75.0,73.0,80.0,72.0,True,,50.0,,,73.0,,,100.0,,,72.0,,,80.0,,40.0,,87.0,,,53.0,,,,60.0,,80.0,,60.0,,60.0,,80.0,20.0,80.0,,60.0,80.0,100.0,60.0,80.0,80.0,,60.0,20.0,80.0,80.0,40.0,40.0,40.0,60.0,80.0,80.0,60.0,40.0,60.0,80.0,80.0,100.0,60.0,80.0,80.0,80.0,80.0,100.0,80.0,80.0,80.0,80.0,80.0,40.0,40.0
2023,Post-COVID (2022-2025),Sí,AFRO,Sao Tome and Principe,STP,38.0,35.0,53.0,60.0,40.0,True,,50.0,,,53.0,,,20.0,,,40.0,,,60.0,,50.0,,53.0,,,47.0,,,,33.0,,20.0,,40.0,,40.0,,20.0,40.0,60.0,,40.0,60.0,20.0,20.0,60.0,60.0,,60.0,40.0,40.0,60.0,40.0,40.0,40.0,40.0,20.0,20.0,20.0,40.0,40.0,20.0,60.0,20.0,40.0,60.0,40.0,40.0,60.0,60.0,20.0,20.0,60.0,20.0,20.0,20.0,20.0
2023,Post-COVID (2022-2025),Sí,AFRO,Senegal,SEN,50.0,30.0,73.0,60.0,56.0,True,,20.0,,,73.0,,,40.0,,,56.0,,,60.0,,40.0,,67.0,,,53.0,,,,27.0,,67.0,,47.0,,60.0,,40.0,20.0,20.0,,60.0,80.0,40.0,40.0,60.0,60.0,,60.0,20.0,80.0,80.0,40.0,40.0,40.0,20.0,20.0,60.0,60.0,20.0,60.0,40.0,80.0,40.0,40.0,60.0,80.0,60.0,80.0,40.0,60.0,80.0,60.0,60.0,60.0,40.0,40.0
2023,Post-COVID (2022-2025),Sí,AFRO,Seychelles,SYC,55.0,60.0,40.0,80.0,60.0,True,,40.0,,,40.0,,,80.0,,,60.0,,,80.0,,30.0,,53.0,,,87.0,,,,67.0,,47.0,,67.0,,40.0,,80.0,60.0,20.0,,40.0,40.0,80.0,80.0,80.0,80.0,,40.0,20.0,20.0,80.0,100.0,80.0,80.0,40.0,80.0,40.0,60.0,40.0,40.0,80.0,40.0,80.0,40.0,20.0,80.0,80.0,60.0,80.0,60.0,40.0,100.0,40.0,40.0,20.0,20.0
2023,Post-COVID (2022-2025),Sí,AFRO,Sierra Leone,SLE,51.0,50.0,67.0,80.0,44.0,True,,60.0,,,67.0,,,40.0,,,44.0,,,80.0,,50.0,,67.0,,,33.0,,,,33.0,,67.0,,47.0,,60.0,,60.0,80.0,40.0,,80.0,60.0,60.0,40.0,80.0,80.0,,40.0,60.0,80.0,20.0,40.0,40.0,60.0,20.0,20.0,60.0,60.0,60.0,60.0,60.0,60.0,20.0,40.0,40.0,40.0,60.0,80.0,40.0,80.0,60.0,20.0,20.0,20.0,40.0,40.0
2023,Post-COVID (2022-2025),Sí,EMRO,Somalia,SOM,35.0,20.0,47.0,70.0,48.0,True,,20.0,,,47.0,,,20.0,,,48.0,,,70.0,,40.0,,40.0,,,40.0,,,,40.0,,33.0,,27.0,,40.0,,20.0,20.0,20.0,,60.0,40.0,20.0,60.0,60.0,80.0,,60.0,20.0,20.0,40.0,40.0,40.0,40.0,40.0,40.0,60.0,20.0,40.0,40.0,20.0,40.0,20.0,20.0,40.0,60.0,60.0,60.0,40.0,20.0,20.0,20.0,20.0,20.0,20.0,20.0
2023,Post-COVID (2022-2025),Sí,AFRO,South Africa,ZAF,63.0,60.0,40.0,40.0,100.0,True,,20.0,,,40.0,,,100.0,,,100.0,,,40.0,,40.0,,73.0,,,100.0,,,,53.0,,80.0,,60.0,,60.0,,20.0,20.0,20.0,,40.0,60.0,100.0,100.0,40.0,40.0,,60.0,20.0,60.0,100.0,100.0,100.0,60.0,60.0,40.0,80.0,60.0,60.0,60.0,20.0,20.0,100.0,100.0,100.0,100.0,100.0,80.0,80.0,80.0,80.0,60.0,60.0,60.0,100.0,100.0
2023,Post-COVID (2022-2025),Sí,AFRO,South Sudan,SSD,41.0,40.0,40.0,60.0,36.0,True,,30.0,,,40.0,,,50.0,,,36.0,,,60.0,,50.0,,40.0,,,53.0,,,,40.0,,40.0,,33.0,,60.0,,40.0,20.0,40.0,,20.0,60.0,40.0,60.0,80.0,40.0,,60.0,40.0,40.0,80.0,80.0,0.0,40.0,60.0,20.0,20.0,40.0,20.0,60.0,40.0,40.0,60.0,20.0,20.0,60.0,20.0,40.0,40.0,60.0,40.0,40.0,20.0,20.0,20.0,20.0
2023,Post-COVID (2022-2025),Sí,EMRO,Sudan,SDN,50.0,50.0,67.0,80.0,60.0,True,,40.0,,,67.0,,,60.0,,,60.0,,,80.0,,50.0,,80.0,,,40.0,,,,47.0,,33.0,,60.0,,80.0,,20.0,60.0,20.0,,80.0,60.0,60.0,40.0,80.0,80.0,,60.0,40.0,80.0,60.0,20.0,40.0,60.0,40.0,40.0,40.0,60.0,40.0,80.0,20.0,60.0,60.0,60.0,60.0,80.0,60.0,80.0,80.0,40.0,20.0,80.0,20.0,20.0,20.0,20.0
2023,Post-COVID (2022-2025),Sí,AFRO,Togo,TGO,51.0,35.0,40.0,80.0,64.0,True,,30.0,,,40.0,,,40.0,,,64.0,,,80.0,,60.0,,67.0,,,53.0,,,,60.0,,60.0,,73.0,,60.0,,40.0,40.0,20.0,,20.0,40.0,40.0,60.0,80.0,80.0,,60.0,60.0,60.0,80.0,20.0,60.0,60.0,60.0,60.0,60.0,80.0,80.0,60.0,40.0,60.0,40.0,60.0,60.0,60.0,80.0,80.0,60.0,60.0,60.0,60.0,20.0,20.0,20.0,20.0
2023,Post-COVID (2022-2025),Sí,EMRO,Tunisia,TUN,75.0,70.0,80.0,100.0,92.0,True,,60.0,,,80.0,,,80.0,,,92.0,,,100.0,,50.0,,73.0,,,93.0,,,,53.0,,33.0,,73.0,,100.0,,80.0,60.0,60.0,,80.0,80.0,80.0,100.0,100.0,100.0,,80.0,20.0,20.0,100.0,100.0,80.0,60.0,60.0,40.0,20.0,80.0,40.0,100.0,80.0,80.0,80.0,80.0,80.0,100.0,100.0,100.0,100.0,60.0,20.0,100.0,80.0,80.0,80.0,80.0
2023,Post-COVID (2022-2025),Sí,AFRO,Uganda,UGA,60.0,60.0,73.0,80.0,80.0,True,,60.0,,,73.0,,,60.0,,,80.0,,,80.0,,50.0,,73.0,,,73.0,,,,27.0,,80.0,,67.0,,60.0,,40.0,60.0,60.0,,60.0,80.0,60.0,80.0,80.0,80.0,,80.0,20.0,60.0,80.0,40.0,100.0,20.0,20.0,40.0,80.0,60.0,60.0,60.0,40.0,80.0,60.0,80.0,80.0,60.0,100.0,100.0,60.0,80.0,80.0,80.0,40.0,40.0,40.0,40.0
2023,Post-COVID (2022-2025),Sí,AFRO,United Republic of Tanzania,TZA,63.0,40.0,73.0,80.0,72.0,True,,30.0,,,73.0,,,50.0,,,72.0,,,80.0,,40.0,,80.0,,,53.0,,,,60.0,,80.0,,67.0,,60.0,,80.0,40.0,20.0,,60.0,80.0,60.0,80.0,80.0,80.0,,60.0,20.0,80.0,80.0,40.0,40.0,60.0,60.0,60.0,80.0,60.0,60.0,60.0,80.0,80.0,40.0,60.0,60.0,80.0,80.0,80.0,80.0,80.0,80.0,80.0,60.0,60.0,60.0,60.0
2023,Post-COVID (2022-2025),Sí,AFRO,Zambia,ZMB,56.0,50.0,47.0,80.0,72.0,True,,50.0,,,47.0,,,50.0,,,72.0,,,80.0,,40.0,,80.0,,,33.0,,,,47.0,,60.0,,67.0,,80.0,,80.0,60.0,40.0,,20.0,80.0,60.0,60.0,80.0,80.0,,60.0,20.0,80.0,20.0,40.0,40.0,40.0,40.0,60.0,60.0,60.0,60.0,80.0,80.0,40.0,40.0,60.0,80.0,80.0,80.0,80.0,80.0,40.0,80.0,80.0,20.0,20.0,40.0,40.0
2023,Post-COVID (2022-2025),Sí,AFRO,Zimbabwe,ZWE,66.0,55.0,80.0,80.0,68.0,True,,60.0,,,80.0,,,50.0,,,68.0,,,80.0,,70.0,,67.0,,,73.0,,,,60.0,,87.0,,60.0,,80.0,,80.0,60.0,60.0,,80.0,80.0,40.0,80.0,80.0,80.0,,60.0,80.0,20.0,100.0,60.0,60.0,60.0,60.0,60.0,80.0,40.0,60.0,80.0,80.0,80.0,60.0,40.0,80.0,80.0,60.0,100.0,80.0,80.0,100.0,80.0,40.0,40.0,40.0,40.0
2023,Post-COVID (2022-2025),Sí,WPRO,Australia,AUS,89.0,90.0,93.0,100.0,100.0,True,,100.0,,,93.0,,,80.0,,,100.0,,,100.0,,80.0,,80.0,,,100.0,,,,100.0,,87.0,,100.0,,60.0,,100.0,100.0,100.0,,80.0,100.0,100.0,100.0,100.0,100.0,,80.0,80.0,80.0,100.0,100.0,100.0,100.0,100.0,100.0,80.0,100.0,100.0,60.0,100.0,100.0,60.0,100.0,100.0,100.0,100.0,80.0,80.0,80.0,100.0,100.0,100.0,100.0,60.0,60.0
2023,Post-COVID (2022-2025),Sí,WPRO,Cook Islands,COK,68.0,65.0,73.0,100.0,68.0,True,,50.0,,,73.0,,,80.0,,,68.0,,,100.0,,80.0,,93.0,,,100.0,,,,80.0,,100.0,,80.0,,20.0,,60.0,100.0,0.0,,80.0,80.0,80.0,80.0,100.0,100.0,,80.0,80.0,100.0,100.0,100.0,100.0,100.0,60.0,80.0,100.0,80.0,80.0,20.0,60.0,60.0,80.0,80.0,80.0,80.0,20.0,100.0,80.0,100.0,100.0,80.0,20.0,20.0,20.0,20.0
2023,Post-COVID (2022-2025),Sí,WPRO,Fiji,FJI,55.0,40.0,27.0,80.0,72.0,True,,30.0,,,27.0,,,50.0,,,72.0,,,80.0,,30.0,,67.0,,,60.0,,,,27.0,,33.0,,87.0,,20.0,,80.0,20.0,40.0,,40.0,20.0,40.0,80.0,80.0,80.0,,40.0,20.0,60.0,100.0,40.0,40.0,40.0,20.0,20.0,20.0,80.0,80.0,20.0,80.0,20.0,60.0,80.0,40.0,80.0,80.0,80.0,60.0,40.0,40.0,100.0,80.0,80.0,80.0,80.0
2023,Post-COVID (2022-2025),Sí,WPRO,Kiribati,KIR,40.0,35.0,33.0,60.0,60.0,True,,40.0,,,33.0,,,30.0,,,60.0,,,60.0,,40.0,,47.0,,,60.0,,,,40.0,,53.0,,33.0,,20.0,,40.0,60.0,20.0,,40.0,40.0,40.0,100.0,60.0,60.0,,40.0,40.0,40.0,60.0,60.0,60.0,40.0,40.0,40.0,60.0,40.0,20.0,20.0,40.0,20.0,20.0,20.0,60.0,60.0,60.0,60.0,40.0,60.0,40.0,40.0,20.0,20.0,20.0,20.0
2023,Post-COVID (2022-2025),Sí,WPRO,Marshall Islands,MHL,53.0,40.0,53.0,80.0,48.0,True,,50.0,,,53.0,,,30.0,,,48.0,,,80.0,,70.0,,67.0,,,60.0,,,,40.0,,67.0,,47.0,,40.0,,60.0,60.0,40.0,,60.0,60.0,40.0,80.0,80.0,80.0,,80.0,60.0,40.0,40.0,60.0,80.0,60.0,40.0,20.0,60.0,40.0,60.0,40.0,60.0,40.0,20.0,40.0,40.0,60.0,20.0,100.0,60.0,60.0,80.0,40.0,60.0,60.0,20.0,20.0
2023,Post-COVID (2022-2025),Sí,WPRO,Micronesia,FSM,53.0,60.0,20.0,80.0,76.0,True,,60.0,,,20.0,,,60.0,,,76.0,,,80.0,,20.0,,80.0,,,67.0,,,,53.0,,80.0,,53.0,,20.0,,40.0,60.0,60.0,,20.0,20.0,40.0,100.0,80.0,80.0,,20.0,20.0,80.0,80.0,60.0,60.0,60.0,40.0,60.0,80.0,60.0,60.0,20.0,40.0,20.0,80.0,80.0,80.0,60.0,60.0,80.0,80.0,80.0,80.0,40.0,60.0,60.0,20.0,20.0
2023,Post-COVID (2022-2025),Sí,WPRO,Nauru,NRU,38.0,50.0,27.0,50.0,56.0,True,,20.0,,,27.0,,,80.0,,,56.0,,,50.0,,80.0,,67.0,,,60.0,,,,40.0,,33.0,,20.0,,20.0,,20.0,20.0,20.0,,20.0,40.0,80.0,80.0,40.0,60.0,,80.0,80.0,40.0,60.0,40.0,80.0,40.0,40.0,40.0,20.0,20.0,0.0,20.0,20.0,20.0,80.0,80.0,40.0,60.0,20.0,80.0,80.0,60.0,20.0,40.0,0.0,0.0,0.0,0.0
2023,Post-COVID (2022-2025),Sí,WPRO,New Zealand,NZL,85.0,95.0,93.0,80.0,80.0,True,,100.0,,,93.0,,,90.0,,,80.0,,,80.0,,80.0,,80.0,,,93.0,,,,67.0,,100.0,,87.0,,60.0,,80.0,100.0,100.0,,100.0,100.0,80.0,80.0,80.0,80.0,,80.0,80.0,80.0,100.0,100.0,80.0,60.0,60.0,80.0,100.0,100.0,80.0,60.0,80.0,80.0,100.0,80.0,80.0,80.0,80.0,80.0,80.0,100.0,100.0,80.0,100.0,100.0,80.0,80.0
2023,Post-COVID (2022-2025),Sí,WPRO,Niue,NIU,50.0,25.0,60.0,80.0,64.0,True,,20.0,,,60.0,,,30.0,,,64.0,,,80.0,,40.0,,53.0,,,80.0,,,,60.0,,80.0,,60.0,,40.0,,20.0,20.0,20.0,,40.0,60.0,40.0,80.0,80.0,80.0,,20.0,60.0,40.0,60.0,100.0,80.0,80.0,20.0,80.0,80.0,40.0,60.0,40.0,20.0,80.0,20.0,80.0,80.0,60.0,20.0,80.0,40.0,80.0,80.0,80.0,40.0,40.0,20.0,20.0
2023,Post-COVID (2022-2025),Sí,WPRO,Palau,PLW,57.0,45.0,67.0,70.0,60.0,True,,50.0,,,67.0,,,40.0,,,60.0,,,70.0,,70.0,,87.0,,,67.0,,,,40.0,,73.0,,53.0,,40.0,,60.0,60.0,40.0,,40.0,80.0,60.0,80.0,80.0,60.0,,60.0,80.0,80.0,80.0,40.0,80.0,60.0,20.0,40.0,80.0,40.0,40.0,40.0,60.0,80.0,20.0,60.0,60.0,60.0,40.0,100.0,80.0,80.0,60.0,80.0,40.0,40.0,40.0,40.0
2023,Post-COVID (2022-2025),Sí,WPRO,Papua New Guinea,PNG,42.0,30.0,47.0,60.0,56.0,True,,20.0,,,47.0,,,40.0,,,56.0,,,60.0,,60.0,,47.0,,,47.0,,,,47.0,,53.0,,60.0,,20.0,,40.0,40.0,0.0,,60.0,40.0,40.0,60.0,60.0,60.0,,60.0,60.0,40.0,60.0,40.0,40.0,60.0,20.0,60.0,40.0,60.0,60.0,20.0,40.0,40.0,40.0,60.0,40.0,60.0,60.0,60.0,40.0,60.0,60.0,60.0,20.0,20.0,20.0,20.0
2023,Post-COVID (2022-2025),Sí,WPRO,Samoa,WSM,46.0,50.0,47.0,60.0,44.0,True,,30.0,,,47.0,,,70.0,,,44.0,,,60.0,,30.0,,67.0,,,40.0,,,,47.0,,67.0,,67.0,,20.0,,40.0,20.0,40.0,,40.0,40.0,60.0,60.0,60.0,60.0,,40.0,20.0,80.0,20.0,80.0,20.0,60.0,60.0,20.0,60.0,80.0,60.0,20.0,40.0,60.0,80.0,40.0,40.0,60.0,20.0,60.0,60.0,60.0,80.0,60.0,40.0,40.0,20.0,20.0
2023,Post-COVID (2022-2025),Sí,WPRO,Solomon Islands,SLB,51.0,55.0,53.0,50.0,52.0,True,,50.0,,,53.0,,,60.0,,,52.0,,,50.0,,70.0,,73.0,,,67.0,,,,40.0,,80.0,,27.0,,20.0,,40.0,80.0,20.0,,60.0,40.0,60.0,60.0,20.0,80.0,,80.0,60.0,80.0,60.0,80.0,60.0,60.0,20.0,40.0,80.0,20.0,20.0,20.0,40.0,60.0,60.0,20.0,40.0,60.0,80.0,80.0,60.0,80.0,80.0,40.0,20.0,20.0,60.0,60.0
2023,Post-COVID (2022-2025),Sí,WPRO,Tonga,TON,70.0,70.0,80.0,80.0,76.0,True,,60.0,,,80.0,,,80.0,,,76.0,,,80.0,,70.0,,73.0,,,73.0,,,,73.0,,80.0,,80.0,,20.0,,80.0,60.0,60.0,,80.0,80.0,80.0,80.0,80.0,80.0,,60.0,80.0,80.0,80.0,80.0,60.0,80.0,80.0,60.0,80.0,100.0,60.0,20.0,80.0,80.0,80.0,80.0,80.0,60.0,80.0,80.0,60.0,80.0,80.0,80.0,40.0,40.0,80.0,80.0
2023,Post-COVID (2022-2025),No,WPRO,Tuvalu,TUV,,,,,,False,,,,,,,,,,,,,,,,,,,,,,,,,,,,,,,,,,,,,,,,,,,,,,,,,,,,,,,,,,,,,,,,,,,,,,,,
2023,Post-COVID (2022-2025),Sí,WPRO,Vanuatu,VUT,56.0,45.0,33.0,90.0,88.0,True,,30.0,,,33.0,,,60.0,,,88.0,,,90.0,,50.0,,93.0,,,40.0,,,,47.0,,73.0,,60.0,,60.0,,60.0,40.0,20.0,,40.0,40.0,40.0,100.0,100.0,80.0,,80.0,20.0,100.0,40.0,60.0,20.0,60.0,40.0,40.0,60.0,60.0,60.0,60.0,60.0,20.0,80.0,100.0,100.0,60.0,80.0,100.0,80.0,80.0,80.0,60.0,40.0,40.0,20.0,20.0
2023,Post-COVID (2022-2025),Sí,AMRO,Antigua and Barbuda,ATG,56.0,45.0,47.0,80.0,60.0,True,,30.0,,,47.0,,,60.0,,,60.0,,,80.0,,60.0,,60.0,,,67.0,,,,33.0,,73.0,,73.0,,60.0,,80.0,40.0,20.0,,40.0,80.0,40.0,80.0,80.0,80.0,,80.0,40.0,20.0,80.0,80.0,40.0,40.0,20.0,40.0,60.0,80.0,60.0,60.0,80.0,20.0,80.0,40.0,40.0,60.0,80.0,80.0,80.0,80.0,80.0,80.0,20.0,20.0,40.0,40.0
2023,Post-COVID (2022-2025),Sí,AMRO,Argentina,ARG,64.0,75.0,53.0,80.0,72.0,True,,70.0,,,53.0,,,80.0,,,72.0,,,80.0,,40.0,,40.0,,,67.0,,,,53.0,,60.0,,67.0,,80.0,,80.0,80.0,60.0,,40.0,60.0,80.0,80.0,80.0,80.0,,60.0,20.0,40.0,80.0,60.0,60.0,60.0,60.0,40.0,60.0,80.0,60.0,80.0,80.0,60.0,80.0,20.0,60.0,100.0,100.0,40.0,40.0,80.0,40.0,60.0,60.0,60.0,60.0,60.0
2023,Post-COVID (2022-2025),Sí,AMRO,Bahamas,BHS,60.0,40.0,80.0,90.0,84.0,True,,30.0,,,80.0,,,50.0,,,84.0,,,90.0,,50.0,,80.0,,,73.0,,,,33.0,,67.0,,80.0,,20.0,,80.0,40.0,20.0,,80.0,80.0,60.0,80.0,80.0,100.0,,80.0,20.0,80.0,80.0,60.0,80.0,40.0,20.0,40.0,80.0,80.0,60.0,20.0,80.0,80.0,40.0,80.0,80.0,80.0,100.0,80.0,80.0,80.0,40.0,100.0,40.0,40.0,40.0,40.0
2023,Post-COVID (2022-2025),Sí,AMRO,Barbados,BRB,69.0,70.0,80.0,100.0,52.0,True,,70.0,,,80.0,,,70.0,,,52.0,,,100.0,,70.0,,73.0,,,87.0,,,,67.0,,73.0,,80.0,,60.0,,80.0,60.0,80.0,,80.0,80.0,60.0,80.0,100.0,100.0,,60.0,80.0,80.0,100.0,80.0,80.0,80.0,60.0,60.0,80.0,80.0,80.0,60.0,80.0,80.0,80.0,20.0,60.0,80.0,20.0,60.0,80.0,60.0,80.0,80.0,40.0,40.0,40.0,40.0
2023,Post-COVID (2022-2025),Sí,AMRO,Belize,BLZ,54.0,40.0,60.0,30.0,40.0,True,,40.0,,,60.0,,,40.0,,,40.0,,,30.0,,40.0,,80.0,,,47.0,,,,87.0,,27.0,,80.0,,80.0,,80.0,40.0,40.0,,60.0,60.0,40.0,60.0,20.0,40.0,,40.0,40.0,80.0,60.0,60.0,20.0,100.0,80.0,80.0,20.0,60.0,80.0,80.0,80.0,60.0,40.0,20.0,40.0,60.0,20.0,80.0,80.0,40.0,20.0,100.0,40.0,40.0,40.0,40.0
2023,Post-COVID (2022-2025),Sí,AMRO,Bolivia (Plurinational State of),BOL,48.0,50.0,53.0,60.0,52.0,True,,30.0,,,53.0,,,70.0,,,52.0,,,60.0,,30.0,,73.0,,,80.0,,,,40.0,,53.0,,53.0,,40.0,,20.0,20.0,40.0,,40.0,60.0,60.0,40.0,60.0,60.0,,40.0,20.0,60.0,80.0,80.0,80.0,40.0,40.0,40.0,40.0,40.0,60.0,40.0,20.0,60.0,80.0,40.0,40.0,60.0,80.0,80.0,80.0,60.0,60.0,60.0,40.0,40.0,20.0,20.0
2023,Post-COVID (2022-2025),Sí,AMRO,Brazil,BRA,75.0,65.0,80.0,80.0,72.0,True,,50.0,,,80.0,,,80.0,,,72.0,,,80.0,,70.0,,87.0,,,67.0,,,,80.0,,100.0,,73.0,,20.0,,80.0,80.0,20.0,,80.0,80.0,80.0,60.0,80.0,80.0,,60.0,80.0,80.0,80.0,80.0,40.0,80.0,80.0,80.0,100.0,60.0,60.0,20.0,80.0,80.0,80.0,40.0,60.0,100.0,100.0,100.0,80.0,100.0,100.0,100.0,100.0,100.0,80.0,80.0
2023,Post-COVID (2022-2025),Sí,AMRO,Canada,CAN,96.0,85.0,100.0,100.0,100.0,True,,70.0,,,100.0,,,100.0,,,100.0,,,100.0,,80.0,,93.0,,,100.0,,,,100.0,,100.0,,100.0,,100.0,,100.0,100.0,40.0,,100.0,100.0,100.0,100.0,100.0,100.0,,80.0,80.0,100.0,100.0,100.0,100.0,100.0,100.0,100.0,100.0,100.0,100.0,100.0,100.0,100.0,100.0,100.0,100.0,100.0,100.0,100.0,80.0,100.0,100.0,100.0,100.0,100.0,100.0,100.0
2023,Post-COVID (2022-2025),Sí,AMRO,Chile,CHL,83.0,60.0,100.0,100.0,80.0,True,,70.0,,,100.0,,,50.0,,,80.0,,,100.0,,100.0,,87.0,,,80.0,,,,100.0,,80.0,,80.0,,60.0,,80.0,100.0,40.0,,100.0,100.0,60.0,80.0,100.0,100.0,,100.0,100.0,100.0,100.0,60.0,80.0,100.0,100.0,100.0,80.0,100.0,40.0,60.0,80.0,100.0,40.0,40.0,80.0,100.0,100.0,100.0,60.0,80.0,80.0,100.0,80.0,80.0,100.0,100.0
2023,Post-COVID (2022-2025),Sí,AMRO,Colombia,COL,66.0,60.0,73.0,100.0,68.0,True,,60.0,,,73.0,,,60.0,,,68.0,,,100.0,,40.0,,60.0,,,53.0,,,,67.0,,47.0,,100.0,,60.0,,80.0,80.0,40.0,,60.0,80.0,60.0,60.0,100.0,100.0,,60.0,20.0,40.0,60.0,60.0,40.0,60.0,60.0,80.0,40.0,100.0,100.0,60.0,80.0,80.0,60.0,40.0,80.0,80.0,80.0,80.0,60.0,60.0,40.0,100.0,60.0,60.0,60.0,60.0
2023,Post-COVID (2022-2025),Sí,AMRO,Costa Rica,CRI,65.0,45.0,60.0,80.0,80.0,True,,20.0,,,60.0,,,70.0,,,80.0,,,80.0,,70.0,,60.0,,,80.0,,,,60.0,,60.0,,60.0,,80.0,,80.0,20.0,20.0,,20.0,80.0,80.0,80.0,80.0,80.0,,60.0,80.0,20.0,80.0,80.0,80.0,60.0,60.0,60.0,60.0,60.0,60.0,80.0,80.0,80.0,60.0,80.0,80.0,80.0,80.0,80.0,80.0,60.0,60.0,60.0,80.0,80.0,40.0,40.0
2023,Post-COVID (2022-2025),Sí,AMRO,Cuba,CUB,96.0,100.0,93.0,100.0,88.0,True,,100.0,,,93.0,,,100.0,,,88.0,,,100.0,,100.0,,100.0,,,100.0,,,,93.0,,100.0,,100.0,,100.0,,100.0,100.0,100.0,,80.0,100.0,100.0,80.0,100.0,100.0,,100.0,100.0,100.0,100.0,100.0,100.0,100.0,100.0,80.0,100.0,100.0,100.0,100.0,100.0,100.0,100.0,80.0,80.0,100.0,100.0,100.0,100.0,100.0,100.0,100.0,100.0,100.0,60.0,60.0
2023,Post-COVID (2022-2025),Sí,AMRO,Dominica,DMA,61.0,45.0,73.0,30.0,60.0,True,,40.0,,,73.0,,,50.0,,,60.0,,,30.0,,60.0,,80.0,,,80.0,,,,53.0,,67.0,,80.0,,80.0,,80.0,40.0,40.0,,80.0,80.0,40.0,80.0,40.0,20.0,,60.0,60.0,80.0,80.0,80.0,80.0,40.0,60.0,60.0,60.0,80.0,80.0,80.0,80.0,60.0,60.0,40.0,40.0,80.0,60.0,80.0,80.0,80.0,60.0,80.0,40.0,40.0,40.0,40.0
2023,Post-COVID (2022-2025),Sí,AMRO,Dominican Republic,DOM,52.0,50.0,47.0,90.0,56.0,True,,40.0,,,47.0,,,60.0,,,56.0,,,90.0,,20.0,,73.0,,,80.0,,,,47.0,,53.0,,27.0,,40.0,,60.0,60.0,20.0,,60.0,40.0,60.0,60.0,100.0,80.0,,20.0,20.0,60.0,60.0,80.0,100.0,60.0,40.0,40.0,60.0,20.0,40.0,40.0,60.0,40.0,60.0,40.0,60.0,60.0,60.0,80.0,80.0,60.0,40.0,20.0,20.0,20.0,60.0,60.0
2023,Post-COVID (2022-2025),Sí,AMRO,Ecuador,ECU,61.0,50.0,47.0,80.0,80.0,True,,60.0,,,47.0,,,40.0,,,80.0,,,80.0,,40.0,,53.0,,,67.0,,,,53.0,,60.0,,73.0,,40.0,,60.0,60.0,60.0,,40.0,60.0,40.0,60.0,80.0,80.0,,60.0,20.0,40.0,60.0,80.0,60.0,40.0,60.0,60.0,60.0,80.0,60.0,40.0,60.0,40.0,40.0,100.0,80.0,80.0,80.0,60.0,60.0,60.0,60.0,80.0,80.0,80.0,80.0,80.0
2023,Post-COVID (2022-2025),Sí,AMRO,El Salvador,SLV,92.0,90.0,93.0,90.0,92.0,True,,80.0,,,93.0,,,100.0,,,92.0,,,90.0,,90.0,,100.0,,,100.0,,,,87.0,,93.0,,100.0,,100.0,,80.0,80.0,80.0,,100.0,80.0,100.0,100.0,100.0,80.0,,80.0,100.0,100.0,100.0,100.0,100.0,80.0,100.0,80.0,100.0,100.0,100.0,100.0,80.0,100.0,100.0,80.0,80.0,100.0,100.0,100.0,100.0,100.0,80.0,100.0,100.0,100.0,80.0,80.0
2023,Post-COVID (2022-2025),Sí,AMRO,Grenada,GRD,52.0,50.0,73.0,80.0,56.0,True,,40.0,,,73.0,,,60.0,,,56.0,,,80.0,,40.0,,80.0,,,60.0,,,,33.0,,73.0,,47.0,,20.0,,60.0,60.0,20.0,,80.0,80.0,60.0,80.0,80.0,80.0,,60.0,20.0,80.0,60.0,80.0,40.0,40.0,20.0,40.0,80.0,60.0,60.0,20.0,60.0,60.0,60.0,40.0,40.0,60.0,60.0,80.0,80.0,80.0,60.0,20.0,20.0,20.0,40.0,40.0
2023,Post-COVID (2022-2025),Sí,AMRO,Guatemala,GTM,32.0,35.0,40.0,40.0,44.0,True,,30.0,,,40.0,,,40.0,,,44.0,,,40.0,,20.0,,53.0,,,33.0,,,,20.0,,47.0,,20.0,,20.0,,20.0,40.0,20.0,,40.0,40.0,40.0,40.0,40.0,40.0,,20.0,20.0,80.0,40.0,20.0,40.0,20.0,20.0,20.0,60.0,20.0,20.0,20.0,20.0,40.0,40.0,20.0,40.0,60.0,60.0,60.0,20.0,40.0,40.0,20.0,40.0,40.0,20.0,20.0
2023,Post-COVID (2022-2025),Sí,AMRO,Guyana,GUY,31.0,40.0,20.0,30.0,44.0,True,,30.0,,,20.0,,,50.0,,,44.0,,,30.0,,20.0,,27.0,,,40.0,,,,27.0,,33.0,,20.0,,20.0,,40.0,40.0,20.0,,20.0,20.0,40.0,40.0,20.0,40.0,,20.0,20.0,20.0,20.0,60.0,40.0,20.0,20.0,40.0,40.0,20.0,20.0,20.0,40.0,20.0,60.0,20.0,40.0,60.0,60.0,40.0,20.0,40.0,20.0,20.0,20.0,20.0,40.0,40.0
2023,Post-COVID (2022-2025),Sí,AMRO,Haiti,HTI,54.0,35.0,53.0,100.0,76.0,True,,20.0,,,53.0,,,50.0,,,76.0,,,100.0,,100.0,,80.0,,,73.0,,,,40.0,,60.0,,20.0,,80.0,,40.0,20.0,20.0,,40.0,60.0,40.0,100.0,100.0,100.0,,100.0,100.0,80.0,80.0,80.0,60.0,40.0,60.0,20.0,60.0,20.0,20.0,80.0,40.0,60.0,60.0,40.0,60.0,80.0,100.0,100.0,60.0,60.0,60.0,20.0,20.0,20.0,0.0,0.0
2023,Post-COVID (2022-2025),Sí,AMRO,Honduras,HND,58.0,35.0,80.0,80.0,80.0,True,,30.0,,,80.0,,,40.0,,,80.0,,,80.0,,50.0,,67.0,,,47.0,,,,20.0,,80.0,,20.0,,80.0,,80.0,40.0,20.0,,80.0,80.0,40.0,80.0,80.0,80.0,,60.0,40.0,40.0,80.0,40.0,20.0,20.0,20.0,20.0,80.0,20.0,20.0,80.0,80.0,80.0,40.0,80.0,60.0,80.0,100.0,80.0,80.0,80.0,80.0,20.0,80.0,80.0,40.0,40.0
2023,Post-COVID (2022-2025),Sí,AMRO,Jamaica,JAM,78.0,80.0,73.0,100.0,84.0,True,,80.0,,,73.0,,,80.0,,,84.0,,,100.0,,80.0,,100.0,,,87.0,,,,47.0,,93.0,,100.0,,80.0,,80.0,80.0,80.0,,80.0,80.0,80.0,100.0,100.0,100.0,,80.0,80.0,100.0,100.0,60.0,100.0,60.0,40.0,40.0,80.0,100.0,100.0,80.0,80.0,60.0,80.0,60.0,60.0,100.0,100.0,100.0,100.0,100.0,100.0,100.0,40.0,40.0,40.0,40.0
2023,Post-COVID (2022-2025),Sí,AMRO,Mexico,MEX,79.0,55.0,87.0,100.0,96.0,True,,60.0,,,87.0,,,50.0,,,96.0,,,100.0,,80.0,,87.0,,,93.0,,,,60.0,,80.0,,87.0,,80.0,,80.0,60.0,60.0,,100.0,80.0,60.0,100.0,100.0,100.0,,80.0,80.0,60.0,100.0,100.0,80.0,20.0,80.0,80.0,80.0,100.0,80.0,80.0,80.0,80.0,40.0,80.0,100.0,100.0,100.0,100.0,100.0,80.0,80.0,80.0,60.0,60.0,80.0,80.0
2023,Post-COVID (2022-2025),Sí,AMRO,Nicaragua,NIC,60.0,45.0,60.0,60.0,60.0,True,,40.0,,,60.0,,,50.0,,,60.0,,,60.0,,80.0,,67.0,,,67.0,,,,67.0,,73.0,,40.0,,60.0,,60.0,60.0,20.0,,60.0,60.0,20.0,80.0,60.0,60.0,,80.0,80.0,60.0,60.0,60.0,80.0,60.0,40.0,100.0,60.0,20.0,40.0,60.0,60.0,60.0,80.0,40.0,40.0,60.0,80.0,60.0,80.0,80.0,80.0,60.0,60.0,60.0,60.0,60.0
2023,Post-COVID (2022-2025),Sí,AMRO,Panama,PAN,67.0,60.0,60.0,100.0,68.0,True,,40.0,,,60.0,,,80.0,,,68.0,,,100.0,,50.0,,80.0,,,73.0,,,,53.0,,67.0,,80.0,,80.0,,80.0,60.0,20.0,,60.0,80.0,80.0,60.0,100.0,100.0,,60.0,40.0,80.0,80.0,80.0,60.0,40.0,100.0,20.0,40.0,80.0,80.0,80.0,80.0,40.0,80.0,40.0,60.0,100.0,80.0,80.0,80.0,80.0,80.0,80.0,40.0,40.0,60.0,60.0
2023,Post-COVID (2022-2025),Sí,AMRO,Paraguay,PRY,62.0,30.0,60.0,100.0,68.0,True,,20.0,,,60.0,,,40.0,,,68.0,,,100.0,,60.0,,73.0,,,80.0,,,,53.0,,33.0,,80.0,,60.0,,80.0,20.0,20.0,,80.0,80.0,40.0,60.0,100.0,100.0,,80.0,40.0,60.0,80.0,80.0,80.0,60.0,60.0,40.0,20.0,80.0,80.0,60.0,80.0,20.0,40.0,60.0,60.0,80.0,80.0,80.0,80.0,60.0,20.0,80.0,60.0,60.0,60.0,60.0
2023,Post-COVID (2022-2025),Sí,AMRO,Peru,PER,36.0,25.0,40.0,50.0,64.0,True,,20.0,,,40.0,,,30.0,,,64.0,,,50.0,,30.0,,20.0,,,33.0,,,,47.0,,33.0,,20.0,,40.0,,40.0,20.0,20.0,,60.0,40.0,40.0,60.0,40.0,60.0,,40.0,20.0,20.0,20.0,40.0,40.0,20.0,80.0,40.0,20.0,20.0,20.0,40.0,40.0,20.0,20.0,40.0,60.0,80.0,80.0,20.0,20.0,60.0,20.0,20.0,40.0,40.0,40.0,40.0
2023,Post-COVID (2022-2025),Sí,AMRO,Saint Kitts and Nevis,KNA,69.0,65.0,80.0,80.0,52.0,True,,60.0,,,80.0,,,70.0,,,52.0,,,80.0,,80.0,,80.0,,,80.0,,,,60.0,,80.0,,73.0,,80.0,,80.0,60.0,60.0,,80.0,80.0,60.0,80.0,80.0,80.0,,80.0,80.0,80.0,80.0,80.0,80.0,60.0,20.0,100.0,80.0,60.0,80.0,80.0,80.0,80.0,80.0,40.0,40.0,60.0,40.0,80.0,80.0,80.0,80.0,80.0,40.0,40.0,40.0,40.0
2023,Post-COVID (2022-2025),Sí,AMRO,Saint Lucia,LCA,67.0,50.0,67.0,80.0,72.0,True,,60.0,,,67.0,,,40.0,,,72.0,,,80.0,,80.0,,93.0,,,60.0,,,,33.0,,80.0,,100.0,,80.0,,80.0,80.0,40.0,,80.0,80.0,40.0,80.0,80.0,80.0,,80.0,80.0,100.0,80.0,80.0,20.0,40.0,20.0,40.0,80.0,100.0,100.0,80.0,80.0,40.0,40.0,40.0,60.0,80.0,100.0,100.0,80.0,80.0,80.0,100.0,40.0,40.0,40.0,40.0
2023,Post-COVID (2022-2025),Sí,AMRO,Saint Vincent and the Grenadines,VCT,59.0,60.0,47.0,80.0,76.0,True,,30.0,,,47.0,,,90.0,,,76.0,,,80.0,,40.0,,80.0,,,60.0,,,,53.0,,80.0,,73.0,,80.0,,40.0,40.0,20.0,,40.0,60.0,80.0,80.0,80.0,80.0,,60.0,20.0,80.0,80.0,60.0,40.0,60.0,60.0,40.0,80.0,80.0,80.0,80.0,40.0,40.0,100.0,80.0,60.0,80.0,80.0,80.0,80.0,80.0,80.0,60.0,20.0,20.0,40.0,40.0
2023,Post-COVID (2022-2025),Sí,AMRO,Suriname,SUR,47.0,55.0,40.0,70.0,80.0,True,,60.0,,,40.0,,,50.0,,,80.0,,,70.0,,60.0,,60.0,,,67.0,,,,73.0,,47.0,,20.0,,20.0,,20.0,40.0,80.0,,40.0,60.0,40.0,80.0,80.0,60.0,,80.0,40.0,60.0,80.0,60.0,60.0,80.0,80.0,60.0,60.0,20.0,20.0,20.0,20.0,20.0,60.0,80.0,80.0,80.0,80.0,60.0,60.0,60.0,20.0,20.0,20.0,20.0,20.0,20.0
2023,Post-COVID (2022-2025),Sí,AMRO,Trinidad and Tobago,TTO,65.0,55.0,80.0,80.0,76.0,True,,70.0,,,80.0,,,40.0,,,76.0,,,80.0,,60.0,,80.0,,,80.0,,,,60.0,,67.0,,80.0,,60.0,,60.0,60.0,80.0,,80.0,80.0,40.0,80.0,80.0,80.0,,60.0,60.0,80.0,80.0,80.0,80.0,60.0,60.0,60.0,60.0,80.0,80.0,60.0,60.0,80.0,40.0,40.0,80.0,80.0,100.0,80.0,80.0,60.0,80.0,80.0,40.0,40.0,40.0,40.0
2023,Post-COVID (2022-2025),Sí,AMRO,United States of America,USA,91.0,90.0,93.0,100.0,92.0,True,,80.0,,,93.0,,,100.0,,,92.0,,,100.0,,80.0,,100.0,,,93.0,,,,100.0,,87.0,,93.0,,80.0,,100.0,100.0,60.0,,100.0,100.0,100.0,100.0,100.0,100.0,,60.0,100.0,100.0,100.0,100.0,80.0,100.0,100.0,100.0,100.0,100.0,80.0,80.0,100.0,80.0,100.0,100.0,80.0,100.0,80.0,100.0,100.0,100.0,60.0,100.0,80.0,80.0,80.0,80.0
2023,Post-COVID (2022-2025),Sí,AMRO,Uruguay,URY,76.0,70.0,67.0,90.0,64.0,True,,60.0,,,67.0,,,80.0,,,64.0,,,90.0,,60.0,,87.0,,,93.0,,,,80.0,,100.0,,80.0,,100.0,,60.0,40.0,80.0,,60.0,80.0,80.0,60.0,100.0,80.0,,60.0,60.0,80.0,100.0,100.0,80.0,80.0,80.0,80.0,100.0,80.0,80.0,100.0,60.0,60.0,80.0,40.0,60.0,80.0,80.0,80.0,100.0,100.0,100.0,80.0,60.0,60.0,60.0,60.0
2023,Post-COVID (2022-2025),Sí,AMRO,Venezuela (Bolivarian Republic of),VEN,46.0,35.0,53.0,70.0,76.0,True,,50.0,,,53.0,,,20.0,,,76.0,,,70.0,,30.0,,40.0,,,53.0,,,,40.0,,40.0,,40.0,,60.0,,60.0,60.0,40.0,,60.0,40.0,20.0,80.0,80.0,60.0,,40.0,20.0,40.0,60.0,60.0,40.0,40.0,40.0,40.0,20.0,40.0,40.0,60.0,60.0,60.0,20.0,60.0,60.0,80.0,100.0,40.0,40.0,40.0,60.0,40.0,20.0,20.0,40.0,40.0
2023,Post-COVID (2022-2025),Sí,EMRO,Afghanistan,AFG,38.0,25.0,33.0,80.0,44.0,True,,20.0,,,33.0,,,30.0,,,44.0,,,80.0,,30.0,,53.0,,,60.0,,,,47.0,,27.0,,27.0,,60.0,,20.0,20.0,20.0,,20.0,60.0,40.0,60.0,80.0,80.0,,40.0,20.0,40.0,60.0,60.0,60.0,60.0,40.0,40.0,20.0,20.0,40.0,60.0,20.0,20.0,20.0,20.0,20.0,60.0,60.0,80.0,40.0,20.0,40.0,20.0,20.0,20.0,20.0,20.0
2023,Post-COVID (2022-2025),Sí,EURO,Armenia,ARM,57.0,60.0,67.0,70.0,52.0,True,,50.0,,,67.0,,,70.0,,,52.0,,,70.0,,40.0,,67.0,,,67.0,,,,53.0,,60.0,,53.0,,40.0,,40.0,60.0,40.0,,80.0,60.0,60.0,60.0,60.0,80.0,,60.0,20.0,80.0,60.0,80.0,60.0,60.0,40.0,60.0,60.0,60.0,60.0,40.0,40.0,60.0,80.0,60.0,40.0,60.0,40.0,60.0,60.0,60.0,60.0,40.0,60.0,60.0,60.0,60.0
2023,Post-COVID (2022-2025),Sí,EURO,Azerbaijan,AZE,65.0,65.0,60.0,90.0,68.0,True,,60.0,,,60.0,,,70.0,,,68.0,,,90.0,,60.0,,73.0,,,67.0,,,,40.0,,67.0,,73.0,,80.0,,80.0,60.0,60.0,,60.0,60.0,60.0,80.0,100.0,80.0,,60.0,60.0,80.0,60.0,60.0,80.0,40.0,20.0,60.0,60.0,80.0,80.0,80.0,80.0,60.0,80.0,60.0,60.0,80.0,60.0,80.0,60.0,80.0,60.0,60.0,40.0,40.0,40.0,40.0
2023,Post-COVID (2022-2025),Sí,EMRO,Bahrain,BHR,86.0,100.0,67.0,100.0,100.0,True,,100.0,,,67.0,,,100.0,,,100.0,,,100.0,,90.0,,87.0,,,100.0,,,,80.0,,87.0,,100.0,,80.0,,100.0,100.0,100.0,,80.0,80.0,100.0,100.0,100.0,100.0,,80.0,100.0,80.0,100.0,100.0,100.0,80.0,60.0,100.0,80.0,100.0,100.0,80.0,100.0,40.0,100.0,100.0,100.0,100.0,100.0,80.0,100.0,100.0,80.0,100.0,40.0,40.0,60.0,60.0
2023,Post-COVID (2022-2025),Sí,SEARO,Bangladesh,BGD,71.0,70.0,80.0,80.0,76.0,True,,70.0,,,80.0,,,70.0,,,76.0,,,80.0,,60.0,,73.0,,,80.0,,,,67.0,,67.0,,67.0,,80.0,,80.0,60.0,80.0,,80.0,80.0,60.0,80.0,80.0,80.0,,60.0,60.0,60.0,80.0,80.0,80.0,80.0,40.0,80.0,60.0,60.0,60.0,80.0,80.0,80.0,80.0,60.0,80.0,80.0,80.0,80.0,80.0,60.0,80.0,80.0,60.0,60.0,60.0,60.0
2023,Post-COVID (2022-2025),Sí,SEARO,Bhutan,BTN,64.0,55.0,67.0,100.0,72.0,True,,50.0,,,67.0,,,60.0,,,72.0,,,100.0,,70.0,,80.0,,,80.0,,,,53.0,,60.0,,67.0,,80.0,,60.0,60.0,40.0,,60.0,60.0,60.0,80.0,100.0,100.0,,60.0,80.0,80.0,80.0,80.0,80.0,60.0,60.0,40.0,60.0,60.0,60.0,80.0,60.0,80.0,60.0,60.0,60.0,80.0,80.0,80.0,80.0,60.0,60.0,80.0,40.0,40.0,20.0,20.0
2023,Post-COVID (2022-2025),Sí,WPRO,Brunei Darussalam,BRN,71.0,65.0,80.0,90.0,84.0,True,,50.0,,,80.0,,,80.0,,,84.0,,,90.0,,60.0,,73.0,,,80.0,,,,60.0,,87.0,,80.0,,80.0,,80.0,80.0,20.0,,80.0,80.0,80.0,80.0,100.0,80.0,,60.0,60.0,60.0,60.0,100.0,80.0,60.0,40.0,80.0,100.0,80.0,80.0,80.0,80.0,80.0,80.0,80.0,80.0,100.0,80.0,80.0,80.0,80.0,80.0,80.0,40.0,40.0,40.0,40.0
2023,Post-COVID (2022-2025),Sí,WPRO,Cambodia,KHM,68.0,70.0,80.0,90.0,80.0,True,,80.0,,,80.0,,,60.0,,,80.0,,,90.0,,70.0,,73.0,,,67.0,,,,67.0,,73.0,,53.0,,60.0,,80.0,80.0,80.0,,80.0,80.0,60.0,80.0,100.0,80.0,,80.0,60.0,60.0,80.0,60.0,60.0,80.0,60.0,60.0,60.0,40.0,60.0,60.0,80.0,80.0,60.0,80.0,80.0,80.0,80.0,80.0,80.0,80.0,80.0,60.0,40.0,40.0,40.0,40.0
2023,Post-COVID (2022-2025),Sí,WPRO,China,CHN,94.0,90.0,100.0,100.0,96.0,True,,90.0,,,100.0,,,90.0,,,96.0,,,100.0,,100.0,,87.0,,,100.0,,,,87.0,,100.0,,100.0,,100.0,,80.0,100.0,80.0,,100.0,100.0,80.0,100.0,100.0,100.0,,100.0,100.0,100.0,100.0,100.0,100.0,100.0,80.0,80.0,100.0,100.0,100.0,100.0,80.0,100.0,100.0,100.0,100.0,80.0,100.0,80.0,80.0,100.0,100.0,100.0,80.0,80.0,100.0,100.0
2023,Post-COVID (2022-2025),Sí,EURO,Cyprus,CYP,66.0,55.0,53.0,90.0,96.0,True,,60.0,,,53.0,,,50.0,,,96.0,,,90.0,,80.0,,80.0,,,93.0,,,,67.0,,33.0,,87.0,,20.0,,100.0,100.0,20.0,,40.0,40.0,20.0,100.0,100.0,80.0,,80.0,80.0,80.0,100.0,100.0,80.0,60.0,40.0,100.0,20.0,80.0,100.0,20.0,100.0,80.0,80.0,100.0,100.0,100.0,80.0,80.0,80.0,60.0,20.0,80.0,40.0,40.0,40.0,40.0
2023,Post-COVID (2022-2025),Sí,SEARO,Democratic People's Republic of Korea,PRK,57.0,70.0,67.0,60.0,64.0,True,,70.0,,,67.0,,,70.0,,,64.0,,,60.0,,60.0,,40.0,,,80.0,,,,47.0,,80.0,,60.0,,40.0,,40.0,60.0,80.0,,80.0,80.0,80.0,40.0,60.0,60.0,,40.0,80.0,20.0,80.0,80.0,80.0,40.0,60.0,40.0,60.0,60.0,40.0,40.0,40.0,40.0,60.0,80.0,80.0,60.0,60.0,60.0,40.0,80.0,100.0,80.0,40.0,40.0,40.0,40.0
2023,Post-COVID (2022-2025),Sí,EURO,Georgia,GEO,72.0,60.0,80.0,90.0,96.0,True,,50.0,,,80.0,,,70.0,,,96.0,,,90.0,,50.0,,80.0,,,93.0,,,,87.0,,47.0,,60.0,,80.0,,60.0,80.0,20.0,,80.0,80.0,60.0,100.0,100.0,80.0,,60.0,40.0,80.0,80.0,100.0,100.0,80.0,80.0,100.0,60.0,60.0,60.0,80.0,60.0,80.0,80.0,100.0,80.0,100.0,100.0,80.0,80.0,40.0,40.0,60.0,100.0,100.0,40.0,40.0
2023,Post-COVID (2022-2025),Sí,SEARO,India,IND,86.0,85.0,87.0,100.0,80.0,True,,70.0,,,87.0,,,100.0,,,80.0,,,100.0,,100.0,,93.0,,,87.0,,,,53.0,,100.0,,100.0,,80.0,,60.0,80.0,60.0,,80.0,100.0,100.0,60.0,100.0,100.0,,100.0,100.0,100.0,100.0,80.0,80.0,60.0,60.0,40.0,100.0,100.0,100.0,80.0,60.0,80.0,100.0,80.0,80.0,100.0,80.0,100.0,80.0,100.0,100.0,100.0,80.0,80.0,100.0,100.0
2023,Post-COVID (2022-2025),Sí,WPRO,Indonesia,IDN,75.0,80.0,73.0,90.0,72.0,True,,80.0,,,73.0,,,80.0,,,72.0,,,90.0,,70.0,,93.0,,,87.0,,,,60.0,,80.0,,80.0,,80.0,,80.0,80.0,80.0,,60.0,80.0,80.0,80.0,100.0,80.0,,60.0,80.0,80.0,80.0,80.0,100.0,60.0,60.0,60.0,80.0,80.0,80.0,80.0,80.0,80.0,80.0,60.0,80.0,80.0,60.0,100.0,100.0,80.0,80.0,80.0,40.0,40.0,60.0,60.0
2023,Post-COVID (2022-2025),Sí,EMRO,Iran (Islamic Republic of),IRN,81.0,75.0,93.0,100.0,96.0,True,,80.0,,,93.0,,,70.0,,,96.0,,,100.0,,80.0,,87.0,,,93.0,,,,80.0,,80.0,,80.0,,80.0,,80.0,60.0,100.0,,100.0,100.0,60.0,100.0,100.0,100.0,,80.0,80.0,80.0,100.0,100.0,80.0,80.0,60.0,100.0,80.0,80.0,80.0,80.0,80.0,80.0,80.0,100.0,100.0,80.0,100.0,80.0,100.0,80.0,80.0,80.0,60.0,60.0,60.0,60.0
2023,Post-COVID (2022-2025),Sí,EMRO,Iraq,IRQ,46.0,45.0,60.0,50.0,60.0,True,,50.0,,,60.0,,,40.0,,,60.0,,,50.0,,30.0,,33.0,,,80.0,,,,53.0,,33.0,,27.0,,20.0,,40.0,20.0,80.0,,60.0,60.0,40.0,60.0,40.0,60.0,,40.0,20.0,40.0,80.0,80.0,80.0,60.0,40.0,60.0,20.0,40.0,20.0,20.0,40.0,60.0,40.0,60.0,60.0,60.0,60.0,20.0,40.0,40.0,40.0,20.0,60.0,60.0,60.0,60.0
2023,Post-COVID (2022-2025),Sí,EURO,Israel,ISR,86.0,60.0,80.0,100.0,100.0,True,,50.0,,,80.0,,,70.0,,,100.0,,,100.0,,100.0,,100.0,,,80.0,,,,80.0,,80.0,,93.0,,80.0,,80.0,40.0,60.0,,40.0,100.0,60.0,100.0,100.0,100.0,,100.0,100.0,100.0,80.0,80.0,80.0,80.0,100.0,60.0,80.0,100.0,80.0,80.0,80.0,100.0,80.0,100.0,100.0,100.0,100.0,100.0,100.0,80.0,80.0,100.0,100.0,100.0,100.0,100.0
2023,Post-COVID (2022-2025),Sí,WPRO,Japan,JPN,99.0,90.0,100.0,100.0,100.0,True,,80.0,,,100.0,,,100.0,,,100.0,,,100.0,,100.0,,100.0,,,100.0,,,,100.0,,100.0,,100.0,,100.0,,100.0,100.0,60.0,,100.0,100.0,100.0,100.0,100.0,100.0,,100.0,100.0,100.0,100.0,100.0,100.0,100.0,100.0,100.0,100.0,100.0,100.0,100.0,100.0,100.0,100.0,100.0,100.0,100.0,100.0,100.0,100.0,100.0,100.0,100.0,100.0,100.0,100.0,100.0
2023,Post-COVID (2022-2025),Sí,EMRO,Jordan,JOR,64.0,50.0,73.0,80.0,72.0,True,,50.0,,,73.0,,,50.0,,,72.0,,,80.0,,50.0,,73.0,,,73.0,,,,53.0,,47.0,,80.0,,80.0,,40.0,80.0,20.0,,80.0,80.0,60.0,60.0,80.0,80.0,,40.0,60.0,60.0,80.0,80.0,60.0,60.0,60.0,40.0,40.0,80.0,80.0,80.0,40.0,60.0,40.0,60.0,80.0,80.0,80.0,80.0,80.0,60.0,40.0,80.0,60.0,60.0,80.0,80.0
2023,Post-COVID (2022-2025),Sí,EURO,Kazakhstan,KAZ,67.0,70.0,67.0,60.0,60.0,True,,70.0,,,67.0,,,70.0,,,60.0,,,60.0,,60.0,,60.0,,,80.0,,,,67.0,,53.0,,73.0,,60.0,,60.0,60.0,80.0,,80.0,60.0,60.0,60.0,60.0,60.0,,60.0,60.0,60.0,80.0,80.0,80.0,60.0,80.0,60.0,40.0,60.0,60.0,60.0,60.0,60.0,80.0,40.0,60.0,60.0,80.0,60.0,60.0,60.0,60.0,100.0,80.0,80.0,80.0,80.0
2023,Post-COVID (2022-2025),Sí,EMRO,Kuwait,KWT,94.0,95.0,93.0,100.0,80.0,True,,90.0,,,93.0,,,100.0,,,80.0,,,100.0,,100.0,,100.0,,,87.0,,,,100.0,,100.0,,100.0,,80.0,,80.0,100.0,80.0,,80.0,100.0,100.0,80.0,100.0,100.0,,100.0,100.0,100.0,100.0,80.0,80.0,100.0,100.0,100.0,100.0,100.0,100.0,80.0,80.0,100.0,100.0,80.0,80.0,80.0,80.0,100.0,100.0,100.0,100.0,100.0,100.0,100.0,100.0,100.0
2023,Post-COVID (2022-2025),Sí,EURO,Kyrgyzstan,KGZ,48.0,45.0,60.0,70.0,60.0,True,,50.0,,,60.0,,,40.0,,,60.0,,,70.0,,40.0,,47.0,,,53.0,,,,47.0,,40.0,,60.0,,40.0,,40.0,80.0,20.0,,60.0,60.0,40.0,40.0,80.0,60.0,,60.0,20.0,60.0,60.0,40.0,60.0,40.0,40.0,60.0,40.0,60.0,60.0,40.0,40.0,60.0,40.0,40.0,60.0,80.0,80.0,40.0,40.0,40.0,40.0,60.0,40.0,40.0,40.0,40.0
2023,Post-COVID (2022-2025),Sí,WPRO,Lao People's Democratic Republic,LAO,55.0,50.0,80.0,80.0,64.0,True,,60.0,,,80.0,,,40.0,,,64.0,,,80.0,,40.0,,73.0,,,53.0,,,,47.0,,73.0,,60.0,,60.0,,40.0,60.0,60.0,,80.0,80.0,40.0,80.0,80.0,80.0,,40.0,40.0,80.0,80.0,20.0,60.0,40.0,60.0,40.0,80.0,60.0,60.0,60.0,40.0,80.0,40.0,40.0,40.0,80.0,80.0,80.0,60.0,80.0,60.0,60.0,40.0,40.0,20.0,20.0
2023,Post-COVID (2022-2025),Sí,EMRO,Lebanon,LBN,70.0,50.0,73.0,100.0,84.0,True,,80.0,,,73.0,,,20.0,,,84.0,,,100.0,,60.0,,67.0,,,67.0,,,,60.0,,80.0,,60.0,,80.0,,40.0,80.0,80.0,,80.0,60.0,20.0,100.0,100.0,100.0,,40.0,80.0,80.0,80.0,60.0,60.0,60.0,40.0,80.0,80.0,60.0,40.0,80.0,40.0,80.0,20.0,80.0,80.0,80.0,80.0,80.0,40.0,80.0,80.0,80.0,80.0,80.0,100.0,100.0
2023,Post-COVID (2022-2025),Sí,WPRO,Malaysia,MYS,89.0,80.0,93.0,80.0,88.0,True,,80.0,,,93.0,,,80.0,,,88.0,,,80.0,,100.0,,93.0,,,100.0,,,,87.0,,87.0,,87.0,,100.0,,80.0,80.0,80.0,,100.0,100.0,80.0,100.0,80.0,80.0,,100.0,100.0,80.0,100.0,100.0,100.0,100.0,80.0,80.0,100.0,100.0,80.0,100.0,80.0,80.0,80.0,80.0,60.0,100.0,100.0,100.0,100.0,80.0,80.0,80.0,100.0,100.0,80.0,80.0
2023,Post-COVID (2022-2025),Sí,SEARO,Maldives,MDV,65.0,55.0,80.0,80.0,56.0,True,,50.0,,,80.0,,,60.0,,,56.0,,,80.0,,70.0,,87.0,,,67.0,,,,60.0,,80.0,,60.0,,20.0,,60.0,60.0,40.0,,80.0,80.0,40.0,20.0,80.0,80.0,,60.0,80.0,100.0,80.0,80.0,40.0,60.0,60.0,60.0,80.0,40.0,60.0,20.0,60.0,80.0,80.0,60.0,40.0,80.0,80.0,80.0,80.0,80.0,80.0,80.0,60.0,60.0,80.0,80.0
2023,Post-COVID (2022-2025),Sí,WPRO,Mongolia,MNG,66.0,70.0,80.0,80.0,72.0,True,,60.0,,,80.0,,,80.0,,,72.0,,,80.0,,60.0,,67.0,,,73.0,,,,60.0,,60.0,,53.0,,60.0,,60.0,80.0,40.0,,80.0,80.0,80.0,80.0,80.0,80.0,,60.0,60.0,60.0,80.0,60.0,80.0,60.0,60.0,60.0,60.0,60.0,60.0,60.0,60.0,80.0,80.0,60.0,80.0,60.0,80.0,80.0,60.0,60.0,60.0,40.0,60.0,60.0,60.0,60.0
2023,Post-COVID (2022-2025),Sí,SEARO,Myanmar,MMR,63.0,50.0,73.0,80.0,64.0,True,,30.0,,,73.0,,,70.0,,,64.0,,,80.0,,50.0,,67.0,,,73.0,,,,67.0,,80.0,,67.0,,80.0,,60.0,40.0,20.0,,60.0,80.0,60.0,80.0,80.0,80.0,,60.0,40.0,40.0,100.0,60.0,60.0,60.0,60.0,80.0,80.0,60.0,60.0,80.0,60.0,80.0,80.0,60.0,40.0,60.0,80.0,80.0,80.0,80.0,80.0,80.0,40.0,40.0,40.0,40.0
2023,Post-COVID (2022-2025),Sí,SEARO,Nepal,NPL,48.0,60.0,60.0,50.0,48.0,True,,50.0,,,60.0,,,70.0,,,48.0,,,50.0,,30.0,,53.0,,,60.0,,,,53.0,,40.0,,60.0,,60.0,,20.0,40.0,60.0,,60.0,60.0,60.0,60.0,60.0,40.0,,40.0,20.0,20.0,80.0,20.0,80.0,60.0,40.0,60.0,40.0,60.0,60.0,60.0,20.0,60.0,80.0,20.0,40.0,60.0,60.0,60.0,80.0,40.0,40.0,60.0,40.0,40.0,20.0,20.0
2023,Post-COVID (2022-2025),Sí,EMRO,Oman,OMN,82.0,55.0,73.0,100.0,92.0,True,,40.0,,,73.0,,,70.0,,,92.0,,,100.0,,50.0,,87.0,,,100.0,,,,93.0,,93.0,,87.0,,80.0,,80.0,80.0,0.0,,60.0,80.0,60.0,100.0,100.0,100.0,,40.0,60.0,80.0,100.0,100.0,100.0,100.0,80.0,100.0,100.0,80.0,80.0,80.0,80.0,80.0,80.0,80.0,80.0,100.0,100.0,80.0,100.0,100.0,80.0,100.0,100.0,100.0,80.0,80.0
2023,Post-COVID (2022-2025),Sí,EMRO,Pakistan,PAK,51.0,50.0,40.0,80.0,60.0,True,,40.0,,,40.0,,,60.0,,,60.0,,,80.0,,40.0,,53.0,,,60.0,,,,40.0,,40.0,,27.0,,60.0,,20.0,40.0,40.0,,40.0,40.0,60.0,60.0,80.0,80.0,,40.0,40.0,20.0,60.0,60.0,60.0,40.0,40.0,40.0,40.0,20.0,40.0,60.0,20.0,40.0,60.0,40.0,80.0,60.0,60.0,60.0,80.0,40.0,40.0,20.0,40.0,40.0,100.0,100.0
2023,Post-COVID (2022-2025),Sí,WPRO,Philippines,PHL,64.0,65.0,80.0,70.0,52.0,True,,60.0,,,80.0,,,70.0,,,52.0,,,70.0,,60.0,,60.0,,,80.0,,,,60.0,,33.0,,80.0,,80.0,,60.0,60.0,60.0,,80.0,80.0,40.0,60.0,60.0,80.0,,60.0,60.0,60.0,80.0,80.0,80.0,60.0,60.0,60.0,40.0,100.0,60.0,80.0,60.0,80.0,100.0,40.0,40.0,60.0,60.0,60.0,60.0,40.0,20.0,80.0,80.0,80.0,40.0,40.0
2023,Post-COVID (2022-2025),Sí,EMRO,Qatar,QAT,95.0,100.0,87.0,100.0,100.0,True,,100.0,,,87.0,,,100.0,,,100.0,,,100.0,,80.0,,87.0,,,100.0,,,,93.0,,87.0,,87.0,,100.0,,100.0,100.0,100.0,,80.0,100.0,100.0,100.0,100.0,100.0,,80.0,80.0,80.0,100.0,100.0,100.0,80.0,100.0,100.0,80.0,80.0,80.0,100.0,100.0,80.0,100.0,100.0,100.0,100.0,100.0,100.0,80.0,100.0,80.0,100.0,100.0,100.0,100.0,100.0
2023,Post-COVID (2022-2025),Sí,WPRO,Republic of Korea,KOR,99.0,100.0,93.0,100.0,100.0,True,,100.0,,,93.0,,,100.0,,,100.0,,,100.0,,100.0,,100.0,,,100.0,,,,100.0,,93.0,,100.0,,100.0,,100.0,100.0,100.0,,100.0,100.0,100.0,100.0,100.0,100.0,,100.0,100.0,100.0,100.0,100.0,100.0,100.0,100.0,100.0,100.0,100.0,100.0,100.0,100.0,80.0,100.0,100.0,100.0,100.0,100.0,100.0,100.0,100.0,80.0,100.0,100.0,100.0,100.0,100.0
2023,Post-COVID (2022-2025),Sí,EMRO,Saudi Arabia,SAU,95.0,100.0,87.0,100.0,92.0,True,,100.0,,,87.0,,,100.0,,,92.0,,,100.0,,100.0,,100.0,,,93.0,,,,100.0,,100.0,,87.0,,80.0,,100.0,100.0,100.0,,100.0,80.0,100.0,100.0,100.0,100.0,,100.0,100.0,100.0,100.0,100.0,80.0,100.0,100.0,100.0,100.0,100.0,80.0,80.0,100.0,80.0,100.0,60.0,100.0,100.0,100.0,100.0,100.0,100.0,100.0,80.0,80.0,80.0,100.0,100.0
2023,Post-COVID (2022-2025),Sí,WPRO,Singapore,SGP,94.0,100.0,100.0,100.0,100.0,True,,100.0,,,100.0,,,100.0,,,100.0,,,100.0,,90.0,,93.0,,,100.0,,,,100.0,,100.0,,100.0,,80.0,,80.0,100.0,100.0,,100.0,100.0,100.0,100.0,100.0,100.0,,100.0,80.0,80.0,100.0,100.0,100.0,100.0,100.0,100.0,100.0,100.0,100.0,80.0,80.0,100.0,100.0,100.0,100.0,100.0,100.0,100.0,100.0,100.0,100.0,100.0,80.0,80.0,80.0,80.0
2023,Post-COVID (2022-2025),Sí,SEARO,Sri Lanka,LKA,71.0,45.0,80.0,100.0,60.0,True,,40.0,,,80.0,,,50.0,,,60.0,,,100.0,,90.0,,87.0,,,80.0,,,,60.0,,80.0,,73.0,,40.0,,60.0,60.0,20.0,,80.0,80.0,60.0,60.0,100.0,100.0,,80.0,100.0,80.0,80.0,80.0,80.0,60.0,60.0,60.0,80.0,80.0,80.0,40.0,60.0,80.0,40.0,60.0,20.0,80.0,80.0,100.0,80.0,80.0,80.0,60.0,80.0,80.0,80.0,80.0
2023,Post-COVID (2022-2025),Sí,EMRO,Syrian Arab Republic,SYR,41.0,45.0,20.0,50.0,36.0,True,,60.0,,,20.0,,,30.0,,,36.0,,,50.0,,40.0,,53.0,,,40.0,,,,40.0,,33.0,,33.0,,40.0,,60.0,40.0,80.0,,20.0,20.0,40.0,40.0,40.0,60.0,,40.0,40.0,60.0,40.0,40.0,40.0,40.0,40.0,40.0,20.0,40.0,40.0,40.0,60.0,20.0,20.0,20.0,40.0,40.0,40.0,60.0,40.0,40.0,40.0,20.0,40.0,40.0,40.0,40.0
2023,Post-COVID (2022-2025),Sí,EURO,Tajikistan,TJK,65.0,40.0,80.0,80.0,76.0,True,,30.0,,,80.0,,,50.0,,,76.0,,,80.0,,80.0,,53.0,,,80.0,,,,73.0,,67.0,,73.0,,80.0,,40.0,40.0,20.0,,80.0,80.0,40.0,80.0,80.0,80.0,,80.0,80.0,60.0,80.0,80.0,80.0,60.0,80.0,80.0,40.0,80.0,60.0,80.0,40.0,80.0,60.0,80.0,80.0,80.0,60.0,60.0,40.0,80.0,80.0,80.0,40.0,40.0,80.0,80.0
2023,Post-COVID (2022-2025),Sí,SEARO,Thailand,THA,87.0,85.0,87.0,100.0,84.0,True,,90.0,,,87.0,,,80.0,,,84.0,,,100.0,,80.0,,100.0,,,93.0,,,,80.0,,93.0,,80.0,,80.0,,80.0,100.0,80.0,,80.0,100.0,80.0,80.0,100.0,100.0,,80.0,80.0,100.0,100.0,100.0,80.0,80.0,80.0,80.0,100.0,80.0,80.0,80.0,80.0,80.0,80.0,80.0,80.0,80.0,100.0,100.0,100.0,100.0,80.0,80.0,100.0,100.0,80.0,80.0
2023,Post-COVID (2022-2025),Sí,SEARO,Timor-Leste,TLS,66.0,75.0,80.0,80.0,80.0,True,,80.0,,,80.0,,,70.0,,,80.0,,,80.0,,80.0,,80.0,,,47.0,,,,53.0,,80.0,,60.0,,80.0,,60.0,80.0,80.0,,80.0,80.0,60.0,80.0,80.0,80.0,,80.0,80.0,80.0,40.0,40.0,60.0,60.0,40.0,60.0,80.0,60.0,60.0,80.0,60.0,80.0,80.0,60.0,80.0,80.0,100.0,80.0,80.0,80.0,80.0,60.0,40.0,40.0,20.0,20.0
2023,Post-COVID (2022-2025),Sí,EURO,Türkiye,TUR,75.0,70.0,80.0,100.0,84.0,True,,60.0,,,80.0,,,80.0,,,84.0,,,100.0,,90.0,,73.0,,,93.0,,,,87.0,,40.0,,100.0,,60.0,,20.0,80.0,40.0,,80.0,80.0,80.0,80.0,100.0,100.0,,80.0,100.0,60.0,100.0,100.0,80.0,100.0,80.0,80.0,40.0,100.0,100.0,60.0,20.0,80.0,80.0,60.0,100.0,100.0,80.0,80.0,80.0,60.0,20.0,100.0,60.0,60.0,100.0,100.0
2023,Post-COVID (2022-2025),Sí,EURO,Turkmenistan,TKM,81.0,80.0,93.0,80.0,96.0,True,,70.0,,,93.0,,,90.0,,,96.0,,,80.0,,80.0,,80.0,,,80.0,,,,80.0,,80.0,,100.0,,80.0,,80.0,80.0,60.0,,80.0,100.0,80.0,100.0,80.0,80.0,,80.0,80.0,80.0,80.0,80.0,80.0,80.0,80.0,80.0,80.0,100.0,100.0,80.0,80.0,100.0,100.0,100.0,100.0,80.0,100.0,80.0,80.0,80.0,80.0,100.0,60.0,60.0,60.0,60.0
2023,Post-COVID (2022-2025),Sí,EMRO,United Arab Emirates,ARE,96.0,100.0,100.0,100.0,100.0,True,,100.0,,,100.0,,,100.0,,,100.0,,,100.0,,80.0,,100.0,,,100.0,,,,87.0,,100.0,,100.0,,100.0,,80.0,100.0,100.0,,100.0,100.0,100.0,100.0,100.0,100.0,,100.0,60.0,100.0,100.0,100.0,100.0,80.0,80.0,100.0,100.0,100.0,100.0,100.0,80.0,100.0,100.0,100.0,100.0,100.0,100.0,100.0,100.0,100.0,100.0,100.0,100.0,100.0,100.0,100.0
2023,Post-COVID (2022-2025),Sí,EURO,Uzbekistan,UZB,62.0,65.0,60.0,80.0,56.0,True,,60.0,,,60.0,,,70.0,,,56.0,,,80.0,,50.0,,67.0,,,67.0,,,,33.0,,73.0,,73.0,,60.0,,40.0,60.0,60.0,,60.0,60.0,60.0,40.0,80.0,80.0,,40.0,60.0,60.0,80.0,60.0,60.0,40.0,20.0,40.0,60.0,80.0,80.0,60.0,40.0,60.0,80.0,60.0,60.0,60.0,60.0,60.0,80.0,80.0,80.0,60.0,60.0,60.0,80.0,80.0
2023,Post-COVID (2022-2025),Sí,WPRO,Viet Nam,VNM,54.0,45.0,53.0,60.0,60.0,True,,50.0,,,53.0,,,40.0,,,60.0,,,60.0,,50.0,,40.0,,,53.0,,,,53.0,,60.0,,67.0,,60.0,,20.0,60.0,40.0,,60.0,60.0,60.0,60.0,60.0,60.0,,60.0,40.0,20.0,60.0,60.0,40.0,60.0,60.0,40.0,60.0,60.0,80.0,60.0,20.0,40.0,20.0,40.0,60.0,60.0,80.0,60.0,40.0,60.0,60.0,60.0,80.0,80.0,60.0,60.0
2023,Post-COVID (2022-2025),Sí,EMRO,Yemen,YEM,28.0,30.0,20.0,40.0,36.0,True,,30.0,,,20.0,,,30.0,,,36.0,,,40.0,,30.0,,27.0,,,27.0,,,,27.0,,27.0,,20.0,,40.0,,20.0,40.0,20.0,,20.0,20.0,40.0,40.0,20.0,60.0,,40.0,20.0,20.0,20.0,20.0,40.0,40.0,20.0,20.0,20.0,20.0,20.0,40.0,20.0,20.0,20.0,40.0,60.0,20.0,20.0,40.0,20.0,40.0,20.0,20.0,20.0,20.0,20.0,20.0
2023,Post-COVID (2022-2025),Sí,EURO,Albania,ALB,95.0,100.0,100.0,100.0,92.0,True,,100.0,,,100.0,,,100.0,,,92.0,,,100.0,,90.0,,93.0,,,100.0,,,,80.0,,87.0,,100.0,,100.0,,100.0,100.0,100.0,,100.0,100.0,100.0,80.0,100.0,100.0,,80.0,100.0,100.0,100.0,100.0,100.0,80.0,80.0,80.0,100.0,100.0,100.0,100.0,100.0,100.0,100.0,100.0,100.0,80.0,100.0,80.0,100.0,80.0,80.0,100.0,80.0,80.0,100.0,100.0
2023,Post-COVID (2022-2025),No,EURO,Andorra,AND,,,,,,False,,,,,,,,,,,,,,,,,,,,,,,,,,,,,,,,,,,,,,,,,,,,,,,,,,,,,,,,,,,,,,,,,,,,,,,,
2023,Post-COVID (2022-2025),Sí,EURO,Austria,AUT,67.0,40.0,67.0,100.0,64.0,True,,40.0,,,67.0,,,40.0,,,64.0,,,100.0,,60.0,,53.0,,,73.0,,,,87.0,,60.0,,40.0,,100.0,,80.0,60.0,20.0,,80.0,80.0,0.0,80.0,100.0,100.0,,60.0,60.0,20.0,80.0,100.0,40.0,100.0,80.0,80.0,60.0,20.0,20.0,100.0,80.0,40.0,80.0,80.0,20.0,80.0,60.0,80.0,60.0,60.0,60.0,80.0,40.0,40.0,100.0,100.0
2023,Post-COVID (2022-2025),Sí,EURO,Belarus,BLR,96.0,80.0,100.0,100.0,100.0,True,,60.0,,,100.0,,,100.0,,,100.0,,,100.0,,100.0,,100.0,,,100.0,,,,87.0,,100.0,,100.0,,100.0,,100.0,100.0,20.0,,100.0,100.0,100.0,100.0,100.0,100.0,,100.0,100.0,100.0,100.0,100.0,100.0,80.0,80.0,100.0,100.0,100.0,100.0,100.0,100.0,100.0,100.0,100.0,100.0,100.0,100.0,100.0,100.0,100.0,100.0,100.0,100.0,100.0,100.0,100.0
2023,Post-COVID (2022-2025),Sí,EURO,Belgium,BEL,76.0,55.0,53.0,90.0,92.0,True,,40.0,,,53.0,,,70.0,,,92.0,,,90.0,,70.0,,80.0,,,87.0,,,,93.0,,87.0,,80.0,,60.0,,60.0,60.0,20.0,,60.0,80.0,60.0,80.0,100.0,80.0,,60.0,80.0,80.0,80.0,100.0,80.0,100.0,80.0,100.0,100.0,80.0,80.0,60.0,60.0,20.0,80.0,100.0,100.0,100.0,80.0,100.0,60.0,80.0,80.0,80.0,80.0,80.0,100.0,100.0
2023,Post-COVID (2022-2025),Sí,EURO,Bosnia and Herzegovina,BIH,34.0,40.0,33.0,40.0,48.0,True,,30.0,,,33.0,,,50.0,,,48.0,,,40.0,,20.0,,60.0,,,20.0,,,,27.0,,33.0,,7.0,,20.0,,40.0,40.0,20.0,,60.0,20.0,20.0,60.0,40.0,40.0,,20.0,20.0,20.0,20.0,0.0,40.0,20.0,40.0,20.0,20.0,20.0,0.0,20.0,40.0,20.0,80.0,40.0,60.0,60.0,20.0,80.0,80.0,60.0,20.0,0.0,40.0,40.0,40.0,40.0
2023,Post-COVID (2022-2025),Sí,EURO,Bulgaria,BGR,74.0,75.0,60.0,90.0,84.0,True,,80.0,,,60.0,,,70.0,,,84.0,,,90.0,,60.0,,73.0,,,73.0,,,,73.0,,67.0,,67.0,,80.0,,80.0,80.0,80.0,,40.0,80.0,60.0,80.0,80.0,100.0,,60.0,60.0,80.0,80.0,60.0,80.0,60.0,80.0,80.0,60.0,80.0,60.0,80.0,80.0,60.0,80.0,80.0,80.0,80.0,100.0,80.0,60.0,60.0,80.0,60.0,60.0,60.0,100.0,100.0
2023,Post-COVID (2022-2025),Sí,EURO,Croatia,HRV,76.0,50.0,80.0,90.0,80.0,True,,30.0,,,80.0,,,70.0,,,80.0,,,90.0,,70.0,,73.0,,,87.0,,,,73.0,,80.0,,93.0,,80.0,,80.0,40.0,20.0,,80.0,80.0,60.0,80.0,100.0,80.0,,80.0,60.0,60.0,80.0,100.0,80.0,60.0,80.0,80.0,80.0,100.0,100.0,80.0,80.0,80.0,80.0,80.0,80.0,80.0,80.0,80.0,80.0,80.0,80.0,80.0,80.0,80.0,80.0,80.0
2023,Post-COVID (2022-2025),Sí,EURO,Czech Republic,CZE,77.0,60.0,67.0,100.0,96.0,True,,50.0,,,67.0,,,70.0,,,96.0,,,100.0,,70.0,,87.0,,,93.0,,,,87.0,,60.0,,40.0,,80.0,,80.0,60.0,40.0,,40.0,80.0,60.0,100.0,100.0,100.0,,60.0,80.0,80.0,100.0,100.0,80.0,80.0,80.0,100.0,60.0,20.0,20.0,80.0,80.0,80.0,80.0,100.0,100.0,80.0,100.0,80.0,100.0,80.0,40.0,80.0,80.0,80.0,100.0,100.0
2023,Post-COVID (2022-2025),Sí,EURO,Denmark,DNK,97.0,85.0,100.0,100.0,100.0,True,,100.0,,,100.0,,,70.0,,,100.0,,,100.0,,100.0,,87.0,,,93.0,,,,100.0,,100.0,,100.0,,100.0,,100.0,100.0,100.0,,100.0,100.0,80.0,100.0,100.0,100.0,,100.0,100.0,80.0,100.0,100.0,80.0,100.0,100.0,100.0,100.0,100.0,100.0,100.0,100.0,100.0,60.0,100.0,100.0,100.0,100.0,80.0,100.0,100.0,100.0,100.0,100.0,100.0,100.0,100.0
2023,Post-COVID (2022-2025),Sí,EURO,Estonia,EST,72.0,75.0,73.0,80.0,60.0,True,,70.0,,,73.0,,,80.0,,,60.0,,,80.0,,80.0,,60.0,,,80.0,,,,53.0,,67.0,,60.0,,80.0,,80.0,80.0,60.0,,80.0,80.0,80.0,80.0,80.0,80.0,,80.0,80.0,20.0,80.0,80.0,80.0,60.0,40.0,60.0,60.0,60.0,60.0,80.0,80.0,60.0,80.0,40.0,40.0,80.0,60.0,100.0,60.0,80.0,60.0,60.0,80.0,80.0,80.0,80.0
2023,Post-COVID (2022-2025),Sí,EURO,Finland,FIN,84.0,95.0,80.0,80.0,92.0,True,,90.0,,,80.0,,,100.0,,,92.0,,,80.0,,60.0,,53.0,,,87.0,,,,93.0,,87.0,,73.0,,100.0,,100.0,80.0,100.0,,80.0,80.0,100.0,100.0,80.0,80.0,,60.0,60.0,20.0,80.0,100.0,80.0,100.0,80.0,100.0,80.0,80.0,80.0,100.0,100.0,80.0,100.0,60.0,100.0,100.0,100.0,60.0,80.0,100.0,80.0,60.0,60.0,60.0,100.0,100.0
2023,Post-COVID (2022-2025),Sí,EURO,France,FRA,86.0,60.0,100.0,100.0,92.0,True,,70.0,,,100.0,,,50.0,,,92.0,,,100.0,,80.0,,100.0,,,100.0,,,,80.0,,100.0,,60.0,,80.0,,80.0,100.0,40.0,,100.0,100.0,40.0,60.0,100.0,100.0,,80.0,80.0,100.0,100.0,100.0,100.0,80.0,80.0,80.0,100.0,60.0,40.0,80.0,80.0,100.0,60.0,100.0,100.0,100.0,100.0,100.0,100.0,100.0,100.0,80.0,100.0,100.0,100.0,100.0
2023,Post-COVID (2022-2025),Sí,EURO,Germany,DEU,85.0,95.0,100.0,100.0,88.0,True,,90.0,,,100.0,,,100.0,,,88.0,,,100.0,,80.0,,80.0,,,93.0,,,,93.0,,60.0,,73.0,,80.0,,80.0,100.0,80.0,,100.0,100.0,100.0,80.0,100.0,100.0,,80.0,80.0,80.0,100.0,100.0,80.0,80.0,100.0,100.0,60.0,60.0,60.0,80.0,80.0,100.0,100.0,100.0,100.0,80.0,80.0,80.0,80.0,60.0,60.0,100.0,80.0,80.0,80.0,80.0
2023,Post-COVID (2022-2025),Sí,EURO,Greece,GRC,60.0,50.0,47.0,80.0,80.0,True,,50.0,,,47.0,,,50.0,,,80.0,,,80.0,,40.0,,60.0,,,60.0,,,,60.0,,47.0,,47.0,,60.0,,60.0,60.0,40.0,,60.0,40.0,60.0,80.0,80.0,80.0,,60.0,20.0,60.0,60.0,60.0,60.0,60.0,60.0,60.0,40.0,60.0,60.0,60.0,60.0,40.0,40.0,80.0,80.0,80.0,80.0,80.0,40.0,40.0,60.0,20.0,60.0,60.0,100.0,100.0
2023,Post-COVID (2022-2025),Sí,EURO,Holy See,VAT,49.0,40.0,27.0,60.0,64.0,True,,40.0,,,27.0,,,40.0,,,64.0,,,60.0,,50.0,,60.0,,,53.0,,,,40.0,,47.0,,53.0,,40.0,,60.0,40.0,40.0,,40.0,40.0,40.0,80.0,60.0,60.0,,40.0,60.0,60.0,40.0,60.0,60.0,60.0,0.0,60.0,40.0,40.0,60.0,40.0,60.0,0.0,40.0,40.0,80.0,40.0,80.0,60.0,60.0,60.0,40.0,60.0,60.0,60.0,40.0,40.0
2023,Post-COVID (2022-2025),Sí,EURO,Hungary,HUN,71.0,50.0,73.0,80.0,80.0,True,,50.0,,,73.0,,,50.0,,,80.0,,,80.0,,30.0,,80.0,,,73.0,,,,87.0,,47.0,,53.0,,80.0,,80.0,80.0,20.0,,80.0,60.0,20.0,100.0,80.0,80.0,,40.0,20.0,80.0,80.0,60.0,80.0,80.0,80.0,100.0,60.0,60.0,40.0,80.0,80.0,80.0,80.0,60.0,80.0,80.0,80.0,80.0,80.0,60.0,20.0,60.0,100.0,100.0,100.0,100.0
2023,Post-COVID (2022-2025),Sí,EURO,Iceland,ISL,74.0,70.0,80.0,90.0,60.0,True,,60.0,,,80.0,,,80.0,,,60.0,,,90.0,,60.0,,87.0,,,67.0,,,,60.0,,60.0,,80.0,,80.0,,100.0,80.0,40.0,,80.0,80.0,60.0,20.0,100.0,80.0,,80.0,40.0,80.0,80.0,40.0,80.0,40.0,60.0,80.0,80.0,80.0,80.0,80.0,100.0,80.0,100.0,60.0,60.0,80.0,80.0,100.0,80.0,60.0,40.0,80.0,60.0,60.0,80.0,80.0
2023,Post-COVID (2022-2025),Sí,EURO,Ireland,IRL,70.0,55.0,80.0,80.0,64.0,True,,30.0,,,80.0,,,80.0,,,64.0,,,80.0,,80.0,,40.0,,,87.0,,,,80.0,,87.0,,67.0,,80.0,,80.0,40.0,20.0,,80.0,80.0,80.0,40.0,80.0,80.0,,80.0,80.0,60.0,80.0,100.0,80.0,80.0,80.0,80.0,80.0,60.0,60.0,80.0,80.0,80.0,80.0,60.0,80.0,60.0,80.0,20.0,40.0,100.0,80.0,80.0,60.0,60.0,60.0,60.0
2023,Post-COVID (2022-2025),Sí,EURO,Italy,ITA,71.0,50.0,67.0,80.0,88.0,True,,30.0,,,67.0,,,70.0,,,88.0,,,80.0,,40.0,,73.0,,,87.0,,,,53.0,,60.0,,73.0,,80.0,,100.0,20.0,40.0,,40.0,80.0,60.0,80.0,80.0,80.0,,60.0,20.0,60.0,80.0,100.0,80.0,20.0,40.0,100.0,60.0,80.0,60.0,80.0,100.0,80.0,80.0,80.0,80.0,100.0,100.0,80.0,80.0,60.0,60.0,80.0,80.0,80.0,80.0,80.0
2023,Post-COVID (2022-2025),Sí,EURO,Latvia,LVA,68.0,50.0,80.0,80.0,84.0,True,,50.0,,,80.0,,,50.0,,,84.0,,,80.0,,50.0,,87.0,,,80.0,,,,67.0,,53.0,,60.0,,80.0,,80.0,80.0,20.0,,80.0,80.0,40.0,60.0,80.0,80.0,,80.0,20.0,100.0,80.0,80.0,80.0,60.0,60.0,80.0,40.0,40.0,60.0,80.0,80.0,80.0,60.0,80.0,100.0,80.0,100.0,80.0,80.0,60.0,60.0,80.0,60.0,60.0,60.0,60.0
2023,Post-COVID (2022-2025),Sí,EURO,Liechtenstein,LIE,80.0,95.0,80.0,100.0,96.0,True,,90.0,,,80.0,,,100.0,,,96.0,,,100.0,,80.0,,87.0,,,87.0,,,,67.0,,80.0,,0.0,,80.0,,80.0,100.0,80.0,,80.0,80.0,100.0,80.0,100.0,100.0,,80.0,80.0,80.0,80.0,100.0,80.0,60.0,60.0,80.0,80.0,0.0,0.0,80.0,80.0,80.0,100.0,100.0,100.0,100.0,100.0,100.0,80.0,80.0,80.0,0.0,80.0,80.0,100.0,100.0
2023,Post-COVID (2022-2025),Sí,EURO,Lithuania,LTU,86.0,90.0,93.0,80.0,84.0,True,,100.0,,,93.0,,,80.0,,,84.0,,,80.0,,70.0,,100.0,,,87.0,,,,73.0,,80.0,,87.0,,80.0,,100.0,100.0,100.0,,100.0,100.0,80.0,80.0,80.0,80.0,,80.0,60.0,100.0,80.0,100.0,80.0,60.0,80.0,80.0,80.0,80.0,80.0,80.0,100.0,80.0,80.0,60.0,100.0,100.0,80.0,100.0,100.0,80.0,80.0,100.0,80.0,80.0,100.0,100.0
2023,Post-COVID (2022-2025),Sí,EURO,Luxembourg,LUX,67.0,45.0,40.0,60.0,96.0,True,,30.0,,,40.0,,,60.0,,,96.0,,,60.0,,80.0,,93.0,,,73.0,,,,67.0,,73.0,,67.0,,60.0,,80.0,40.0,20.0,,40.0,40.0,20.0,100.0,60.0,60.0,,80.0,80.0,100.0,80.0,80.0,60.0,60.0,40.0,100.0,60.0,60.0,60.0,60.0,80.0,40.0,100.0,100.0,100.0,100.0,80.0,100.0,80.0,80.0,80.0,80.0,60.0,60.0,60.0,60.0
2023,Post-COVID (2022-2025),Sí,EURO,Malta,MLT,69.0,75.0,73.0,80.0,80.0,True,,80.0,,,73.0,,,70.0,,,80.0,,,80.0,,80.0,,40.0,,,93.0,,,,93.0,,80.0,,67.0,,80.0,,60.0,60.0,100.0,,80.0,80.0,60.0,100.0,80.0,80.0,,60.0,100.0,20.0,100.0,100.0,80.0,100.0,100.0,80.0,80.0,80.0,40.0,80.0,60.0,60.0,80.0,60.0,60.0,100.0,80.0,20.0,80.0,80.0,80.0,80.0,20.0,20.0,40.0,40.0
2023,Post-COVID (2022-2025),Sí,EURO,Monaco,MCO,78.0,65.0,67.0,90.0,64.0,True,,30.0,,,67.0,,,100.0,,,64.0,,,90.0,,80.0,,100.0,,,93.0,,,,93.0,,87.0,,87.0,,80.0,,80.0,40.0,20.0,,80.0,100.0,100.0,80.0,80.0,100.0,,80.0,80.0,100.0,100.0,80.0,100.0,100.0,80.0,100.0,100.0,80.0,80.0,80.0,80.0,20.0,100.0,80.0,20.0,40.0,100.0,100.0,100.0,80.0,80.0,100.0,40.0,40.0,80.0,80.0
2023,Post-COVID (2022-2025),Sí,EURO,Montenegro,MNE,55.0,50.0,53.0,80.0,60.0,True,,60.0,,,53.0,,,40.0,,,60.0,,,80.0,,40.0,,53.0,,,67.0,,,,53.0,,60.0,,40.0,,80.0,,80.0,60.0,60.0,,40.0,60.0,40.0,80.0,80.0,80.0,,40.0,40.0,60.0,60.0,60.0,80.0,60.0,60.0,40.0,80.0,40.0,60.0,80.0,80.0,60.0,40.0,40.0,60.0,80.0,40.0,80.0,20.0,80.0,20.0,20.0,20.0,20.0,40.0,40.0
2023,Post-COVID (2022-2025),Sí,EURO,Netherlands (Kingdom of the),NLD,84.0,85.0,80.0,80.0,84.0,True,,80.0,,,80.0,,,90.0,,,84.0,,,80.0,,70.0,,73.0,,,80.0,,,,87.0,,80.0,,80.0,,100.0,,100.0,60.0,100.0,,80.0,80.0,80.0,80.0,80.0,80.0,,80.0,60.0,80.0,80.0,80.0,80.0,80.0,100.0,80.0,80.0,80.0,80.0,100.0,100.0,80.0,100.0,60.0,80.0,100.0,100.0,80.0,60.0,80.0,80.0,80.0,80.0,80.0,100.0,100.0
2023,Post-COVID (2022-2025),Sí,EURO,North Macedonia,MKD,68.0,65.0,80.0,80.0,72.0,True,,60.0,,,80.0,,,70.0,,,72.0,,,80.0,,50.0,,87.0,,,60.0,,,,60.0,,67.0,,100.0,,80.0,,80.0,80.0,40.0,,80.0,80.0,60.0,60.0,80.0,80.0,,60.0,40.0,80.0,80.0,60.0,40.0,40.0,60.0,80.0,60.0,100.0,100.0,80.0,80.0,80.0,80.0,60.0,80.0,80.0,80.0,100.0,80.0,60.0,80.0,100.0,40.0,40.0,40.0,40.0
2023,Post-COVID (2022-2025),Sí,EURO,Norway,NOR,96.0,100.0,100.0,100.0,92.0,True,,100.0,,,100.0,,,100.0,,,92.0,,,100.0,,100.0,,100.0,,,100.0,,,,87.0,,100.0,,80.0,,100.0,,100.0,100.0,100.0,,100.0,100.0,100.0,100.0,100.0,100.0,,100.0,100.0,100.0,100.0,100.0,100.0,80.0,80.0,100.0,100.0,80.0,80.0,100.0,100.0,100.0,100.0,60.0,100.0,100.0,100.0,100.0,100.0,100.0,100.0,80.0,80.0,80.0,100.0,100.0
2023,Post-COVID (2022-2025),Sí,EURO,Poland,POL,73.0,90.0,87.0,100.0,100.0,True,,90.0,,,87.0,,,90.0,,,100.0,,,100.0,,80.0,,80.0,,,0.0,,,,53.0,,0.0,,80.0,,100.0,,80.0,80.0,100.0,,100.0,80.0,100.0,100.0,100.0,100.0,,80.0,80.0,80.0,0.0,0.0,0.0,60.0,60.0,40.0,0.0,80.0,80.0,100.0,80.0,80.0,80.0,100.0,100.0,100.0,100.0,80.0,80.0,0.0,0.0,80.0,60.0,60.0,100.0,100.0
2023,Post-COVID (2022-2025),Sí,EURO,Portugal,PRT,83.0,80.0,87.0,80.0,88.0,True,,80.0,,,87.0,,,80.0,,,88.0,,,80.0,,80.0,,80.0,,,93.0,,,,100.0,,93.0,,87.0,,80.0,,80.0,100.0,60.0,,80.0,100.0,80.0,80.0,80.0,80.0,,80.0,80.0,80.0,100.0,100.0,80.0,100.0,100.0,100.0,100.0,80.0,80.0,80.0,80.0,80.0,80.0,100.0,80.0,100.0,80.0,80.0,80.0,80.0,100.0,100.0,100.0,100.0,40.0,40.0
2023,Post-COVID (2022-2025),Sí,EURO,Republic of Moldova,MDA,62.0,60.0,73.0,80.0,56.0,True,,50.0,,,73.0,,,70.0,,,56.0,,,80.0,,30.0,,80.0,,,80.0,,,,60.0,,60.0,,73.0,,60.0,,60.0,60.0,40.0,,80.0,60.0,60.0,60.0,80.0,80.0,,40.0,20.0,80.0,80.0,80.0,80.0,60.0,60.0,60.0,60.0,60.0,80.0,60.0,60.0,80.0,80.0,60.0,60.0,60.0,40.0,80.0,80.0,60.0,60.0,80.0,40.0,40.0,60.0,60.0
2023,Post-COVID (2022-2025),Sí,EURO,Romania,ROU,61.0,55.0,60.0,80.0,92.0,True,,50.0,,,60.0,,,60.0,,,92.0,,,80.0,,60.0,,67.0,,,67.0,,,,40.0,,47.0,,53.0,,40.0,,60.0,80.0,20.0,,60.0,80.0,60.0,80.0,80.0,80.0,,60.0,60.0,60.0,80.0,60.0,60.0,40.0,40.0,40.0,60.0,40.0,40.0,40.0,60.0,40.0,60.0,100.0,100.0,80.0,100.0,80.0,60.0,60.0,20.0,80.0,40.0,40.0,100.0,100.0
2023,Post-COVID (2022-2025),Sí,EURO,Russian Federation,RUS,100.0,100.0,100.0,100.0,100.0,True,,100.0,,,100.0,,,100.0,,,100.0,,,100.0,,100.0,,100.0,,,100.0,,,,100.0,,100.0,,100.0,,100.0,,100.0,100.0,100.0,,100.0,100.0,100.0,100.0,100.0,100.0,,100.0,100.0,100.0,100.0,100.0,100.0,100.0,100.0,100.0,100.0,100.0,100.0,100.0,100.0,100.0,100.0,100.0,100.0,100.0,100.0,100.0,100.0,100.0,100.0,100.0,100.0,100.0,100.0,100.0
2023,Post-COVID (2022-2025),Sí,EURO,San Marino,SMR,29.0,20.0,33.0,20.0,60.0,True,,20.0,,,33.0,,,20.0,,,60.0,,,20.0,,40.0,,20.0,,,53.0,,,,27.0,,27.0,,0.0,,60.0,,20.0,20.0,20.0,,20.0,40.0,20.0,80.0,20.0,20.0,,60.0,20.0,20.0,20.0,100.0,40.0,20.0,20.0,40.0,20.0,0.0,0.0,60.0,20.0,40.0,20.0,20.0,80.0,100.0,20.0,20.0,20.0,40.0,20.0,0.0,20.0,20.0,20.0,20.0
2023,Post-COVID (2022-2025),Sí,EURO,Serbia,SRB,73.0,85.0,93.0,100.0,48.0,True,,80.0,,,93.0,,,90.0,,,48.0,,,100.0,,50.0,,67.0,,,73.0,,,,67.0,,20.0,,80.0,,80.0,,80.0,80.0,80.0,,100.0,100.0,80.0,80.0,100.0,100.0,,80.0,20.0,40.0,40.0,100.0,80.0,40.0,80.0,80.0,20.0,100.0,40.0,80.0,80.0,80.0,100.0,40.0,20.0,80.0,20.0,80.0,80.0,20.0,20.0,100.0,100.0,100.0,60.0,60.0
2023,Post-COVID (2022-2025),Sí,EURO,Slovakia,SVK,50.0,45.0,40.0,80.0,68.0,True,,50.0,,,40.0,,,40.0,,,68.0,,,80.0,,40.0,,40.0,,,60.0,,,,60.0,,40.0,,33.0,,20.0,,40.0,80.0,20.0,,40.0,60.0,20.0,60.0,80.0,80.0,,40.0,40.0,40.0,60.0,80.0,40.0,60.0,60.0,60.0,60.0,40.0,40.0,20.0,40.0,20.0,60.0,40.0,80.0,80.0,80.0,40.0,40.0,40.0,20.0,20.0,60.0,60.0,80.0,80.0
2023,Post-COVID (2022-2025),Sí,EURO,Slovenia,SVN,81.0,65.0,67.0,90.0,92.0,True,,60.0,,,67.0,,,70.0,,,92.0,,,90.0,,70.0,,73.0,,,93.0,,,,93.0,,73.0,,93.0,,80.0,,100.0,80.0,40.0,,80.0,80.0,60.0,100.0,80.0,100.0,,60.0,80.0,60.0,100.0,100.0,80.0,80.0,100.0,100.0,60.0,100.0,100.0,80.0,100.0,40.0,80.0,80.0,100.0,100.0,80.0,80.0,80.0,80.0,80.0,80.0,80.0,80.0,80.0,80.0
2023,Post-COVID (2022-2025),Sí,EURO,Spain,ESP,81.0,70.0,93.0,90.0,92.0,True,,50.0,,,93.0,,,90.0,,,92.0,,,90.0,,60.0,,80.0,,,93.0,,,,73.0,,73.0,,80.0,,80.0,,80.0,80.0,20.0,,100.0,100.0,80.0,100.0,80.0,100.0,,100.0,20.0,60.0,100.0,100.0,80.0,80.0,60.0,80.0,60.0,80.0,80.0,80.0,80.0,80.0,100.0,80.0,80.0,100.0,100.0,100.0,80.0,80.0,80.0,80.0,100.0,100.0,80.0,80.0
2023,Post-COVID (2022-2025),Sí,EURO,Sweden,SWE,88.0,85.0,87.0,80.0,84.0,True,,80.0,,,87.0,,,90.0,,,84.0,,,80.0,,80.0,,80.0,,,87.0,,,,80.0,,80.0,,93.0,,100.0,,100.0,80.0,80.0,,100.0,80.0,80.0,80.0,80.0,80.0,,80.0,80.0,80.0,80.0,100.0,80.0,80.0,80.0,80.0,80.0,100.0,100.0,100.0,100.0,80.0,100.0,80.0,80.0,100.0,80.0,80.0,80.0,80.0,80.0,80.0,100.0,100.0,100.0,100.0
2023,Post-COVID (2022-2025),Sí,EURO,Switzerland,CHE,91.0,100.0,100.0,80.0,100.0,True,,100.0,,,100.0,,,100.0,,,100.0,,,80.0,,80.0,,73.0,,,87.0,,,,87.0,,100.0,,100.0,,80.0,,80.0,100.0,100.0,,100.0,100.0,100.0,100.0,80.0,80.0,,100.0,60.0,60.0,80.0,100.0,80.0,80.0,80.0,100.0,100.0,100.0,100.0,80.0,80.0,100.0,100.0,100.0,100.0,100.0,100.0,80.0,80.0,100.0,100.0,100.0,100.0,100.0,100.0,100.0
2023,Post-COVID (2022-2025),Sí,EURO,Ukraine,UKR,75.0,65.0,73.0,80.0,80.0,True,,60.0,,,73.0,,,70.0,,,80.0,,,80.0,,80.0,,80.0,,,87.0,,,,60.0,,100.0,,53.0,,60.0,,80.0,80.0,40.0,,80.0,40.0,60.0,80.0,80.0,80.0,,80.0,80.0,80.0,100.0,60.0,100.0,60.0,60.0,60.0,100.0,20.0,60.0,60.0,80.0,100.0,80.0,60.0,80.0,80.0,100.0,80.0,80.0,100.0,100.0,80.0,80.0,80.0,80.0,80.0
2023,Post-COVID (2022-2025),Sí,EURO,United Kingdom of Great Britain and Northern Ireland,GBR,95.0,90.0,87.0,100.0,100.0,True,,80.0,,,87.0,,,100.0,,,100.0,,,100.0,,90.0,,100.0,,,100.0,,,,100.0,,100.0,,67.0,,100.0,,100.0,80.0,80.0,,100.0,80.0,100.0,100.0,100.0,100.0,,100.0,80.0,100.0,100.0,100.0,100.0,100.0,100.0,100.0,100.0,60.0,60.0,100.0,100.0,80.0,100.0,100.0,100.0,100.0,100.0,100.0,100.0,100.0,100.0,80.0,100.0,100.0,100.0,100.0
2024,Post-COVID (2022-2025),Sí,AFRO,Algeria,DZA,80.0,80.0,67.0,100.0,72.0,True,,70.0,,,67.0,,,90.0,,,72.0,,,100.0,,80.0,,87.0,,,93.0,,,,73.0,,87.0,,80.0,,80.0,,80.0,60.0,80.0,,60.0,80.0,80.0,80.0,100.0,100.0,,80.0,80.0,80.0,100.0,100.0,80.0,80.0,60.0,80.0,80.0,80.0,80.0,80.0,80.0,60.0,100.0,40.0,60.0,100.0,80.0,80.0,100.0,80.0,100.0,80.0,80.0,80.0,60.0,60.0
2024,Post-COVID (2022-2025),Sí,AFRO,Angola,AGO,52.0,50.0,93.0,80.0,56.0,True,,40.0,,,93.0,,,60.0,,,56.0,,,80.0,,60.0,,47.0,,,47.0,,,,27.0,,67.0,,47.0,,40.0,,40.0,60.0,20.0,,80.0,100.0,60.0,60.0,80.0,80.0,,40.0,80.0,40.0,80.0,20.0,40.0,40.0,20.0,20.0,60.0,40.0,40.0,40.0,40.0,100.0,60.0,40.0,60.0,60.0,60.0,40.0,60.0,60.0,80.0,60.0,40.0,40.0,40.0,40.0
2024,Post-COVID (2022-2025),Sí,AFRO,Benin,BEN,42.0,40.0,40.0,50.0,36.0,True,,30.0,,,40.0,,,50.0,,,36.0,,,50.0,,30.0,,73.0,,,47.0,,,,33.0,,47.0,,20.0,,60.0,,60.0,20.0,40.0,,20.0,40.0,60.0,40.0,40.0,60.0,,40.0,20.0,60.0,80.0,20.0,40.0,40.0,20.0,40.0,60.0,20.0,20.0,60.0,60.0,60.0,40.0,40.0,40.0,40.0,20.0,80.0,80.0,40.0,40.0,20.0,20.0,20.0,40.0,40.0
2024,Post-COVID (2022-2025),Sí,AFRO,Botswana,BWA,45.0,40.0,53.0,60.0,64.0,True,,40.0,,,53.0,,,40.0,,,64.0,,,60.0,,50.0,,40.0,,,47.0,,,,33.0,,80.0,,47.0,,20.0,,20.0,60.0,20.0,,40.0,60.0,20.0,60.0,60.0,60.0,,80.0,20.0,80.0,20.0,80.0,40.0,40.0,20.0,40.0,80.0,40.0,60.0,20.0,20.0,60.0,60.0,40.0,80.0,80.0,60.0,20.0,20.0,80.0,80.0,40.0,20.0,20.0,60.0,60.0
2024,Post-COVID (2022-2025),Sí,AFRO,Burkina Faso,BFA,37.0,40.0,47.0,50.0,52.0,True,,30.0,,,47.0,,,50.0,,,52.0,,,50.0,,30.0,,53.0,,,27.0,,,,33.0,,27.0,,20.0,,40.0,,40.0,20.0,40.0,,40.0,40.0,60.0,40.0,60.0,40.0,,40.0,20.0,40.0,20.0,40.0,20.0,40.0,20.0,40.0,20.0,20.0,20.0,40.0,40.0,60.0,40.0,40.0,60.0,60.0,60.0,60.0,60.0,40.0,20.0,20.0,20.0,20.0,40.0,40.0
2024,Post-COVID (2022-2025),Sí,AFRO,Burundi,BDI,35.0,40.0,33.0,80.0,40.0,True,,40.0,,,33.0,,,40.0,,,40.0,,,80.0,,30.0,,40.0,,,47.0,,,,40.0,,33.0,,20.0,,20.0,,20.0,60.0,20.0,,20.0,20.0,40.0,40.0,80.0,80.0,,40.0,20.0,20.0,80.0,40.0,20.0,20.0,20.0,80.0,40.0,20.0,20.0,20.0,20.0,60.0,40.0,20.0,40.0,80.0,20.0,80.0,20.0,40.0,20.0,20.0,20.0,20.0,20.0,20.0
2024,Post-COVID (2022-2025),Sí,AFRO,Cabo Verde,CPV,60.0,80.0,60.0,80.0,56.0,True,,90.0,,,60.0,,,70.0,,,56.0,,,80.0,,50.0,,67.0,,,80.0,,,,53.0,,80.0,,73.0,,60.0,,40.0,100.0,80.0,,40.0,80.0,60.0,40.0,80.0,80.0,,40.0,60.0,60.0,80.0,80.0,80.0,60.0,40.0,60.0,80.0,60.0,80.0,60.0,40.0,60.0,80.0,80.0,40.0,60.0,60.0,60.0,80.0,80.0,80.0,80.0,20.0,20.0,20.0,20.0
2024,Post-COVID (2022-2025),Sí,AFRO,Cameroon,CMR,44.0,35.0,53.0,60.0,72.0,True,,20.0,,,53.0,,,50.0,,,72.0,,,60.0,,30.0,,60.0,,,53.0,,,,27.0,,47.0,,33.0,,60.0,,40.0,20.0,20.0,,60.0,40.0,40.0,60.0,60.0,60.0,,40.0,20.0,60.0,80.0,40.0,40.0,40.0,20.0,20.0,60.0,40.0,40.0,60.0,40.0,60.0,60.0,60.0,80.0,80.0,80.0,80.0,40.0,40.0,40.0,20.0,20.0,20.0,40.0,40.0
2024,Post-COVID (2022-2025),Sí,AFRO,Central African Republic,CAF,34.0,30.0,47.0,60.0,36.0,True,,20.0,,,47.0,,,40.0,,,36.0,,,60.0,,20.0,,47.0,,,60.0,,,,20.0,,33.0,,20.0,,40.0,,20.0,20.0,20.0,,40.0,40.0,40.0,20.0,60.0,60.0,,20.0,20.0,40.0,60.0,60.0,60.0,20.0,20.0,20.0,20.0,20.0,20.0,40.0,20.0,60.0,40.0,20.0,20.0,60.0,60.0,60.0,40.0,20.0,60.0,20.0,20.0,20.0,20.0,20.0
2024,Post-COVID (2022-2025),Sí,AFRO,Chad,TCD,36.0,30.0,27.0,70.0,48.0,True,,20.0,,,27.0,,,40.0,,,48.0,,,70.0,,40.0,,47.0,,,33.0,,,,33.0,,20.0,,27.0,,40.0,,20.0,20.0,20.0,,20.0,20.0,40.0,60.0,80.0,60.0,,60.0,20.0,40.0,60.0,20.0,20.0,60.0,20.0,20.0,20.0,40.0,20.0,40.0,20.0,40.0,40.0,20.0,40.0,60.0,60.0,80.0,20.0,20.0,20.0,20.0,40.0,40.0,40.0,40.0
2024,Post-COVID (2022-2025),Sí,AFRO,Comoros,COM,50.0,45.0,40.0,70.0,60.0,True,,40.0,,,40.0,,,50.0,,,60.0,,,70.0,,40.0,,40.0,,,80.0,,,,67.0,,80.0,,20.0,,60.0,,40.0,40.0,40.0,,40.0,40.0,40.0,80.0,80.0,60.0,,60.0,20.0,80.0,80.0,80.0,80.0,100.0,40.0,60.0,80.0,20.0,20.0,60.0,40.0,40.0,60.0,40.0,60.0,60.0,60.0,20.0,20.0,80.0,80.0,20.0,20.0,20.0,40.0,40.0
2024,Post-COVID (2022-2025),Sí,AFRO,Congo,COG,34.0,30.0,47.0,80.0,32.0,True,,30.0,,,47.0,,,30.0,,,32.0,,,80.0,,30.0,,33.0,,,40.0,,,,33.0,,20.0,,33.0,,40.0,,20.0,20.0,40.0,,40.0,60.0,40.0,40.0,80.0,80.0,,40.0,20.0,20.0,60.0,20.0,40.0,40.0,40.0,20.0,20.0,40.0,40.0,40.0,20.0,40.0,20.0,20.0,20.0,60.0,20.0,60.0,20.0,20.0,20.0,20.0,20.0,20.0,20.0,20.0
2024,Post-COVID (2022-2025),Sí,AFRO,Côte d'Ivoire,CIV,47.0,35.0,40.0,70.0,40.0,True,,30.0,,,40.0,,,40.0,,,40.0,,,70.0,,50.0,,60.0,,,53.0,,,,40.0,,60.0,,47.0,,60.0,,40.0,20.0,40.0,,40.0,40.0,40.0,80.0,80.0,60.0,,80.0,20.0,20.0,80.0,60.0,20.0,60.0,20.0,40.0,60.0,40.0,40.0,60.0,40.0,40.0,40.0,20.0,20.0,60.0,20.0,80.0,80.0,60.0,60.0,60.0,40.0,40.0,40.0,40.0
2024,Post-COVID (2022-2025),Sí,AFRO,Democratic Republic of the Congo,COD,37.0,45.0,33.0,60.0,52.0,True,,40.0,,,33.0,,,50.0,,,52.0,,,60.0,,40.0,,47.0,,,27.0,,,,33.0,,40.0,,40.0,,20.0,,20.0,40.0,40.0,,20.0,20.0,60.0,40.0,60.0,60.0,,40.0,40.0,60.0,40.0,20.0,20.0,40.0,20.0,40.0,20.0,40.0,40.0,20.0,20.0,60.0,40.0,40.0,60.0,60.0,60.0,60.0,20.0,40.0,60.0,40.0,20.0,20.0,40.0,40.0
2024,Post-COVID (2022-2025),Sí,EMRO,Djibouti,DJI,30.0,25.0,27.0,50.0,32.0,True,,30.0,,,27.0,,,20.0,,,32.0,,,50.0,,40.0,,20.0,,,47.0,,,,20.0,,20.0,,27.0,,40.0,,40.0,40.0,20.0,,40.0,20.0,20.0,60.0,80.0,20.0,,60.0,20.0,20.0,20.0,80.0,40.0,20.0,20.0,20.0,20.0,40.0,20.0,40.0,40.0,20.0,20.0,20.0,20.0,40.0,20.0,20.0,20.0,20.0,20.0,20.0,20.0,20.0,20.0,20.0
2024,Post-COVID (2022-2025),Sí,EMRO,Egypt,EGY,90.0,95.0,87.0,100.0,80.0,True,,90.0,,,87.0,,,100.0,,,80.0,,,100.0,,100.0,,100.0,,,100.0,,,,80.0,,80.0,,100.0,,80.0,,80.0,80.0,100.0,,80.0,100.0,100.0,60.0,100.0,100.0,,100.0,100.0,100.0,100.0,100.0,100.0,100.0,60.0,80.0,80.0,100.0,100.0,80.0,80.0,80.0,100.0,80.0,80.0,80.0,100.0,100.0,100.0,80.0,80.0,100.0,100.0,100.0,80.0,80.0
2024,Post-COVID (2022-2025),Sí,AFRO,Equatorial Guinea,GNQ,49.0,40.0,47.0,80.0,60.0,True,,20.0,,,47.0,,,60.0,,,60.0,,,80.0,,50.0,,60.0,,,80.0,,,,40.0,,53.0,,47.0,,60.0,,40.0,20.0,20.0,,20.0,60.0,40.0,80.0,80.0,80.0,,60.0,40.0,80.0,80.0,80.0,80.0,40.0,40.0,40.0,40.0,60.0,20.0,60.0,40.0,60.0,80.0,40.0,60.0,60.0,60.0,40.0,60.0,60.0,60.0,60.0,20.0,20.0,20.0,20.0
2024,Post-COVID (2022-2025),Sí,AFRO,Eritrea,ERI,60.0,50.0,67.0,80.0,72.0,True,,40.0,,,67.0,,,60.0,,,72.0,,,80.0,,80.0,,60.0,,,80.0,,,,40.0,,80.0,,60.0,,80.0,,40.0,40.0,40.0,,60.0,60.0,60.0,80.0,80.0,80.0,,80.0,80.0,40.0,80.0,80.0,80.0,60.0,20.0,40.0,80.0,80.0,40.0,80.0,40.0,80.0,60.0,60.0,80.0,60.0,80.0,60.0,80.0,80.0,80.0,60.0,40.0,40.0,20.0,20.0
2024,Post-COVID (2022-2025),Sí,AFRO,Eswatini,SWZ,43.0,40.0,40.0,60.0,48.0,True,,40.0,,,40.0,,,40.0,,,48.0,,,60.0,,40.0,,73.0,,,33.0,,,,40.0,,27.0,,80.0,,20.0,,20.0,20.0,60.0,,40.0,40.0,40.0,60.0,60.0,60.0,,60.0,20.0,80.0,20.0,40.0,40.0,40.0,40.0,40.0,20.0,80.0,80.0,20.0,20.0,40.0,40.0,20.0,20.0,60.0,80.0,80.0,60.0,20.0,40.0,80.0,40.0,40.0,40.0,40.0
2024,Post-COVID (2022-2025),Sí,AFRO,Ethiopia,ETH,69.0,75.0,80.0,80.0,80.0,True,,80.0,,,80.0,,,70.0,,,80.0,,,80.0,,60.0,,73.0,,,67.0,,,,53.0,,80.0,,67.0,,80.0,,40.0,80.0,80.0,,80.0,80.0,60.0,80.0,80.0,80.0,,60.0,60.0,80.0,80.0,40.0,80.0,60.0,40.0,60.0,80.0,60.0,60.0,80.0,40.0,80.0,80.0,80.0,80.0,80.0,80.0,80.0,60.0,80.0,80.0,80.0,60.0,60.0,60.0,60.0
2024,Post-COVID (2022-2025),Sí,AFRO,Gabon,GAB,49.0,30.0,53.0,90.0,48.0,True,,20.0,,,53.0,,,40.0,,,48.0,,,90.0,,50.0,,73.0,,,73.0,,,,40.0,,20.0,,47.0,,60.0,,20.0,20.0,20.0,,40.0,80.0,40.0,40.0,100.0,80.0,,80.0,20.0,60.0,80.0,80.0,60.0,40.0,40.0,40.0,20.0,60.0,20.0,60.0,20.0,40.0,40.0,20.0,20.0,100.0,60.0,80.0,80.0,20.0,20.0,60.0,40.0,40.0,60.0,60.0
2024,Post-COVID (2022-2025),Sí,AFRO,Gambia,GMB,27.0,30.0,20.0,50.0,32.0,True,,40.0,,,20.0,,,20.0,,,32.0,,,50.0,,30.0,,27.0,,,27.0,,,,20.0,,33.0,,27.0,,20.0,,20.0,40.0,40.0,,20.0,20.0,20.0,60.0,40.0,60.0,,40.0,20.0,20.0,20.0,20.0,40.0,20.0,20.0,20.0,20.0,40.0,20.0,20.0,20.0,20.0,20.0,20.0,20.0,40.0,20.0,40.0,20.0,20.0,60.0,20.0,20.0,20.0,20.0,20.0
2024,Post-COVID (2022-2025),Sí,AFRO,Ghana,GHA,52.0,35.0,67.0,80.0,68.0,True,,20.0,,,67.0,,,50.0,,,68.0,,,80.0,,40.0,,40.0,,,53.0,,,,40.0,,60.0,,47.0,,60.0,,80.0,20.0,20.0,,80.0,60.0,60.0,80.0,80.0,80.0,,60.0,20.0,20.0,60.0,60.0,40.0,40.0,40.0,40.0,80.0,60.0,40.0,60.0,80.0,60.0,40.0,60.0,40.0,80.0,80.0,80.0,20.0,60.0,40.0,40.0,40.0,40.0,40.0,40.0
2024,Post-COVID (2022-2025),Sí,AFRO,Guinea,GIN,55.0,50.0,73.0,80.0,56.0,True,,40.0,,,73.0,,,60.0,,,56.0,,,80.0,,50.0,,67.0,,,73.0,,,,40.0,,80.0,,53.0,,80.0,,40.0,60.0,20.0,,60.0,80.0,60.0,80.0,80.0,80.0,,60.0,40.0,40.0,80.0,60.0,80.0,60.0,20.0,40.0,80.0,60.0,60.0,80.0,40.0,80.0,60.0,40.0,40.0,60.0,60.0,80.0,80.0,80.0,80.0,40.0,20.0,20.0,20.0,20.0
2024,Post-COVID (2022-2025),Sí,AFRO,Guinea-Bissau,GNB,50.0,30.0,60.0,100.0,60.0,True,,30.0,,,60.0,,,30.0,,,60.0,,,100.0,,30.0,,47.0,,,67.0,,,,33.0,,80.0,,53.0,,80.0,,40.0,40.0,20.0,,40.0,60.0,40.0,80.0,100.0,100.0,,40.0,20.0,20.0,80.0,80.0,40.0,40.0,20.0,40.0,80.0,100.0,20.0,80.0,40.0,80.0,20.0,80.0,20.0,60.0,60.0,80.0,40.0,80.0,80.0,40.0,20.0,20.0,20.0,20.0
2024,Post-COVID (2022-2025),Sí,AFRO,Kenya,KEN,57.0,35.0,67.0,80.0,64.0,True,,20.0,,,67.0,,,50.0,,,64.0,,,80.0,,40.0,,67.0,,,67.0,,,,40.0,,67.0,,60.0,,80.0,,40.0,20.0,20.0,,40.0,80.0,60.0,40.0,80.0,80.0,,60.0,20.0,60.0,80.0,40.0,80.0,40.0,40.0,40.0,80.0,80.0,80.0,80.0,40.0,80.0,40.0,40.0,80.0,80.0,80.0,100.0,40.0,60.0,60.0,20.0,40.0,40.0,80.0,80.0
2024,Post-COVID (2022-2025),Sí,AFRO,Lesotho,LSO,42.0,35.0,33.0,60.0,44.0,True,,20.0,,,33.0,,,50.0,,,44.0,,,60.0,,30.0,,60.0,,,47.0,,,,40.0,,20.0,,80.0,,40.0,,60.0,20.0,20.0,,20.0,20.0,40.0,60.0,80.0,40.0,,40.0,20.0,60.0,80.0,20.0,40.0,80.0,20.0,20.0,20.0,80.0,80.0,40.0,60.0,60.0,60.0,20.0,20.0,60.0,60.0,80.0,40.0,20.0,20.0,80.0,20.0,20.0,20.0,20.0
2024,Post-COVID (2022-2025),Sí,AFRO,Liberia,LBR,48.0,35.0,53.0,50.0,52.0,True,,30.0,,,53.0,,,40.0,,,52.0,,,50.0,,40.0,,60.0,,,60.0,,,,40.0,,53.0,,47.0,,60.0,,40.0,40.0,20.0,,60.0,60.0,40.0,40.0,40.0,60.0,,60.0,20.0,60.0,60.0,40.0,80.0,60.0,20.0,40.0,60.0,60.0,60.0,60.0,40.0,40.0,40.0,60.0,40.0,80.0,40.0,80.0,40.0,40.0,60.0,20.0,60.0,60.0,40.0,40.0
2024,Post-COVID (2022-2025),Sí,EMRO,Libya,LBY,38.0,40.0,60.0,50.0,56.0,True,,20.0,,,60.0,,,60.0,,,56.0,,,50.0,,30.0,,20.0,,,53.0,,,,27.0,,27.0,,33.0,,40.0,,40.0,20.0,20.0,,60.0,60.0,60.0,80.0,40.0,60.0,,40.0,20.0,20.0,40.0,60.0,60.0,20.0,20.0,40.0,20.0,40.0,20.0,40.0,40.0,60.0,60.0,20.0,20.0,80.0,80.0,20.0,20.0,40.0,20.0,40.0,20.0,20.0,40.0,40.0
2024,Post-COVID (2022-2025),Sí,AFRO,Madagascar,MDG,59.0,50.0,53.0,80.0,56.0,True,,40.0,,,53.0,,,60.0,,,56.0,,,80.0,,30.0,,53.0,,,67.0,,,,47.0,,80.0,,73.0,,60.0,,60.0,40.0,40.0,,40.0,60.0,60.0,60.0,80.0,80.0,,40.0,20.0,40.0,80.0,40.0,80.0,40.0,60.0,40.0,80.0,80.0,60.0,60.0,60.0,60.0,60.0,40.0,40.0,80.0,60.0,80.0,40.0,80.0,80.0,80.0,60.0,60.0,60.0,60.0
2024,Post-COVID (2022-2025),Sí,AFRO,Malawi,MWI,58.0,50.0,40.0,80.0,56.0,True,,50.0,,,40.0,,,50.0,,,56.0,,,80.0,,40.0,,87.0,,,47.0,,,,53.0,,80.0,,80.0,,60.0,,60.0,60.0,40.0,,40.0,40.0,60.0,60.0,80.0,80.0,,60.0,20.0,80.0,80.0,20.0,40.0,60.0,40.0,60.0,80.0,80.0,80.0,60.0,60.0,40.0,40.0,40.0,40.0,80.0,60.0,100.0,80.0,80.0,80.0,80.0,40.0,40.0,40.0,40.0
2024,Post-COVID (2022-2025),Sí,AFRO,Mali,MLI,46.0,35.0,47.0,80.0,64.0,True,,20.0,,,47.0,,,50.0,,,64.0,,,80.0,,30.0,,60.0,,,47.0,,,,53.0,,67.0,,27.0,,60.0,,40.0,20.0,20.0,,40.0,40.0,40.0,60.0,80.0,80.0,,40.0,20.0,60.0,80.0,20.0,40.0,40.0,60.0,60.0,60.0,40.0,20.0,60.0,40.0,60.0,60.0,40.0,60.0,80.0,80.0,60.0,60.0,80.0,60.0,20.0,20.0,20.0,20.0,20.0
2024,Post-COVID (2022-2025),Sí,AFRO,Mauritania,MRT,29.0,25.0,27.0,40.0,36.0,True,,20.0,,,27.0,,,30.0,,,36.0,,,40.0,,20.0,,27.0,,,20.0,,,,33.0,,20.0,,27.0,,60.0,,40.0,20.0,20.0,,40.0,20.0,20.0,40.0,20.0,60.0,,20.0,20.0,20.0,20.0,20.0,20.0,20.0,40.0,40.0,20.0,40.0,20.0,60.0,40.0,20.0,40.0,20.0,40.0,60.0,20.0,40.0,20.0,20.0,20.0,20.0,20.0,20.0,20.0,20.0
2024,Post-COVID (2022-2025),Sí,AFRO,Mauritius,MUS,46.0,50.0,53.0,60.0,56.0,True,,20.0,,,53.0,,,80.0,,,56.0,,,60.0,,20.0,,47.0,,,73.0,,,,47.0,,27.0,,60.0,,20.0,,40.0,20.0,20.0,,40.0,80.0,80.0,80.0,80.0,40.0,,20.0,20.0,20.0,60.0,80.0,80.0,60.0,40.0,40.0,20.0,60.0,40.0,20.0,40.0,40.0,80.0,20.0,20.0,80.0,80.0,40.0,80.0,40.0,20.0,80.0,40.0,40.0,40.0,40.0
2024,Post-COVID (2022-2025),Sí,EMRO,Morocco,MAR,75.0,70.0,60.0,80.0,84.0,True,,60.0,,,60.0,,,80.0,,,84.0,,,80.0,,70.0,,73.0,,,80.0,,,,53.0,,87.0,,73.0,,80.0,,80.0,60.0,60.0,,40.0,80.0,60.0,80.0,80.0,80.0,,60.0,80.0,60.0,100.0,40.0,100.0,60.0,20.0,80.0,100.0,80.0,60.0,80.0,80.0,60.0,100.0,60.0,80.0,100.0,100.0,80.0,80.0,80.0,80.0,80.0,80.0,80.0,80.0,80.0
2024,Post-COVID (2022-2025),Sí,AFRO,Mozambique,MOZ,53.0,45.0,67.0,90.0,56.0,True,,60.0,,,67.0,,,30.0,,,56.0,,,90.0,,70.0,,73.0,,,73.0,,,,40.0,,47.0,,53.0,,40.0,,40.0,80.0,40.0,,40.0,80.0,40.0,60.0,80.0,100.0,,80.0,60.0,80.0,80.0,80.0,60.0,40.0,20.0,60.0,40.0,60.0,40.0,40.0,40.0,80.0,20.0,60.0,60.0,40.0,60.0,60.0,80.0,60.0,40.0,60.0,40.0,40.0,20.0,20.0
2024,Post-COVID (2022-2025),Sí,AFRO,Namibia,NAM,64.0,40.0,53.0,80.0,80.0,True,,20.0,,,53.0,,,60.0,,,80.0,,,80.0,,40.0,,73.0,,,60.0,,,,67.0,,73.0,,87.0,,60.0,,60.0,20.0,20.0,,80.0,40.0,60.0,80.0,80.0,80.0,,60.0,20.0,60.0,80.0,40.0,60.0,80.0,60.0,60.0,60.0,80.0,80.0,60.0,60.0,40.0,60.0,40.0,100.0,80.0,100.0,80.0,80.0,80.0,80.0,100.0,80.0,80.0,60.0,60.0
2024,Post-COVID (2022-2025),Sí,AFRO,Niger,NER,55.0,45.0,73.0,80.0,76.0,True,,30.0,,,73.0,,,60.0,,,76.0,,,80.0,,80.0,,47.0,,,67.0,,,,53.0,,73.0,,33.0,,60.0,,20.0,20.0,40.0,,60.0,80.0,60.0,80.0,80.0,80.0,,80.0,80.0,80.0,80.0,40.0,80.0,60.0,60.0,40.0,80.0,40.0,40.0,60.0,20.0,80.0,60.0,60.0,80.0,80.0,80.0,40.0,20.0,60.0,80.0,20.0,20.0,20.0,60.0,60.0
2024,Post-COVID (2022-2025),Sí,AFRO,Nigeria,NGA,57.0,60.0,73.0,80.0,52.0,True,,60.0,,,73.0,,,60.0,,,52.0,,,80.0,,40.0,,67.0,,,33.0,,,,47.0,,67.0,,80.0,,60.0,,40.0,60.0,60.0,,60.0,80.0,60.0,40.0,80.0,80.0,,40.0,40.0,60.0,20.0,40.0,40.0,60.0,40.0,40.0,80.0,80.0,80.0,60.0,40.0,80.0,60.0,40.0,60.0,60.0,60.0,80.0,60.0,60.0,60.0,80.0,40.0,40.0,60.0,60.0
2024,Post-COVID (2022-2025),Sí,AFRO,Rwanda,RWA,55.0,40.0,73.0,80.0,72.0,True,,20.0,,,73.0,,,60.0,,,72.0,,,80.0,,30.0,,73.0,,,53.0,,,,40.0,,80.0,,67.0,,60.0,,40.0,20.0,20.0,,80.0,60.0,60.0,60.0,80.0,80.0,,40.0,20.0,60.0,80.0,40.0,40.0,40.0,40.0,40.0,80.0,60.0,60.0,60.0,40.0,80.0,60.0,60.0,80.0,80.0,80.0,80.0,80.0,80.0,80.0,80.0,40.0,40.0,40.0,40.0
2024,Post-COVID (2022-2025),Sí,AFRO,Sao Tome and Principe,STP,47.0,45.0,60.0,80.0,56.0,True,,60.0,,,60.0,,,30.0,,,56.0,,,80.0,,50.0,,67.0,,,67.0,,,,40.0,,40.0,,60.0,,40.0,,20.0,60.0,60.0,,60.0,60.0,20.0,60.0,80.0,80.0,,60.0,40.0,60.0,80.0,80.0,40.0,60.0,40.0,20.0,20.0,60.0,60.0,40.0,20.0,60.0,40.0,40.0,60.0,60.0,60.0,80.0,60.0,40.0,60.0,60.0,20.0,20.0,20.0,20.0
2024,Post-COVID (2022-2025),Sí,AFRO,Senegal,SEN,53.0,35.0,73.0,60.0,52.0,True,,30.0,,,73.0,,,40.0,,,52.0,,,60.0,,40.0,,80.0,,,53.0,,,,40.0,,80.0,,47.0,,60.0,,40.0,20.0,40.0,,60.0,80.0,40.0,40.0,60.0,60.0,,60.0,20.0,80.0,80.0,40.0,40.0,60.0,40.0,20.0,60.0,60.0,20.0,60.0,40.0,80.0,40.0,40.0,40.0,80.0,60.0,100.0,60.0,80.0,100.0,60.0,60.0,60.0,40.0,40.0
2024,Post-COVID (2022-2025),Sí,AFRO,Seychelles,SYC,68.0,65.0,67.0,100.0,76.0,True,,50.0,,,67.0,,,80.0,,,76.0,,,100.0,,50.0,,67.0,,,87.0,,,,73.0,,67.0,,67.0,,80.0,,80.0,60.0,40.0,,40.0,80.0,80.0,80.0,100.0,100.0,,80.0,20.0,20.0,80.0,100.0,80.0,80.0,40.0,100.0,80.0,60.0,40.0,80.0,80.0,80.0,80.0,60.0,80.0,80.0,80.0,80.0,100.0,80.0,40.0,100.0,40.0,40.0,40.0,40.0
2024,Post-COVID (2022-2025),Sí,AFRO,Sierra Leone,SLE,55.0,50.0,73.0,80.0,52.0,True,,60.0,,,73.0,,,40.0,,,52.0,,,80.0,,60.0,,67.0,,,33.0,,,,40.0,,73.0,,47.0,,60.0,,60.0,80.0,40.0,,80.0,80.0,60.0,40.0,80.0,80.0,,40.0,80.0,80.0,20.0,40.0,40.0,60.0,40.0,20.0,80.0,60.0,60.0,60.0,60.0,60.0,20.0,40.0,40.0,60.0,80.0,80.0,40.0,80.0,60.0,20.0,40.0,40.0,40.0,40.0
2024,Post-COVID (2022-2025),Sí,EMRO,Somalia,SOM,33.0,20.0,47.0,70.0,36.0,True,,20.0,,,47.0,,,20.0,,,36.0,,,70.0,,30.0,,40.0,,,47.0,,,,33.0,,20.0,,27.0,,40.0,,20.0,20.0,20.0,,60.0,60.0,20.0,40.0,60.0,80.0,,40.0,20.0,40.0,60.0,40.0,40.0,40.0,20.0,40.0,20.0,20.0,40.0,40.0,20.0,20.0,20.0,20.0,60.0,20.0,40.0,60.0,20.0,20.0,20.0,20.0,20.0,20.0,20.0,20.0
2024,Post-COVID (2022-2025),Sí,AFRO,South Africa,ZAF,63.0,45.0,47.0,70.0,84.0,True,,30.0,,,47.0,,,60.0,,,84.0,,,70.0,,40.0,,67.0,,,73.0,,,,40.0,,73.0,,67.0,,80.0,,80.0,40.0,20.0,,40.0,80.0,60.0,80.0,60.0,80.0,,60.0,20.0,60.0,80.0,60.0,80.0,40.0,40.0,40.0,80.0,60.0,60.0,80.0,80.0,20.0,60.0,80.0,80.0,100.0,80.0,60.0,80.0,80.0,60.0,80.0,60.0,60.0,80.0,80.0
2024,Post-COVID (2022-2025),Sí,AFRO,South Sudan,SSD,43.0,25.0,33.0,80.0,44.0,True,,30.0,,,33.0,,,20.0,,,44.0,,,80.0,,40.0,,60.0,,,73.0,,,,20.0,,53.0,,27.0,,80.0,,40.0,20.0,40.0,,20.0,20.0,20.0,40.0,80.0,80.0,,40.0,40.0,60.0,80.0,80.0,60.0,20.0,20.0,20.0,60.0,20.0,20.0,80.0,40.0,60.0,20.0,40.0,40.0,40.0,60.0,80.0,40.0,40.0,60.0,40.0,20.0,20.0,20.0,20.0
2024,Post-COVID (2022-2025),Sí,EMRO,Sudan,SDN,55.0,50.0,73.0,80.0,40.0,True,,40.0,,,73.0,,,60.0,,,40.0,,,80.0,,50.0,,87.0,,,60.0,,,,67.0,,33.0,,53.0,,80.0,,40.0,60.0,20.0,,100.0,60.0,60.0,40.0,80.0,80.0,,60.0,40.0,100.0,80.0,20.0,80.0,80.0,60.0,60.0,40.0,60.0,20.0,80.0,40.0,60.0,60.0,40.0,20.0,80.0,20.0,80.0,80.0,40.0,20.0,80.0,20.0,20.0,40.0,40.0
2024,Post-COVID (2022-2025),Sí,AFRO,Togo,TGO,36.0,35.0,27.0,60.0,52.0,True,,30.0,,,27.0,,,40.0,,,52.0,,,60.0,,20.0,,53.0,,,47.0,,,,40.0,,60.0,,33.0,,20.0,,20.0,40.0,20.0,,20.0,40.0,40.0,40.0,60.0,60.0,,20.0,20.0,40.0,40.0,60.0,40.0,40.0,40.0,40.0,60.0,40.0,40.0,20.0,20.0,20.0,40.0,60.0,60.0,60.0,40.0,80.0,40.0,60.0,60.0,20.0,20.0,20.0,20.0,20.0
2024,Post-COVID (2022-2025),Sí,EMRO,Tunisia,TUN,78.0,75.0,80.0,100.0,88.0,True,,70.0,,,80.0,,,80.0,,,88.0,,,100.0,,60.0,,73.0,,,93.0,,,,53.0,,53.0,,73.0,,100.0,,100.0,60.0,80.0,,80.0,80.0,80.0,100.0,100.0,100.0,,80.0,40.0,20.0,100.0,100.0,80.0,60.0,60.0,40.0,40.0,80.0,40.0,100.0,100.0,80.0,80.0,60.0,80.0,100.0,100.0,100.0,100.0,80.0,40.0,100.0,60.0,60.0,80.0,80.0
2024,Post-COVID (2022-2025),Sí,AFRO,Uganda,UGA,61.0,60.0,73.0,80.0,76.0,True,,60.0,,,73.0,,,60.0,,,76.0,,,80.0,,50.0,,80.0,,,73.0,,,,33.0,,80.0,,67.0,,60.0,,40.0,60.0,60.0,,60.0,80.0,60.0,80.0,80.0,80.0,,80.0,20.0,60.0,80.0,40.0,100.0,40.0,20.0,40.0,80.0,60.0,60.0,60.0,40.0,80.0,60.0,40.0,80.0,80.0,100.0,100.0,80.0,80.0,80.0,80.0,40.0,40.0,40.0,40.0
2024,Post-COVID (2022-2025),Sí,AFRO,United Republic of Tanzania,TZA,63.0,45.0,60.0,80.0,72.0,True,,30.0,,,60.0,,,60.0,,,72.0,,,80.0,,40.0,,80.0,,,53.0,,,,60.0,,80.0,,67.0,,60.0,,80.0,40.0,20.0,,60.0,60.0,60.0,80.0,80.0,80.0,,60.0,20.0,80.0,80.0,40.0,40.0,60.0,60.0,60.0,80.0,60.0,60.0,60.0,80.0,60.0,60.0,60.0,60.0,80.0,80.0,80.0,80.0,80.0,80.0,80.0,60.0,60.0,60.0,60.0
2024,Post-COVID (2022-2025),Sí,AFRO,Zambia,ZMB,55.0,50.0,47.0,70.0,60.0,True,,50.0,,,47.0,,,50.0,,,60.0,,,70.0,,40.0,,73.0,,,33.0,,,,60.0,,73.0,,67.0,,80.0,,80.0,60.0,40.0,,20.0,80.0,60.0,40.0,80.0,60.0,,60.0,20.0,80.0,20.0,40.0,40.0,60.0,40.0,80.0,80.0,60.0,60.0,80.0,80.0,40.0,40.0,60.0,60.0,80.0,60.0,80.0,60.0,60.0,80.0,80.0,20.0,20.0,20.0,20.0
2024,Post-COVID (2022-2025),Sí,AFRO,Zimbabwe,ZWE,55.0,55.0,60.0,60.0,72.0,True,,60.0,,,60.0,,,50.0,,,72.0,,,60.0,,30.0,,53.0,,,53.0,,,,60.0,,67.0,,40.0,,60.0,,80.0,60.0,60.0,,60.0,60.0,40.0,80.0,60.0,60.0,,40.0,20.0,20.0,60.0,40.0,60.0,60.0,60.0,60.0,80.0,20.0,20.0,60.0,80.0,60.0,60.0,40.0,80.0,60.0,100.0,80.0,60.0,60.0,60.0,80.0,40.0,40.0,40.0,40.0
2024,Post-COVID (2022-2025),Sí,WPRO,Australia,AUS,91.0,95.0,93.0,100.0,100.0,True,,100.0,,,93.0,,,90.0,,,100.0,,,100.0,,80.0,,80.0,,,100.0,,,,100.0,,87.0,,100.0,,80.0,,100.0,100.0,100.0,,80.0,100.0,100.0,100.0,100.0,100.0,,80.0,80.0,80.0,100.0,100.0,100.0,100.0,100.0,100.0,80.0,100.0,100.0,80.0,100.0,100.0,80.0,100.0,100.0,100.0,100.0,80.0,80.0,80.0,100.0,100.0,100.0,100.0,60.0,60.0
2024,Post-COVID (2022-2025),Sí,WPRO,Cook Islands,COK,70.0,70.0,87.0,100.0,68.0,True,,60.0,,,87.0,,,80.0,,,68.0,,,100.0,,80.0,,93.0,,,100.0,,,,80.0,,100.0,,80.0,,20.0,,60.0,100.0,20.0,,80.0,100.0,80.0,80.0,100.0,100.0,,80.0,80.0,100.0,100.0,100.0,100.0,100.0,60.0,80.0,100.0,80.0,80.0,20.0,60.0,80.0,80.0,80.0,80.0,80.0,20.0,100.0,80.0,100.0,100.0,80.0,20.0,20.0,20.0,20.0
2024,Post-COVID (2022-2025),Sí,WPRO,Fiji,FJI,55.0,40.0,27.0,80.0,72.0,True,,30.0,,,27.0,,,50.0,,,72.0,,,80.0,,30.0,,67.0,,,60.0,,,,27.0,,33.0,,87.0,,20.0,,80.0,20.0,40.0,,40.0,20.0,40.0,80.0,80.0,80.0,,40.0,20.0,60.0,100.0,40.0,40.0,40.0,20.0,20.0,20.0,80.0,80.0,20.0,80.0,20.0,60.0,80.0,40.0,80.0,80.0,80.0,60.0,40.0,40.0,100.0,80.0,80.0,80.0,80.0
2024,Post-COVID (2022-2025),Sí,WPRO,Kiribati,KIR,42.0,35.0,53.0,60.0,64.0,True,,40.0,,,53.0,,,30.0,,,64.0,,,60.0,,50.0,,40.0,,,73.0,,,,40.0,,53.0,,33.0,,20.0,,40.0,60.0,20.0,,60.0,60.0,40.0,100.0,60.0,60.0,,40.0,60.0,40.0,80.0,80.0,60.0,40.0,40.0,40.0,60.0,40.0,20.0,20.0,40.0,40.0,20.0,20.0,60.0,60.0,80.0,40.0,40.0,60.0,40.0,40.0,20.0,20.0,20.0,20.0
2024,Post-COVID (2022-2025),Sí,WPRO,Marshall Islands,MHL,55.0,40.0,53.0,80.0,48.0,True,,50.0,,,53.0,,,30.0,,,48.0,,,80.0,,70.0,,67.0,,,60.0,,,,53.0,,93.0,,47.0,,40.0,,60.0,60.0,40.0,,60.0,60.0,40.0,80.0,80.0,80.0,,80.0,60.0,40.0,40.0,60.0,80.0,80.0,60.0,20.0,100.0,40.0,40.0,40.0,60.0,40.0,20.0,40.0,40.0,60.0,20.0,100.0,60.0,100.0,80.0,60.0,60.0,60.0,20.0,20.0
2024,Post-COVID (2022-2025),Sí,WPRO,Micronesia,FSM,42.0,40.0,20.0,80.0,80.0,True,,60.0,,,20.0,,,20.0,,,80.0,,,80.0,,20.0,,67.0,,,60.0,,,,53.0,,20.0,,53.0,,20.0,,40.0,60.0,60.0,,20.0,20.0,20.0,100.0,80.0,80.0,,20.0,20.0,40.0,60.0,60.0,60.0,60.0,40.0,60.0,20.0,60.0,60.0,20.0,40.0,20.0,20.0,80.0,80.0,80.0,60.0,80.0,80.0,20.0,20.0,40.0,20.0,20.0,20.0,20.0
2024,Post-COVID (2022-2025),Sí,WPRO,Nauru,NRU,47.0,65.0,33.0,60.0,56.0,True,,50.0,,,33.0,,,80.0,,,56.0,,,60.0,,70.0,,80.0,,,60.0,,,,40.0,,40.0,,33.0,,40.0,,20.0,60.0,40.0,,20.0,40.0,80.0,80.0,60.0,60.0,,60.0,80.0,80.0,60.0,60.0,60.0,40.0,40.0,40.0,20.0,40.0,20.0,40.0,20.0,40.0,80.0,80.0,40.0,60.0,20.0,60.0,100.0,80.0,20.0,40.0,20.0,20.0,20.0,20.0
2024,Post-COVID (2022-2025),Sí,WPRO,New Zealand,NZL,85.0,95.0,93.0,80.0,80.0,True,,100.0,,,93.0,,,90.0,,,80.0,,,80.0,,80.0,,80.0,,,93.0,,,,73.0,,100.0,,87.0,,60.0,,80.0,100.0,100.0,,100.0,100.0,80.0,80.0,80.0,80.0,,80.0,80.0,80.0,100.0,100.0,80.0,80.0,60.0,80.0,100.0,100.0,80.0,60.0,80.0,80.0,100.0,80.0,80.0,80.0,80.0,80.0,80.0,100.0,100.0,80.0,100.0,100.0,80.0,80.0
2024,Post-COVID (2022-2025),Sí,WPRO,Niue,NIU,71.0,75.0,67.0,100.0,84.0,True,,70.0,,,67.0,,,80.0,,,84.0,,,100.0,,80.0,,67.0,,,93.0,,,,87.0,,93.0,,87.0,,80.0,,20.0,100.0,40.0,,100.0,80.0,80.0,100.0,100.0,100.0,,80.0,80.0,20.0,100.0,100.0,80.0,100.0,60.0,100.0,100.0,80.0,100.0,80.0,20.0,20.0,80.0,80.0,80.0,80.0,80.0,80.0,100.0,100.0,80.0,80.0,40.0,40.0,20.0,20.0
2024,Post-COVID (2022-2025),Sí,WPRO,Palau,PLW,57.0,50.0,67.0,70.0,56.0,True,,60.0,,,67.0,,,40.0,,,56.0,,,70.0,,70.0,,87.0,,,67.0,,,,40.0,,80.0,,53.0,,40.0,,60.0,60.0,60.0,,40.0,80.0,60.0,60.0,80.0,60.0,,60.0,80.0,80.0,80.0,40.0,80.0,60.0,20.0,40.0,80.0,40.0,40.0,40.0,60.0,80.0,20.0,60.0,60.0,60.0,40.0,100.0,80.0,80.0,80.0,80.0,20.0,20.0,40.0,40.0
2024,Post-COVID (2022-2025),Sí,WPRO,Papua New Guinea,PNG,45.0,45.0,47.0,60.0,52.0,True,,60.0,,,47.0,,,30.0,,,52.0,,,60.0,,60.0,,53.0,,,53.0,,,,33.0,,60.0,,53.0,,20.0,,20.0,60.0,60.0,,60.0,40.0,40.0,60.0,60.0,60.0,,60.0,60.0,40.0,80.0,40.0,40.0,40.0,20.0,40.0,60.0,40.0,60.0,20.0,20.0,40.0,20.0,40.0,40.0,60.0,60.0,80.0,40.0,60.0,60.0,60.0,40.0,40.0,40.0,40.0
2024,Post-COVID (2022-2025),Sí,WPRO,Samoa,WSM,47.0,50.0,47.0,70.0,44.0,True,,30.0,,,47.0,,,70.0,,,44.0,,,70.0,,30.0,,67.0,,,40.0,,,,47.0,,67.0,,67.0,,20.0,,40.0,20.0,40.0,,40.0,40.0,60.0,60.0,60.0,80.0,,40.0,20.0,80.0,20.0,80.0,20.0,60.0,60.0,20.0,60.0,80.0,60.0,20.0,40.0,60.0,80.0,40.0,40.0,60.0,20.0,60.0,60.0,60.0,80.0,60.0,40.0,40.0,20.0,20.0
2024,Post-COVID (2022-2025),Sí,WPRO,Solomon Islands,SLB,50.0,45.0,60.0,50.0,56.0,True,,30.0,,,60.0,,,60.0,,,56.0,,,50.0,,60.0,,80.0,,,53.0,,,,40.0,,80.0,,40.0,,20.0,,60.0,20.0,40.0,,60.0,60.0,60.0,60.0,20.0,80.0,,60.0,60.0,80.0,60.0,60.0,40.0,40.0,60.0,20.0,80.0,40.0,40.0,20.0,60.0,60.0,60.0,60.0,40.0,60.0,60.0,80.0,80.0,80.0,80.0,40.0,20.0,20.0,40.0,40.0
2024,Post-COVID (2022-2025),Sí,WPRO,Tonga,TON,54.0,60.0,53.0,70.0,60.0,True,,50.0,,,53.0,,,70.0,,,60.0,,,70.0,,50.0,,73.0,,,67.0,,,,47.0,,73.0,,53.0,,40.0,,40.0,40.0,60.0,,40.0,60.0,60.0,60.0,60.0,80.0,,60.0,40.0,80.0,60.0,60.0,80.0,40.0,40.0,60.0,80.0,60.0,40.0,40.0,40.0,60.0,80.0,60.0,60.0,60.0,60.0,80.0,60.0,80.0,60.0,60.0,40.0,40.0,20.0,20.0
2024,Post-COVID (2022-2025),Sí,WPRO,Tuvalu,TUV,53.0,55.0,60.0,70.0,68.0,True,,50.0,,,60.0,,,60.0,,,68.0,,,70.0,,20.0,,73.0,,,60.0,,,,53.0,,93.0,,33.0,,60.0,,60.0,60.0,40.0,,40.0,80.0,60.0,80.0,60.0,80.0,,20.0,20.0,100.0,60.0,60.0,60.0,60.0,80.0,20.0,80.0,20.0,40.0,60.0,60.0,60.0,60.0,80.0,40.0,60.0,80.0,60.0,60.0,100.0,100.0,40.0,20.0,20.0,20.0,20.0
2024,Post-COVID (2022-2025),Sí,WPRO,Vanuatu,VUT,50.0,45.0,27.0,80.0,48.0,True,,30.0,,,27.0,,,60.0,,,48.0,,,80.0,,30.0,,93.0,,,40.0,,,,47.0,,80.0,,60.0,,60.0,,40.0,40.0,20.0,,20.0,40.0,40.0,40.0,80.0,80.0,,40.0,20.0,100.0,40.0,60.0,20.0,60.0,40.0,40.0,80.0,60.0,60.0,60.0,40.0,20.0,80.0,40.0,40.0,40.0,80.0,100.0,80.0,80.0,80.0,60.0,40.0,40.0,20.0,20.0
2024,Post-COVID (2022-2025),Sí,AMRO,Antigua and Barbuda,ATG,57.0,35.0,47.0,70.0,72.0,True,,20.0,,,47.0,,,50.0,,,72.0,,,70.0,,60.0,,60.0,,,67.0,,,,53.0,,73.0,,60.0,,80.0,,80.0,20.0,20.0,,40.0,80.0,40.0,100.0,60.0,80.0,,60.0,60.0,40.0,80.0,80.0,40.0,60.0,60.0,40.0,60.0,80.0,40.0,80.0,80.0,20.0,60.0,40.0,60.0,80.0,80.0,60.0,80.0,80.0,80.0,60.0,20.0,20.0,40.0,40.0
2024,Post-COVID (2022-2025),Sí,AMRO,Argentina,ARG,59.0,50.0,53.0,80.0,76.0,True,,70.0,,,53.0,,,30.0,,,76.0,,,80.0,,40.0,,27.0,,,67.0,,,,53.0,,60.0,,73.0,,60.0,,80.0,80.0,60.0,,40.0,60.0,20.0,100.0,80.0,80.0,,60.0,20.0,20.0,80.0,60.0,60.0,60.0,60.0,40.0,60.0,80.0,80.0,60.0,80.0,60.0,40.0,20.0,60.0,100.0,100.0,20.0,40.0,80.0,40.0,60.0,60.0,60.0,60.0,60.0
2024,Post-COVID (2022-2025),Sí,AMRO,Bahamas,BHS,60.0,45.0,73.0,80.0,76.0,True,,40.0,,,73.0,,,50.0,,,76.0,,,80.0,,60.0,,67.0,,,73.0,,,,33.0,,80.0,,73.0,,40.0,,80.0,40.0,40.0,,60.0,80.0,60.0,80.0,80.0,80.0,,80.0,40.0,40.0,80.0,60.0,80.0,40.0,20.0,40.0,80.0,60.0,60.0,40.0,80.0,80.0,40.0,40.0,80.0,80.0,100.0,80.0,80.0,80.0,80.0,100.0,40.0,40.0,40.0,40.0
2024,Post-COVID (2022-2025),Sí,AMRO,Barbados,BRB,67.0,65.0,80.0,80.0,52.0,True,,60.0,,,80.0,,,70.0,,,52.0,,,80.0,,60.0,,80.0,,,80.0,,,,67.0,,73.0,,80.0,,60.0,,80.0,60.0,60.0,,80.0,80.0,60.0,80.0,80.0,80.0,,60.0,60.0,80.0,80.0,80.0,80.0,80.0,60.0,60.0,80.0,80.0,80.0,60.0,80.0,80.0,80.0,20.0,60.0,80.0,20.0,80.0,80.0,60.0,80.0,80.0,40.0,40.0,40.0,40.0
2024,Post-COVID (2022-2025),Sí,AMRO,Belize,BLZ,55.0,40.0,53.0,70.0,48.0,True,,40.0,,,53.0,,,40.0,,,48.0,,,70.0,,40.0,,80.0,,,47.0,,,,53.0,,47.0,,67.0,,80.0,,80.0,60.0,20.0,,60.0,60.0,40.0,60.0,60.0,80.0,,40.0,40.0,80.0,60.0,60.0,20.0,60.0,60.0,40.0,40.0,40.0,80.0,80.0,80.0,40.0,40.0,20.0,40.0,60.0,60.0,80.0,80.0,60.0,40.0,80.0,40.0,40.0,40.0,40.0
2024,Post-COVID (2022-2025),Sí,AMRO,Bolivia (Plurinational State of),BOL,46.0,50.0,73.0,60.0,48.0,True,,50.0,,,73.0,,,50.0,,,48.0,,,60.0,,40.0,,47.0,,,80.0,,,,33.0,,33.0,,60.0,,40.0,,20.0,40.0,60.0,,60.0,80.0,40.0,40.0,60.0,60.0,,60.0,20.0,40.0,80.0,80.0,80.0,20.0,40.0,40.0,20.0,60.0,60.0,40.0,20.0,80.0,60.0,20.0,40.0,80.0,60.0,60.0,40.0,40.0,40.0,60.0,40.0,40.0,20.0,20.0
2024,Post-COVID (2022-2025),Sí,AMRO,Brazil,BRA,65.0,55.0,53.0,80.0,68.0,True,,50.0,,,53.0,,,60.0,,,68.0,,,80.0,,70.0,,80.0,,,53.0,,,,80.0,,60.0,,67.0,,40.0,,40.0,40.0,60.0,,80.0,40.0,60.0,60.0,80.0,80.0,,60.0,80.0,80.0,80.0,40.0,40.0,80.0,80.0,80.0,40.0,60.0,60.0,40.0,40.0,40.0,60.0,60.0,60.0,80.0,80.0,80.0,80.0,80.0,60.0,80.0,100.0,100.0,80.0,80.0
2024,Post-COVID (2022-2025),Sí,AMRO,Canada,CAN,96.0,85.0,100.0,100.0,100.0,True,,70.0,,,100.0,,,100.0,,,100.0,,,100.0,,80.0,,93.0,,,100.0,,,,100.0,,100.0,,93.0,,100.0,,100.0,100.0,40.0,,100.0,100.0,100.0,100.0,100.0,100.0,,80.0,80.0,100.0,100.0,100.0,100.0,100.0,100.0,100.0,100.0,100.0,100.0,100.0,100.0,100.0,100.0,100.0,100.0,100.0,100.0,100.0,80.0,100.0,100.0,80.0,100.0,100.0,100.0,100.0
2024,Post-COVID (2022-2025),Sí,AMRO,Chile,CHL,79.0,55.0,93.0,90.0,88.0,True,,70.0,,,93.0,,,40.0,,,88.0,,,90.0,,90.0,,100.0,,,73.0,,,,93.0,,80.0,,93.0,,60.0,,40.0,100.0,40.0,,80.0,100.0,40.0,100.0,80.0,100.0,,80.0,100.0,100.0,100.0,40.0,80.0,100.0,100.0,80.0,80.0,100.0,80.0,60.0,40.0,100.0,40.0,60.0,80.0,100.0,100.0,100.0,100.0,80.0,80.0,100.0,80.0,80.0,100.0,100.0
2024,Post-COVID (2022-2025),Sí,AMRO,Colombia,COL,68.0,65.0,73.0,100.0,68.0,True,,60.0,,,73.0,,,70.0,,,68.0,,,100.0,,40.0,,60.0,,,60.0,,,,73.0,,53.0,,100.0,,60.0,,80.0,80.0,40.0,,60.0,80.0,60.0,60.0,100.0,100.0,,60.0,20.0,40.0,80.0,60.0,40.0,60.0,80.0,80.0,40.0,100.0,100.0,60.0,80.0,80.0,80.0,40.0,80.0,80.0,80.0,80.0,60.0,60.0,60.0,100.0,60.0,60.0,60.0,60.0
2024,Post-COVID (2022-2025),Sí,AMRO,Costa Rica,CRI,66.0,50.0,60.0,80.0,84.0,True,,30.0,,,60.0,,,70.0,,,84.0,,,80.0,,70.0,,73.0,,,80.0,,,,40.0,,60.0,,60.0,,80.0,,80.0,20.0,40.0,,20.0,80.0,80.0,80.0,80.0,80.0,,60.0,80.0,60.0,80.0,80.0,80.0,60.0,20.0,40.0,60.0,60.0,60.0,80.0,80.0,80.0,60.0,80.0,60.0,100.0,100.0,80.0,80.0,60.0,60.0,60.0,60.0,60.0,60.0,60.0
2024,Post-COVID (2022-2025),Sí,AMRO,Cuba,CUB,90.0,90.0,93.0,100.0,84.0,True,,100.0,,,93.0,,,80.0,,,84.0,,,100.0,,90.0,,93.0,,,93.0,,,,80.0,,87.0,,93.0,,100.0,,100.0,100.0,100.0,,80.0,100.0,80.0,80.0,100.0,100.0,,80.0,100.0,100.0,100.0,80.0,100.0,80.0,80.0,80.0,100.0,80.0,100.0,100.0,100.0,100.0,80.0,80.0,80.0,80.0,100.0,80.0,100.0,80.0,80.0,100.0,100.0,100.0,60.0,60.0
2024,Post-COVID (2022-2025),Sí,AMRO,Dominica,DMA,71.0,45.0,80.0,90.0,64.0,True,,40.0,,,80.0,,,50.0,,,64.0,,,90.0,,70.0,,100.0,,,80.0,,,,60.0,,80.0,,87.0,,100.0,,80.0,40.0,40.0,,80.0,80.0,40.0,80.0,100.0,80.0,,60.0,80.0,100.0,80.0,80.0,80.0,40.0,60.0,80.0,80.0,100.0,80.0,100.0,80.0,80.0,60.0,40.0,40.0,100.0,60.0,100.0,100.0,80.0,80.0,80.0,40.0,40.0,40.0,40.0
2024,Post-COVID (2022-2025),Sí,AMRO,Dominican Republic,DOM,60.0,55.0,60.0,90.0,44.0,True,,60.0,,,60.0,,,50.0,,,44.0,,,90.0,,30.0,,73.0,,,87.0,,,,60.0,,80.0,,53.0,,60.0,,60.0,100.0,20.0,,60.0,60.0,40.0,60.0,100.0,80.0,,40.0,20.0,60.0,60.0,100.0,100.0,60.0,60.0,60.0,80.0,40.0,100.0,60.0,60.0,60.0,60.0,40.0,40.0,60.0,20.0,80.0,80.0,80.0,80.0,20.0,60.0,60.0,40.0,40.0
2024,Post-COVID (2022-2025),Sí,AMRO,Ecuador,ECU,54.0,40.0,47.0,60.0,48.0,True,,60.0,,,47.0,,,20.0,,,48.0,,,60.0,,30.0,,27.0,,,87.0,,,,47.0,,53.0,,93.0,,40.0,,20.0,60.0,60.0,,40.0,60.0,20.0,40.0,60.0,60.0,,40.0,20.0,40.0,80.0,100.0,80.0,40.0,60.0,40.0,60.0,80.0,100.0,40.0,20.0,40.0,20.0,40.0,40.0,60.0,60.0,20.0,20.0,40.0,60.0,100.0,80.0,80.0,100.0,100.0
2024,Post-COVID (2022-2025),Sí,AMRO,El Salvador,SLV,91.0,100.0,100.0,90.0,80.0,True,,100.0,,,100.0,,,100.0,,,80.0,,,90.0,,90.0,,87.0,,,100.0,,,,80.0,,80.0,,93.0,,100.0,,80.0,100.0,100.0,,100.0,100.0,100.0,80.0,80.0,100.0,,80.0,100.0,100.0,100.0,100.0,100.0,80.0,80.0,80.0,80.0,80.0,100.0,100.0,80.0,100.0,100.0,80.0,80.0,80.0,80.0,80.0,80.0,80.0,80.0,100.0,80.0,80.0,100.0,100.0
2024,Post-COVID (2022-2025),Sí,AMRO,Grenada,GRD,54.0,55.0,73.0,80.0,60.0,True,,50.0,,,73.0,,,60.0,,,60.0,,,80.0,,40.0,,80.0,,,67.0,,,,33.0,,73.0,,47.0,,20.0,,60.0,60.0,40.0,,80.0,80.0,60.0,80.0,80.0,80.0,,60.0,20.0,80.0,80.0,80.0,40.0,40.0,20.0,40.0,80.0,60.0,60.0,20.0,60.0,60.0,60.0,40.0,40.0,60.0,80.0,80.0,80.0,80.0,60.0,20.0,20.0,20.0,40.0,40.0
2024,Post-COVID (2022-2025),Sí,AMRO,Guatemala,GTM,37.0,35.0,53.0,40.0,44.0,True,,30.0,,,53.0,,,40.0,,,44.0,,,40.0,,30.0,,73.0,,,33.0,,,,20.0,,47.0,,27.0,,40.0,,20.0,40.0,20.0,,40.0,80.0,40.0,40.0,40.0,40.0,,40.0,20.0,80.0,40.0,20.0,40.0,20.0,20.0,20.0,60.0,20.0,40.0,40.0,20.0,40.0,40.0,20.0,40.0,60.0,60.0,80.0,60.0,40.0,40.0,20.0,40.0,40.0,20.0,20.0
2024,Post-COVID (2022-2025),Sí,AMRO,Guyana,GUY,37.0,50.0,33.0,40.0,48.0,True,,40.0,,,33.0,,,60.0,,,48.0,,,40.0,,20.0,,40.0,,,47.0,,,,27.0,,33.0,,33.0,,40.0,,40.0,40.0,40.0,,20.0,40.0,60.0,40.0,40.0,40.0,,20.0,20.0,40.0,40.0,60.0,40.0,20.0,20.0,40.0,40.0,40.0,20.0,40.0,40.0,40.0,60.0,40.0,40.0,60.0,60.0,40.0,40.0,40.0,20.0,40.0,20.0,20.0,40.0,40.0
2024,Post-COVID (2022-2025),Sí,AMRO,Haiti,HTI,54.0,45.0,53.0,100.0,88.0,True,,40.0,,,53.0,,,50.0,,,88.0,,,100.0,,90.0,,80.0,,,73.0,,,,40.0,,60.0,,20.0,,80.0,,40.0,20.0,60.0,,40.0,60.0,40.0,100.0,100.0,100.0,,100.0,80.0,80.0,80.0,80.0,60.0,40.0,60.0,20.0,60.0,20.0,20.0,80.0,40.0,60.0,60.0,80.0,80.0,80.0,100.0,80.0,80.0,60.0,60.0,20.0,0.0,0.0,0.0,0.0
2024,Post-COVID (2022-2025),Sí,AMRO,Honduras,HND,54.0,40.0,80.0,80.0,80.0,True,,40.0,,,80.0,,,40.0,,,80.0,,,80.0,,30.0,,33.0,,,40.0,,,,27.0,,73.0,,40.0,,80.0,,80.0,60.0,20.0,,80.0,80.0,40.0,80.0,80.0,80.0,,40.0,20.0,40.0,60.0,20.0,40.0,20.0,20.0,40.0,80.0,60.0,40.0,80.0,80.0,80.0,40.0,80.0,60.0,80.0,100.0,20.0,40.0,80.0,60.0,20.0,60.0,60.0,20.0,20.0
2024,Post-COVID (2022-2025),Sí,AMRO,Jamaica,JAM,69.0,80.0,73.0,100.0,80.0,True,,80.0,,,73.0,,,80.0,,,80.0,,,100.0,,60.0,,80.0,,,73.0,,,,20.0,,93.0,,93.0,,60.0,,60.0,80.0,80.0,,80.0,80.0,80.0,100.0,100.0,100.0,,60.0,60.0,80.0,80.0,60.0,80.0,20.0,20.0,20.0,80.0,100.0,100.0,60.0,60.0,60.0,80.0,60.0,40.0,100.0,100.0,80.0,80.0,100.0,100.0,80.0,40.0,40.0,40.0,40.0
2024,Post-COVID (2022-2025),Sí,AMRO,Mexico,MEX,79.0,50.0,87.0,100.0,96.0,True,,60.0,,,87.0,,,40.0,,,96.0,,,100.0,,80.0,,87.0,,,93.0,,,,80.0,,80.0,,87.0,,100.0,,80.0,60.0,60.0,,100.0,80.0,60.0,100.0,100.0,100.0,,80.0,80.0,60.0,100.0,100.0,80.0,60.0,100.0,80.0,80.0,100.0,80.0,100.0,80.0,80.0,20.0,80.0,100.0,100.0,100.0,100.0,100.0,80.0,80.0,80.0,40.0,40.0,80.0,80.0
2024,Post-COVID (2022-2025),Sí,AMRO,Nicaragua,NIC,62.0,45.0,60.0,60.0,60.0,True,,40.0,,,60.0,,,50.0,,,60.0,,,60.0,,80.0,,67.0,,,67.0,,,,67.0,,73.0,,53.0,,80.0,,60.0,60.0,20.0,,60.0,60.0,20.0,80.0,60.0,60.0,,80.0,80.0,60.0,60.0,60.0,80.0,60.0,40.0,100.0,60.0,40.0,60.0,80.0,60.0,60.0,80.0,40.0,40.0,60.0,80.0,60.0,80.0,80.0,80.0,60.0,60.0,60.0,60.0,60.0
2024,Post-COVID (2022-2025),Sí,AMRO,Panama,PAN,68.0,55.0,60.0,100.0,76.0,True,,70.0,,,60.0,,,40.0,,,76.0,,,100.0,,50.0,,80.0,,,73.0,,,,60.0,,67.0,,80.0,,80.0,,80.0,40.0,100.0,,60.0,80.0,20.0,80.0,100.0,100.0,,60.0,40.0,80.0,80.0,80.0,60.0,40.0,100.0,40.0,40.0,80.0,80.0,80.0,80.0,40.0,60.0,80.0,60.0,80.0,80.0,80.0,80.0,80.0,80.0,80.0,40.0,40.0,60.0,60.0
2024,Post-COVID (2022-2025),Sí,AMRO,Paraguay,PRY,63.0,45.0,60.0,80.0,68.0,True,,30.0,,,60.0,,,60.0,,,68.0,,,80.0,,60.0,,80.0,,,80.0,,,,53.0,,47.0,,80.0,,60.0,,60.0,20.0,40.0,,80.0,80.0,60.0,60.0,80.0,80.0,,60.0,60.0,80.0,80.0,80.0,80.0,60.0,60.0,40.0,20.0,80.0,80.0,60.0,60.0,20.0,60.0,60.0,60.0,80.0,80.0,80.0,80.0,60.0,60.0,80.0,60.0,60.0,60.0,60.0
2024,Post-COVID (2022-2025),Sí,AMRO,Peru,PER,40.0,35.0,40.0,30.0,64.0,True,,20.0,,,40.0,,,50.0,,,64.0,,,30.0,,20.0,,60.0,,,60.0,,,,33.0,,27.0,,20.0,,40.0,,40.0,20.0,20.0,,60.0,40.0,40.0,60.0,40.0,20.0,,20.0,20.0,60.0,60.0,60.0,60.0,20.0,60.0,20.0,20.0,20.0,20.0,40.0,40.0,20.0,60.0,40.0,60.0,80.0,80.0,60.0,60.0,40.0,20.0,20.0,40.0,40.0,60.0,60.0
2024,Post-COVID (2022-2025),Sí,AMRO,Saint Kitts and Nevis,KNA,68.0,65.0,80.0,80.0,56.0,True,,60.0,,,80.0,,,70.0,,,56.0,,,80.0,,80.0,,80.0,,,80.0,,,,53.0,,80.0,,80.0,,80.0,,80.0,60.0,60.0,,80.0,80.0,60.0,80.0,80.0,80.0,,80.0,80.0,80.0,80.0,80.0,80.0,60.0,40.0,60.0,80.0,80.0,80.0,80.0,80.0,80.0,80.0,40.0,40.0,80.0,40.0,80.0,80.0,80.0,80.0,80.0,20.0,20.0,40.0,40.0
2024,Post-COVID (2022-2025),Sí,AMRO,Saint Lucia,LCA,61.0,55.0,40.0,80.0,64.0,True,,60.0,,,40.0,,,50.0,,,64.0,,,80.0,,80.0,,93.0,,,53.0,,,,33.0,,80.0,,100.0,,20.0,,80.0,80.0,40.0,,20.0,80.0,40.0,80.0,80.0,80.0,,80.0,80.0,100.0,80.0,60.0,20.0,40.0,20.0,40.0,80.0,100.0,100.0,20.0,80.0,20.0,60.0,40.0,40.0,80.0,80.0,100.0,80.0,80.0,80.0,100.0,40.0,40.0,40.0,40.0
2024,Post-COVID (2022-2025),Sí,AMRO,Saint Vincent and the Grenadines,VCT,56.0,35.0,60.0,80.0,56.0,True,,20.0,,,60.0,,,50.0,,,56.0,,,80.0,,90.0,,93.0,,,87.0,,,,27.0,,73.0,,40.0,,100.0,,20.0,20.0,20.0,,20.0,80.0,20.0,80.0,80.0,80.0,,80.0,100.0,80.0,80.0,80.0,100.0,20.0,20.0,40.0,80.0,20.0,20.0,100.0,20.0,80.0,80.0,40.0,20.0,60.0,80.0,100.0,100.0,80.0,60.0,80.0,20.0,20.0,20.0,20.0
2024,Post-COVID (2022-2025),Sí,AMRO,Suriname,SUR,40.0,55.0,33.0,60.0,64.0,True,,60.0,,,33.0,,,50.0,,,64.0,,,60.0,,40.0,,40.0,,,80.0,,,,53.0,,27.0,,20.0,,20.0,,20.0,40.0,80.0,,40.0,40.0,40.0,80.0,60.0,60.0,,40.0,40.0,40.0,100.0,80.0,60.0,80.0,40.0,40.0,20.0,20.0,20.0,20.0,20.0,20.0,60.0,60.0,60.0,60.0,60.0,20.0,60.0,40.0,20.0,20.0,20.0,20.0,20.0,20.0
2024,Post-COVID (2022-2025),Sí,AMRO,Trinidad and Tobago,TTO,66.0,55.0,80.0,80.0,76.0,True,,70.0,,,80.0,,,40.0,,,76.0,,,80.0,,60.0,,80.0,,,80.0,,,,73.0,,73.0,,80.0,,60.0,,60.0,60.0,80.0,,80.0,80.0,40.0,80.0,80.0,80.0,,60.0,60.0,80.0,80.0,80.0,80.0,60.0,80.0,80.0,60.0,80.0,80.0,60.0,60.0,80.0,40.0,40.0,80.0,80.0,100.0,80.0,80.0,80.0,80.0,80.0,40.0,40.0,40.0,40.0
2024,Post-COVID (2022-2025),Sí,AMRO,United States of America,USA,84.0,65.0,93.0,100.0,92.0,True,,70.0,,,93.0,,,60.0,,,92.0,,,100.0,,90.0,,100.0,,,73.0,,,,100.0,,53.0,,93.0,,80.0,,100.0,80.0,60.0,,100.0,100.0,60.0,80.0,100.0,100.0,,80.0,100.0,100.0,60.0,80.0,80.0,100.0,100.0,100.0,60.0,100.0,80.0,80.0,100.0,80.0,60.0,80.0,100.0,100.0,100.0,100.0,100.0,60.0,40.0,100.0,80.0,80.0,80.0,80.0
2024,Post-COVID (2022-2025),Sí,AMRO,Uruguay,URY,76.0,75.0,67.0,90.0,64.0,True,,70.0,,,67.0,,,80.0,,,64.0,,,90.0,,70.0,,93.0,,,93.0,,,,80.0,,93.0,,80.0,,80.0,,60.0,60.0,80.0,,60.0,80.0,80.0,60.0,100.0,80.0,,80.0,60.0,100.0,100.0,100.0,80.0,80.0,80.0,80.0,100.0,80.0,80.0,80.0,60.0,60.0,80.0,40.0,60.0,80.0,80.0,80.0,100.0,100.0,80.0,80.0,60.0,60.0,60.0,60.0
2024,Post-COVID (2022-2025),Sí,AMRO,Venezuela (Bolivarian Republic of),VEN,75.0,65.0,73.0,80.0,84.0,True,,80.0,,,73.0,,,50.0,,,84.0,,,80.0,,40.0,,87.0,,,93.0,,,,47.0,,73.0,,100.0,,80.0,,80.0,60.0,100.0,,60.0,80.0,40.0,100.0,80.0,80.0,,40.0,40.0,80.0,100.0,100.0,80.0,60.0,40.0,40.0,60.0,100.0,100.0,80.0,80.0,80.0,60.0,100.0,40.0,80.0,100.0,80.0,100.0,80.0,80.0,100.0,80.0,80.0,80.0,80.0
2024,Post-COVID (2022-2025),Sí,EMRO,Afghanistan,AFG,35.0,25.0,33.0,80.0,56.0,True,,20.0,,,33.0,,,30.0,,,56.0,,,80.0,,20.0,,27.0,,,60.0,,,,27.0,,33.0,,20.0,,60.0,,20.0,20.0,20.0,,60.0,20.0,20.0,80.0,80.0,80.0,,20.0,20.0,20.0,60.0,40.0,80.0,40.0,20.0,20.0,40.0,20.0,20.0,60.0,20.0,20.0,40.0,20.0,60.0,60.0,60.0,20.0,40.0,20.0,40.0,20.0,20.0,20.0,20.0,20.0
2024,Post-COVID (2022-2025),Sí,EURO,Armenia,ARM,59.0,60.0,67.0,70.0,52.0,True,,60.0,,,67.0,,,60.0,,,52.0,,,70.0,,50.0,,67.0,,,67.0,,,,60.0,,60.0,,53.0,,60.0,,60.0,80.0,40.0,,80.0,60.0,60.0,60.0,60.0,80.0,,60.0,40.0,80.0,60.0,80.0,60.0,60.0,60.0,60.0,60.0,60.0,60.0,60.0,60.0,60.0,60.0,40.0,40.0,80.0,40.0,60.0,60.0,60.0,60.0,40.0,40.0,40.0,60.0,60.0
2024,Post-COVID (2022-2025),Sí,EURO,Azerbaijan,AZE,67.0,70.0,67.0,100.0,68.0,True,,60.0,,,67.0,,,80.0,,,68.0,,,100.0,,60.0,,73.0,,,73.0,,,,40.0,,67.0,,73.0,,80.0,,80.0,60.0,60.0,,60.0,60.0,80.0,80.0,100.0,100.0,,60.0,60.0,80.0,80.0,60.0,80.0,40.0,20.0,60.0,60.0,80.0,80.0,80.0,80.0,80.0,80.0,60.0,60.0,80.0,60.0,80.0,60.0,80.0,60.0,60.0,40.0,40.0,40.0,40.0
2024,Post-COVID (2022-2025),Sí,EMRO,Bahrain,BHR,92.0,100.0,93.0,100.0,96.0,True,,100.0,,,93.0,,,100.0,,,96.0,,,100.0,,100.0,,100.0,,,100.0,,,,93.0,,93.0,,100.0,,100.0,,100.0,100.0,100.0,,80.0,100.0,100.0,100.0,100.0,100.0,,100.0,100.0,100.0,100.0,100.0,100.0,100.0,80.0,100.0,100.0,100.0,100.0,100.0,100.0,100.0,100.0,100.0,100.0,100.0,80.0,100.0,100.0,100.0,80.0,100.0,40.0,40.0,60.0,60.0
2024,Post-COVID (2022-2025),Sí,SEARO,Bangladesh,BGD,69.0,65.0,80.0,80.0,68.0,True,,60.0,,,80.0,,,70.0,,,68.0,,,80.0,,60.0,,67.0,,,87.0,,,,53.0,,67.0,,67.0,,60.0,,80.0,60.0,60.0,,80.0,80.0,60.0,60.0,80.0,80.0,,60.0,60.0,60.0,100.0,80.0,80.0,60.0,60.0,40.0,60.0,60.0,80.0,60.0,80.0,80.0,80.0,60.0,60.0,80.0,80.0,60.0,80.0,60.0,80.0,60.0,60.0,60.0,80.0,80.0
2024,Post-COVID (2022-2025),Sí,SEARO,Bhutan,BTN,64.0,60.0,67.0,90.0,72.0,True,,50.0,,,67.0,,,70.0,,,72.0,,,90.0,,70.0,,80.0,,,80.0,,,,53.0,,60.0,,73.0,,80.0,,60.0,60.0,40.0,,60.0,60.0,80.0,80.0,80.0,100.0,,60.0,80.0,80.0,80.0,80.0,80.0,60.0,60.0,40.0,60.0,80.0,60.0,80.0,60.0,80.0,60.0,60.0,60.0,80.0,80.0,80.0,80.0,60.0,60.0,80.0,40.0,40.0,20.0,20.0
2024,Post-COVID (2022-2025),Sí,WPRO,Brunei Darussalam,BRN,71.0,65.0,80.0,90.0,88.0,True,,50.0,,,80.0,,,80.0,,,88.0,,,90.0,,60.0,,73.0,,,80.0,,,,60.0,,87.0,,80.0,,80.0,,80.0,80.0,20.0,,80.0,80.0,80.0,100.0,100.0,80.0,,60.0,60.0,60.0,60.0,100.0,80.0,60.0,40.0,80.0,100.0,80.0,80.0,80.0,80.0,80.0,80.0,80.0,80.0,100.0,80.0,80.0,80.0,80.0,80.0,80.0,40.0,40.0,40.0,40.0
2024,Post-COVID (2022-2025),Sí,WPRO,Cambodia,KHM,64.0,70.0,80.0,80.0,76.0,True,,80.0,,,80.0,,,60.0,,,76.0,,,80.0,,70.0,,80.0,,,60.0,,,,67.0,,53.0,,40.0,,60.0,,80.0,80.0,80.0,,80.0,80.0,60.0,60.0,80.0,80.0,,80.0,60.0,80.0,80.0,40.0,60.0,80.0,60.0,60.0,40.0,40.0,40.0,60.0,80.0,80.0,60.0,80.0,80.0,80.0,80.0,80.0,80.0,60.0,60.0,40.0,40.0,40.0,40.0,40.0
2024,Post-COVID (2022-2025),Sí,WPRO,China,CHN,94.0,90.0,100.0,100.0,96.0,True,,90.0,,,100.0,,,90.0,,,96.0,,,100.0,,100.0,,87.0,,,100.0,,,,93.0,,100.0,,100.0,,100.0,,80.0,100.0,80.0,,100.0,100.0,80.0,80.0,100.0,100.0,,100.0,100.0,100.0,100.0,100.0,100.0,100.0,100.0,80.0,100.0,100.0,100.0,100.0,80.0,100.0,100.0,100.0,100.0,100.0,100.0,80.0,80.0,100.0,100.0,100.0,80.0,80.0,100.0,100.0
2024,Post-COVID (2022-2025),Sí,EURO,Cyprus,CYP,61.0,50.0,53.0,90.0,84.0,True,,50.0,,,53.0,,,50.0,,,84.0,,,90.0,,70.0,,67.0,,,93.0,,,,60.0,,33.0,,87.0,,20.0,,80.0,80.0,20.0,,40.0,40.0,20.0,80.0,100.0,80.0,,60.0,80.0,40.0,100.0,100.0,80.0,40.0,40.0,100.0,20.0,80.0,100.0,20.0,80.0,80.0,80.0,100.0,80.0,80.0,80.0,80.0,80.0,60.0,20.0,80.0,40.0,40.0,40.0,40.0
2024,Post-COVID (2022-2025),Sí,SEARO,Democratic People's Republic of Korea,PRK,59.0,70.0,80.0,80.0,64.0,True,,70.0,,,80.0,,,70.0,,,64.0,,,80.0,,60.0,,40.0,,,80.0,,,,47.0,,80.0,,60.0,,40.0,,40.0,60.0,80.0,,80.0,80.0,80.0,40.0,80.0,80.0,,40.0,80.0,20.0,80.0,80.0,80.0,40.0,60.0,40.0,60.0,60.0,40.0,40.0,40.0,80.0,60.0,80.0,80.0,60.0,60.0,60.0,40.0,80.0,100.0,80.0,40.0,40.0,40.0,40.0
2024,Post-COVID (2022-2025),Sí,EURO,Georgia,GEO,60.0,50.0,60.0,80.0,72.0,True,,40.0,,,60.0,,,60.0,,,72.0,,,80.0,,60.0,,60.0,,,47.0,,,,73.0,,40.0,,47.0,,80.0,,60.0,40.0,40.0,,60.0,60.0,60.0,80.0,80.0,80.0,,60.0,60.0,60.0,60.0,40.0,40.0,60.0,80.0,80.0,40.0,60.0,40.0,80.0,60.0,60.0,60.0,60.0,60.0,80.0,80.0,60.0,60.0,40.0,40.0,40.0,80.0,80.0,40.0,40.0
2024,Post-COVID (2022-2025),Sí,SEARO,India,IND,88.0,85.0,87.0,100.0,80.0,True,,70.0,,,87.0,,,100.0,,,80.0,,,100.0,,100.0,,93.0,,,93.0,,,,60.0,,100.0,,100.0,,80.0,,80.0,80.0,60.0,,80.0,100.0,100.0,60.0,100.0,100.0,,100.0,100.0,100.0,100.0,100.0,80.0,60.0,60.0,60.0,100.0,100.0,100.0,80.0,80.0,80.0,100.0,80.0,80.0,100.0,80.0,100.0,80.0,100.0,100.0,100.0,80.0,80.0,100.0,100.0
2024,Post-COVID (2022-2025),Sí,WPRO,Indonesia,IDN,80.0,85.0,73.0,100.0,80.0,True,,80.0,,,73.0,,,90.0,,,80.0,,,100.0,,70.0,,87.0,,,87.0,,,,67.0,,80.0,,80.0,,80.0,,100.0,80.0,80.0,,60.0,80.0,80.0,80.0,100.0,100.0,,60.0,80.0,80.0,80.0,80.0,100.0,80.0,60.0,60.0,80.0,80.0,80.0,80.0,100.0,80.0,100.0,60.0,80.0,100.0,80.0,100.0,80.0,80.0,80.0,80.0,60.0,60.0,60.0,60.0
2024,Post-COVID (2022-2025),Sí,EMRO,Iran (Islamic Republic of),IRN,76.0,75.0,93.0,80.0,88.0,True,,80.0,,,93.0,,,70.0,,,88.0,,,80.0,,70.0,,80.0,,,87.0,,,,73.0,,80.0,,80.0,,60.0,,80.0,60.0,100.0,,100.0,100.0,60.0,80.0,60.0,100.0,,60.0,80.0,80.0,100.0,80.0,80.0,80.0,60.0,80.0,80.0,80.0,80.0,60.0,80.0,80.0,80.0,80.0,100.0,80.0,100.0,80.0,80.0,80.0,80.0,80.0,60.0,60.0,60.0,60.0
2024,Post-COVID (2022-2025),Sí,EMRO,Iraq,IRQ,59.0,60.0,73.0,80.0,68.0,True,,60.0,,,73.0,,,60.0,,,68.0,,,80.0,,50.0,,60.0,,,80.0,,,,53.0,,47.0,,47.0,,40.0,,40.0,40.0,80.0,,80.0,80.0,40.0,60.0,80.0,80.0,,60.0,40.0,60.0,80.0,80.0,80.0,60.0,40.0,60.0,40.0,60.0,40.0,40.0,40.0,60.0,80.0,60.0,60.0,80.0,80.0,80.0,40.0,40.0,60.0,40.0,60.0,60.0,60.0,60.0
2024,Post-COVID (2022-2025),Sí,EURO,Israel,ISR,86.0,60.0,80.0,100.0,100.0,True,,50.0,,,80.0,,,70.0,,,100.0,,,100.0,,100.0,,100.0,,,80.0,,,,80.0,,80.0,,93.0,,80.0,,80.0,40.0,60.0,,40.0,100.0,60.0,100.0,100.0,100.0,,100.0,100.0,100.0,80.0,80.0,80.0,80.0,100.0,60.0,80.0,100.0,80.0,80.0,80.0,100.0,80.0,100.0,100.0,100.0,100.0,100.0,100.0,80.0,80.0,100.0,100.0,100.0,100.0,100.0
2024,Post-COVID (2022-2025),Sí,WPRO,Japan,JPN,99.0,90.0,100.0,100.0,100.0,True,,80.0,,,100.0,,,100.0,,,100.0,,,100.0,,100.0,,100.0,,,100.0,,,,100.0,,100.0,,100.0,,100.0,,100.0,100.0,60.0,,100.0,100.0,100.0,100.0,100.0,100.0,,100.0,100.0,100.0,100.0,100.0,100.0,100.0,100.0,100.0,100.0,100.0,100.0,100.0,100.0,100.0,100.0,100.0,100.0,100.0,100.0,100.0,100.0,100.0,100.0,100.0,100.0,100.0,100.0,100.0
2024,Post-COVID (2022-2025),Sí,EMRO,Jordan,JOR,73.0,65.0,87.0,80.0,80.0,True,,70.0,,,87.0,,,60.0,,,80.0,,,80.0,,80.0,,80.0,,,73.0,,,,67.0,,60.0,,80.0,,80.0,,80.0,100.0,40.0,,100.0,80.0,80.0,80.0,80.0,80.0,,80.0,80.0,80.0,80.0,80.0,60.0,60.0,60.0,80.0,60.0,80.0,80.0,80.0,80.0,80.0,40.0,60.0,80.0,100.0,80.0,80.0,80.0,60.0,60.0,80.0,40.0,40.0,80.0,80.0
2024,Post-COVID (2022-2025),Sí,EURO,Kazakhstan,KAZ,73.0,80.0,73.0,60.0,64.0,True,,80.0,,,73.0,,,80.0,,,64.0,,,60.0,,80.0,,73.0,,,80.0,,,,67.0,,53.0,,67.0,,80.0,,80.0,80.0,80.0,,80.0,80.0,80.0,60.0,60.0,60.0,,80.0,80.0,80.0,80.0,80.0,80.0,60.0,80.0,60.0,40.0,60.0,60.0,80.0,80.0,60.0,80.0,40.0,60.0,80.0,80.0,80.0,60.0,60.0,60.0,80.0,80.0,80.0,80.0,80.0
2024,Post-COVID (2022-2025),Sí,EMRO,Kuwait,KWT,97.0,100.0,93.0,100.0,88.0,True,,100.0,,,93.0,,,100.0,,,88.0,,,100.0,,100.0,,100.0,,,87.0,,,,100.0,,100.0,,100.0,,100.0,,80.0,100.0,100.0,,80.0,100.0,100.0,80.0,100.0,100.0,,100.0,100.0,100.0,100.0,80.0,80.0,100.0,100.0,100.0,100.0,100.0,100.0,100.0,80.0,100.0,100.0,100.0,80.0,100.0,80.0,100.0,100.0,100.0,100.0,100.0,100.0,100.0,100.0,100.0
2024,Post-COVID (2022-2025),Sí,EURO,Kyrgyzstan,KGZ,49.0,45.0,60.0,70.0,56.0,True,,50.0,,,60.0,,,40.0,,,56.0,,,70.0,,30.0,,53.0,,,60.0,,,,47.0,,53.0,,60.0,,60.0,,40.0,80.0,20.0,,60.0,60.0,40.0,40.0,80.0,60.0,,40.0,20.0,60.0,60.0,60.0,60.0,40.0,40.0,60.0,60.0,60.0,60.0,60.0,40.0,60.0,40.0,40.0,60.0,60.0,80.0,40.0,60.0,60.0,40.0,60.0,20.0,20.0,40.0,40.0
2024,Post-COVID (2022-2025),Sí,WPRO,Lao People's Democratic Republic,LAO,55.0,50.0,80.0,80.0,64.0,True,,60.0,,,80.0,,,40.0,,,64.0,,,80.0,,40.0,,73.0,,,53.0,,,,47.0,,73.0,,60.0,,60.0,,40.0,60.0,60.0,,80.0,80.0,40.0,80.0,80.0,80.0,,40.0,40.0,80.0,80.0,20.0,60.0,60.0,40.0,40.0,80.0,60.0,60.0,60.0,40.0,80.0,40.0,40.0,40.0,80.0,80.0,80.0,60.0,80.0,60.0,60.0,40.0,40.0,20.0,20.0
2024,Post-COVID (2022-2025),Sí,EMRO,Lebanon,LBN,70.0,50.0,73.0,100.0,84.0,True,,80.0,,,73.0,,,20.0,,,84.0,,,100.0,,60.0,,67.0,,,67.0,,,,60.0,,80.0,,60.0,,80.0,,40.0,80.0,80.0,,80.0,60.0,20.0,100.0,100.0,100.0,,40.0,80.0,80.0,80.0,60.0,60.0,60.0,40.0,80.0,80.0,60.0,40.0,80.0,40.0,80.0,20.0,80.0,80.0,80.0,80.0,80.0,40.0,80.0,80.0,80.0,80.0,80.0,100.0,100.0
2024,Post-COVID (2022-2025),Sí,WPRO,Malaysia,MYS,87.0,70.0,93.0,80.0,80.0,True,,70.0,,,93.0,,,70.0,,,80.0,,,80.0,,100.0,,93.0,,,87.0,,,,80.0,,87.0,,87.0,,100.0,,80.0,80.0,60.0,,100.0,100.0,60.0,80.0,80.0,80.0,,100.0,100.0,100.0,80.0,100.0,80.0,80.0,80.0,80.0,100.0,100.0,80.0,100.0,80.0,80.0,80.0,60.0,60.0,100.0,100.0,100.0,80.0,80.0,80.0,80.0,100.0,100.0,100.0,100.0
2024,Post-COVID (2022-2025),Sí,SEARO,Maldives,MDV,58.0,55.0,80.0,80.0,80.0,True,,50.0,,,80.0,,,60.0,,,80.0,,,80.0,,70.0,,80.0,,,67.0,,,,60.0,,60.0,,60.0,,20.0,,40.0,60.0,40.0,,80.0,80.0,40.0,80.0,80.0,80.0,,60.0,80.0,80.0,80.0,80.0,40.0,60.0,60.0,60.0,60.0,60.0,40.0,20.0,40.0,80.0,80.0,80.0,80.0,80.0,80.0,80.0,80.0,60.0,60.0,80.0,20.0,20.0,40.0,40.0
2024,Post-COVID (2022-2025),Sí,WPRO,Mongolia,MNG,60.0,70.0,80.0,70.0,72.0,True,,60.0,,,80.0,,,80.0,,,72.0,,,70.0,,60.0,,67.0,,,73.0,,,,60.0,,40.0,,53.0,,60.0,,40.0,80.0,40.0,,80.0,80.0,80.0,80.0,80.0,60.0,,60.0,60.0,60.0,80.0,60.0,80.0,60.0,60.0,60.0,40.0,60.0,60.0,60.0,40.0,80.0,80.0,60.0,80.0,60.0,80.0,80.0,60.0,40.0,40.0,40.0,40.0,40.0,40.0,40.0
2024,Post-COVID (2022-2025),Sí,SEARO,Myanmar,MMR,64.0,50.0,73.0,80.0,76.0,True,,30.0,,,73.0,,,70.0,,,76.0,,,80.0,,50.0,,67.0,,,80.0,,,,73.0,,80.0,,67.0,,80.0,,60.0,40.0,20.0,,60.0,80.0,60.0,80.0,80.0,80.0,,60.0,40.0,40.0,100.0,60.0,80.0,60.0,80.0,80.0,80.0,60.0,60.0,80.0,60.0,80.0,80.0,80.0,80.0,60.0,80.0,80.0,80.0,80.0,80.0,80.0,40.0,40.0,40.0,40.0
2024,Post-COVID (2022-2025),Sí,SEARO,Nepal,NPL,49.0,65.0,60.0,50.0,48.0,True,,60.0,,,60.0,,,70.0,,,48.0,,,50.0,,30.0,,53.0,,,73.0,,,,53.0,,40.0,,60.0,,60.0,,20.0,60.0,60.0,,60.0,60.0,60.0,60.0,60.0,40.0,,40.0,20.0,20.0,80.0,60.0,80.0,60.0,40.0,60.0,40.0,60.0,60.0,60.0,20.0,60.0,80.0,20.0,40.0,60.0,60.0,60.0,80.0,40.0,40.0,60.0,40.0,40.0,20.0,20.0
2024,Post-COVID (2022-2025),Sí,EMRO,Oman,OMN,76.0,55.0,73.0,80.0,80.0,True,,40.0,,,73.0,,,70.0,,,80.0,,,80.0,,50.0,,87.0,,,100.0,,,,93.0,,93.0,,80.0,,80.0,,80.0,80.0,0.0,,60.0,80.0,60.0,100.0,80.0,80.0,,40.0,60.0,80.0,100.0,100.0,100.0,100.0,80.0,100.0,100.0,80.0,80.0,80.0,80.0,80.0,80.0,60.0,80.0,80.0,80.0,80.0,100.0,100.0,80.0,80.0,60.0,60.0,80.0,80.0
2024,Post-COVID (2022-2025),Sí,EMRO,Pakistan,PAK,52.0,50.0,40.0,80.0,64.0,True,,40.0,,,40.0,,,60.0,,,64.0,,,80.0,,40.0,,53.0,,,67.0,,,,40.0,,40.0,,33.0,,60.0,,20.0,40.0,40.0,,40.0,40.0,60.0,60.0,80.0,80.0,,40.0,40.0,20.0,80.0,60.0,60.0,40.0,40.0,40.0,40.0,40.0,40.0,60.0,20.0,40.0,60.0,40.0,80.0,80.0,60.0,60.0,80.0,40.0,40.0,20.0,40.0,40.0,100.0,100.0
2024,Post-COVID (2022-2025),Sí,WPRO,Philippines,PHL,62.0,65.0,67.0,60.0,60.0,True,,60.0,,,67.0,,,70.0,,,60.0,,,60.0,,40.0,,73.0,,,80.0,,,,40.0,,73.0,,87.0,,60.0,,60.0,60.0,60.0,,60.0,80.0,60.0,60.0,60.0,60.0,,40.0,40.0,60.0,80.0,80.0,80.0,40.0,40.0,40.0,60.0,100.0,80.0,60.0,60.0,60.0,80.0,40.0,40.0,80.0,80.0,80.0,80.0,80.0,80.0,80.0,60.0,60.0,40.0,40.0
2024,Post-COVID (2022-2025),Sí,EMRO,Qatar,QAT,89.0,90.0,80.0,90.0,92.0,True,,80.0,,,80.0,,,100.0,,,92.0,,,90.0,,70.0,,87.0,,,100.0,,,,93.0,,80.0,,80.0,,80.0,,100.0,80.0,80.0,,80.0,80.0,100.0,100.0,80.0,100.0,,80.0,60.0,80.0,100.0,100.0,100.0,80.0,100.0,100.0,60.0,80.0,80.0,80.0,100.0,80.0,100.0,80.0,100.0,100.0,80.0,100.0,80.0,100.0,80.0,80.0,100.0,100.0,100.0,100.0
2024,Post-COVID (2022-2025),Sí,WPRO,Republic of Korea,KOR,99.0,100.0,93.0,100.0,100.0,True,,100.0,,,93.0,,,100.0,,,100.0,,,100.0,,100.0,,100.0,,,100.0,,,,100.0,,93.0,,100.0,,100.0,,100.0,100.0,100.0,,100.0,100.0,100.0,100.0,100.0,100.0,,100.0,100.0,100.0,100.0,100.0,100.0,100.0,100.0,100.0,100.0,100.0,100.0,100.0,100.0,80.0,100.0,100.0,100.0,100.0,100.0,100.0,100.0,100.0,80.0,100.0,100.0,100.0,100.0,100.0
2024,Post-COVID (2022-2025),Sí,EMRO,Saudi Arabia,SAU,95.0,100.0,87.0,100.0,96.0,True,,100.0,,,87.0,,,100.0,,,96.0,,,100.0,,100.0,,100.0,,,93.0,,,,100.0,,100.0,,87.0,,80.0,,100.0,100.0,100.0,,100.0,80.0,100.0,100.0,100.0,100.0,,100.0,100.0,100.0,100.0,100.0,80.0,100.0,100.0,100.0,100.0,100.0,80.0,80.0,100.0,80.0,100.0,80.0,100.0,100.0,100.0,100.0,100.0,100.0,100.0,80.0,80.0,80.0,100.0,100.0
2024,Post-COVID (2022-2025),Sí,WPRO,Singapore,SGP,96.0,100.0,100.0,100.0,100.0,True,,100.0,,,100.0,,,100.0,,,100.0,,,100.0,,100.0,,93.0,,,100.0,,,,100.0,,100.0,,100.0,,100.0,,80.0,100.0,100.0,,100.0,100.0,100.0,100.0,100.0,100.0,,100.0,100.0,80.0,100.0,100.0,100.0,100.0,100.0,100.0,100.0,100.0,100.0,100.0,80.0,100.0,100.0,100.0,100.0,100.0,100.0,100.0,100.0,100.0,100.0,100.0,80.0,80.0,80.0,80.0
2024,Post-COVID (2022-2025),Sí,SEARO,Sri Lanka,LKA,66.0,55.0,67.0,90.0,60.0,True,,50.0,,,67.0,,,60.0,,,60.0,,,90.0,,50.0,,80.0,,,80.0,,,,60.0,,67.0,,73.0,,40.0,,60.0,40.0,60.0,,60.0,80.0,60.0,60.0,80.0,100.0,,80.0,20.0,80.0,80.0,80.0,80.0,60.0,60.0,60.0,80.0,80.0,60.0,40.0,60.0,60.0,60.0,60.0,20.0,80.0,80.0,80.0,80.0,60.0,60.0,80.0,80.0,80.0,80.0,80.0
2024,Post-COVID (2022-2025),Sí,EMRO,Syrian Arab Republic,SYR,41.0,45.0,20.0,50.0,40.0,True,,60.0,,,20.0,,,30.0,,,40.0,,,50.0,,40.0,,53.0,,,40.0,,,,40.0,,33.0,,33.0,,40.0,,60.0,40.0,80.0,,20.0,20.0,40.0,60.0,40.0,60.0,,40.0,40.0,60.0,40.0,40.0,40.0,40.0,40.0,40.0,20.0,40.0,40.0,40.0,60.0,20.0,20.0,20.0,40.0,40.0,40.0,60.0,40.0,40.0,40.0,20.0,40.0,40.0,40.0,40.0
2024,Post-COVID (2022-2025),Sí,EURO,Tajikistan,TJK,60.0,45.0,67.0,70.0,68.0,True,,30.0,,,67.0,,,60.0,,,68.0,,,70.0,,80.0,,53.0,,,80.0,,,,67.0,,53.0,,73.0,,60.0,,40.0,40.0,20.0,,80.0,60.0,60.0,60.0,60.0,80.0,,80.0,80.0,60.0,80.0,80.0,80.0,60.0,80.0,60.0,40.0,80.0,60.0,60.0,40.0,60.0,60.0,60.0,80.0,80.0,60.0,60.0,40.0,60.0,60.0,80.0,40.0,40.0,60.0,60.0
2024,Post-COVID (2022-2025),Sí,SEARO,Thailand,THA,89.0,85.0,87.0,100.0,84.0,True,,90.0,,,87.0,,,80.0,,,84.0,,,100.0,,80.0,,100.0,,,93.0,,,,80.0,,93.0,,87.0,,80.0,,80.0,100.0,80.0,,80.0,100.0,80.0,80.0,100.0,100.0,,80.0,80.0,100.0,100.0,100.0,80.0,80.0,80.0,80.0,100.0,100.0,80.0,80.0,80.0,80.0,80.0,80.0,80.0,80.0,100.0,100.0,100.0,100.0,80.0,80.0,100.0,100.0,100.0,100.0
2024,Post-COVID (2022-2025),Sí,SEARO,Timor-Leste,TLS,51.0,65.0,80.0,60.0,68.0,True,,60.0,,,80.0,,,70.0,,,68.0,,,60.0,,60.0,,80.0,,,40.0,,,,40.0,,73.0,,53.0,,20.0,,20.0,60.0,60.0,,80.0,80.0,60.0,60.0,60.0,60.0,,60.0,60.0,80.0,40.0,40.0,40.0,40.0,20.0,60.0,60.0,60.0,40.0,20.0,20.0,80.0,80.0,60.0,60.0,80.0,80.0,80.0,80.0,80.0,80.0,60.0,20.0,20.0,20.0,20.0
2024,Post-COVID (2022-2025),Sí,EURO,Türkiye,TUR,75.0,70.0,80.0,100.0,84.0,True,,60.0,,,80.0,,,80.0,,,84.0,,,100.0,,80.0,,87.0,,,87.0,,,,80.0,,47.0,,100.0,,60.0,,20.0,80.0,40.0,,80.0,80.0,80.0,80.0,100.0,100.0,,80.0,80.0,100.0,80.0,100.0,80.0,80.0,80.0,80.0,40.0,100.0,100.0,60.0,20.0,80.0,80.0,60.0,100.0,100.0,80.0,80.0,80.0,80.0,20.0,100.0,60.0,60.0,100.0,100.0
2024,Post-COVID (2022-2025),Sí,EURO,Turkmenistan,TKM,81.0,80.0,93.0,80.0,96.0,True,,70.0,,,93.0,,,90.0,,,96.0,,,80.0,,80.0,,80.0,,,80.0,,,,80.0,,80.0,,100.0,,80.0,,80.0,80.0,60.0,,80.0,100.0,80.0,100.0,80.0,80.0,,80.0,80.0,80.0,80.0,80.0,80.0,80.0,80.0,80.0,80.0,100.0,100.0,80.0,80.0,100.0,100.0,100.0,100.0,80.0,100.0,80.0,80.0,80.0,80.0,100.0,60.0,60.0,60.0,60.0
2024,Post-COVID (2022-2025),Sí,EMRO,United Arab Emirates,ARE,97.0,100.0,100.0,100.0,100.0,True,,100.0,,,100.0,,,100.0,,,100.0,,,100.0,,80.0,,100.0,,,100.0,,,,93.0,,100.0,,100.0,,100.0,,80.0,100.0,100.0,,100.0,100.0,100.0,100.0,100.0,100.0,,100.0,60.0,100.0,100.0,100.0,100.0,80.0,100.0,100.0,100.0,100.0,100.0,100.0,80.0,100.0,100.0,100.0,100.0,100.0,100.0,100.0,100.0,100.0,100.0,100.0,100.0,100.0,100.0,100.0
2024,Post-COVID (2022-2025),Sí,EURO,Uzbekistan,UZB,73.0,65.0,80.0,80.0,72.0,True,,60.0,,,80.0,,,70.0,,,72.0,,,80.0,,80.0,,80.0,,,73.0,,,,73.0,,80.0,,80.0,,60.0,,60.0,60.0,60.0,,80.0,80.0,60.0,80.0,80.0,80.0,,80.0,80.0,80.0,80.0,60.0,80.0,80.0,80.0,60.0,80.0,80.0,80.0,60.0,60.0,80.0,80.0,60.0,60.0,80.0,80.0,80.0,80.0,80.0,80.0,80.0,60.0,60.0,80.0,80.0
2024,Post-COVID (2022-2025),Sí,WPRO,Viet Nam,VNM,56.0,55.0,53.0,60.0,60.0,True,,60.0,,,53.0,,,50.0,,,60.0,,,60.0,,50.0,,47.0,,,53.0,,,,53.0,,60.0,,60.0,,60.0,,40.0,60.0,60.0,,40.0,60.0,60.0,60.0,60.0,60.0,,60.0,40.0,20.0,60.0,60.0,40.0,60.0,60.0,40.0,60.0,60.0,60.0,60.0,40.0,60.0,40.0,40.0,60.0,60.0,80.0,60.0,60.0,60.0,60.0,60.0,80.0,80.0,60.0,60.0
2024,Post-COVID (2022-2025),Sí,EMRO,Yemen,YEM,36.0,40.0,33.0,40.0,36.0,True,,30.0,,,33.0,,,50.0,,,36.0,,,40.0,,30.0,,47.0,,,33.0,,,,40.0,,27.0,,27.0,,40.0,,40.0,20.0,40.0,,40.0,40.0,60.0,40.0,20.0,60.0,,40.0,20.0,40.0,40.0,20.0,40.0,40.0,40.0,40.0,20.0,20.0,20.0,40.0,40.0,20.0,40.0,20.0,40.0,60.0,20.0,60.0,40.0,40.0,20.0,40.0,20.0,20.0,40.0,40.0
2024,Post-COVID (2022-2025),Sí,EURO,Albania,ALB,88.0,90.0,100.0,90.0,68.0,True,,100.0,,,100.0,,,80.0,,,68.0,,,90.0,,90.0,,93.0,,,93.0,,,,73.0,,87.0,,87.0,,100.0,,100.0,100.0,100.0,,100.0,100.0,80.0,80.0,100.0,80.0,,80.0,100.0,100.0,80.0,100.0,100.0,60.0,80.0,80.0,100.0,80.0,80.0,100.0,100.0,100.0,80.0,60.0,60.0,80.0,60.0,80.0,100.0,80.0,80.0,100.0,80.0,80.0,80.0,80.0
2024,Post-COVID (2022-2025),Sí,EURO,Andorra,AND,50.0,35.0,33.0,80.0,56.0,True,,30.0,,,33.0,,,40.0,,,56.0,,,80.0,,40.0,,27.0,,,53.0,,,,53.0,,73.0,,60.0,,60.0,,80.0,20.0,40.0,,40.0,40.0,40.0,80.0,80.0,80.0,,60.0,20.0,20.0,20.0,100.0,40.0,40.0,60.0,60.0,80.0,80.0,40.0,60.0,80.0,20.0,40.0,20.0,20.0,80.0,80.0,20.0,40.0,80.0,60.0,60.0,40.0,40.0,20.0,20.0
2024,Post-COVID (2022-2025),Sí,EURO,Austria,AUT,67.0,40.0,67.0,100.0,72.0,True,,40.0,,,67.0,,,40.0,,,72.0,,,100.0,,60.0,,53.0,,,73.0,,,,87.0,,60.0,,40.0,,100.0,,80.0,60.0,20.0,,80.0,80.0,0.0,80.0,100.0,100.0,,60.0,60.0,20.0,80.0,100.0,40.0,100.0,80.0,80.0,60.0,20.0,20.0,100.0,80.0,40.0,80.0,80.0,60.0,80.0,60.0,80.0,60.0,60.0,60.0,80.0,40.0,40.0,100.0,100.0
2024,Post-COVID (2022-2025),Sí,EURO,Belarus,BLR,96.0,80.0,100.0,100.0,100.0,True,,60.0,,,100.0,,,100.0,,,100.0,,,100.0,,100.0,,100.0,,,100.0,,,,87.0,,100.0,,100.0,,100.0,,100.0,100.0,20.0,,100.0,100.0,100.0,100.0,100.0,100.0,,100.0,100.0,100.0,100.0,100.0,100.0,80.0,80.0,100.0,100.0,100.0,100.0,100.0,100.0,100.0,100.0,100.0,100.0,100.0,100.0,100.0,100.0,100.0,100.0,100.0,100.0,100.0,100.0,100.0
2024,Post-COVID (2022-2025),Sí,EURO,Belgium,BEL,76.0,55.0,67.0,90.0,92.0,True,,40.0,,,67.0,,,70.0,,,92.0,,,90.0,,70.0,,87.0,,,87.0,,,,80.0,,80.0,,80.0,,60.0,,60.0,60.0,20.0,,80.0,80.0,60.0,80.0,100.0,80.0,,60.0,80.0,80.0,80.0,100.0,80.0,60.0,80.0,100.0,80.0,80.0,80.0,60.0,60.0,40.0,80.0,100.0,100.0,100.0,80.0,100.0,80.0,80.0,80.0,80.0,80.0,80.0,100.0,100.0
2024,Post-COVID (2022-2025),No,EURO,Bosnia and Herzegovina,BIH,,,,,,False,,,,,,,,,,,,,,,,,,,,,,,,,,,,,,,,,,,,,,,,,,,,,,,,,,,,,,,,,,,,,,,,,,,,,,,,
2024,Post-COVID (2022-2025),Sí,EURO,Bulgaria,BGR,74.0,75.0,60.0,90.0,84.0,True,,80.0,,,60.0,,,70.0,,,84.0,,,90.0,,60.0,,73.0,,,73.0,,,,73.0,,67.0,,67.0,,80.0,,80.0,80.0,80.0,,40.0,80.0,60.0,80.0,80.0,100.0,,60.0,60.0,80.0,80.0,60.0,80.0,60.0,80.0,80.0,60.0,80.0,60.0,80.0,80.0,60.0,80.0,80.0,80.0,80.0,100.0,80.0,60.0,60.0,80.0,60.0,60.0,60.0,100.0,100.0
2024,Post-COVID (2022-2025),Sí,EURO,Croatia,HRV,75.0,50.0,80.0,90.0,48.0,True,,30.0,,,80.0,,,70.0,,,48.0,,,90.0,,70.0,,73.0,,,93.0,,,,73.0,,80.0,,93.0,,80.0,,80.0,40.0,20.0,,80.0,80.0,60.0,20.0,100.0,80.0,,80.0,60.0,60.0,100.0,100.0,80.0,60.0,80.0,80.0,80.0,100.0,100.0,80.0,80.0,80.0,80.0,20.0,20.0,100.0,80.0,80.0,80.0,80.0,80.0,80.0,80.0,80.0,80.0,80.0
2024,Post-COVID (2022-2025),Sí,EURO,Czech Republic,CZE,77.0,60.0,67.0,100.0,96.0,True,,50.0,,,67.0,,,70.0,,,96.0,,,100.0,,70.0,,87.0,,,93.0,,,,87.0,,60.0,,40.0,,80.0,,80.0,60.0,40.0,,40.0,80.0,60.0,100.0,100.0,100.0,,60.0,80.0,80.0,100.0,100.0,80.0,80.0,80.0,100.0,60.0,20.0,20.0,80.0,80.0,80.0,80.0,100.0,100.0,80.0,100.0,80.0,100.0,80.0,40.0,80.0,80.0,80.0,100.0,100.0
2024,Post-COVID (2022-2025),Sí,EURO,Denmark,DNK,97.0,85.0,100.0,100.0,100.0,True,,100.0,,,100.0,,,70.0,,,100.0,,,100.0,,100.0,,87.0,,,93.0,,,,100.0,,100.0,,100.0,,100.0,,100.0,100.0,100.0,,100.0,100.0,80.0,100.0,100.0,100.0,,100.0,100.0,80.0,100.0,100.0,80.0,100.0,100.0,100.0,100.0,100.0,100.0,100.0,100.0,100.0,60.0,100.0,100.0,100.0,100.0,80.0,100.0,100.0,100.0,100.0,100.0,100.0,100.0,100.0
2024,Post-COVID (2022-2025),Sí,EURO,Estonia,EST,73.0,75.0,73.0,80.0,60.0,True,,70.0,,,73.0,,,80.0,,,60.0,,,80.0,,70.0,,73.0,,,80.0,,,,60.0,,67.0,,60.0,,80.0,,80.0,80.0,60.0,,80.0,80.0,80.0,80.0,80.0,80.0,,60.0,80.0,80.0,80.0,80.0,80.0,60.0,60.0,60.0,60.0,60.0,60.0,80.0,80.0,60.0,80.0,40.0,40.0,80.0,60.0,80.0,60.0,80.0,60.0,60.0,80.0,80.0,80.0,80.0
2024,Post-COVID (2022-2025),Sí,EURO,Finland,FIN,85.0,85.0,80.0,80.0,92.0,True,,90.0,,,80.0,,,80.0,,,92.0,,,80.0,,60.0,,80.0,,,87.0,,,,93.0,,87.0,,80.0,,100.0,,100.0,80.0,100.0,,80.0,80.0,80.0,100.0,80.0,80.0,,60.0,60.0,80.0,80.0,100.0,80.0,100.0,80.0,100.0,80.0,80.0,80.0,100.0,100.0,80.0,80.0,60.0,100.0,100.0,100.0,80.0,80.0,100.0,80.0,80.0,60.0,60.0,100.0,100.0
2024,Post-COVID (2022-2025),Sí,EURO,France,FRA,88.0,75.0,100.0,100.0,96.0,True,,80.0,,,100.0,,,70.0,,,96.0,,,100.0,,80.0,,100.0,,,100.0,,,,80.0,,80.0,,60.0,,100.0,,80.0,100.0,60.0,,100.0,100.0,40.0,80.0,100.0,100.0,,80.0,80.0,100.0,100.0,100.0,100.0,80.0,80.0,80.0,80.0,60.0,40.0,100.0,80.0,100.0,100.0,100.0,100.0,100.0,100.0,100.0,100.0,80.0,80.0,80.0,100.0,100.0,100.0,100.0
2024,Post-COVID (2022-2025),Sí,EURO,Germany,DEU,85.0,95.0,100.0,100.0,88.0,True,,90.0,,,100.0,,,100.0,,,88.0,,,100.0,,80.0,,80.0,,,93.0,,,,93.0,,60.0,,67.0,,80.0,,80.0,100.0,80.0,,100.0,100.0,100.0,80.0,100.0,100.0,,80.0,80.0,80.0,100.0,100.0,80.0,80.0,100.0,100.0,60.0,60.0,60.0,80.0,80.0,100.0,100.0,100.0,100.0,80.0,80.0,80.0,80.0,60.0,60.0,80.0,80.0,80.0,80.0,80.0
2024,Post-COVID (2022-2025),Sí,EURO,Greece,GRC,60.0,50.0,47.0,80.0,80.0,True,,50.0,,,47.0,,,50.0,,,80.0,,,80.0,,40.0,,60.0,,,60.0,,,,60.0,,47.0,,47.0,,60.0,,60.0,60.0,40.0,,60.0,40.0,60.0,80.0,80.0,80.0,,60.0,20.0,60.0,60.0,60.0,60.0,60.0,60.0,60.0,40.0,60.0,60.0,60.0,60.0,40.0,40.0,80.0,80.0,80.0,80.0,80.0,40.0,40.0,60.0,20.0,60.0,60.0,100.0,100.0
2024,Post-COVID (2022-2025),Sí,EURO,Holy See,VAT,72.0,60.0,67.0,60.0,68.0,True,,50.0,,,67.0,,,70.0,,,68.0,,,60.0,,80.0,,80.0,,,80.0,,,,60.0,,80.0,,80.0,,80.0,,80.0,60.0,40.0,,60.0,80.0,60.0,80.0,40.0,80.0,,80.0,80.0,80.0,80.0,80.0,80.0,60.0,60.0,60.0,80.0,80.0,80.0,80.0,80.0,60.0,80.0,80.0,80.0,40.0,60.0,80.0,80.0,80.0,80.0,80.0,60.0,60.0,80.0,80.0
2024,Post-COVID (2022-2025),Sí,EURO,Hungary,HUN,71.0,50.0,73.0,80.0,80.0,True,,50.0,,,73.0,,,50.0,,,80.0,,,80.0,,30.0,,80.0,,,73.0,,,,87.0,,47.0,,53.0,,80.0,,80.0,80.0,20.0,,80.0,60.0,20.0,100.0,80.0,80.0,,40.0,20.0,80.0,80.0,60.0,80.0,80.0,80.0,100.0,60.0,60.0,40.0,80.0,80.0,80.0,80.0,60.0,80.0,80.0,80.0,80.0,80.0,60.0,20.0,60.0,100.0,100.0,100.0,100.0
2024,Post-COVID (2022-2025),Sí,EURO,Iceland,ISL,78.0,80.0,80.0,100.0,60.0,True,,80.0,,,80.0,,,80.0,,,60.0,,,100.0,,70.0,,87.0,,,67.0,,,,67.0,,73.0,,80.0,,80.0,,100.0,80.0,80.0,,80.0,80.0,60.0,20.0,100.0,100.0,,80.0,60.0,80.0,80.0,40.0,80.0,60.0,60.0,80.0,80.0,80.0,80.0,80.0,100.0,80.0,100.0,60.0,60.0,80.0,80.0,100.0,80.0,60.0,80.0,80.0,60.0,60.0,80.0,80.0
2024,Post-COVID (2022-2025),Sí,EURO,Ireland,IRL,77.0,60.0,80.0,90.0,76.0,True,,40.0,,,80.0,,,80.0,,,76.0,,,90.0,,80.0,,53.0,,,87.0,,,,80.0,,87.0,,67.0,,80.0,,100.0,40.0,40.0,,80.0,80.0,80.0,60.0,80.0,100.0,,80.0,80.0,60.0,80.0,100.0,80.0,80.0,80.0,80.0,80.0,60.0,60.0,80.0,100.0,80.0,80.0,80.0,80.0,80.0,80.0,40.0,60.0,100.0,80.0,80.0,80.0,80.0,80.0,80.0
2024,Post-COVID (2022-2025),Sí,EURO,Italy,ITA,69.0,50.0,60.0,80.0,76.0,True,,30.0,,,60.0,,,70.0,,,76.0,,,80.0,,30.0,,73.0,,,87.0,,,,53.0,,60.0,,73.0,,80.0,,100.0,20.0,40.0,,20.0,80.0,60.0,80.0,80.0,80.0,,40.0,20.0,60.0,80.0,100.0,80.0,20.0,40.0,100.0,60.0,80.0,60.0,80.0,100.0,80.0,80.0,80.0,60.0,100.0,60.0,80.0,80.0,60.0,60.0,80.0,80.0,80.0,80.0,80.0
2024,Post-COVID (2022-2025),Sí,EURO,Latvia,LVA,68.0,50.0,80.0,80.0,84.0,True,,50.0,,,80.0,,,50.0,,,84.0,,,80.0,,50.0,,87.0,,,80.0,,,,67.0,,53.0,,60.0,,80.0,,80.0,80.0,20.0,,80.0,80.0,40.0,60.0,80.0,80.0,,80.0,20.0,100.0,80.0,80.0,80.0,60.0,60.0,80.0,40.0,40.0,60.0,80.0,80.0,80.0,60.0,80.0,100.0,80.0,100.0,80.0,80.0,60.0,60.0,80.0,60.0,60.0,60.0,60.0
2024,Post-COVID (2022-2025),Sí,EURO,Liechtenstein,LIE,80.0,95.0,80.0,100.0,96.0,True,,90.0,,,80.0,,,100.0,,,96.0,,,100.0,,80.0,,80.0,,,87.0,,,,67.0,,80.0,,0.0,,80.0,,80.0,100.0,80.0,,80.0,80.0,100.0,80.0,100.0,100.0,,80.0,80.0,80.0,80.0,100.0,80.0,60.0,60.0,80.0,80.0,0.0,0.0,80.0,80.0,80.0,100.0,100.0,100.0,100.0,100.0,80.0,80.0,80.0,80.0,0.0,80.0,80.0,100.0,100.0
2024,Post-COVID (2022-2025),Sí,EURO,Lithuania,LTU,87.0,90.0,93.0,80.0,76.0,True,,100.0,,,93.0,,,80.0,,,76.0,,,80.0,,70.0,,100.0,,,87.0,,,,80.0,,80.0,,93.0,,80.0,,100.0,100.0,100.0,,100.0,100.0,80.0,80.0,80.0,80.0,,80.0,60.0,100.0,80.0,100.0,80.0,80.0,80.0,80.0,80.0,100.0,80.0,80.0,100.0,80.0,80.0,40.0,100.0,80.0,80.0,100.0,100.0,80.0,80.0,100.0,80.0,80.0,100.0,100.0
2024,Post-COVID (2022-2025),Sí,EURO,Luxembourg,LUX,67.0,55.0,40.0,60.0,84.0,True,,30.0,,,40.0,,,80.0,,,84.0,,,60.0,,80.0,,93.0,,,73.0,,,,67.0,,73.0,,67.0,,60.0,,80.0,40.0,20.0,,40.0,40.0,60.0,80.0,60.0,60.0,,80.0,80.0,100.0,80.0,80.0,60.0,60.0,40.0,100.0,60.0,60.0,60.0,60.0,80.0,40.0,100.0,80.0,100.0,80.0,80.0,100.0,80.0,80.0,80.0,80.0,60.0,60.0,60.0,60.0
2024,Post-COVID (2022-2025),Sí,EURO,Malta,MLT,69.0,75.0,73.0,80.0,80.0,True,,80.0,,,73.0,,,70.0,,,80.0,,,80.0,,80.0,,40.0,,,93.0,,,,93.0,,80.0,,67.0,,80.0,,60.0,60.0,100.0,,80.0,80.0,60.0,100.0,80.0,80.0,,60.0,100.0,20.0,100.0,100.0,80.0,100.0,100.0,80.0,80.0,80.0,40.0,80.0,60.0,60.0,80.0,60.0,60.0,100.0,80.0,20.0,80.0,80.0,80.0,80.0,20.0,20.0,40.0,40.0
2024,Post-COVID (2022-2025),Sí,EURO,Monaco,MCO,79.0,65.0,67.0,90.0,64.0,True,,30.0,,,67.0,,,100.0,,,64.0,,,90.0,,80.0,,100.0,,,100.0,,,,93.0,,87.0,,87.0,,80.0,,80.0,40.0,20.0,,80.0,100.0,100.0,80.0,80.0,100.0,,80.0,80.0,100.0,100.0,100.0,100.0,100.0,80.0,100.0,100.0,80.0,80.0,80.0,80.0,20.0,100.0,80.0,20.0,40.0,100.0,100.0,100.0,80.0,80.0,100.0,40.0,40.0,80.0,80.0
2024,Post-COVID (2022-2025),Sí,EURO,Montenegro,MNE,55.0,50.0,53.0,80.0,60.0,True,,60.0,,,53.0,,,40.0,,,60.0,,,80.0,,40.0,,53.0,,,67.0,,,,53.0,,60.0,,40.0,,80.0,,80.0,60.0,60.0,,40.0,60.0,40.0,80.0,80.0,80.0,,40.0,40.0,60.0,60.0,60.0,80.0,60.0,60.0,40.0,80.0,40.0,40.0,80.0,80.0,60.0,40.0,40.0,60.0,80.0,40.0,80.0,20.0,80.0,20.0,40.0,20.0,20.0,40.0,40.0
2024,Post-COVID (2022-2025),Sí,EURO,Netherlands (Kingdom of the),NLD,85.0,80.0,80.0,80.0,84.0,True,,80.0,,,80.0,,,80.0,,,84.0,,,80.0,,80.0,,73.0,,,80.0,,,,80.0,,73.0,,80.0,,100.0,,100.0,80.0,80.0,,80.0,80.0,80.0,80.0,80.0,80.0,,80.0,80.0,80.0,80.0,80.0,80.0,80.0,80.0,80.0,60.0,80.0,80.0,100.0,100.0,80.0,80.0,60.0,80.0,100.0,100.0,80.0,60.0,100.0,60.0,80.0,100.0,100.0,100.0,100.0
2024,Post-COVID (2022-2025),Sí,EURO,North Macedonia,MKD,62.0,60.0,80.0,80.0,68.0,True,,50.0,,,80.0,,,70.0,,,68.0,,,80.0,,30.0,,67.0,,,60.0,,,,53.0,,47.0,,100.0,,60.0,,80.0,80.0,20.0,,80.0,80.0,60.0,40.0,80.0,80.0,,40.0,20.0,80.0,80.0,60.0,40.0,40.0,40.0,80.0,40.0,100.0,100.0,60.0,80.0,80.0,80.0,60.0,80.0,80.0,80.0,80.0,40.0,40.0,60.0,100.0,40.0,40.0,40.0,40.0
2024,Post-COVID (2022-2025),Sí,EURO,Norway,NOR,95.0,100.0,100.0,100.0,92.0,True,,100.0,,,100.0,,,100.0,,,92.0,,,100.0,,100.0,,100.0,,,100.0,,,,87.0,,93.0,,80.0,,100.0,,100.0,100.0,100.0,,100.0,100.0,100.0,100.0,100.0,100.0,,100.0,100.0,100.0,100.0,100.0,100.0,80.0,80.0,100.0,80.0,80.0,80.0,100.0,100.0,100.0,100.0,60.0,100.0,100.0,100.0,100.0,100.0,100.0,100.0,80.0,80.0,80.0,100.0,100.0
2024,Post-COVID (2022-2025),Sí,EURO,Poland,POL,74.0,90.0,87.0,100.0,84.0,True,,90.0,,,87.0,,,90.0,,,84.0,,,100.0,,80.0,,80.0,,,0.0,,,,53.0,,0.0,,80.0,,100.0,,100.0,80.0,100.0,,100.0,80.0,100.0,80.0,100.0,100.0,,80.0,80.0,80.0,0.0,0.0,0.0,60.0,60.0,40.0,0.0,80.0,80.0,100.0,100.0,80.0,80.0,80.0,100.0,80.0,80.0,80.0,80.0,0.0,0.0,80.0,60.0,60.0,100.0,100.0
2024,Post-COVID (2022-2025),Sí,EURO,Portugal,PRT,85.0,90.0,87.0,80.0,88.0,True,,100.0,,,87.0,,,80.0,,,88.0,,,80.0,,80.0,,80.0,,,93.0,,,,100.0,,93.0,,87.0,,80.0,,80.0,100.0,100.0,,80.0,100.0,80.0,80.0,80.0,80.0,,80.0,80.0,80.0,100.0,100.0,80.0,100.0,100.0,100.0,100.0,80.0,80.0,80.0,80.0,80.0,80.0,100.0,80.0,100.0,80.0,80.0,80.0,80.0,100.0,100.0,100.0,100.0,40.0,40.0
2024,Post-COVID (2022-2025),Sí,EURO,Republic of Moldova,MDA,62.0,60.0,67.0,80.0,68.0,True,,50.0,,,67.0,,,70.0,,,68.0,,,80.0,,40.0,,73.0,,,73.0,,,,60.0,,60.0,,73.0,,60.0,,60.0,60.0,40.0,,60.0,60.0,60.0,80.0,80.0,80.0,,40.0,40.0,60.0,60.0,80.0,80.0,60.0,60.0,60.0,60.0,60.0,80.0,60.0,60.0,80.0,80.0,60.0,80.0,60.0,60.0,80.0,80.0,60.0,60.0,80.0,40.0,40.0,60.0,60.0
2024,Post-COVID (2022-2025),Sí,EURO,Romania,ROU,62.0,55.0,60.0,80.0,92.0,True,,50.0,,,60.0,,,60.0,,,92.0,,,80.0,,60.0,,67.0,,,67.0,,,,53.0,,47.0,,53.0,,40.0,,60.0,80.0,20.0,,60.0,80.0,60.0,80.0,80.0,80.0,,60.0,60.0,60.0,80.0,60.0,60.0,40.0,60.0,60.0,60.0,40.0,40.0,40.0,60.0,40.0,60.0,100.0,100.0,80.0,100.0,80.0,60.0,60.0,20.0,80.0,40.0,40.0,100.0,100.0
2024,Post-COVID (2022-2025),Sí,EURO,Russian Federation,RUS,100.0,100.0,100.0,100.0,100.0,True,,100.0,,,100.0,,,100.0,,,100.0,,,100.0,,100.0,,100.0,,,100.0,,,,100.0,,100.0,,100.0,,100.0,,100.0,100.0,100.0,,100.0,100.0,100.0,100.0,100.0,100.0,,100.0,100.0,100.0,100.0,100.0,100.0,100.0,100.0,100.0,100.0,100.0,100.0,100.0,100.0,100.0,100.0,100.0,100.0,100.0,100.0,100.0,100.0,100.0,100.0,100.0,100.0,100.0,100.0,100.0
2024,Post-COVID (2022-2025),Sí,EURO,San Marino,SMR,29.0,20.0,33.0,20.0,60.0,True,,20.0,,,33.0,,,20.0,,,60.0,,,20.0,,40.0,,20.0,,,53.0,,,,27.0,,27.0,,0.0,,60.0,,20.0,20.0,20.0,,20.0,40.0,20.0,80.0,20.0,20.0,,60.0,20.0,20.0,20.0,100.0,40.0,20.0,20.0,40.0,20.0,0.0,0.0,60.0,20.0,40.0,20.0,20.0,80.0,100.0,20.0,20.0,20.0,40.0,20.0,0.0,20.0,20.0,20.0,20.0
2024,Post-COVID (2022-2025),Sí,EURO,Serbia,SRB,73.0,85.0,93.0,100.0,48.0,True,,80.0,,,93.0,,,90.0,,,48.0,,,100.0,,50.0,,67.0,,,73.0,,,,67.0,,27.0,,87.0,,80.0,,80.0,80.0,80.0,,100.0,100.0,80.0,80.0,100.0,100.0,,80.0,20.0,40.0,40.0,100.0,80.0,40.0,80.0,80.0,20.0,100.0,60.0,80.0,80.0,80.0,100.0,40.0,20.0,80.0,20.0,80.0,80.0,40.0,20.0,100.0,100.0,100.0,60.0,60.0
2024,Post-COVID (2022-2025),Sí,EURO,Slovakia,SVK,50.0,45.0,40.0,80.0,68.0,True,,50.0,,,40.0,,,40.0,,,68.0,,,80.0,,30.0,,40.0,,,60.0,,,,67.0,,33.0,,40.0,,20.0,,40.0,80.0,20.0,,40.0,60.0,20.0,60.0,80.0,80.0,,20.0,40.0,40.0,60.0,80.0,40.0,60.0,60.0,80.0,40.0,60.0,40.0,20.0,40.0,20.0,60.0,40.0,80.0,80.0,80.0,40.0,40.0,40.0,20.0,20.0,60.0,60.0,80.0,80.0
2024,Post-COVID (2022-2025),Sí,EURO,Slovenia,SVN,81.0,65.0,73.0,90.0,92.0,True,,60.0,,,73.0,,,70.0,,,92.0,,,90.0,,60.0,,80.0,,,87.0,,,,93.0,,73.0,,93.0,,80.0,,100.0,80.0,40.0,,80.0,80.0,60.0,100.0,80.0,100.0,,60.0,60.0,80.0,100.0,80.0,80.0,80.0,100.0,100.0,60.0,100.0,100.0,80.0,100.0,60.0,80.0,80.0,100.0,100.0,80.0,80.0,80.0,80.0,80.0,80.0,80.0,80.0,80.0,80.0
2024,Post-COVID (2022-2025),Sí,EURO,Spain,ESP,78.0,65.0,93.0,80.0,80.0,True,,50.0,,,93.0,,,80.0,,,80.0,,,80.0,,90.0,,80.0,,,93.0,,,,80.0,,27.0,,80.0,,80.0,,80.0,80.0,20.0,,100.0,100.0,80.0,100.0,80.0,80.0,,80.0,100.0,60.0,100.0,100.0,80.0,80.0,80.0,80.0,20.0,80.0,80.0,80.0,80.0,80.0,80.0,60.0,80.0,80.0,80.0,100.0,80.0,40.0,20.0,80.0,100.0,100.0,80.0,80.0
2024,Post-COVID (2022-2025),Sí,EURO,Sweden,SWE,90.0,95.0,93.0,80.0,88.0,True,,90.0,,,93.0,,,100.0,,,88.0,,,80.0,,80.0,,80.0,,,87.0,,,,80.0,,80.0,,93.0,,100.0,,100.0,80.0,100.0,,100.0,100.0,100.0,80.0,80.0,80.0,,80.0,80.0,80.0,80.0,100.0,80.0,80.0,80.0,80.0,80.0,100.0,100.0,100.0,100.0,80.0,100.0,80.0,100.0,100.0,80.0,80.0,80.0,80.0,80.0,80.0,100.0,100.0,100.0,100.0
2024,Post-COVID (2022-2025),Sí,EURO,Switzerland,CHE,90.0,95.0,100.0,80.0,100.0,True,,100.0,,,100.0,,,90.0,,,100.0,,,80.0,,80.0,,73.0,,,87.0,,,,87.0,,100.0,,100.0,,80.0,,80.0,100.0,100.0,,100.0,100.0,80.0,100.0,80.0,80.0,,100.0,60.0,60.0,80.0,100.0,80.0,80.0,80.0,100.0,100.0,100.0,100.0,80.0,80.0,100.0,100.0,100.0,100.0,100.0,100.0,80.0,80.0,100.0,100.0,100.0,100.0,100.0,100.0,100.0
2024,Post-COVID (2022-2025),Sí,EURO,Ukraine,UKR,75.0,70.0,67.0,80.0,80.0,True,,70.0,,,67.0,,,70.0,,,80.0,,,80.0,,80.0,,80.0,,,87.0,,,,60.0,,93.0,,53.0,,60.0,,80.0,80.0,60.0,,80.0,40.0,60.0,80.0,80.0,80.0,,80.0,80.0,80.0,100.0,60.0,100.0,60.0,60.0,60.0,100.0,20.0,60.0,60.0,80.0,80.0,80.0,60.0,80.0,80.0,100.0,80.0,80.0,100.0,80.0,80.0,80.0,80.0,80.0,80.0
2024,Post-COVID (2022-2025),Sí,EURO,United Kingdom of Great Britain and Northern Ireland,GBR,95.0,90.0,93.0,100.0,100.0,True,,80.0,,,93.0,,,100.0,,,100.0,,,100.0,,90.0,,100.0,,,100.0,,,,100.0,,100.0,,67.0,,100.0,,100.0,80.0,80.0,,100.0,100.0,100.0,100.0,100.0,100.0,,100.0,80.0,100.0,100.0,100.0,100.0,100.0,100.0,100.0,100.0,60.0,60.0,100.0,100.0,80.0,100.0,100.0,100.0,100.0,100.0,100.0,100.0,100.0,100.0,80.0,100.0,100.0,100.0,100.0
2025,Post-COVID (2022-2025),Sí,AFRO,Algeria,DZA,80.0,80.0,67.0,100.0,80.0,True,,70.0,,,67.0,,,90.0,,,80.0,,,100.0,,80.0,,87.0,,,93.0,,,,73.0,,87.0,,80.0,,80.0,,80.0,60.0,80.0,,60.0,80.0,80.0,80.0,100.0,100.0,,80.0,80.0,80.0,100.0,100.0,80.0,80.0,60.0,80.0,80.0,80.0,80.0,80.0,80.0,60.0,100.0,60.0,80.0,100.0,80.0,80.0,100.0,80.0,100.0,80.0,80.0,80.0,60.0,60.0
2025,Post-COVID (2022-2025),Sí,AFRO,Angola,AGO,55.0,55.0,87.0,80.0,60.0,True,,50.0,,,87.0,,,60.0,,,60.0,,,80.0,,60.0,,67.0,,,47.0,,,,53.0,,73.0,,47.0,,40.0,,40.0,60.0,40.0,,80.0,100.0,60.0,60.0,80.0,80.0,,40.0,80.0,40.0,80.0,20.0,40.0,40.0,100.0,20.0,60.0,40.0,40.0,40.0,40.0,80.0,60.0,40.0,60.0,60.0,80.0,80.0,80.0,80.0,80.0,60.0,20.0,20.0,40.0,40.0
2025,Post-COVID (2022-2025),Sí,AFRO,Benin,BEN,44.0,35.0,47.0,50.0,40.0,True,,20.0,,,47.0,,,50.0,,,40.0,,,50.0,,40.0,,80.0,,,47.0,,,,40.0,,53.0,,20.0,,60.0,,60.0,20.0,20.0,,20.0,40.0,60.0,40.0,40.0,60.0,,60.0,20.0,80.0,80.0,20.0,40.0,60.0,20.0,40.0,60.0,20.0,20.0,60.0,60.0,80.0,40.0,40.0,40.0,60.0,20.0,80.0,80.0,40.0,60.0,20.0,20.0,20.0,40.0,40.0
2025,Post-COVID (2022-2025),Sí,AFRO,Botswana,BWA,41.0,40.0,53.0,60.0,60.0,True,,40.0,,,53.0,,,40.0,,,60.0,,,60.0,,30.0,,27.0,,,47.0,,,,33.0,,40.0,,40.0,,40.0,,20.0,60.0,20.0,,40.0,60.0,60.0,60.0,60.0,60.0,,40.0,20.0,40.0,20.0,80.0,40.0,40.0,20.0,40.0,40.0,40.0,60.0,40.0,20.0,60.0,20.0,40.0,60.0,80.0,60.0,20.0,20.0,40.0,40.0,20.0,20.0,20.0,60.0,60.0
2025,Post-COVID (2022-2025),Sí,AFRO,Burkina Faso,BFA,41.0,40.0,53.0,50.0,56.0,True,,30.0,,,53.0,,,50.0,,,56.0,,,50.0,,30.0,,73.0,,,27.0,,,,33.0,,40.0,,33.0,,40.0,,40.0,20.0,40.0,,40.0,60.0,60.0,40.0,60.0,40.0,,40.0,20.0,60.0,20.0,40.0,20.0,40.0,20.0,40.0,40.0,40.0,40.0,40.0,40.0,60.0,40.0,40.0,60.0,80.0,60.0,80.0,80.0,40.0,40.0,20.0,20.0,20.0,40.0,40.0
2025,Post-COVID (2022-2025),Sí,AFRO,Burundi,BDI,37.0,50.0,40.0,80.0,36.0,True,,50.0,,,40.0,,,50.0,,,36.0,,,80.0,,30.0,,40.0,,,47.0,,,,47.0,,33.0,,20.0,,20.0,,20.0,60.0,40.0,,20.0,20.0,60.0,40.0,80.0,80.0,,40.0,20.0,20.0,80.0,40.0,20.0,40.0,20.0,80.0,40.0,20.0,20.0,20.0,20.0,80.0,40.0,20.0,20.0,80.0,20.0,80.0,20.0,40.0,20.0,20.0,20.0,20.0,20.0,20.0
2025,Post-COVID (2022-2025),Sí,AFRO,Cabo Verde,CPV,58.0,75.0,67.0,60.0,60.0,True,,80.0,,,67.0,,,70.0,,,60.0,,,60.0,,50.0,,67.0,,,73.0,,,,53.0,,87.0,,60.0,,60.0,,40.0,80.0,80.0,,40.0,80.0,60.0,60.0,60.0,60.0,,40.0,60.0,60.0,80.0,80.0,60.0,60.0,40.0,60.0,100.0,60.0,60.0,60.0,40.0,80.0,80.0,80.0,40.0,60.0,60.0,60.0,80.0,80.0,80.0,60.0,20.0,20.0,20.0,20.0
2025,Post-COVID (2022-2025),Sí,AFRO,Cameroon,CMR,39.0,40.0,47.0,60.0,28.0,True,,40.0,,,47.0,,,40.0,,,28.0,,,60.0,,30.0,,60.0,,,33.0,,,,40.0,,40.0,,33.0,,40.0,,40.0,40.0,40.0,,40.0,60.0,40.0,20.0,60.0,60.0,,40.0,20.0,60.0,40.0,20.0,40.0,40.0,40.0,40.0,40.0,40.0,40.0,40.0,40.0,40.0,40.0,20.0,20.0,60.0,20.0,80.0,40.0,40.0,40.0,20.0,20.0,20.0,40.0,40.0
2025,Post-COVID (2022-2025),Sí,AFRO,Central African Republic,CAF,34.0,30.0,47.0,70.0,36.0,True,,20.0,,,47.0,,,40.0,,,36.0,,,70.0,,30.0,,40.0,,,60.0,,,,20.0,,33.0,,20.0,,40.0,,20.0,20.0,20.0,,40.0,40.0,40.0,20.0,60.0,80.0,,20.0,40.0,40.0,60.0,60.0,60.0,20.0,20.0,20.0,20.0,20.0,20.0,40.0,20.0,60.0,40.0,20.0,20.0,60.0,60.0,60.0,20.0,20.0,60.0,20.0,20.0,20.0,20.0,20.0
2025,Post-COVID (2022-2025),Sí,AFRO,Chad,TCD,39.0,40.0,33.0,80.0,52.0,True,,30.0,,,33.0,,,50.0,,,52.0,,,80.0,,40.0,,47.0,,,33.0,,,,47.0,,33.0,,20.0,,40.0,,20.0,20.0,40.0,,20.0,40.0,60.0,60.0,80.0,80.0,,60.0,20.0,20.0,60.0,20.0,20.0,60.0,40.0,40.0,60.0,20.0,20.0,40.0,20.0,40.0,40.0,40.0,40.0,60.0,60.0,80.0,40.0,20.0,20.0,20.0,40.0,40.0,20.0,20.0
2025,Post-COVID (2022-2025),Sí,AFRO,Comoros,COM,50.0,45.0,40.0,70.0,60.0,True,,40.0,,,40.0,,,50.0,,,60.0,,,70.0,,40.0,,40.0,,,80.0,,,,67.0,,80.0,,20.0,,60.0,,40.0,40.0,40.0,,40.0,40.0,40.0,80.0,80.0,60.0,,60.0,20.0,80.0,80.0,80.0,80.0,100.0,40.0,60.0,80.0,20.0,20.0,60.0,40.0,40.0,60.0,40.0,60.0,60.0,60.0,20.0,20.0,80.0,80.0,20.0,20.0,20.0,40.0,40.0
2025,Post-COVID (2022-2025),Sí,AFRO,Congo,COG,43.0,40.0,67.0,80.0,48.0,True,,40.0,,,67.0,,,40.0,,,48.0,,,80.0,,30.0,,60.0,,,47.0,,,,40.0,,27.0,,40.0,,40.0,,20.0,40.0,40.0,,60.0,60.0,40.0,40.0,80.0,80.0,,40.0,20.0,80.0,80.0,20.0,40.0,60.0,40.0,20.0,20.0,60.0,40.0,40.0,20.0,80.0,40.0,40.0,20.0,80.0,60.0,80.0,20.0,20.0,40.0,20.0,20.0,20.0,40.0,40.0
2025,Post-COVID (2022-2025),Sí,AFRO,Côte d'Ivoire,CIV,51.0,30.0,33.0,80.0,56.0,True,,20.0,,,33.0,,,40.0,,,56.0,,,80.0,,40.0,,73.0,,,67.0,,,,40.0,,80.0,,53.0,,60.0,,40.0,20.0,20.0,,40.0,40.0,40.0,60.0,80.0,80.0,,60.0,20.0,60.0,80.0,60.0,60.0,60.0,20.0,40.0,80.0,40.0,60.0,60.0,40.0,20.0,40.0,40.0,60.0,60.0,60.0,80.0,80.0,80.0,80.0,60.0,40.0,40.0,40.0,40.0
2025,Post-COVID (2022-2025),Sí,AFRO,Democratic Republic of the Congo,COD,45.0,50.0,33.0,70.0,60.0,True,,40.0,,,33.0,,,60.0,,,60.0,,,70.0,,40.0,,53.0,,,33.0,,,,33.0,,53.0,,53.0,,40.0,,40.0,40.0,40.0,,20.0,20.0,60.0,60.0,60.0,80.0,,40.0,40.0,60.0,40.0,20.0,40.0,40.0,20.0,40.0,40.0,60.0,60.0,40.0,40.0,60.0,60.0,60.0,60.0,60.0,60.0,80.0,20.0,60.0,60.0,40.0,20.0,20.0,40.0,40.0
2025,Post-COVID (2022-2025),Sí,EMRO,Djibouti,DJI,39.0,25.0,47.0,100.0,32.0,True,,30.0,,,47.0,,,20.0,,,32.0,,,100.0,,40.0,,27.0,,,80.0,,,,20.0,,20.0,,27.0,,40.0,,60.0,40.0,20.0,,40.0,20.0,20.0,20.0,100.0,100.0,,40.0,40.0,20.0,100.0,100.0,40.0,20.0,20.0,20.0,20.0,20.0,40.0,40.0,60.0,80.0,20.0,20.0,20.0,40.0,60.0,40.0,20.0,20.0,20.0,20.0,20.0,20.0,20.0,20.0
2025,Post-COVID (2022-2025),Sí,EMRO,Egypt,EGY,91.0,95.0,87.0,100.0,84.0,True,,90.0,,,87.0,,,100.0,,,84.0,,,100.0,,100.0,,100.0,,,100.0,,,,80.0,,80.0,,100.0,,80.0,,80.0,80.0,100.0,,80.0,100.0,100.0,80.0,100.0,100.0,,100.0,100.0,100.0,100.0,100.0,100.0,100.0,60.0,80.0,80.0,100.0,100.0,80.0,80.0,80.0,100.0,80.0,80.0,80.0,100.0,100.0,100.0,80.0,80.0,100.0,100.0,100.0,80.0,80.0
2025,Post-COVID (2022-2025),Sí,AFRO,Equatorial Guinea,GNQ,39.0,55.0,53.0,60.0,48.0,True,,50.0,,,53.0,,,60.0,,,48.0,,,60.0,,40.0,,40.0,,,47.0,,,,33.0,,20.0,,20.0,,40.0,,40.0,60.0,40.0,,40.0,60.0,40.0,20.0,60.0,60.0,,60.0,20.0,20.0,80.0,40.0,20.0,40.0,20.0,40.0,20.0,20.0,20.0,40.0,40.0,60.0,80.0,40.0,20.0,80.0,80.0,40.0,60.0,20.0,20.0,20.0,20.0,20.0,20.0,20.0
2025,Post-COVID (2022-2025),Sí,AFRO,Eritrea,ERI,50.0,50.0,47.0,80.0,76.0,True,,40.0,,,47.0,,,60.0,,,76.0,,,80.0,,50.0,,40.0,,,60.0,,,,40.0,,80.0,,33.0,,40.0,,40.0,40.0,40.0,,40.0,40.0,60.0,80.0,80.0,80.0,,80.0,20.0,40.0,80.0,60.0,40.0,60.0,20.0,40.0,80.0,40.0,20.0,40.0,40.0,60.0,60.0,60.0,80.0,80.0,80.0,40.0,40.0,80.0,80.0,40.0,40.0,40.0,20.0,20.0
2025,Post-COVID (2022-2025),Sí,AFRO,Eswatini,SWZ,49.0,35.0,60.0,60.0,60.0,True,,30.0,,,60.0,,,40.0,,,60.0,,,60.0,,40.0,,67.0,,,67.0,,,,47.0,,20.0,,80.0,,40.0,,40.0,20.0,40.0,,40.0,40.0,40.0,60.0,40.0,80.0,,60.0,20.0,80.0,80.0,60.0,60.0,60.0,40.0,40.0,20.0,80.0,80.0,40.0,40.0,100.0,40.0,40.0,60.0,60.0,80.0,80.0,40.0,20.0,20.0,80.0,40.0,40.0,40.0,40.0
2025,Post-COVID (2022-2025),Sí,AFRO,Ethiopia,ETH,70.0,75.0,80.0,80.0,80.0,True,,80.0,,,80.0,,,70.0,,,80.0,,,80.0,,70.0,,80.0,,,73.0,,,,53.0,,80.0,,67.0,,80.0,,40.0,80.0,80.0,,80.0,80.0,60.0,80.0,80.0,80.0,,80.0,60.0,80.0,80.0,60.0,80.0,60.0,40.0,60.0,80.0,60.0,60.0,80.0,40.0,80.0,80.0,80.0,80.0,80.0,80.0,100.0,60.0,80.0,80.0,80.0,60.0,60.0,60.0,60.0
2025,Post-COVID (2022-2025),Sí,AFRO,Gabon,GAB,50.0,45.0,60.0,90.0,60.0,True,,40.0,,,60.0,,,50.0,,,60.0,,,90.0,,50.0,,73.0,,,67.0,,,,40.0,,40.0,,47.0,,60.0,,20.0,60.0,20.0,,60.0,60.0,40.0,60.0,100.0,80.0,,80.0,20.0,80.0,80.0,60.0,60.0,40.0,40.0,40.0,20.0,60.0,20.0,60.0,20.0,60.0,60.0,40.0,40.0,80.0,80.0,80.0,60.0,40.0,60.0,60.0,40.0,40.0,20.0,20.0
2025,Post-COVID (2022-2025),Sí,AFRO,Gambia,GMB,37.0,40.0,47.0,80.0,44.0,True,,50.0,,,47.0,,,30.0,,,44.0,,,80.0,,30.0,,27.0,,,27.0,,,,27.0,,40.0,,27.0,,60.0,,20.0,40.0,60.0,,60.0,60.0,40.0,60.0,80.0,80.0,,40.0,20.0,20.0,20.0,20.0,40.0,20.0,20.0,40.0,20.0,40.0,20.0,60.0,20.0,20.0,20.0,40.0,40.0,60.0,20.0,40.0,20.0,40.0,60.0,20.0,20.0,20.0,20.0,20.0
2025,Post-COVID (2022-2025),Sí,AFRO,Ghana,GHA,50.0,35.0,67.0,70.0,68.0,True,,30.0,,,67.0,,,40.0,,,68.0,,,70.0,,40.0,,27.0,,,53.0,,,,40.0,,67.0,,33.0,,60.0,,80.0,20.0,40.0,,80.0,60.0,40.0,80.0,80.0,60.0,,60.0,20.0,20.0,60.0,60.0,40.0,40.0,40.0,40.0,80.0,40.0,40.0,60.0,80.0,60.0,40.0,60.0,60.0,60.0,80.0,20.0,40.0,60.0,60.0,20.0,40.0,40.0,40.0,40.0
2025,Post-COVID (2022-2025),Sí,AFRO,Guinea,GIN,66.0,65.0,73.0,80.0,68.0,True,,60.0,,,73.0,,,70.0,,,68.0,,,80.0,,60.0,,87.0,,,87.0,,,,47.0,,80.0,,53.0,,80.0,,40.0,60.0,60.0,,60.0,80.0,60.0,80.0,80.0,80.0,,60.0,60.0,100.0,80.0,100.0,80.0,60.0,40.0,40.0,80.0,60.0,60.0,80.0,40.0,80.0,80.0,60.0,60.0,80.0,60.0,80.0,80.0,80.0,80.0,40.0,60.0,60.0,40.0,40.0
2025,Post-COVID (2022-2025),Sí,AFRO,Guinea-Bissau,GNB,55.0,30.0,67.0,90.0,76.0,True,,40.0,,,67.0,,,20.0,,,76.0,,,90.0,,40.0,,60.0,,,67.0,,,,40.0,,80.0,,60.0,,80.0,,40.0,40.0,40.0,,60.0,60.0,20.0,80.0,80.0,100.0,,40.0,40.0,40.0,80.0,80.0,40.0,40.0,40.0,40.0,80.0,60.0,60.0,80.0,40.0,80.0,20.0,80.0,80.0,80.0,60.0,80.0,60.0,80.0,80.0,60.0,40.0,40.0,20.0,20.0
2025,Post-COVID (2022-2025),Sí,AFRO,Kenya,KEN,62.0,40.0,67.0,80.0,72.0,True,,30.0,,,67.0,,,50.0,,,72.0,,,80.0,,40.0,,67.0,,,67.0,,,,47.0,,67.0,,60.0,,80.0,,80.0,40.0,20.0,,40.0,80.0,60.0,60.0,80.0,80.0,,60.0,20.0,60.0,80.0,40.0,80.0,60.0,40.0,40.0,80.0,80.0,80.0,80.0,80.0,80.0,40.0,60.0,80.0,80.0,80.0,100.0,40.0,60.0,60.0,20.0,40.0,40.0,80.0,80.0
2025,Post-COVID (2022-2025),Sí,AFRO,Lesotho,LSO,43.0,45.0,33.0,60.0,56.0,True,,40.0,,,33.0,,,50.0,,,56.0,,,60.0,,30.0,,60.0,,,47.0,,,,40.0,,20.0,,73.0,,40.0,,60.0,20.0,60.0,,20.0,40.0,40.0,80.0,80.0,40.0,,40.0,20.0,60.0,80.0,20.0,40.0,80.0,20.0,20.0,20.0,60.0,80.0,40.0,60.0,40.0,60.0,40.0,20.0,60.0,80.0,80.0,40.0,20.0,20.0,80.0,20.0,20.0,20.0,20.0
2025,Post-COVID (2022-2025),Sí,AFRO,Liberia,LBR,51.0,40.0,53.0,70.0,56.0,True,,30.0,,,53.0,,,50.0,,,56.0,,,70.0,,30.0,,47.0,,,67.0,,,,33.0,,53.0,,53.0,,40.0,,80.0,40.0,20.0,,40.0,80.0,40.0,60.0,60.0,80.0,,40.0,20.0,60.0,80.0,40.0,80.0,40.0,20.0,40.0,60.0,60.0,80.0,40.0,80.0,40.0,60.0,40.0,40.0,80.0,60.0,40.0,40.0,40.0,60.0,20.0,60.0,60.0,40.0,40.0
2025,Post-COVID (2022-2025),Sí,EMRO,Libya,LBY,39.0,40.0,60.0,50.0,56.0,True,,20.0,,,60.0,,,60.0,,,56.0,,,50.0,,30.0,,20.0,,,53.0,,,,27.0,,27.0,,40.0,,40.0,,40.0,20.0,20.0,,60.0,60.0,60.0,80.0,40.0,60.0,,40.0,20.0,20.0,40.0,60.0,60.0,20.0,20.0,40.0,20.0,40.0,40.0,40.0,40.0,60.0,60.0,20.0,20.0,80.0,80.0,20.0,20.0,40.0,20.0,40.0,20.0,20.0,40.0,40.0
2025,Post-COVID (2022-2025),Sí,AFRO,Madagascar,MDG,38.0,35.0,47.0,70.0,40.0,True,,30.0,,,47.0,,,40.0,,,40.0,,,70.0,,30.0,,40.0,,,40.0,,,,33.0,,40.0,,47.0,,20.0,,40.0,40.0,20.0,,40.0,40.0,40.0,20.0,80.0,60.0,,40.0,20.0,60.0,40.0,40.0,40.0,40.0,20.0,40.0,40.0,40.0,60.0,20.0,40.0,60.0,40.0,20.0,40.0,100.0,20.0,40.0,20.0,40.0,40.0,40.0,20.0,20.0,40.0,40.0
2025,Post-COVID (2022-2025),Sí,AFRO,Malawi,MWI,57.0,60.0,33.0,80.0,48.0,True,,60.0,,,33.0,,,60.0,,,48.0,,,80.0,,40.0,,87.0,,,53.0,,,,60.0,,80.0,,73.0,,60.0,,40.0,60.0,60.0,,40.0,20.0,60.0,60.0,80.0,80.0,,60.0,20.0,80.0,80.0,40.0,40.0,80.0,40.0,60.0,80.0,60.0,80.0,60.0,40.0,40.0,60.0,20.0,40.0,60.0,60.0,100.0,80.0,80.0,80.0,80.0,40.0,40.0,40.0,40.0
2025,Post-COVID (2022-2025),Sí,AFRO,Mali,MLI,48.0,45.0,53.0,80.0,64.0,True,,40.0,,,53.0,,,50.0,,,64.0,,,80.0,,30.0,,60.0,,,47.0,,,,47.0,,67.0,,27.0,,60.0,,60.0,40.0,40.0,,40.0,60.0,40.0,60.0,80.0,80.0,,40.0,20.0,60.0,80.0,20.0,40.0,40.0,40.0,60.0,60.0,40.0,20.0,60.0,60.0,60.0,60.0,40.0,60.0,80.0,80.0,60.0,60.0,80.0,60.0,20.0,20.0,20.0,20.0,20.0
2025,Post-COVID (2022-2025),Sí,AFRO,Mauritania,MRT,29.0,20.0,33.0,50.0,36.0,True,,20.0,,,33.0,,,20.0,,,36.0,,,50.0,,20.0,,27.0,,,27.0,,,,27.0,,20.0,,20.0,,60.0,,20.0,20.0,20.0,,40.0,40.0,20.0,40.0,40.0,60.0,,20.0,20.0,20.0,40.0,20.0,20.0,20.0,20.0,40.0,20.0,20.0,20.0,60.0,20.0,20.0,20.0,20.0,40.0,60.0,20.0,40.0,20.0,20.0,20.0,20.0,20.0,20.0,40.0,40.0
2025,Post-COVID (2022-2025),Sí,AFRO,Mauritius,MUS,45.0,35.0,33.0,70.0,56.0,True,,20.0,,,33.0,,,50.0,,,56.0,,,70.0,,30.0,,40.0,,,47.0,,,,53.0,,80.0,,40.0,,20.0,,40.0,20.0,20.0,,40.0,40.0,60.0,80.0,80.0,60.0,,40.0,20.0,40.0,20.0,100.0,20.0,60.0,60.0,40.0,80.0,40.0,40.0,20.0,40.0,20.0,40.0,20.0,20.0,80.0,80.0,40.0,40.0,80.0,80.0,40.0,40.0,40.0,60.0,60.0
2025,Post-COVID (2022-2025),Sí,EMRO,Morocco,MAR,75.0,70.0,60.0,80.0,84.0,True,,60.0,,,60.0,,,80.0,,,84.0,,,80.0,,70.0,,80.0,,,80.0,,,,47.0,,87.0,,73.0,,80.0,,80.0,60.0,60.0,,40.0,80.0,60.0,80.0,80.0,80.0,,60.0,80.0,80.0,100.0,40.0,100.0,40.0,20.0,80.0,100.0,80.0,60.0,80.0,80.0,60.0,100.0,60.0,80.0,100.0,100.0,80.0,80.0,80.0,80.0,80.0,80.0,80.0,80.0,80.0
2025,Post-COVID (2022-2025),Sí,AFRO,Mozambique,MOZ,56.0,45.0,67.0,90.0,64.0,True,,60.0,,,67.0,,,30.0,,,64.0,,,90.0,,70.0,,67.0,,,73.0,,,,53.0,,53.0,,53.0,,40.0,,60.0,80.0,40.0,,40.0,80.0,40.0,60.0,80.0,100.0,,80.0,60.0,80.0,80.0,80.0,60.0,60.0,40.0,60.0,60.0,60.0,40.0,40.0,60.0,80.0,20.0,80.0,60.0,60.0,60.0,100.0,20.0,60.0,40.0,60.0,40.0,40.0,20.0,20.0
2025,Post-COVID (2022-2025),Sí,AFRO,Namibia,NAM,45.0,40.0,47.0,50.0,60.0,True,,20.0,,,47.0,,,60.0,,,60.0,,,50.0,,30.0,,67.0,,,67.0,,,,60.0,,53.0,,20.0,,20.0,,60.0,20.0,20.0,,20.0,60.0,60.0,60.0,60.0,40.0,,40.0,20.0,80.0,80.0,60.0,60.0,80.0,40.0,60.0,60.0,20.0,20.0,20.0,60.0,60.0,60.0,20.0,80.0,60.0,80.0,80.0,40.0,40.0,60.0,20.0,20.0,20.0,40.0,40.0
2025,Post-COVID (2022-2025),Sí,AFRO,Niger,NER,54.0,45.0,73.0,80.0,72.0,True,,30.0,,,73.0,,,60.0,,,72.0,,,80.0,,70.0,,60.0,,,53.0,,,,53.0,,60.0,,40.0,,60.0,,20.0,20.0,40.0,,60.0,80.0,60.0,80.0,80.0,80.0,,80.0,60.0,60.0,80.0,40.0,40.0,60.0,60.0,40.0,60.0,40.0,40.0,60.0,20.0,80.0,60.0,60.0,60.0,80.0,80.0,80.0,40.0,40.0,80.0,40.0,40.0,40.0,40.0,40.0
2025,Post-COVID (2022-2025),Sí,AFRO,Nigeria,NGA,60.0,45.0,73.0,80.0,60.0,True,,50.0,,,73.0,,,40.0,,,60.0,,,80.0,,40.0,,73.0,,,47.0,,,,60.0,,60.0,,80.0,,60.0,,60.0,60.0,40.0,,80.0,80.0,40.0,60.0,80.0,80.0,,40.0,40.0,60.0,60.0,40.0,40.0,60.0,60.0,60.0,60.0,80.0,80.0,60.0,60.0,60.0,40.0,40.0,60.0,80.0,60.0,100.0,60.0,60.0,60.0,80.0,40.0,40.0,80.0,80.0
2025,Post-COVID (2022-2025),Sí,AFRO,Rwanda,RWA,53.0,40.0,73.0,60.0,72.0,True,,20.0,,,73.0,,,60.0,,,72.0,,,60.0,,30.0,,80.0,,,53.0,,,,53.0,,80.0,,40.0,,60.0,,40.0,20.0,20.0,,80.0,60.0,60.0,60.0,60.0,60.0,,40.0,20.0,60.0,80.0,40.0,40.0,60.0,40.0,60.0,80.0,40.0,40.0,60.0,40.0,80.0,60.0,60.0,80.0,80.0,80.0,100.0,80.0,80.0,80.0,40.0,40.0,40.0,40.0,40.0
2025,Post-COVID (2022-2025),Sí,AFRO,Sao Tome and Principe,STP,30.0,30.0,47.0,50.0,24.0,True,,20.0,,,47.0,,,40.0,,,24.0,,,50.0,,30.0,,27.0,,,27.0,,,,40.0,,20.0,,27.0,,40.0,,20.0,20.0,20.0,,40.0,40.0,40.0,40.0,60.0,40.0,,40.0,20.0,40.0,0.0,60.0,20.0,60.0,40.0,20.0,20.0,20.0,20.0,40.0,20.0,60.0,40.0,20.0,20.0,20.0,20.0,20.0,20.0,20.0,20.0,40.0,20.0,20.0,20.0,20.0
2025,Post-COVID (2022-2025),Sí,AFRO,Senegal,SEN,54.0,45.0,73.0,60.0,56.0,True,,50.0,,,73.0,,,40.0,,,56.0,,,60.0,,40.0,,67.0,,,47.0,,,,47.0,,80.0,,53.0,,60.0,,40.0,40.0,60.0,,60.0,80.0,40.0,60.0,60.0,60.0,,60.0,20.0,80.0,80.0,20.0,40.0,60.0,60.0,20.0,80.0,60.0,40.0,60.0,40.0,80.0,40.0,40.0,40.0,80.0,60.0,80.0,40.0,80.0,80.0,60.0,60.0,60.0,40.0,40.0
2025,Post-COVID (2022-2025),Sí,AFRO,Seychelles,SYC,73.0,75.0,80.0,100.0,68.0,True,,70.0,,,80.0,,,80.0,,,68.0,,,100.0,,50.0,,67.0,,,87.0,,,,73.0,,80.0,,73.0,,80.0,,100.0,60.0,80.0,,80.0,80.0,80.0,80.0,100.0,100.0,,80.0,20.0,20.0,80.0,100.0,80.0,80.0,40.0,100.0,80.0,80.0,40.0,80.0,100.0,80.0,80.0,40.0,60.0,80.0,80.0,80.0,100.0,80.0,80.0,100.0,40.0,40.0,40.0,40.0
2025,Post-COVID (2022-2025),Sí,AFRO,Sierra Leone,SLE,58.0,55.0,80.0,80.0,64.0,True,,60.0,,,80.0,,,50.0,,,64.0,,,80.0,,60.0,,67.0,,,33.0,,,,53.0,,80.0,,47.0,,60.0,,60.0,80.0,40.0,,80.0,80.0,60.0,60.0,80.0,80.0,,40.0,80.0,80.0,20.0,40.0,40.0,80.0,40.0,40.0,80.0,60.0,60.0,60.0,60.0,80.0,40.0,80.0,40.0,60.0,80.0,80.0,40.0,80.0,80.0,20.0,40.0,40.0,40.0,40.0
2025,Post-COVID (2022-2025),Sí,EMRO,Somalia,SOM,33.0,20.0,40.0,70.0,36.0,True,,20.0,,,40.0,,,20.0,,,36.0,,,70.0,,30.0,,40.0,,,47.0,,,,33.0,,33.0,,20.0,,40.0,,20.0,20.0,20.0,,60.0,40.0,20.0,40.0,60.0,80.0,,40.0,20.0,40.0,60.0,40.0,40.0,40.0,20.0,40.0,40.0,20.0,20.0,40.0,20.0,20.0,20.0,20.0,60.0,20.0,40.0,60.0,20.0,40.0,20.0,20.0,20.0,20.0,20.0,20.0
2025,Post-COVID (2022-2025),Sí,AFRO,South Africa,ZAF,63.0,45.0,47.0,70.0,84.0,True,,30.0,,,47.0,,,60.0,,,84.0,,,70.0,,40.0,,67.0,,,73.0,,,,40.0,,73.0,,67.0,,80.0,,80.0,40.0,20.0,,40.0,80.0,60.0,80.0,60.0,80.0,,60.0,20.0,60.0,80.0,60.0,80.0,40.0,40.0,40.0,80.0,60.0,60.0,80.0,80.0,20.0,60.0,80.0,80.0,100.0,80.0,60.0,80.0,80.0,60.0,80.0,60.0,60.0,80.0,80.0
2025,Post-COVID (2022-2025),Sí,AFRO,South Sudan,SSD,41.0,45.0,60.0,60.0,48.0,True,,50.0,,,60.0,,,40.0,,,48.0,,,60.0,,30.0,,53.0,,,47.0,,,,27.0,,53.0,,27.0,,40.0,,40.0,20.0,80.0,,20.0,80.0,60.0,60.0,40.0,80.0,,40.0,20.0,60.0,60.0,20.0,60.0,40.0,20.0,20.0,60.0,40.0,20.0,40.0,40.0,80.0,20.0,40.0,40.0,60.0,40.0,60.0,40.0,40.0,60.0,20.0,20.0,20.0,20.0,20.0
2025,Post-COVID (2022-2025),Sí,EMRO,Sudan,SDN,53.0,50.0,67.0,80.0,40.0,True,,40.0,,,67.0,,,60.0,,,40.0,,,80.0,,60.0,,87.0,,,33.0,,,,60.0,,33.0,,53.0,,80.0,,40.0,60.0,20.0,,80.0,60.0,60.0,40.0,80.0,80.0,,80.0,40.0,100.0,60.0,20.0,20.0,60.0,60.0,60.0,20.0,60.0,20.0,80.0,40.0,60.0,60.0,40.0,20.0,80.0,20.0,80.0,80.0,60.0,20.0,80.0,20.0,20.0,40.0,40.0
2025,Post-COVID (2022-2025),Sí,AFRO,Togo,TGO,39.0,40.0,27.0,70.0,52.0,True,,40.0,,,27.0,,,40.0,,,52.0,,,70.0,,20.0,,60.0,,,47.0,,,,47.0,,60.0,,40.0,,20.0,,20.0,40.0,40.0,,20.0,40.0,40.0,40.0,60.0,80.0,,20.0,20.0,60.0,40.0,60.0,40.0,60.0,40.0,40.0,60.0,60.0,40.0,20.0,20.0,20.0,40.0,60.0,60.0,60.0,40.0,80.0,40.0,60.0,60.0,20.0,20.0,20.0,20.0,20.0
2025,Post-COVID (2022-2025),Sí,EMRO,Tunisia,TUN,84.0,85.0,80.0,100.0,92.0,True,,70.0,,,80.0,,,100.0,,,92.0,,,100.0,,80.0,,73.0,,,87.0,,,,53.0,,80.0,,87.0,,100.0,,100.0,60.0,80.0,,80.0,80.0,100.0,100.0,100.0,100.0,,80.0,80.0,20.0,100.0,80.0,80.0,60.0,60.0,40.0,80.0,100.0,60.0,100.0,100.0,80.0,100.0,80.0,80.0,100.0,100.0,100.0,100.0,80.0,80.0,100.0,80.0,80.0,80.0,80.0
2025,Post-COVID (2022-2025),Sí,AFRO,Uganda,UGA,61.0,60.0,73.0,60.0,80.0,True,,60.0,,,73.0,,,60.0,,,80.0,,,60.0,,50.0,,87.0,,,67.0,,,,33.0,,87.0,,73.0,,60.0,,40.0,60.0,60.0,,60.0,80.0,60.0,80.0,60.0,60.0,,80.0,20.0,80.0,80.0,40.0,80.0,40.0,20.0,40.0,80.0,60.0,80.0,60.0,40.0,80.0,60.0,60.0,80.0,80.0,100.0,100.0,80.0,80.0,100.0,80.0,40.0,40.0,40.0,40.0
2025,Post-COVID (2022-2025),Sí,AFRO,United Republic of Tanzania,TZA,66.0,45.0,73.0,80.0,72.0,True,,30.0,,,73.0,,,60.0,,,72.0,,,80.0,,40.0,,93.0,,,60.0,,,,60.0,,80.0,,67.0,,60.0,,80.0,40.0,20.0,,60.0,80.0,60.0,80.0,80.0,80.0,,60.0,20.0,80.0,100.0,40.0,40.0,60.0,60.0,60.0,80.0,60.0,60.0,60.0,80.0,80.0,60.0,60.0,60.0,80.0,80.0,100.0,100.0,80.0,80.0,80.0,80.0,80.0,60.0,60.0
2025,Post-COVID (2022-2025),Sí,AFRO,Zambia,ZMB,69.0,60.0,73.0,80.0,68.0,True,,70.0,,,73.0,,,50.0,,,68.0,,,80.0,,70.0,,80.0,,,60.0,,,,73.0,,80.0,,67.0,,80.0,,80.0,80.0,60.0,,80.0,80.0,60.0,80.0,80.0,80.0,,60.0,80.0,80.0,80.0,40.0,60.0,60.0,80.0,80.0,80.0,60.0,60.0,80.0,80.0,60.0,40.0,60.0,60.0,80.0,60.0,100.0,60.0,80.0,80.0,80.0,40.0,40.0,60.0,60.0
2025,Post-COVID (2022-2025),Sí,AFRO,Zimbabwe,ZWE,52.0,40.0,60.0,80.0,72.0,True,,20.0,,,60.0,,,60.0,,,72.0,,,80.0,,30.0,,47.0,,,53.0,,,,40.0,,60.0,,53.0,,60.0,,60.0,20.0,20.0,,60.0,60.0,60.0,80.0,80.0,80.0,,40.0,20.0,20.0,60.0,40.0,60.0,60.0,20.0,40.0,60.0,40.0,40.0,60.0,60.0,60.0,60.0,40.0,80.0,60.0,100.0,80.0,40.0,60.0,60.0,80.0,40.0,40.0,40.0,40.0
2025,Post-COVID (2022-2025),Sí,WPRO,Australia,AUS,92.0,95.0,100.0,100.0,100.0,True,,100.0,,,100.0,,,90.0,,,100.0,,,100.0,,80.0,,80.0,,,100.0,,,,100.0,,87.0,,100.0,,80.0,,100.0,100.0,100.0,,100.0,100.0,100.0,100.0,100.0,100.0,,80.0,80.0,80.0,100.0,100.0,100.0,100.0,100.0,100.0,80.0,100.0,100.0,80.0,100.0,100.0,80.0,100.0,100.0,100.0,100.0,80.0,80.0,80.0,100.0,100.0,100.0,100.0,60.0,60.0
2025,Post-COVID (2022-2025),Sí,WPRO,Cook Islands,COK,53.0,55.0,47.0,70.0,72.0,True,,40.0,,,47.0,,,70.0,,,72.0,,,70.0,,70.0,,80.0,,,60.0,,,,47.0,,33.0,,60.0,,20.0,,60.0,40.0,40.0,,40.0,60.0,60.0,80.0,80.0,60.0,,80.0,60.0,80.0,60.0,60.0,60.0,40.0,40.0,60.0,20.0,60.0,60.0,20.0,60.0,40.0,80.0,80.0,80.0,40.0,80.0,80.0,80.0,20.0,60.0,60.0,40.0,40.0,20.0,20.0
2025,Post-COVID (2022-2025),Sí,WPRO,Fiji,FJI,55.0,40.0,27.0,80.0,72.0,True,,30.0,,,27.0,,,50.0,,,72.0,,,80.0,,30.0,,67.0,,,60.0,,,,27.0,,33.0,,87.0,,20.0,,80.0,20.0,40.0,,40.0,20.0,40.0,80.0,80.0,80.0,,40.0,20.0,60.0,100.0,40.0,40.0,40.0,20.0,20.0,20.0,80.0,80.0,20.0,80.0,20.0,60.0,80.0,40.0,80.0,80.0,80.0,60.0,40.0,40.0,100.0,80.0,80.0,80.0,80.0
2025,Post-COVID (2022-2025),No,WPRO,Kiribati,KIR,,,,,,False,,,,,,,,,,,,,,,,,,,,,,,,,,,,,,,,,,,,,,,,,,,,,,,,,,,,,,,,,,,,,,,,,,,,,,,,
2025,Post-COVID (2022-2025),Sí,WPRO,Marshall Islands,MHL,66.0,65.0,87.0,80.0,48.0,True,,70.0,,,87.0,,,60.0,,,48.0,,,80.0,,70.0,,73.0,,,73.0,,,,67.0,,93.0,,53.0,,80.0,,60.0,80.0,60.0,,100.0,100.0,60.0,100.0,80.0,80.0,,80.0,60.0,40.0,80.0,60.0,80.0,80.0,60.0,60.0,100.0,60.0,40.0,80.0,60.0,60.0,60.0,20.0,40.0,60.0,20.0,100.0,80.0,100.0,80.0,60.0,60.0,60.0,20.0,20.0
2025,Post-COVID (2022-2025),Sí,WPRO,Micronesia,FSM,47.0,40.0,20.0,80.0,80.0,True,,60.0,,,20.0,,,20.0,,,80.0,,,80.0,,20.0,,67.0,,,67.0,,,,60.0,,53.0,,60.0,,40.0,,40.0,60.0,60.0,,20.0,20.0,20.0,100.0,80.0,80.0,,20.0,20.0,60.0,80.0,60.0,60.0,60.0,60.0,60.0,60.0,60.0,60.0,40.0,40.0,20.0,20.0,80.0,80.0,80.0,60.0,60.0,80.0,40.0,60.0,60.0,20.0,20.0,20.0,20.0
2025,Post-COVID (2022-2025),No,WPRO,Nauru,NRU,,,,,,False,,,,,,,,,,,,,,,,,,,,,,,,,,,,,,,,,,,,,,,,,,,,,,,,,,,,,,,,,,,,,,,,,,,,,,,,
2025,Post-COVID (2022-2025),Sí,WPRO,New Zealand,NZL,86.0,95.0,93.0,80.0,80.0,True,,100.0,,,93.0,,,90.0,,,80.0,,,80.0,,80.0,,73.0,,,93.0,,,,73.0,,100.0,,87.0,,80.0,,80.0,100.0,100.0,,100.0,100.0,80.0,80.0,80.0,80.0,,80.0,80.0,60.0,100.0,100.0,80.0,80.0,60.0,80.0,100.0,100.0,80.0,80.0,80.0,80.0,100.0,80.0,80.0,80.0,80.0,80.0,80.0,100.0,100.0,80.0,100.0,100.0,80.0,80.0
2025,Post-COVID (2022-2025),Sí,WPRO,Niue,NIU,54.0,55.0,53.0,50.0,60.0,True,,50.0,,,53.0,,,60.0,,,60.0,,,50.0,,60.0,,80.0,,,67.0,,,,40.0,,80.0,,73.0,,40.0,,20.0,20.0,80.0,,40.0,80.0,40.0,80.0,20.0,80.0,,40.0,80.0,80.0,80.0,80.0,40.0,20.0,20.0,80.0,80.0,80.0,60.0,40.0,20.0,40.0,80.0,20.0,60.0,60.0,80.0,80.0,80.0,80.0,80.0,80.0,60.0,60.0,20.0,20.0
2025,Post-COVID (2022-2025),Sí,WPRO,Palau,PLW,61.0,45.0,67.0,70.0,68.0,True,,60.0,,,67.0,,,30.0,,,68.0,,,70.0,,70.0,,87.0,,,87.0,,,,40.0,,100.0,,53.0,,40.0,,80.0,60.0,60.0,,40.0,80.0,40.0,80.0,80.0,60.0,,60.0,80.0,80.0,80.0,100.0,80.0,60.0,20.0,40.0,100.0,40.0,40.0,40.0,80.0,80.0,20.0,60.0,60.0,60.0,80.0,100.0,80.0,100.0,100.0,80.0,20.0,20.0,40.0,40.0
2025,Post-COVID (2022-2025),Sí,WPRO,Papua New Guinea,PNG,44.0,45.0,40.0,60.0,52.0,True,,60.0,,,40.0,,,30.0,,,52.0,,,60.0,,60.0,,53.0,,,47.0,,,,33.0,,60.0,,47.0,,20.0,,20.0,60.0,60.0,,40.0,40.0,40.0,60.0,60.0,60.0,,60.0,60.0,40.0,60.0,40.0,40.0,40.0,20.0,40.0,60.0,40.0,40.0,20.0,20.0,40.0,20.0,40.0,40.0,60.0,60.0,80.0,40.0,60.0,60.0,60.0,40.0,40.0,40.0,40.0
2025,Post-COVID (2022-2025),Sí,WPRO,Samoa,WSM,52.0,60.0,53.0,80.0,56.0,True,,40.0,,,53.0,,,80.0,,,56.0,,,80.0,,30.0,,67.0,,,40.0,,,,60.0,,80.0,,67.0,,20.0,,40.0,20.0,60.0,,40.0,40.0,80.0,60.0,80.0,80.0,,40.0,20.0,80.0,20.0,80.0,20.0,80.0,80.0,20.0,60.0,80.0,60.0,20.0,40.0,80.0,80.0,40.0,60.0,60.0,60.0,60.0,60.0,80.0,100.0,60.0,40.0,40.0,20.0,20.0
2025,Post-COVID (2022-2025),Sí,WPRO,Solomon Islands,SLB,50.0,35.0,60.0,70.0,56.0,True,,40.0,,,60.0,,,30.0,,,56.0,,,70.0,,70.0,,67.0,,,40.0,,,,40.0,,73.0,,40.0,,40.0,,60.0,40.0,40.0,,60.0,60.0,20.0,60.0,60.0,80.0,,60.0,80.0,60.0,40.0,40.0,40.0,40.0,40.0,40.0,80.0,40.0,40.0,40.0,60.0,60.0,40.0,60.0,40.0,60.0,60.0,80.0,60.0,60.0,80.0,40.0,20.0,20.0,40.0,40.0
2025,Post-COVID (2022-2025),Sí,WPRO,Tonga,TON,54.0,60.0,53.0,70.0,60.0,True,,50.0,,,53.0,,,70.0,,,60.0,,,70.0,,50.0,,73.0,,,67.0,,,,47.0,,73.0,,53.0,,40.0,,40.0,40.0,60.0,,40.0,60.0,60.0,60.0,60.0,80.0,,60.0,40.0,80.0,60.0,60.0,80.0,40.0,40.0,60.0,80.0,60.0,40.0,40.0,40.0,60.0,80.0,60.0,60.0,60.0,60.0,80.0,60.0,80.0,60.0,60.0,40.0,40.0,20.0,20.0
2025,Post-COVID (2022-2025),Sí,WPRO,Tuvalu,TUV,47.0,45.0,27.0,80.0,68.0,True,,40.0,,,27.0,,,50.0,,,68.0,,,80.0,,30.0,,47.0,,,73.0,,,,53.0,,67.0,,53.0,,20.0,,40.0,40.0,40.0,,20.0,40.0,60.0,80.0,80.0,80.0,,40.0,20.0,20.0,80.0,80.0,60.0,60.0,80.0,20.0,60.0,40.0,60.0,20.0,40.0,20.0,40.0,80.0,40.0,60.0,80.0,60.0,60.0,60.0,80.0,60.0,20.0,20.0,40.0,40.0
2025,Post-COVID (2022-2025),Sí,WPRO,Vanuatu,VUT,38.0,40.0,40.0,60.0,52.0,True,,40.0,,,40.0,,,40.0,,,52.0,,,60.0,,30.0,,47.0,,,33.0,,,,33.0,,20.0,,20.0,,60.0,,40.0,60.0,20.0,,40.0,40.0,40.0,60.0,60.0,60.0,,40.0,20.0,40.0,60.0,20.0,20.0,40.0,20.0,40.0,20.0,20.0,20.0,60.0,40.0,40.0,40.0,40.0,40.0,60.0,60.0,80.0,20.0,20.0,20.0,20.0,40.0,40.0,20.0,20.0
2025,Post-COVID (2022-2025),Sí,AMRO,Antigua and Barbuda,ATG,50.0,35.0,33.0,50.0,44.0,True,,20.0,,,33.0,,,50.0,,,44.0,,,50.0,,70.0,,80.0,,,80.0,,,,53.0,,60.0,,53.0,,40.0,,60.0,20.0,20.0,,40.0,40.0,40.0,60.0,40.0,60.0,,60.0,80.0,80.0,80.0,80.0,80.0,60.0,60.0,40.0,80.0,40.0,40.0,40.0,60.0,20.0,60.0,40.0,40.0,60.0,20.0,80.0,80.0,20.0,80.0,80.0,40.0,40.0,20.0,20.0
2025,Post-COVID (2022-2025),Sí,AMRO,Argentina,ARG,65.0,55.0,60.0,80.0,76.0,True,,70.0,,,60.0,,,40.0,,,76.0,,,80.0,,40.0,,67.0,,,67.0,,,,53.0,,60.0,,80.0,,80.0,,80.0,80.0,60.0,,60.0,60.0,40.0,100.0,80.0,80.0,,60.0,20.0,60.0,80.0,60.0,60.0,60.0,60.0,40.0,60.0,80.0,80.0,80.0,80.0,60.0,40.0,20.0,60.0,100.0,100.0,80.0,60.0,80.0,40.0,80.0,60.0,60.0,60.0,60.0
2025,Post-COVID (2022-2025),Sí,AMRO,Bahamas,BHS,65.0,45.0,80.0,80.0,72.0,True,,40.0,,,80.0,,,50.0,,,72.0,,,80.0,,60.0,,73.0,,,73.0,,,,40.0,,80.0,,73.0,,40.0,,80.0,40.0,40.0,,80.0,80.0,60.0,80.0,80.0,80.0,,80.0,40.0,60.0,80.0,60.0,80.0,40.0,40.0,40.0,80.0,60.0,60.0,40.0,80.0,80.0,40.0,40.0,80.0,80.0,80.0,80.0,80.0,80.0,80.0,100.0,60.0,60.0,80.0,80.0
2025,Post-COVID (2022-2025),Sí,AMRO,Barbados,BRB,65.0,65.0,80.0,80.0,52.0,True,,60.0,,,80.0,,,70.0,,,52.0,,,80.0,,60.0,,80.0,,,80.0,,,,67.0,,73.0,,80.0,,60.0,,60.0,60.0,60.0,,80.0,80.0,60.0,80.0,80.0,80.0,,60.0,60.0,80.0,80.0,80.0,80.0,80.0,60.0,60.0,80.0,80.0,80.0,60.0,60.0,80.0,80.0,20.0,60.0,80.0,20.0,80.0,80.0,60.0,80.0,80.0,40.0,40.0,40.0,40.0
2025,Post-COVID (2022-2025),Sí,AMRO,Belize,BLZ,61.0,40.0,67.0,80.0,60.0,True,,40.0,,,67.0,,,40.0,,,60.0,,,80.0,,50.0,,80.0,,,47.0,,,,73.0,,60.0,,73.0,,80.0,,80.0,60.0,20.0,,60.0,80.0,40.0,80.0,80.0,80.0,,60.0,40.0,80.0,60.0,60.0,20.0,80.0,60.0,80.0,60.0,60.0,80.0,80.0,80.0,60.0,40.0,40.0,60.0,60.0,60.0,80.0,80.0,60.0,60.0,80.0,40.0,40.0,40.0,40.0
2025,Post-COVID (2022-2025),Sí,AMRO,Bolivia (Plurinational State of),BOL,30.0,40.0,40.0,40.0,40.0,True,,50.0,,,40.0,,,30.0,,,40.0,,,40.0,,20.0,,20.0,,,40.0,,,,27.0,,27.0,,20.0,,40.0,,20.0,40.0,60.0,,40.0,40.0,20.0,20.0,40.0,40.0,,20.0,20.0,20.0,40.0,40.0,40.0,20.0,20.0,40.0,20.0,20.0,20.0,40.0,20.0,40.0,40.0,20.0,40.0,60.0,60.0,20.0,20.0,40.0,20.0,20.0,20.0,20.0,20.0,20.0
2025,Post-COVID (2022-2025),Sí,AMRO,Brazil,BRA,70.0,60.0,60.0,80.0,72.0,True,,60.0,,,60.0,,,60.0,,,72.0,,,80.0,,70.0,,80.0,,,80.0,,,,80.0,,60.0,,73.0,,60.0,,40.0,40.0,80.0,,80.0,40.0,60.0,60.0,80.0,80.0,,60.0,80.0,80.0,80.0,80.0,80.0,80.0,80.0,80.0,40.0,60.0,60.0,60.0,40.0,60.0,60.0,60.0,80.0,80.0,80.0,80.0,80.0,80.0,60.0,100.0,100.0,100.0,80.0,80.0
2025,Post-COVID (2022-2025),Sí,AMRO,Canada,CAN,96.0,90.0,100.0,100.0,100.0,True,,80.0,,,100.0,,,100.0,,,100.0,,,100.0,,80.0,,93.0,,,100.0,,,,100.0,,100.0,,93.0,,100.0,,100.0,100.0,60.0,,100.0,100.0,100.0,100.0,100.0,100.0,,80.0,80.0,100.0,100.0,100.0,100.0,100.0,100.0,100.0,100.0,100.0,100.0,100.0,100.0,100.0,100.0,100.0,100.0,100.0,100.0,100.0,80.0,100.0,100.0,80.0,100.0,100.0,100.0,100.0
2025,Post-COVID (2022-2025),Sí,AMRO,Chile,CHL,76.0,50.0,80.0,80.0,88.0,True,,60.0,,,80.0,,,40.0,,,88.0,,,80.0,,80.0,,87.0,,,93.0,,,,93.0,,73.0,,67.0,,60.0,,60.0,80.0,40.0,,80.0,80.0,40.0,100.0,80.0,80.0,,60.0,100.0,80.0,100.0,100.0,80.0,100.0,100.0,80.0,80.0,60.0,60.0,60.0,60.0,80.0,40.0,80.0,80.0,80.0,100.0,100.0,80.0,80.0,60.0,80.0,80.0,80.0,100.0,100.0
2025,Post-COVID (2022-2025),Sí,AMRO,Colombia,COL,71.0,65.0,80.0,100.0,68.0,True,,60.0,,,80.0,,,70.0,,,68.0,,,100.0,,60.0,,60.0,,,67.0,,,,80.0,,73.0,,100.0,,60.0,,80.0,80.0,40.0,,80.0,80.0,60.0,60.0,100.0,100.0,,80.0,40.0,40.0,80.0,60.0,60.0,80.0,80.0,80.0,60.0,100.0,100.0,60.0,80.0,80.0,80.0,40.0,80.0,80.0,80.0,80.0,60.0,80.0,80.0,100.0,60.0,60.0,40.0,40.0
2025,Post-COVID (2022-2025),Sí,AMRO,Costa Rica,CRI,59.0,35.0,27.0,80.0,80.0,True,,30.0,,,27.0,,,40.0,,,80.0,,,80.0,,40.0,,73.0,,,80.0,,,,47.0,,53.0,,53.0,,80.0,,80.0,20.0,40.0,,20.0,20.0,40.0,80.0,80.0,80.0,,60.0,20.0,60.0,80.0,80.0,80.0,60.0,40.0,40.0,60.0,60.0,60.0,80.0,80.0,40.0,40.0,60.0,60.0,100.0,100.0,80.0,80.0,40.0,60.0,40.0,60.0,60.0,60.0,60.0
2025,Post-COVID (2022-2025),Sí,AMRO,Cuba,CUB,94.0,80.0,100.0,100.0,88.0,True,,80.0,,,100.0,,,80.0,,,88.0,,,100.0,,100.0,,100.0,,,100.0,,,,100.0,,100.0,,100.0,,100.0,,100.0,80.0,80.0,,100.0,100.0,80.0,80.0,100.0,100.0,,100.0,100.0,100.0,100.0,100.0,100.0,100.0,100.0,100.0,100.0,100.0,100.0,100.0,100.0,100.0,80.0,80.0,80.0,100.0,100.0,100.0,100.0,100.0,100.0,100.0,100.0,100.0,60.0,60.0
2025,Post-COVID (2022-2025),Sí,AMRO,Dominica,DMA,71.0,45.0,80.0,60.0,64.0,True,,40.0,,,80.0,,,50.0,,,64.0,,,60.0,,70.0,,100.0,,,80.0,,,,60.0,,80.0,,87.0,,100.0,,80.0,40.0,40.0,,80.0,80.0,40.0,80.0,100.0,20.0,,60.0,80.0,100.0,80.0,80.0,80.0,40.0,60.0,80.0,80.0,100.0,80.0,100.0,80.0,80.0,60.0,40.0,40.0,100.0,60.0,100.0,100.0,80.0,80.0,80.0,80.0,80.0,40.0,40.0
2025,Post-COVID (2022-2025),Sí,AMRO,Dominican Republic,DOM,66.0,70.0,60.0,80.0,60.0,True,,70.0,,,60.0,,,70.0,,,60.0,,,80.0,,40.0,,80.0,,,87.0,,,,60.0,,80.0,,67.0,,60.0,,60.0,60.0,80.0,,60.0,60.0,60.0,60.0,80.0,80.0,,60.0,20.0,80.0,80.0,100.0,80.0,60.0,60.0,60.0,80.0,40.0,100.0,60.0,60.0,60.0,80.0,40.0,40.0,80.0,80.0,80.0,80.0,80.0,80.0,60.0,80.0,80.0,40.0,40.0
2025,Post-COVID (2022-2025),Sí,AMRO,Ecuador,ECU,46.0,40.0,33.0,40.0,52.0,True,,60.0,,,33.0,,,20.0,,,52.0,,,40.0,,20.0,,47.0,,,60.0,,,,40.0,,27.0,,87.0,,60.0,,20.0,60.0,60.0,,20.0,60.0,20.0,40.0,40.0,40.0,,20.0,20.0,40.0,20.0,80.0,80.0,40.0,40.0,40.0,20.0,80.0,80.0,60.0,20.0,20.0,20.0,40.0,40.0,80.0,60.0,80.0,20.0,40.0,20.0,100.0,40.0,40.0,80.0,80.0
2025,Post-COVID (2022-2025),Sí,AMRO,El Salvador,SLV,78.0,80.0,80.0,90.0,76.0,True,,80.0,,,80.0,,,80.0,,,76.0,,,90.0,,90.0,,73.0,,,87.0,,,,60.0,,100.0,,93.0,,80.0,,80.0,80.0,80.0,,80.0,80.0,80.0,80.0,80.0,100.0,,80.0,100.0,80.0,80.0,100.0,80.0,60.0,60.0,60.0,100.0,100.0,80.0,80.0,80.0,80.0,80.0,80.0,60.0,80.0,80.0,60.0,80.0,100.0,100.0,100.0,60.0,60.0,40.0,40.0
2025,Post-COVID (2022-2025),Sí,AMRO,Grenada,GRD,55.0,50.0,73.0,80.0,64.0,True,,40.0,,,73.0,,,60.0,,,64.0,,,80.0,,40.0,,80.0,,,73.0,,,,33.0,,73.0,,47.0,,40.0,,60.0,40.0,40.0,,80.0,80.0,60.0,80.0,80.0,80.0,,60.0,20.0,80.0,80.0,80.0,60.0,40.0,20.0,40.0,80.0,60.0,40.0,40.0,60.0,60.0,60.0,40.0,40.0,80.0,80.0,80.0,80.0,80.0,60.0,40.0,20.0,20.0,40.0,40.0
2025,Post-COVID (2022-2025),Sí,AMRO,Guatemala,GTM,44.0,35.0,53.0,40.0,52.0,True,,30.0,,,53.0,,,40.0,,,52.0,,,40.0,,30.0,,60.0,,,40.0,,,,27.0,,67.0,,47.0,,60.0,,40.0,40.0,20.0,,40.0,60.0,40.0,40.0,40.0,40.0,,40.0,20.0,80.0,60.0,20.0,40.0,40.0,20.0,20.0,60.0,40.0,40.0,60.0,40.0,60.0,40.0,20.0,60.0,80.0,60.0,80.0,20.0,60.0,80.0,60.0,40.0,40.0,40.0,40.0
2025,Post-COVID (2022-2025),Sí,AMRO,Guyana,GUY,44.0,65.0,47.0,50.0,60.0,True,,40.0,,,47.0,,,90.0,,,60.0,,,50.0,,30.0,,53.0,,,47.0,,,,27.0,,40.0,,33.0,,40.0,,40.0,40.0,40.0,,40.0,60.0,80.0,60.0,60.0,40.0,,40.0,20.0,60.0,40.0,60.0,40.0,40.0,20.0,20.0,40.0,60.0,20.0,40.0,40.0,40.0,100.0,40.0,60.0,80.0,60.0,40.0,60.0,60.0,20.0,20.0,20.0,20.0,40.0,40.0
2025,Post-COVID (2022-2025),Sí,AMRO,Haiti,HTI,64.0,55.0,67.0,100.0,84.0,True,,40.0,,,67.0,,,70.0,,,84.0,,,100.0,,100.0,,93.0,,,87.0,,,,60.0,,73.0,,33.0,,80.0,,40.0,20.0,60.0,,40.0,80.0,60.0,100.0,100.0,100.0,,100.0,100.0,100.0,100.0,80.0,80.0,60.0,60.0,60.0,60.0,20.0,20.0,80.0,40.0,80.0,80.0,60.0,100.0,80.0,80.0,80.0,100.0,80.0,80.0,60.0,20.0,20.0,20.0,20.0
2025,Post-COVID (2022-2025),Sí,AMRO,Honduras,HND,28.0,35.0,20.0,20.0,48.0,True,,30.0,,,20.0,,,40.0,,,48.0,,,20.0,,20.0,,20.0,,,33.0,,,,20.0,,33.0,,20.0,,60.0,,20.0,40.0,20.0,,20.0,20.0,40.0,40.0,20.0,20.0,,20.0,20.0,20.0,40.0,20.0,40.0,20.0,20.0,20.0,40.0,20.0,20.0,60.0,20.0,20.0,40.0,40.0,40.0,60.0,60.0,20.0,20.0,40.0,20.0,20.0,20.0,20.0,20.0,20.0
2025,Post-COVID (2022-2025),Sí,AMRO,Jamaica,JAM,64.0,60.0,73.0,100.0,80.0,True,,40.0,,,73.0,,,80.0,,,80.0,,,100.0,,40.0,,80.0,,,67.0,,,,20.0,,93.0,,93.0,,60.0,,60.0,40.0,40.0,,80.0,80.0,80.0,100.0,100.0,100.0,,40.0,40.0,80.0,80.0,40.0,80.0,20.0,20.0,20.0,80.0,100.0,100.0,60.0,60.0,60.0,80.0,60.0,40.0,100.0,100.0,80.0,80.0,100.0,100.0,80.0,40.0,40.0,40.0,40.0
2025,Post-COVID (2022-2025),Sí,AMRO,Mexico,MEX,76.0,50.0,93.0,100.0,96.0,True,,60.0,,,93.0,,,40.0,,,96.0,,,100.0,,90.0,,80.0,,,93.0,,,,80.0,,67.0,,87.0,,80.0,,60.0,60.0,60.0,,100.0,100.0,60.0,100.0,100.0,100.0,,100.0,80.0,80.0,100.0,100.0,80.0,60.0,100.0,80.0,60.0,100.0,80.0,80.0,60.0,80.0,20.0,80.0,100.0,100.0,100.0,80.0,80.0,80.0,60.0,80.0,40.0,40.0,80.0,80.0
2025,Post-COVID (2022-2025),Sí,AMRO,Nicaragua,NIC,68.0,50.0,67.0,70.0,68.0,True,,50.0,,,67.0,,,50.0,,,68.0,,,70.0,,80.0,,73.0,,,67.0,,,,80.0,,73.0,,67.0,,80.0,,60.0,60.0,40.0,,60.0,60.0,20.0,80.0,80.0,60.0,,80.0,80.0,80.0,60.0,60.0,80.0,80.0,60.0,100.0,60.0,60.0,60.0,80.0,60.0,80.0,80.0,60.0,40.0,80.0,80.0,60.0,80.0,80.0,80.0,80.0,80.0,80.0,60.0,60.0
2025,Post-COVID (2022-2025),Sí,AMRO,Panama,PAN,68.0,60.0,60.0,100.0,76.0,True,,70.0,,,60.0,,,50.0,,,76.0,,,100.0,,50.0,,80.0,,,73.0,,,,73.0,,67.0,,67.0,,80.0,,80.0,40.0,100.0,,60.0,80.0,40.0,80.0,100.0,100.0,,60.0,40.0,80.0,80.0,80.0,60.0,80.0,100.0,40.0,40.0,60.0,60.0,80.0,80.0,40.0,60.0,80.0,60.0,80.0,80.0,80.0,80.0,80.0,80.0,80.0,40.0,40.0,60.0,60.0
2025,Post-COVID (2022-2025),Sí,AMRO,Paraguay,PRY,64.0,55.0,60.0,80.0,72.0,True,,50.0,,,60.0,,,60.0,,,72.0,,,80.0,,60.0,,80.0,,,80.0,,,,53.0,,47.0,,80.0,,80.0,,60.0,40.0,60.0,,80.0,80.0,60.0,60.0,80.0,80.0,,60.0,60.0,80.0,80.0,80.0,80.0,60.0,60.0,40.0,20.0,80.0,80.0,80.0,60.0,20.0,60.0,60.0,80.0,80.0,80.0,80.0,80.0,60.0,60.0,80.0,40.0,40.0,60.0,60.0
2025,Post-COVID (2022-2025),Sí,AMRO,Peru,PER,42.0,30.0,47.0,50.0,64.0,True,,20.0,,,47.0,,,40.0,,,64.0,,,50.0,,20.0,,47.0,,,60.0,,,,40.0,,27.0,,20.0,,60.0,,60.0,20.0,20.0,,60.0,40.0,40.0,60.0,60.0,40.0,,20.0,20.0,40.0,60.0,60.0,60.0,40.0,60.0,20.0,20.0,20.0,20.0,60.0,60.0,40.0,40.0,40.0,60.0,80.0,80.0,80.0,20.0,40.0,20.0,20.0,40.0,40.0,40.0,40.0
2025,Post-COVID (2022-2025),Sí,AMRO,Saint Kitts and Nevis,KNA,70.0,50.0,80.0,90.0,72.0,True,,30.0,,,80.0,,,70.0,,,72.0,,,90.0,,80.0,,93.0,,,80.0,,,,47.0,,80.0,,93.0,,80.0,,80.0,20.0,40.0,,80.0,80.0,60.0,80.0,80.0,100.0,,80.0,80.0,100.0,80.0,80.0,80.0,60.0,40.0,40.0,80.0,80.0,100.0,80.0,80.0,80.0,80.0,40.0,60.0,100.0,80.0,100.0,80.0,80.0,80.0,100.0,40.0,40.0,40.0,40.0
2025,Post-COVID (2022-2025),Sí,AMRO,Saint Lucia,LCA,57.0,50.0,40.0,80.0,60.0,True,,60.0,,,40.0,,,40.0,,,60.0,,,80.0,,40.0,,93.0,,,53.0,,,,33.0,,80.0,,93.0,,20.0,,80.0,80.0,40.0,,20.0,80.0,40.0,60.0,80.0,80.0,,60.0,20.0,100.0,80.0,60.0,20.0,40.0,20.0,40.0,80.0,100.0,80.0,20.0,80.0,20.0,40.0,40.0,40.0,80.0,80.0,100.0,80.0,80.0,80.0,100.0,40.0,40.0,40.0,40.0
2025,Post-COVID (2022-2025),Sí,AMRO,Saint Vincent and the Grenadines,VCT,49.0,45.0,47.0,70.0,40.0,True,,30.0,,,47.0,,,60.0,,,40.0,,,70.0,,60.0,,87.0,,,60.0,,,,20.0,,73.0,,27.0,,60.0,,40.0,40.0,20.0,,20.0,80.0,60.0,40.0,80.0,60.0,,40.0,80.0,80.0,40.0,60.0,80.0,20.0,20.0,20.0,80.0,40.0,20.0,60.0,40.0,40.0,60.0,40.0,20.0,80.0,20.0,100.0,80.0,60.0,80.0,20.0,20.0,20.0,40.0,40.0
2025,Post-COVID (2022-2025),Sí,AMRO,Suriname,SUR,34.0,40.0,33.0,30.0,56.0,True,,50.0,,,33.0,,,30.0,,,56.0,,,30.0,,20.0,,40.0,,,67.0,,,,27.0,,20.0,,20.0,,40.0,,20.0,20.0,80.0,,40.0,40.0,40.0,40.0,40.0,20.0,,20.0,20.0,20.0,100.0,80.0,20.0,40.0,20.0,20.0,20.0,20.0,20.0,40.0,20.0,20.0,20.0,60.0,60.0,60.0,60.0,40.0,60.0,20.0,20.0,20.0,40.0,40.0,20.0,20.0
2025,Post-COVID (2022-2025),Sí,AMRO,Trinidad and Tobago,TTO,64.0,50.0,80.0,80.0,76.0,True,,30.0,,,80.0,,,70.0,,,76.0,,,80.0,,60.0,,80.0,,,80.0,,,,80.0,,73.0,,53.0,,60.0,,60.0,40.0,20.0,,80.0,80.0,60.0,80.0,80.0,80.0,,60.0,60.0,80.0,80.0,80.0,80.0,80.0,80.0,80.0,60.0,60.0,40.0,60.0,60.0,80.0,80.0,40.0,80.0,80.0,100.0,80.0,80.0,80.0,80.0,60.0,40.0,40.0,40.0,40.0
2025,Post-COVID (2022-2025),No,AMRO,United States of America,USA,,,,,,False,,,,,,,,,,,,,,,,,,,,,,,,,,,,,,,,,,,,,,,,,,,,,,,,,,,,,,,,,,,,,,,,,,,,,,,,
2025,Post-COVID (2022-2025),Sí,AMRO,Uruguay,URY,71.0,65.0,60.0,80.0,64.0,True,,70.0,,,60.0,,,60.0,,,64.0,,,80.0,,60.0,,80.0,,,93.0,,,,80.0,,80.0,,80.0,,80.0,,60.0,60.0,80.0,,60.0,60.0,40.0,60.0,80.0,80.0,,60.0,60.0,80.0,100.0,100.0,80.0,80.0,80.0,80.0,80.0,80.0,80.0,80.0,60.0,60.0,80.0,40.0,60.0,80.0,80.0,80.0,80.0,80.0,80.0,80.0,60.0,60.0,60.0,60.0
2025,Post-COVID (2022-2025),Sí,AMRO,Venezuela (Bolivarian Republic of),VEN,54.0,70.0,67.0,80.0,72.0,True,,50.0,,,67.0,,,90.0,,,72.0,,,80.0,,30.0,,47.0,,,73.0,,,,33.0,,53.0,,40.0,,60.0,,40.0,60.0,40.0,,60.0,60.0,80.0,80.0,80.0,80.0,,40.0,20.0,40.0,80.0,80.0,60.0,40.0,40.0,20.0,40.0,40.0,20.0,60.0,40.0,80.0,100.0,60.0,60.0,80.0,80.0,40.0,60.0,40.0,80.0,60.0,40.0,40.0,40.0,40.0
2025,Post-COVID (2022-2025),No,EMRO,Afghanistan,AFG,,,,,,False,,,,,,,,,,,,,,,,,,,,,,,,,,,,,,,,,,,,,,,,,,,,,,,,,,,,,,,,,,,,,,,,,,,,,,,,
2025,Post-COVID (2022-2025),Sí,EURO,Armenia,ARM,65.0,70.0,80.0,70.0,68.0,True,,70.0,,,80.0,,,70.0,,,68.0,,,70.0,,60.0,,73.0,,,67.0,,,,60.0,,60.0,,60.0,,60.0,,60.0,80.0,60.0,,80.0,80.0,60.0,80.0,60.0,80.0,,60.0,60.0,80.0,60.0,80.0,60.0,60.0,60.0,60.0,60.0,60.0,60.0,60.0,60.0,80.0,80.0,60.0,80.0,60.0,60.0,80.0,60.0,60.0,60.0,60.0,60.0,60.0,60.0,60.0
2025,Post-COVID (2022-2025),Sí,EURO,Azerbaijan,AZE,69.0,80.0,67.0,100.0,72.0,True,,80.0,,,67.0,,,80.0,,,72.0,,,100.0,,60.0,,80.0,,,73.0,,,,40.0,,67.0,,73.0,,80.0,,80.0,80.0,80.0,,60.0,60.0,80.0,80.0,100.0,100.0,,60.0,60.0,80.0,80.0,60.0,80.0,40.0,20.0,60.0,60.0,80.0,80.0,80.0,80.0,80.0,80.0,60.0,60.0,80.0,80.0,80.0,80.0,80.0,60.0,60.0,40.0,40.0,40.0,40.0
2025,Post-COVID (2022-2025),Sí,EMRO,Bahrain,BHR,92.0,100.0,93.0,100.0,100.0,True,,100.0,,,93.0,,,100.0,,,100.0,,,100.0,,100.0,,100.0,,,100.0,,,,93.0,,93.0,,100.0,,100.0,,100.0,100.0,100.0,,80.0,100.0,100.0,100.0,100.0,100.0,,100.0,100.0,100.0,100.0,100.0,100.0,100.0,80.0,100.0,100.0,100.0,100.0,100.0,100.0,100.0,100.0,100.0,100.0,100.0,100.0,100.0,100.0,100.0,80.0,100.0,40.0,40.0,60.0,60.0
2025,Post-COVID (2022-2025),Sí,SEARO,Bangladesh,BGD,67.0,55.0,73.0,80.0,72.0,True,,50.0,,,73.0,,,60.0,,,72.0,,,80.0,,60.0,,73.0,,,87.0,,,,53.0,,67.0,,67.0,,60.0,,60.0,60.0,40.0,,80.0,60.0,60.0,60.0,80.0,80.0,,60.0,60.0,60.0,100.0,80.0,80.0,60.0,40.0,60.0,60.0,60.0,80.0,60.0,60.0,80.0,60.0,60.0,80.0,80.0,80.0,80.0,80.0,60.0,80.0,60.0,60.0,60.0,80.0,80.0
2025,Post-COVID (2022-2025),Sí,SEARO,Bhutan,BTN,65.0,65.0,80.0,80.0,72.0,True,,60.0,,,80.0,,,70.0,,,72.0,,,80.0,,60.0,,80.0,,,80.0,,,,53.0,,60.0,,80.0,,80.0,,60.0,60.0,60.0,,80.0,80.0,60.0,80.0,80.0,80.0,,60.0,60.0,80.0,80.0,80.0,80.0,60.0,60.0,40.0,60.0,80.0,80.0,80.0,60.0,80.0,80.0,60.0,60.0,80.0,80.0,80.0,80.0,60.0,60.0,80.0,40.0,40.0,20.0,20.0
2025,Post-COVID (2022-2025),Sí,WPRO,Brunei Darussalam,BRN,70.0,65.0,80.0,90.0,76.0,True,,50.0,,,80.0,,,80.0,,,76.0,,,90.0,,60.0,,73.0,,,80.0,,,,60.0,,87.0,,80.0,,80.0,,80.0,80.0,20.0,,80.0,80.0,80.0,100.0,100.0,80.0,,60.0,60.0,60.0,60.0,100.0,80.0,60.0,40.0,80.0,100.0,80.0,80.0,80.0,80.0,80.0,80.0,40.0,80.0,80.0,80.0,80.0,80.0,80.0,80.0,80.0,40.0,40.0,40.0,40.0
2025,Post-COVID (2022-2025),Sí,WPRO,Cambodia,KHM,68.0,70.0,80.0,80.0,76.0,True,,80.0,,,80.0,,,60.0,,,76.0,,,80.0,,70.0,,80.0,,,67.0,,,,67.0,,67.0,,53.0,,60.0,,80.0,80.0,80.0,,80.0,80.0,60.0,60.0,80.0,80.0,,80.0,60.0,80.0,80.0,40.0,80.0,80.0,60.0,60.0,60.0,60.0,60.0,60.0,80.0,80.0,60.0,80.0,80.0,80.0,80.0,80.0,80.0,60.0,80.0,40.0,60.0,60.0,40.0,40.0
2025,Post-COVID (2022-2025),Sí,WPRO,China,CHN,94.0,85.0,100.0,100.0,96.0,True,,80.0,,,100.0,,,90.0,,,96.0,,,100.0,,100.0,,87.0,,,100.0,,,,93.0,,100.0,,100.0,,100.0,,80.0,80.0,80.0,,100.0,100.0,80.0,100.0,100.0,100.0,,100.0,100.0,100.0,100.0,100.0,100.0,100.0,100.0,80.0,100.0,100.0,100.0,100.0,80.0,100.0,100.0,100.0,100.0,80.0,100.0,80.0,80.0,100.0,100.0,100.0,80.0,80.0,100.0,100.0
2025,Post-COVID (2022-2025),Sí,EURO,Cyprus,CYP,52.0,35.0,40.0,80.0,76.0,True,,30.0,,,40.0,,,40.0,,,76.0,,,80.0,,40.0,,27.0,,,87.0,,,,47.0,,20.0,,80.0,,60.0,,80.0,40.0,20.0,,40.0,40.0,40.0,80.0,80.0,80.0,,60.0,20.0,20.0,80.0,100.0,80.0,60.0,40.0,40.0,20.0,80.0,80.0,60.0,80.0,40.0,40.0,60.0,80.0,80.0,80.0,20.0,40.0,20.0,20.0,80.0,40.0,40.0,40.0,40.0
2025,Post-COVID (2022-2025),Sí,SEARO,Democratic People's Republic of Korea,PRK,67.0,80.0,80.0,90.0,72.0,True,,90.0,,,80.0,,,70.0,,,72.0,,,90.0,,70.0,,87.0,,,80.0,,,,53.0,,87.0,,60.0,,40.0,,40.0,100.0,80.0,,80.0,80.0,80.0,80.0,80.0,100.0,,60.0,80.0,60.0,80.0,80.0,80.0,60.0,60.0,40.0,80.0,60.0,40.0,40.0,40.0,80.0,60.0,80.0,80.0,60.0,60.0,100.0,100.0,80.0,100.0,80.0,40.0,40.0,40.0,40.0
2025,Post-COVID (2022-2025),Sí,EURO,Georgia,GEO,61.0,50.0,60.0,80.0,72.0,True,,40.0,,,60.0,,,60.0,,,72.0,,,80.0,,60.0,,53.0,,,67.0,,,,80.0,,40.0,,47.0,,80.0,,60.0,40.0,40.0,,60.0,60.0,60.0,80.0,80.0,80.0,,60.0,60.0,60.0,80.0,60.0,60.0,80.0,80.0,80.0,40.0,60.0,40.0,80.0,60.0,60.0,60.0,60.0,60.0,80.0,80.0,60.0,40.0,40.0,40.0,40.0,80.0,80.0,40.0,40.0
2025,Post-COVID (2022-2025),Sí,SEARO,India,IND,88.0,85.0,87.0,100.0,80.0,True,,70.0,,,87.0,,,100.0,,,80.0,,,100.0,,100.0,,93.0,,,93.0,,,,60.0,,100.0,,100.0,,80.0,,80.0,80.0,60.0,,80.0,100.0,100.0,60.0,100.0,100.0,,100.0,100.0,100.0,100.0,100.0,80.0,60.0,60.0,60.0,100.0,100.0,100.0,80.0,80.0,80.0,100.0,80.0,80.0,100.0,80.0,100.0,80.0,100.0,100.0,100.0,80.0,80.0,100.0,100.0
2025,Post-COVID (2022-2025),Sí,WPRO,Indonesia,IDN,80.0,85.0,73.0,100.0,80.0,True,,80.0,,,73.0,,,90.0,,,80.0,,,100.0,,70.0,,87.0,,,87.0,,,,67.0,,80.0,,80.0,,80.0,,100.0,80.0,80.0,,60.0,80.0,80.0,80.0,100.0,100.0,,60.0,80.0,80.0,80.0,80.0,100.0,80.0,60.0,60.0,80.0,80.0,80.0,80.0,100.0,80.0,100.0,60.0,80.0,100.0,80.0,100.0,80.0,80.0,80.0,80.0,60.0,60.0,60.0,60.0
2025,Post-COVID (2022-2025),No,EMRO,Iran (Islamic Republic of),IRN,,,,,,False,,,,,,,,,,,,,,,,,,,,,,,,,,,,,,,,,,,,,,,,,,,,,,,,,,,,,,,,,,,,,,,,,,,,,,,,
2025,Post-COVID (2022-2025),Sí,EMRO,Iraq,IRQ,60.0,65.0,73.0,80.0,68.0,True,,70.0,,,73.0,,,60.0,,,68.0,,,80.0,,50.0,,53.0,,,73.0,,,,53.0,,80.0,,47.0,,40.0,,40.0,60.0,80.0,,80.0,80.0,40.0,60.0,80.0,80.0,,60.0,40.0,60.0,80.0,80.0,60.0,60.0,40.0,60.0,80.0,60.0,40.0,40.0,40.0,60.0,80.0,60.0,60.0,80.0,80.0,60.0,40.0,80.0,80.0,40.0,60.0,60.0,60.0,60.0
2025,Post-COVID (2022-2025),No,EURO,Israel,ISR,,,,,,False,,,,,,,,,,,,,,,,,,,,,,,,,,,,,,,,,,,,,,,,,,,,,,,,,,,,,,,,,,,,,,,,,,,,,,,,
2025,Post-COVID (2022-2025),Sí,WPRO,Japan,JPN,99.0,90.0,100.0,100.0,100.0,True,,80.0,,,100.0,,,100.0,,,100.0,,,100.0,,100.0,,100.0,,,100.0,,,,100.0,,100.0,,100.0,,100.0,,100.0,100.0,60.0,,100.0,100.0,100.0,100.0,100.0,100.0,,100.0,100.0,100.0,100.0,100.0,100.0,100.0,100.0,100.0,100.0,100.0,100.0,100.0,100.0,100.0,100.0,100.0,100.0,100.0,100.0,100.0,100.0,100.0,100.0,100.0,100.0,100.0,100.0,100.0
2025,Post-COVID (2022-2025),Sí,EMRO,Jordan,JOR,80.0,75.0,87.0,80.0,80.0,True,,90.0,,,87.0,,,60.0,,,80.0,,,80.0,,80.0,,100.0,,,73.0,,,,67.0,,67.0,,80.0,,80.0,,80.0,100.0,80.0,,100.0,80.0,80.0,80.0,80.0,80.0,,80.0,80.0,100.0,80.0,100.0,40.0,60.0,60.0,80.0,60.0,80.0,80.0,80.0,80.0,80.0,40.0,60.0,80.0,100.0,80.0,100.0,100.0,60.0,80.0,80.0,80.0,80.0,100.0,100.0
2025,Post-COVID (2022-2025),Sí,EURO,Kazakhstan,KAZ,74.0,80.0,80.0,60.0,64.0,True,,80.0,,,80.0,,,80.0,,,64.0,,,60.0,,80.0,,73.0,,,80.0,,,,73.0,,60.0,,67.0,,80.0,,80.0,80.0,80.0,,80.0,80.0,80.0,60.0,60.0,60.0,,80.0,80.0,80.0,80.0,80.0,80.0,60.0,100.0,60.0,40.0,60.0,60.0,80.0,80.0,80.0,80.0,40.0,60.0,80.0,80.0,80.0,60.0,60.0,80.0,80.0,80.0,80.0,80.0,80.0
2025,Post-COVID (2022-2025),Sí,EMRO,Kuwait,KWT,97.0,100.0,93.0,100.0,88.0,True,,100.0,,,93.0,,,100.0,,,88.0,,,100.0,,100.0,,100.0,,,87.0,,,,100.0,,100.0,,100.0,,80.0,,100.0,100.0,100.0,,80.0,100.0,100.0,100.0,100.0,100.0,,100.0,100.0,100.0,100.0,80.0,80.0,100.0,100.0,100.0,100.0,100.0,100.0,80.0,100.0,100.0,100.0,80.0,80.0,80.0,100.0,100.0,100.0,100.0,100.0,100.0,100.0,100.0,100.0,100.0
2025,Post-COVID (2022-2025),Sí,EURO,Kyrgyzstan,KGZ,48.0,45.0,60.0,70.0,56.0,True,,50.0,,,60.0,,,40.0,,,56.0,,,70.0,,30.0,,53.0,,,60.0,,,,40.0,,67.0,,53.0,,60.0,,20.0,80.0,20.0,,60.0,60.0,40.0,40.0,80.0,60.0,,40.0,20.0,60.0,60.0,60.0,60.0,40.0,40.0,40.0,60.0,60.0,60.0,60.0,20.0,60.0,40.0,40.0,60.0,60.0,80.0,40.0,60.0,80.0,60.0,40.0,20.0,20.0,40.0,40.0
2025,Post-COVID (2022-2025),Sí,WPRO,Lao People's Democratic Republic,LAO,51.0,40.0,60.0,80.0,64.0,True,,40.0,,,60.0,,,40.0,,,64.0,,,80.0,,40.0,,60.0,,,47.0,,,,53.0,,73.0,,53.0,,60.0,,40.0,40.0,40.0,,60.0,60.0,40.0,80.0,80.0,80.0,,40.0,40.0,60.0,60.0,40.0,40.0,60.0,40.0,60.0,80.0,60.0,60.0,60.0,40.0,60.0,40.0,40.0,40.0,80.0,80.0,60.0,60.0,80.0,60.0,40.0,40.0,40.0,20.0,20.0
2025,Post-COVID (2022-2025),Sí,EMRO,Lebanon,LBN,70.0,50.0,73.0,100.0,84.0,True,,80.0,,,73.0,,,20.0,,,84.0,,,100.0,,60.0,,67.0,,,73.0,,,,60.0,,80.0,,60.0,,80.0,,40.0,80.0,80.0,,80.0,60.0,20.0,100.0,100.0,100.0,,40.0,80.0,80.0,80.0,60.0,80.0,60.0,40.0,80.0,80.0,60.0,40.0,80.0,40.0,80.0,20.0,80.0,80.0,80.0,80.0,80.0,40.0,80.0,80.0,80.0,80.0,80.0,100.0,100.0
2025,Post-COVID (2022-2025),Sí,WPRO,Malaysia,MYS,84.0,70.0,87.0,80.0,92.0,True,,70.0,,,87.0,,,70.0,,,92.0,,,80.0,,90.0,,100.0,,,93.0,,,,80.0,,80.0,,80.0,,100.0,,80.0,80.0,60.0,,100.0,80.0,60.0,100.0,80.0,80.0,,80.0,100.0,100.0,100.0,100.0,80.0,80.0,80.0,80.0,80.0,80.0,80.0,100.0,80.0,80.0,80.0,80.0,80.0,100.0,100.0,100.0,100.0,80.0,80.0,80.0,80.0,80.0,80.0,80.0
2025,Post-COVID (2022-2025),Sí,SEARO,Maldives,MDV,63.0,55.0,80.0,90.0,80.0,True,,50.0,,,80.0,,,60.0,,,80.0,,,90.0,,60.0,,80.0,,,73.0,,,,60.0,,67.0,,67.0,,40.0,,80.0,60.0,40.0,,80.0,80.0,40.0,80.0,100.0,80.0,,60.0,60.0,80.0,80.0,100.0,40.0,60.0,60.0,60.0,60.0,80.0,40.0,40.0,80.0,80.0,80.0,80.0,80.0,80.0,80.0,80.0,80.0,80.0,60.0,80.0,20.0,20.0,40.0,40.0
2025,Post-COVID (2022-2025),Sí,WPRO,Mongolia,MNG,57.0,65.0,80.0,60.0,56.0,True,,60.0,,,80.0,,,70.0,,,56.0,,,60.0,,40.0,,60.0,,,80.0,,,,53.0,,40.0,,60.0,,60.0,,40.0,80.0,40.0,,80.0,80.0,80.0,40.0,60.0,60.0,,40.0,40.0,80.0,80.0,80.0,80.0,60.0,60.0,40.0,40.0,60.0,60.0,60.0,40.0,80.0,60.0,60.0,60.0,60.0,60.0,60.0,40.0,40.0,40.0,60.0,40.0,40.0,60.0,60.0
2025,Post-COVID (2022-2025),Sí,SEARO,Myanmar,MMR,64.0,50.0,73.0,80.0,76.0,True,,30.0,,,73.0,,,70.0,,,76.0,,,80.0,,50.0,,67.0,,,80.0,,,,73.0,,80.0,,67.0,,80.0,,60.0,40.0,20.0,,60.0,80.0,60.0,80.0,80.0,80.0,,60.0,40.0,40.0,100.0,60.0,80.0,60.0,80.0,80.0,80.0,60.0,60.0,80.0,60.0,80.0,80.0,80.0,80.0,60.0,80.0,80.0,80.0,80.0,80.0,80.0,40.0,40.0,40.0,40.0
2025,Post-COVID (2022-2025),Sí,SEARO,Nepal,NPL,55.0,65.0,73.0,80.0,48.0,True,,60.0,,,73.0,,,70.0,,,48.0,,,80.0,,40.0,,67.0,,,73.0,,,,60.0,,60.0,,60.0,,60.0,,20.0,60.0,60.0,,60.0,80.0,60.0,60.0,80.0,80.0,,60.0,20.0,20.0,80.0,60.0,80.0,60.0,40.0,80.0,60.0,60.0,60.0,60.0,20.0,80.0,80.0,20.0,40.0,60.0,60.0,100.0,80.0,60.0,60.0,60.0,40.0,40.0,20.0,20.0
2025,Post-COVID (2022-2025),Sí,EMRO,Oman,OMN,76.0,55.0,73.0,90.0,80.0,True,,40.0,,,73.0,,,70.0,,,80.0,,,90.0,,50.0,,87.0,,,100.0,,,,93.0,,93.0,,80.0,,80.0,,80.0,80.0,0.0,,60.0,80.0,60.0,100.0,80.0,100.0,,40.0,60.0,80.0,100.0,100.0,100.0,100.0,80.0,100.0,100.0,80.0,80.0,80.0,80.0,80.0,80.0,60.0,80.0,80.0,80.0,80.0,100.0,100.0,80.0,80.0,40.0,40.0,80.0,80.0
2025,Post-COVID (2022-2025),Sí,EMRO,Pakistan,PAK,53.0,50.0,40.0,80.0,64.0,True,,40.0,,,40.0,,,60.0,,,64.0,,,80.0,,40.0,,60.0,,,67.0,,,,47.0,,40.0,,33.0,,60.0,,20.0,40.0,40.0,,40.0,40.0,60.0,60.0,80.0,80.0,,40.0,40.0,40.0,80.0,60.0,60.0,60.0,40.0,40.0,40.0,40.0,40.0,60.0,20.0,40.0,60.0,40.0,80.0,80.0,60.0,60.0,80.0,40.0,40.0,20.0,40.0,40.0,100.0,100.0
2025,Post-COVID (2022-2025),Sí,WPRO,Philippines,PHL,64.0,75.0,67.0,80.0,48.0,True,,80.0,,,67.0,,,70.0,,,48.0,,,80.0,,60.0,,80.0,,,67.0,,,,53.0,,0.0,,73.0,,60.0,,60.0,80.0,80.0,,60.0,80.0,80.0,40.0,80.0,80.0,,100.0,20.0,80.0,60.0,40.0,100.0,60.0,40.0,60.0,0.0,80.0,60.0,60.0,60.0,60.0,60.0,20.0,40.0,60.0,80.0,80.0,80.0,0.0,0.0,80.0,80.0,80.0,80.0,80.0
2025,Post-COVID (2022-2025),Sí,EMRO,Qatar,QAT,92.0,90.0,100.0,100.0,96.0,True,,80.0,,,100.0,,,100.0,,,96.0,,,100.0,,70.0,,93.0,,,100.0,,,,87.0,,87.0,,80.0,,80.0,,100.0,80.0,80.0,,100.0,100.0,100.0,100.0,100.0,100.0,,80.0,60.0,80.0,100.0,100.0,100.0,80.0,80.0,100.0,100.0,80.0,80.0,80.0,100.0,100.0,100.0,80.0,100.0,100.0,100.0,100.0,100.0,80.0,80.0,80.0,100.0,100.0,100.0,100.0
2025,Post-COVID (2022-2025),Sí,WPRO,Republic of Korea,KOR,100.0,100.0,100.0,100.0,100.0,True,,100.0,,,100.0,,,100.0,,,100.0,,,100.0,,100.0,,100.0,,,100.0,,,,100.0,,93.0,,100.0,,100.0,,100.0,100.0,100.0,,100.0,100.0,100.0,100.0,100.0,100.0,,100.0,100.0,100.0,100.0,100.0,100.0,100.0,100.0,100.0,100.0,100.0,100.0,100.0,100.0,100.0,100.0,100.0,100.0,100.0,100.0,100.0,100.0,100.0,80.0,100.0,100.0,100.0,100.0,100.0
2025,Post-COVID (2022-2025),Sí,EMRO,Saudi Arabia,SAU,96.0,90.0,93.0,100.0,100.0,True,,90.0,,,93.0,,,90.0,,,100.0,,,100.0,,100.0,,100.0,,,93.0,,,,100.0,,100.0,,93.0,,100.0,,100.0,80.0,100.0,,100.0,100.0,80.0,100.0,100.0,100.0,,100.0,100.0,100.0,100.0,100.0,80.0,100.0,100.0,100.0,100.0,100.0,100.0,100.0,100.0,80.0,100.0,100.0,100.0,100.0,100.0,100.0,100.0,100.0,100.0,80.0,80.0,80.0,100.0,100.0
2025,Post-COVID (2022-2025),Sí,WPRO,Singapore,SGP,96.0,100.0,100.0,100.0,100.0,True,,100.0,,,100.0,,,100.0,,,100.0,,,100.0,,100.0,,100.0,,,100.0,,,,100.0,,100.0,,100.0,,100.0,,80.0,100.0,100.0,,100.0,100.0,100.0,100.0,100.0,100.0,,100.0,100.0,100.0,100.0,100.0,100.0,100.0,100.0,100.0,100.0,100.0,100.0,100.0,80.0,100.0,100.0,100.0,100.0,100.0,100.0,100.0,100.0,100.0,100.0,100.0,80.0,80.0,80.0,80.0
2025,Post-COVID (2022-2025),Sí,SEARO,Sri Lanka,LKA,68.0,55.0,67.0,90.0,60.0,True,,50.0,,,67.0,,,60.0,,,60.0,,,90.0,,50.0,,87.0,,,80.0,,,,60.0,,67.0,,73.0,,60.0,,60.0,40.0,60.0,,60.0,80.0,60.0,60.0,80.0,100.0,,80.0,20.0,80.0,80.0,80.0,80.0,60.0,60.0,60.0,80.0,80.0,60.0,60.0,60.0,60.0,60.0,60.0,20.0,80.0,80.0,100.0,80.0,60.0,60.0,80.0,80.0,80.0,80.0,80.0
2025,Post-COVID (2022-2025),Sí,EMRO,Syrian Arab Republic,SYR,33.0,30.0,20.0,60.0,48.0,True,,30.0,,,20.0,,,30.0,,,48.0,,,60.0,,30.0,,53.0,,,47.0,,,,40.0,,40.0,,0.0,,20.0,,20.0,40.0,20.0,,20.0,20.0,40.0,60.0,60.0,60.0,,40.0,20.0,60.0,60.0,40.0,40.0,40.0,40.0,40.0,40.0,0.0,0.0,20.0,20.0,20.0,20.0,40.0,20.0,60.0,60.0,60.0,40.0,60.0,20.0,0.0,20.0,20.0,40.0,40.0
2025,Post-COVID (2022-2025),Sí,EURO,Tajikistan,TJK,62.0,50.0,73.0,80.0,68.0,True,,40.0,,,73.0,,,60.0,,,68.0,,,80.0,,80.0,,53.0,,,80.0,,,,67.0,,53.0,,73.0,,60.0,,40.0,60.0,20.0,,80.0,80.0,60.0,60.0,80.0,80.0,,80.0,80.0,60.0,80.0,80.0,80.0,60.0,80.0,60.0,40.0,80.0,60.0,60.0,40.0,60.0,60.0,60.0,80.0,80.0,60.0,60.0,40.0,60.0,60.0,80.0,40.0,40.0,60.0,60.0
2025,Post-COVID (2022-2025),Sí,SEARO,Thailand,THA,91.0,85.0,87.0,100.0,88.0,True,,90.0,,,87.0,,,80.0,,,88.0,,,100.0,,80.0,,100.0,,,93.0,,,,80.0,,93.0,,93.0,,100.0,,80.0,100.0,80.0,,80.0,100.0,80.0,80.0,100.0,100.0,,80.0,80.0,100.0,100.0,100.0,80.0,80.0,80.0,80.0,100.0,100.0,100.0,100.0,80.0,80.0,80.0,100.0,80.0,80.0,100.0,100.0,100.0,100.0,80.0,80.0,100.0,100.0,100.0,100.0
2025,Post-COVID (2022-2025),Sí,SEARO,Timor-Leste,TLS,58.0,65.0,80.0,60.0,80.0,True,,60.0,,,80.0,,,70.0,,,80.0,,,60.0,,80.0,,80.0,,,67.0,,,,60.0,,73.0,,53.0,,20.0,,40.0,60.0,60.0,,80.0,80.0,60.0,100.0,60.0,60.0,,80.0,80.0,80.0,80.0,60.0,60.0,60.0,40.0,80.0,60.0,60.0,40.0,20.0,40.0,80.0,80.0,60.0,80.0,80.0,80.0,80.0,80.0,80.0,80.0,60.0,20.0,20.0,20.0,20.0
2025,Post-COVID (2022-2025),Sí,EURO,Türkiye,TUR,81.0,75.0,80.0,100.0,84.0,True,,70.0,,,80.0,,,80.0,,,84.0,,,100.0,,80.0,,87.0,,,87.0,,,,100.0,,53.0,,100.0,,80.0,,40.0,80.0,60.0,,80.0,80.0,80.0,80.0,100.0,100.0,,80.0,80.0,100.0,80.0,100.0,80.0,100.0,100.0,100.0,60.0,100.0,100.0,80.0,40.0,80.0,80.0,60.0,100.0,100.0,80.0,80.0,80.0,60.0,40.0,100.0,80.0,80.0,100.0,100.0
2025,Post-COVID (2022-2025),Sí,EURO,Turkmenistan,TKM,78.0,80.0,87.0,90.0,80.0,True,,80.0,,,87.0,,,80.0,,,80.0,,,90.0,,80.0,,87.0,,,80.0,,,,53.0,,80.0,,100.0,,80.0,,80.0,80.0,80.0,,80.0,100.0,80.0,80.0,100.0,80.0,,80.0,80.0,100.0,80.0,80.0,80.0,40.0,40.0,80.0,80.0,100.0,100.0,80.0,80.0,80.0,80.0,80.0,80.0,80.0,80.0,80.0,80.0,80.0,80.0,100.0,60.0,60.0,60.0,60.0
2025,Post-COVID (2022-2025),Sí,EMRO,United Arab Emirates,ARE,96.0,100.0,100.0,100.0,100.0,True,,100.0,,,100.0,,,100.0,,,100.0,,,100.0,,90.0,,93.0,,,100.0,,,,100.0,,80.0,,93.0,,100.0,,80.0,100.0,100.0,,100.0,100.0,100.0,100.0,100.0,100.0,,100.0,80.0,100.0,100.0,100.0,100.0,100.0,100.0,100.0,80.0,100.0,80.0,100.0,80.0,100.0,100.0,100.0,100.0,100.0,100.0,100.0,80.0,80.0,80.0,100.0,100.0,100.0,100.0,100.0
2025,Post-COVID (2022-2025),Sí,EURO,Uzbekistan,UZB,74.0,65.0,80.0,80.0,80.0,True,,60.0,,,80.0,,,70.0,,,80.0,,,80.0,,70.0,,80.0,,,80.0,,,,73.0,,80.0,,80.0,,80.0,,80.0,60.0,60.0,,80.0,80.0,60.0,80.0,80.0,80.0,,80.0,60.0,80.0,80.0,80.0,80.0,80.0,60.0,80.0,80.0,80.0,80.0,80.0,80.0,80.0,80.0,80.0,80.0,80.0,80.0,80.0,80.0,80.0,80.0,80.0,60.0,60.0,60.0,60.0
2025,Post-COVID (2022-2025),Sí,WPRO,Viet Nam,VNM,55.0,50.0,60.0,60.0,56.0,True,,50.0,,,60.0,,,50.0,,,56.0,,,60.0,,60.0,,47.0,,,53.0,,,,53.0,,60.0,,53.0,,60.0,,40.0,60.0,40.0,,60.0,80.0,60.0,60.0,60.0,60.0,,60.0,60.0,40.0,80.0,40.0,40.0,60.0,60.0,40.0,60.0,60.0,60.0,60.0,40.0,40.0,40.0,40.0,60.0,60.0,60.0,60.0,40.0,60.0,60.0,40.0,60.0,60.0,60.0,60.0
2025,Post-COVID (2022-2025),Sí,EMRO,Yemen,YEM,36.0,35.0,40.0,50.0,36.0,True,,30.0,,,40.0,,,40.0,,,36.0,,,50.0,,40.0,,47.0,,,60.0,,,,40.0,,40.0,,20.0,,40.0,,20.0,20.0,40.0,,20.0,60.0,40.0,40.0,40.0,60.0,,60.0,20.0,40.0,60.0,60.0,60.0,60.0,20.0,40.0,40.0,20.0,20.0,40.0,20.0,40.0,40.0,20.0,40.0,60.0,20.0,60.0,40.0,40.0,40.0,20.0,20.0,20.0,20.0,20.0
2025,Post-COVID (2022-2025),Sí,EURO,Albania,ALB,84.0,90.0,100.0,90.0,64.0,True,,100.0,,,100.0,,,80.0,,,64.0,,,90.0,,80.0,,80.0,,,87.0,,,,73.0,,80.0,,87.0,,80.0,,100.0,100.0,100.0,,100.0,100.0,80.0,80.0,100.0,80.0,,80.0,80.0,80.0,80.0,100.0,80.0,60.0,80.0,80.0,80.0,80.0,100.0,80.0,100.0,100.0,80.0,40.0,60.0,80.0,60.0,80.0,80.0,80.0,80.0,80.0,80.0,80.0,80.0,80.0
2025,Post-COVID (2022-2025),Sí,EURO,Andorra,AND,54.0,40.0,40.0,80.0,56.0,True,,40.0,,,40.0,,,40.0,,,56.0,,,80.0,,40.0,,27.0,,,67.0,,,,53.0,,80.0,,60.0,,80.0,,80.0,40.0,40.0,,40.0,60.0,40.0,80.0,80.0,80.0,,60.0,20.0,20.0,20.0,100.0,80.0,40.0,60.0,60.0,80.0,80.0,40.0,80.0,80.0,20.0,40.0,20.0,20.0,80.0,80.0,20.0,40.0,80.0,80.0,60.0,40.0,40.0,20.0,20.0
2025,Post-COVID (2022-2025),Sí,EURO,Austria,AUT,69.0,45.0,67.0,100.0,80.0,True,,50.0,,,67.0,,,40.0,,,80.0,,,100.0,,60.0,,60.0,,,73.0,,,,87.0,,60.0,,40.0,,100.0,,80.0,60.0,40.0,,80.0,80.0,0.0,100.0,100.0,100.0,,60.0,60.0,20.0,80.0,100.0,40.0,100.0,80.0,80.0,60.0,20.0,20.0,100.0,80.0,40.0,80.0,80.0,60.0,80.0,80.0,80.0,80.0,60.0,60.0,80.0,40.0,40.0,100.0,100.0
2025,Post-COVID (2022-2025),Sí,EURO,Belarus,BLR,96.0,80.0,100.0,100.0,100.0,True,,60.0,,,100.0,,,100.0,,,100.0,,,100.0,,100.0,,100.0,,,100.0,,,,87.0,,100.0,,100.0,,100.0,,100.0,100.0,20.0,,100.0,100.0,100.0,100.0,100.0,100.0,,100.0,100.0,100.0,100.0,100.0,100.0,80.0,80.0,100.0,100.0,100.0,100.0,100.0,100.0,100.0,100.0,100.0,100.0,100.0,100.0,100.0,100.0,100.0,100.0,100.0,100.0,100.0,100.0,100.0
2025,Post-COVID (2022-2025),Sí,EURO,Belgium,BEL,78.0,60.0,67.0,90.0,92.0,True,,50.0,,,67.0,,,70.0,,,92.0,,,90.0,,70.0,,87.0,,,87.0,,,,80.0,,80.0,,80.0,,80.0,,60.0,80.0,20.0,,80.0,80.0,60.0,80.0,100.0,80.0,,60.0,80.0,80.0,80.0,100.0,80.0,60.0,80.0,100.0,80.0,80.0,80.0,80.0,60.0,40.0,80.0,100.0,100.0,100.0,80.0,100.0,80.0,80.0,80.0,80.0,80.0,80.0,100.0,100.0
2025,Post-COVID (2022-2025),Sí,EURO,Bosnia and Herzegovina,BIH,47.0,35.0,47.0,80.0,60.0,True,,30.0,,,47.0,,,40.0,,,60.0,,,80.0,,50.0,,60.0,,,53.0,,,,47.0,,40.0,,0.0,,40.0,,80.0,40.0,20.0,,60.0,40.0,20.0,60.0,80.0,80.0,,40.0,60.0,40.0,40.0,80.0,40.0,60.0,40.0,40.0,40.0,0.0,0.0,40.0,80.0,40.0,60.0,60.0,60.0,60.0,60.0,60.0,80.0,60.0,20.0,0.0,40.0,40.0,40.0,40.0
2025,Post-COVID (2022-2025),Sí,EURO,Bulgaria,BGR,75.0,75.0,60.0,90.0,80.0,True,,80.0,,,60.0,,,70.0,,,80.0,,,90.0,,60.0,,73.0,,,73.0,,,,73.0,,60.0,,67.0,,80.0,,80.0,80.0,80.0,,40.0,80.0,60.0,80.0,80.0,100.0,,60.0,60.0,80.0,80.0,60.0,80.0,60.0,80.0,80.0,60.0,80.0,60.0,80.0,80.0,60.0,80.0,80.0,80.0,80.0,80.0,80.0,60.0,60.0,60.0,60.0,80.0,80.0,100.0,100.0
2025,Post-COVID (2022-2025),Sí,EURO,Croatia,HRV,77.0,90.0,73.0,90.0,56.0,True,,80.0,,,73.0,,,100.0,,,56.0,,,90.0,,80.0,,73.0,,,73.0,,,,67.0,,73.0,,87.0,,60.0,,80.0,80.0,80.0,,60.0,80.0,100.0,60.0,100.0,80.0,,80.0,80.0,80.0,80.0,80.0,60.0,60.0,60.0,80.0,80.0,100.0,80.0,60.0,80.0,80.0,100.0,20.0,20.0,100.0,80.0,80.0,60.0,60.0,80.0,80.0,60.0,60.0,100.0,100.0
2025,Post-COVID (2022-2025),No,EURO,Czech Republic,CZE,,,,,,False,,,,,,,,,,,,,,,,,,,,,,,,,,,,,,,,,,,,,,,,,,,,,,,,,,,,,,,,,,,,,,,,,,,,,,,,
2025,Post-COVID (2022-2025),Sí,EURO,Denmark,DNK,92.0,80.0,87.0,100.0,88.0,True,,90.0,,,87.0,,,70.0,,,88.0,,,100.0,,70.0,,93.0,,,93.0,,,,100.0,,93.0,,93.0,,100.0,,100.0,80.0,100.0,,100.0,80.0,80.0,80.0,100.0,100.0,,80.0,60.0,100.0,100.0,100.0,80.0,100.0,100.0,100.0,100.0,80.0,100.0,100.0,100.0,80.0,60.0,80.0,80.0,100.0,100.0,100.0,80.0,100.0,80.0,100.0,100.0,100.0,100.0,100.0
2025,Post-COVID (2022-2025),Sí,EURO,Estonia,EST,72.0,75.0,73.0,80.0,52.0,True,,70.0,,,73.0,,,80.0,,,52.0,,,80.0,,70.0,,87.0,,,80.0,,,,60.0,,73.0,,60.0,,60.0,,80.0,80.0,60.0,,80.0,80.0,80.0,80.0,80.0,80.0,,60.0,80.0,100.0,80.0,80.0,80.0,60.0,60.0,60.0,80.0,60.0,60.0,60.0,80.0,60.0,80.0,40.0,40.0,60.0,40.0,100.0,60.0,80.0,60.0,60.0,80.0,80.0,80.0,80.0
2025,Post-COVID (2022-2025),Sí,EURO,Finland,FIN,87.0,85.0,80.0,80.0,92.0,True,,90.0,,,80.0,,,80.0,,,92.0,,,80.0,,70.0,,100.0,,,87.0,,,,93.0,,87.0,,80.0,,100.0,,100.0,80.0,100.0,,80.0,80.0,80.0,100.0,80.0,80.0,,60.0,80.0,100.0,80.0,100.0,80.0,100.0,80.0,100.0,80.0,80.0,80.0,100.0,100.0,80.0,80.0,60.0,100.0,100.0,100.0,100.0,100.0,100.0,80.0,80.0,60.0,60.0,100.0,100.0
2025,Post-COVID (2022-2025),Sí,EURO,France,FRA,91.0,85.0,100.0,100.0,96.0,True,,90.0,,,100.0,,,80.0,,,96.0,,,100.0,,80.0,,100.0,,,100.0,,,,80.0,,93.0,,60.0,,100.0,,80.0,100.0,80.0,,100.0,100.0,60.0,80.0,100.0,100.0,,80.0,80.0,100.0,100.0,100.0,100.0,80.0,80.0,80.0,100.0,60.0,40.0,100.0,80.0,100.0,100.0,100.0,100.0,100.0,100.0,100.0,100.0,100.0,80.0,80.0,100.0,100.0,100.0,100.0
2025,Post-COVID (2022-2025),Sí,EURO,Germany,DEU,85.0,95.0,100.0,100.0,88.0,True,,90.0,,,100.0,,,100.0,,,88.0,,,100.0,,80.0,,80.0,,,93.0,,,,93.0,,60.0,,67.0,,80.0,,80.0,100.0,80.0,,100.0,100.0,100.0,80.0,100.0,100.0,,80.0,80.0,80.0,100.0,100.0,80.0,80.0,100.0,100.0,60.0,60.0,60.0,80.0,80.0,100.0,100.0,100.0,100.0,80.0,80.0,80.0,80.0,60.0,60.0,80.0,80.0,80.0,80.0,80.0
2025,Post-COVID (2022-2025),Sí,EURO,Greece,GRC,65.0,55.0,47.0,80.0,80.0,True,,60.0,,,47.0,,,50.0,,,80.0,,,80.0,,50.0,,60.0,,,73.0,,,,67.0,,60.0,,47.0,,80.0,,60.0,60.0,60.0,,60.0,40.0,60.0,80.0,80.0,80.0,,60.0,40.0,60.0,80.0,60.0,80.0,60.0,60.0,80.0,60.0,60.0,40.0,80.0,60.0,40.0,40.0,80.0,80.0,80.0,80.0,60.0,60.0,60.0,60.0,40.0,60.0,60.0,100.0,100.0
2025,Post-COVID (2022-2025),No,EURO,Holy See,VAT,,,,,,False,,,,,,,,,,,,,,,,,,,,,,,,,,,,,,,,,,,,,,,,,,,,,,,,,,,,,,,,,,,,,,,,,,,,,,,,
2025,Post-COVID (2022-2025),Sí,EURO,Hungary,HUN,70.0,50.0,67.0,80.0,80.0,True,,50.0,,,67.0,,,50.0,,,80.0,,,80.0,,50.0,,60.0,,,73.0,,,,80.0,,47.0,,53.0,,80.0,,80.0,80.0,20.0,,80.0,60.0,20.0,100.0,80.0,80.0,,80.0,20.0,40.0,80.0,60.0,80.0,80.0,80.0,80.0,60.0,60.0,40.0,80.0,80.0,60.0,80.0,60.0,80.0,80.0,80.0,80.0,60.0,60.0,20.0,60.0,100.0,100.0,100.0,100.0
2025,Post-COVID (2022-2025),Sí,EURO,Iceland,ISL,76.0,80.0,80.0,100.0,56.0,True,,80.0,,,80.0,,,80.0,,,56.0,,,100.0,,70.0,,87.0,,,67.0,,,,73.0,,73.0,,80.0,,60.0,,100.0,80.0,80.0,,100.0,80.0,60.0,20.0,100.0,100.0,,80.0,60.0,80.0,80.0,40.0,80.0,80.0,60.0,80.0,80.0,80.0,80.0,60.0,100.0,60.0,100.0,60.0,60.0,80.0,60.0,100.0,80.0,60.0,80.0,80.0,60.0,60.0,80.0,80.0
2025,Post-COVID (2022-2025),Sí,EURO,Ireland,IRL,77.0,60.0,80.0,90.0,76.0,True,,40.0,,,80.0,,,80.0,,,76.0,,,90.0,,80.0,,53.0,,,87.0,,,,80.0,,87.0,,67.0,,80.0,,100.0,40.0,40.0,,80.0,80.0,80.0,60.0,80.0,100.0,,80.0,80.0,60.0,80.0,100.0,80.0,80.0,80.0,80.0,80.0,60.0,60.0,80.0,100.0,80.0,80.0,80.0,80.0,80.0,80.0,40.0,60.0,100.0,80.0,80.0,80.0,80.0,80.0,80.0
2025,Post-COVID (2022-2025),Sí,EURO,Italy,ITA,69.0,60.0,60.0,80.0,76.0,True,,50.0,,,60.0,,,70.0,,,76.0,,,80.0,,30.0,,73.0,,,87.0,,,,40.0,,60.0,,73.0,,80.0,,100.0,60.0,40.0,,20.0,80.0,60.0,80.0,80.0,80.0,,40.0,20.0,60.0,80.0,100.0,80.0,20.0,40.0,60.0,60.0,80.0,60.0,80.0,100.0,80.0,80.0,80.0,60.0,100.0,60.0,80.0,80.0,60.0,60.0,80.0,80.0,80.0,80.0,80.0
2025,Post-COVID (2022-2025),Sí,EURO,Latvia,LVA,67.0,50.0,80.0,90.0,64.0,True,,50.0,,,80.0,,,50.0,,,64.0,,,90.0,,50.0,,87.0,,,80.0,,,,67.0,,53.0,,60.0,,80.0,,80.0,80.0,20.0,,80.0,80.0,40.0,60.0,100.0,80.0,,80.0,20.0,100.0,80.0,80.0,80.0,60.0,60.0,80.0,40.0,40.0,60.0,80.0,80.0,80.0,60.0,20.0,100.0,80.0,60.0,80.0,80.0,60.0,60.0,80.0,60.0,60.0,60.0,60.0
2025,Post-COVID (2022-2025),Sí,EURO,Liechtenstein,LIE,83.0,90.0,80.0,90.0,80.0,True,,80.0,,,80.0,,,100.0,,,80.0,,,90.0,,80.0,,73.0,,,80.0,,,,67.0,,80.0,,100.0,,80.0,,80.0,80.0,80.0,,80.0,80.0,100.0,80.0,80.0,100.0,,80.0,80.0,60.0,80.0,80.0,80.0,60.0,60.0,80.0,80.0,100.0,100.0,80.0,80.0,80.0,100.0,80.0,80.0,80.0,80.0,80.0,80.0,80.0,80.0,100.0,80.0,80.0,100.0,100.0
2025,Post-COVID (2022-2025),Sí,EURO,Lithuania,LTU,86.0,90.0,93.0,80.0,68.0,True,,100.0,,,93.0,,,80.0,,,68.0,,,80.0,,70.0,,100.0,,,87.0,,,,80.0,,80.0,,93.0,,80.0,,100.0,100.0,100.0,,100.0,100.0,80.0,80.0,80.0,80.0,,80.0,60.0,100.0,80.0,100.0,80.0,80.0,80.0,80.0,80.0,100.0,80.0,80.0,100.0,80.0,80.0,20.0,80.0,80.0,80.0,100.0,100.0,80.0,80.0,100.0,80.0,80.0,100.0,100.0
2025,Post-COVID (2022-2025),Sí,EURO,Luxembourg,LUX,68.0,55.0,33.0,70.0,84.0,True,,30.0,,,33.0,,,80.0,,,84.0,,,70.0,,70.0,,80.0,,,80.0,,,,67.0,,73.0,,67.0,,80.0,,80.0,40.0,20.0,,40.0,40.0,60.0,80.0,80.0,60.0,,60.0,80.0,80.0,80.0,80.0,80.0,60.0,40.0,100.0,60.0,60.0,60.0,80.0,80.0,20.0,100.0,80.0,100.0,80.0,80.0,80.0,80.0,80.0,80.0,80.0,60.0,60.0,60.0,60.0
2025,Post-COVID (2022-2025),Sí,EURO,Malta,MLT,70.0,75.0,73.0,80.0,80.0,True,,80.0,,,73.0,,,70.0,,,80.0,,,80.0,,80.0,,53.0,,,93.0,,,,80.0,,80.0,,67.0,,80.0,,60.0,60.0,100.0,,80.0,80.0,60.0,100.0,80.0,80.0,,60.0,100.0,40.0,100.0,100.0,80.0,80.0,80.0,80.0,80.0,80.0,40.0,80.0,60.0,60.0,80.0,60.0,60.0,100.0,80.0,40.0,80.0,80.0,80.0,80.0,40.0,40.0,40.0,40.0
2025,Post-COVID (2022-2025),Sí,EURO,Monaco,MCO,79.0,65.0,67.0,90.0,64.0,True,,30.0,,,67.0,,,100.0,,,64.0,,,90.0,,80.0,,100.0,,,100.0,,,,93.0,,87.0,,87.0,,80.0,,80.0,40.0,20.0,,80.0,100.0,100.0,80.0,80.0,100.0,,80.0,80.0,100.0,100.0,100.0,100.0,100.0,80.0,100.0,100.0,80.0,80.0,80.0,80.0,20.0,100.0,80.0,20.0,40.0,100.0,100.0,100.0,80.0,80.0,100.0,40.0,40.0,80.0,80.0
2025,Post-COVID (2022-2025),Sí,EURO,Montenegro,MNE,55.0,50.0,53.0,80.0,60.0,True,,60.0,,,53.0,,,40.0,,,60.0,,,80.0,,40.0,,53.0,,,67.0,,,,53.0,,60.0,,40.0,,80.0,,80.0,60.0,60.0,,40.0,60.0,40.0,80.0,80.0,80.0,,40.0,40.0,60.0,60.0,60.0,80.0,60.0,60.0,40.0,80.0,40.0,40.0,80.0,80.0,60.0,40.0,40.0,60.0,80.0,40.0,80.0,20.0,80.0,20.0,40.0,20.0,20.0,40.0,40.0
2025,Post-COVID (2022-2025),Sí,EURO,Netherlands (Kingdom of the),NLD,85.0,80.0,80.0,80.0,84.0,True,,80.0,,,80.0,,,80.0,,,84.0,,,80.0,,80.0,,73.0,,,80.0,,,,80.0,,73.0,,80.0,,100.0,,100.0,80.0,80.0,,80.0,80.0,80.0,80.0,80.0,80.0,,80.0,80.0,80.0,80.0,80.0,80.0,80.0,80.0,80.0,60.0,80.0,80.0,100.0,100.0,80.0,80.0,60.0,80.0,100.0,100.0,80.0,60.0,100.0,60.0,80.0,100.0,100.0,100.0,100.0
2025,Post-COVID (2022-2025),Sí,EURO,North Macedonia,MKD,60.0,60.0,80.0,80.0,68.0,True,,50.0,,,80.0,,,70.0,,,68.0,,,80.0,,30.0,,53.0,,,60.0,,,,47.0,,40.0,,100.0,,60.0,,80.0,80.0,20.0,,80.0,80.0,60.0,40.0,80.0,80.0,,40.0,20.0,80.0,80.0,60.0,40.0,40.0,40.0,60.0,20.0,100.0,100.0,60.0,80.0,80.0,80.0,60.0,80.0,80.0,80.0,40.0,40.0,40.0,60.0,100.0,40.0,40.0,40.0,40.0
2025,Post-COVID (2022-2025),Sí,EURO,Norway,NOR,95.0,100.0,100.0,100.0,92.0,True,,100.0,,,100.0,,,100.0,,,92.0,,,100.0,,100.0,,100.0,,,100.0,,,,87.0,,93.0,,80.0,,100.0,,100.0,100.0,100.0,,100.0,100.0,100.0,100.0,100.0,100.0,,100.0,100.0,100.0,100.0,100.0,100.0,80.0,80.0,100.0,80.0,80.0,80.0,100.0,100.0,100.0,100.0,60.0,100.0,100.0,100.0,100.0,100.0,100.0,100.0,80.0,80.0,80.0,100.0,100.0
2025,Post-COVID (2022-2025),Sí,EURO,Poland,POL,78.0,90.0,87.0,100.0,88.0,True,,90.0,,,87.0,,,90.0,,,88.0,,,100.0,,80.0,,80.0,,,0.0,,,,53.0,,60.0,,80.0,,100.0,,100.0,80.0,100.0,,100.0,80.0,100.0,80.0,100.0,100.0,,80.0,80.0,80.0,0.0,0.0,0.0,60.0,60.0,40.0,60.0,80.0,80.0,100.0,100.0,80.0,80.0,80.0,100.0,80.0,100.0,80.0,80.0,60.0,60.0,80.0,60.0,60.0,100.0,100.0
2025,Post-COVID (2022-2025),Sí,EURO,Portugal,PRT,83.0,90.0,87.0,80.0,88.0,True,,100.0,,,87.0,,,80.0,,,88.0,,,80.0,,80.0,,80.0,,,93.0,,,,100.0,,80.0,,80.0,,80.0,,80.0,100.0,100.0,,80.0,100.0,80.0,80.0,80.0,80.0,,80.0,80.0,80.0,100.0,100.0,80.0,100.0,100.0,100.0,80.0,80.0,80.0,80.0,80.0,80.0,80.0,100.0,80.0,100.0,80.0,80.0,80.0,80.0,80.0,80.0,100.0,100.0,40.0,40.0
2025,Post-COVID (2022-2025),Sí,EURO,Republic of Moldova,MDA,68.0,65.0,73.0,80.0,76.0,True,,70.0,,,73.0,,,60.0,,,76.0,,,80.0,,50.0,,73.0,,,73.0,,,,73.0,,60.0,,73.0,,80.0,,80.0,80.0,60.0,,80.0,60.0,60.0,80.0,80.0,80.0,,60.0,40.0,60.0,80.0,80.0,60.0,60.0,80.0,80.0,60.0,60.0,80.0,80.0,80.0,80.0,60.0,60.0,80.0,80.0,80.0,80.0,80.0,60.0,60.0,80.0,40.0,40.0,60.0,60.0
2025,Post-COVID (2022-2025),Sí,EURO,Romania,ROU,62.0,55.0,60.0,90.0,76.0,True,,50.0,,,60.0,,,60.0,,,76.0,,,90.0,,60.0,,87.0,,,53.0,,,,47.0,,40.0,,53.0,,40.0,,60.0,80.0,20.0,,60.0,80.0,60.0,80.0,100.0,80.0,,60.0,60.0,100.0,60.0,60.0,40.0,40.0,60.0,40.0,40.0,40.0,40.0,40.0,60.0,40.0,60.0,60.0,80.0,80.0,80.0,100.0,60.0,40.0,40.0,80.0,60.0,60.0,100.0,100.0
2025,Post-COVID (2022-2025),Sí,EURO,Russian Federation,RUS,100.0,100.0,100.0,100.0,100.0,True,,100.0,,,100.0,,,100.0,,,100.0,,,100.0,,100.0,,100.0,,,100.0,,,,100.0,,100.0,,100.0,,100.0,,100.0,100.0,100.0,,100.0,100.0,100.0,100.0,100.0,100.0,,100.0,100.0,100.0,100.0,100.0,100.0,100.0,100.0,100.0,100.0,100.0,100.0,100.0,100.0,100.0,100.0,100.0,100.0,100.0,100.0,100.0,100.0,100.0,100.0,100.0,100.0,100.0,100.0,100.0
2025,Post-COVID (2022-2025),No,EURO,San Marino,SMR,,,,,,False,,,,,,,,,,,,,,,,,,,,,,,,,,,,,,,,,,,,,,,,,,,,,,,,,,,,,,,,,,,,,,,,,,,,,,,,
2025,Post-COVID (2022-2025),Sí,EURO,Serbia,SRB,75.0,85.0,93.0,100.0,52.0,True,,80.0,,,93.0,,,90.0,,,52.0,,,100.0,,60.0,,67.0,,,73.0,,,,73.0,,27.0,,87.0,,80.0,,80.0,80.0,80.0,,100.0,100.0,80.0,80.0,100.0,100.0,,60.0,60.0,40.0,40.0,100.0,80.0,60.0,80.0,80.0,20.0,100.0,60.0,80.0,80.0,80.0,100.0,60.0,20.0,80.0,20.0,80.0,80.0,40.0,20.0,100.0,100.0,100.0,60.0,60.0
2025,Post-COVID (2022-2025),Sí,EURO,Slovakia,SVK,55.0,45.0,47.0,80.0,68.0,True,,50.0,,,47.0,,,40.0,,,68.0,,,80.0,,30.0,,40.0,,,67.0,,,,67.0,,47.0,,47.0,,20.0,,80.0,80.0,20.0,,60.0,60.0,20.0,60.0,80.0,80.0,,20.0,40.0,40.0,60.0,80.0,60.0,60.0,60.0,80.0,40.0,80.0,40.0,20.0,80.0,20.0,60.0,40.0,80.0,80.0,80.0,40.0,40.0,80.0,20.0,20.0,60.0,60.0,80.0,80.0
2025,Post-COVID (2022-2025),Sí,EURO,Slovenia,SVN,78.0,75.0,73.0,80.0,92.0,True,,80.0,,,73.0,,,70.0,,,92.0,,,80.0,,50.0,,80.0,,,87.0,,,,60.0,,73.0,,80.0,,80.0,,100.0,80.0,80.0,,80.0,80.0,60.0,100.0,80.0,80.0,,40.0,60.0,80.0,100.0,80.0,80.0,40.0,80.0,60.0,60.0,80.0,80.0,80.0,100.0,60.0,80.0,80.0,100.0,100.0,80.0,80.0,80.0,80.0,80.0,80.0,80.0,80.0,80.0,80.0
2025,Post-COVID (2022-2025),Sí,EURO,Spain,ESP,76.0,65.0,93.0,90.0,80.0,True,,50.0,,,93.0,,,80.0,,,80.0,,,90.0,,60.0,,87.0,,,87.0,,,,80.0,,20.0,,80.0,,80.0,,80.0,80.0,20.0,,100.0,100.0,80.0,100.0,80.0,100.0,,60.0,60.0,80.0,80.0,100.0,80.0,80.0,80.0,80.0,20.0,80.0,80.0,80.0,80.0,80.0,80.0,60.0,80.0,80.0,80.0,80.0,100.0,20.0,20.0,80.0,100.0,100.0,80.0,80.0
2025,Post-COVID (2022-2025),Sí,EURO,Sweden,SWE,90.0,95.0,93.0,80.0,88.0,True,,90.0,,,93.0,,,100.0,,,88.0,,,80.0,,80.0,,80.0,,,87.0,,,,73.0,,80.0,,93.0,,100.0,,100.0,80.0,100.0,,100.0,100.0,100.0,80.0,80.0,80.0,,80.0,80.0,80.0,80.0,100.0,80.0,80.0,60.0,80.0,80.0,100.0,100.0,100.0,100.0,80.0,100.0,80.0,100.0,100.0,80.0,80.0,80.0,80.0,80.0,80.0,100.0,100.0,100.0,100.0
2025,Post-COVID (2022-2025),Sí,EURO,Switzerland,CHE,92.0,95.0,100.0,80.0,100.0,True,,100.0,,,100.0,,,90.0,,,100.0,,,80.0,,100.0,,80.0,,,87.0,,,,87.0,,100.0,,100.0,,80.0,,80.0,100.0,100.0,,100.0,100.0,80.0,100.0,80.0,80.0,,100.0,100.0,60.0,80.0,100.0,80.0,80.0,80.0,100.0,100.0,100.0,100.0,80.0,80.0,100.0,100.0,100.0,100.0,100.0,100.0,100.0,80.0,100.0,100.0,100.0,100.0,100.0,100.0,100.0
2025,Post-COVID (2022-2025),Sí,EURO,Ukraine,UKR,72.0,70.0,67.0,80.0,80.0,True,,70.0,,,67.0,,,70.0,,,80.0,,,80.0,,80.0,,73.0,,,87.0,,,,60.0,,73.0,,40.0,,80.0,,60.0,80.0,60.0,,80.0,40.0,60.0,80.0,80.0,80.0,,80.0,80.0,80.0,80.0,80.0,100.0,60.0,60.0,60.0,80.0,20.0,20.0,80.0,60.0,80.0,80.0,80.0,80.0,80.0,80.0,80.0,60.0,80.0,60.0,80.0,80.0,80.0,80.0,80.0
2025,Post-COVID (2022-2025),Sí,EURO,United Kingdom of Great Britain and Northern Ireland,GBR,93.0,90.0,93.0,100.0,92.0,True,,80.0,,,93.0,,,100.0,,,92.0,,,100.0,,80.0,,100.0,,,100.0,,,,100.0,,100.0,,67.0,,80.0,,100.0,80.0,80.0,,100.0,100.0,100.0,80.0,100.0,100.0,,100.0,60.0,100.0,100.0,100.0,100.0,100.0,100.0,100.0,100.0,60.0,60.0,80.0,100.0,80.0,100.0,100.0,100.0,80.0,100.0,100.0,100.0,100.0,100.0,80.0,100.0,100.0,100.0,100.0
